{"results":[["Trait","325","340","355","370","385"],["Thunderous Blast",390,528,782,989,1262],["Azerite Globules",72,179,330,462,632],["Tidal Surge",274,409,587,775,1000],["Dagger in the Back",399,588,756,996,1277],["Unstable Flames",88,204,336,474,630],["Secrets of the Deep",182,351,474,680,902],["Gutripper",79,226,355,561,706],["Blood Rite",226,373,502,671,847],["Heed My Call",115,250,362,549,755],["Filthy Transfusion",247,382,566,749,1011],["Relational Normalization Gizmo",251,453,581,777,937],["Synaptic Spark Capacitor",204,355,476,667,869],["Sylvanas' Resolve / Anduin's Dedication",212,331,495,665,874],["Swirling Sands",320,441,634,773,958],["Meticulous Scheming",264,425,532,743,935],["Ricocheting Inflatable Pyrosaw",86,248,375,530,706],["Laser Matrix",389,514,729,944,1190],["Tradewinds",320,462,607,775,992],["Collective Will / Stand As One",89,185,317,469,659],["Barrage Of Many Bombs",152,301,483,599,846],["Inevitable Demise",164,308,460,672,836],["Cascading Calamity",304,437,608,766,959],["Combined Might / Stronger Together",58,141,285,397,613],["Wracking Brilliance",256,461,578,827,1064],["Incite the Pack",279,410,576,755,928],["Battlefield Focus / Battlefield Precision",22,160,248,376,562],["Dreadful Calling",49,181,290,451,679],["Retaliatory Fury / Last Gift",162,291,422,595,770],["Glory in Battle / Liberator's Might",174,327,469,619,848],["Ruinous Bolt",160,251,428,618,797],["Unstable Catalyst",228,386,524,726,932],["Champion of Azeroth",383,522,671,863,1059],["Blood Siphon",218,322,510,666,848],["Overwhelming Power",197,288,434,569,748],["Blightborne Infusion",362,470,633,832,1030],["Earthlink",72,191,315,462,657],["Rezan's Fury",268,419,597,821,1022],["Deathbloom",-3,81,210,323,492],["Sudden Onset",21,156,330,447,657],["Elemental Whirl",123,191,374,529,690]],"metas":{"build_date":"Aug 18 2018","build_time":"08:59:09","git_revision":"7948886e6d","options":{"debug":false,"max_time":300.0,"expected_iteration_time":291.81600000000003,"vary_combat_length":0.2,"iterations":1077,"target_error":0.2,"threads":32,"seed":5989662584098303702,"single_actor_batch":false,"queue_lag":0.005,"queue_lag_stddev":0.001,"gcd_lag":0.15,"gcd_lag_stddev":0.037,"channel_lag":0.25,"channel_lag_stddev":0.062,"queue_gcd_reduction":0.1,"strict_gcd_queue":0,"confidence":0.95,"confidence_estimator":1.9599639854089754,"world_lag":0.1,"world_lag_stddev":0.01,"travel_variance":0.0,"default_skill":1.0,"reaction_time":0.5,"regen_periodicity":0.25,"ignite_sampling_delta":0.2,"fixed_time":true,"optimize_expressions":true,"optimal_raid":1,"log":0,"debug_each":0,"stat_cache":1,"max_aoe_enemies":20,"show_etmi":false,"tmi_window_global":0.0,"tmi_bin_size":0.5,"enemy_death_pct":0.0,"challenge_mode":false,"timewalk":-1,"pvp_crit":false,"rng":{"name":"sse2-sfmt"},"deterministic":0,"average_range":1,"average_gauss":0,"fight_style":"Patchwerk","default_aura_delay":0.03,"default_aura_delay_stddev":0.005,"dbc":{"bfa-BETA":{"build_level":26095,"wow_version":"8.0.1"},"version_used":"bfa-BETA"}},"overrides":{"arcane_intellect":1,"battle_shout":1,"power_word_fortitude":1,"chaos_brand":1,"mystic_touch":1,"mortal_wounds":1,"bleeding":1,"bloodlust":1,"bloodlust_percent":25,"bloodlust_time":0.5},"statistics":{"elapsed_cpu_seconds":14643.560988000008,"elapsed_time_seconds":15.800524,"init_time_seconds":2.7981727000000003,"merge_time_seconds":0.005770497,"analyze_time_seconds":0.19888573600000012,"simulation_length":{"sum":310205.00299999997,"count":1045,"mean":296.8468928229665,"min":240.083,"max":359.972,"median":295.067,"variance":1170.402888874638,"std_dev":34.21115152804182,"mean_variance":1.1200027644733377,"mean_std_dev":1.0583018305159155},"raid_dps":{"sum":15640802.279219046,"count":1045,"mean":14967.274908343585},"total_dmg":{"sum":4629089723.643863,"count":1045,"mean":4429750.931716615},"total_iterations":210691,"total_actors":201,"total_iterations_mean":1048.2139303482586,"total_iterations_variance":669223.8009950247,"total_iterations_stddev":818.0610007786856,"total_mean_dps_stddev":15.776784248925091,"total_mean_dps_variance":248.90692123713086},"player":{"name":"Template","race":"troll","level":120,"role":"spell","specialization":"Affliction Warlock","profile_source":"default","talents":[{"tier":1,"id":23141,"spell_id":264106,"name":"Deathbolt"},{"tier":2,"id":22089,"spell_id":63106,"name":"Siphon Life"},{"tier":4,"id":19292,"spell_id":205179,"name":"Phantom Singularity"},{"tier":6,"id":23159,"spell_id":48181,"name":"Haunt"},{"tier":7,"id":19293,"spell_id":113860,"name":"Dark Soul: Misery"}],"party":0,"ready_type":0,"bugs":true,"scale_player":true,"potion_used":false,"timeofday":"DAY_TIME","invert_scaling":0,"reaction_offset":0.1,"reaction_max":1.4000000000000001,"reaction_mean":0.3,"reaction_stddev":0.06,"reaction_nu":0.25,"world_lag":0.1,"brain_lag":0.0,"brain_lag_stddev":0.0,"world_lag_override":false,"world_lag_stddev_override":false,"dbc":{"bfa-BETA":{"build_level":26095,"wow_version":"8.0.1"},"version_used":"bfa-BETA"},"base_mana_regen_per_second":1000.0,"collected_data":{"fight_length":{"sum":310205.003,"count":1045,"mean":296.84689282296654,"min":240.083,"max":359.972},"executed_foreground_actions":{"sum":248056.0,"count":1045,"mean":237.37416267942584,"min":193.0,"max":283.0},"dmg":{"sum":3788031159.6789465,"count":1045,"mean":3624910.2006497094,"min":2887774.5675116563,"max":4433609.756314153},"compound_dmg":{"sum":4629089723.643863,"count":1045,"mean":4429750.931716615,"min":3591875.6958784675,"max":5356661.668656975},"timeline_dmg":{"mean":14621.368518399158,"mean_std_dev":10587.847703168003,"min":0.0,"max":117581.40279550501,