{"results":[["Trait","325","340","355","370","385"],["Laser Matrix",323,533,708,998,1305],["Archive of the Titans",291,470,692,889,1172],["Relational Normalization Gizmo",287,556,668,928,1173],["Synaptic Spark Capacitor",688,922,1213,1518,1902],["Gutripper",140,257,441,680,908],["Sylvanas' Resolve / Anduin's Dedication",296,462,712,964,1191],["Swirling Sands",394,582,731,1001,1249],["Tradewinds",456,635,847,1048,1329],["Ricocheting Inflatable Pyrosaw",345,492,718,978,1251],["Heed My Call",185,375,557,782,988],["Barrage Of Many Bombs",530,712,976,1243,1620],["Perforate",32,160,306,456,692],["Champion of Azeroth",470,687,871,1118,1360],["The First Dance",333,475,649,854,1106],["Inevitability",-8,170,248,470,731],["Tidal Surge",304,480,674,956,1208],["Collective Will / Stand As One",106,267,420,632,855],["Combined Might / Stronger Together",58,204,419,580,791],["Battlefield Focus / Battlefield Precision",40,200,325,565,759],["Retaliatory Fury / Last Gift",232,411,597,787,1035],["Glory in Battle / Liberator's Might",241,388,597,791,1052],["Blood Rite",201,348,530,782,1020],["Unstable Flames",114,294,435,696,893],["Meticulous Scheming",245,385,570,794,1050],["Incite the Pack",387,582,761,1024,1242],["Unstable Catalyst",329,487,731,940,1242],["Azerite Globules",212,335,584,811,1075],["Earthlink",93,285,478,692,927],["Night's Vengeance",309,478,725,923,1264],["Dagger in the Back",296,529,744,933,1288],["Secrets of the Deep",326,473,716,974,1246],["Blood Siphon",161,335,523,687,959],["Ruinous Bolt",191,328,531,764,1008],["Sharpened Blades",8,145,284,514,743],["Thunderous Blast",398,548,804,1073,1341],["Overwhelming Power",167,278,465,675,907],["Filthy Transfusion",235,407,598,815,1077],["Blightborne Infusion",435,604,775,1002,1335],["Blade In The Shadows",-1,156,294,502,679],["Rezan's Fury",285,503,708,922,1206],["Elemental Whirl",197,345,493,669,942]],"metas":{"build_date":"Aug 25 2018","build_time":"04:15:44","git_revision":"00223099f2","options":{"debug":false,"max_time":300.0,"expected_iteration_time":279.30400000000003,"vary_combat_length":0.2,"iterations":566,"target_error":0.2,"threads":32,"seed":4511417718711984371,"single_actor_batch":false,"queue_lag":0.005,"queue_lag_stddev":0.001,"gcd_lag":0.15,"gcd_lag_stddev":0.037,"channel_lag":0.25,"channel_lag_stddev":0.062,"queue_gcd_reduction":0.1,"strict_gcd_queue":0,"confidence":0.95,"confidence_estimator":1.9599639854089754,"world_lag":0.1,"world_lag_stddev":0.01,"travel_variance":0.0,"default_skill":1.0,"reaction_time":0.5,"regen_periodicity":0.25,"ignite_sampling_delta":0.2,"fixed_time":true,"optimize_expressions":true,"optimal_raid":1,"log":0,"debug_each":0,"stat_cache":1,"max_aoe_enemies":20,"show_etmi":false,"tmi_window_global":0.0,"tmi_bin_size":0.5,"enemy_death_pct":0.0,"challenge_mode":false,"timewalk":-1,"pvp_crit":false,"rng":{"name":"sse2-sfmt"},"deterministic":0,"average_range":1,"average_gauss":0,"fight_style":"Patchwerk","default_aura_delay":0.03,"default_aura_delay_stddev":0.005,"dbc":{"Live":{"build_level":27404,"wow_version":"8.0.1"},"version_used":"Live"}},"overrides":{"arcane_intellect":1,"battle_shout":1,"power_word_fortitude":1,"chaos_brand":1,"mystic_touch":1,"mortal_wounds":1,"bleeding":1,"bloodlust":1,"bloodlust_percent":25,"bloodlust_time":0.5},"statistics":{"elapsed_cpu_seconds":10036.324002999996,"elapsed_time_seconds":10.759224000000001,"init_time_seconds":3.019822407999999,"merge_time_seconds":0.006595116999999999,"analyze_time_seconds":0.12444435500000005,"simulation_length":{"sum":159742.22499999998,"count":534,"mean":299.1427434456928,"min":240.127,"max":359.872,"median":298.20300000000003,"variance":1193.145426973506,"std_dev":34.54193722091316,"mean_variance":2.2343547321601234,"mean_std_dev":1.4947758133446378},"raid_dps":{"sum":10024959.454819359,"count":534,"mean":18773.332312395803},"total_dmg":{"sum":2995955014.349127,"count":534,"mean":5610402.64859387},"total_iterations":115933,"total_actors":206,"total_iterations_mean":562.7815533980582,"total_iterations_variance":358229.16990291275,"total_iterations_stddev":598.5224890535967,"total_mean_dps_stddev":19.793458190553647,"total_mean_dps_variance":391.7809871411952},"player":{"name":"Template","race":"night_elf","level":120,"role":"attack","specialization":"Subtlety Rogue","profile_source":"default","talents":[{"tier":1,"id":19234,"spell_id":91023,"name":"Find Weakness"},{"tier":2,"id":22333,"spell_id":108209,"name":"Shadow Focus"},{"tier":3,"id":19241,"spell_id":137619,"name":"Marked for Death"},{"tier":6,"id":22336,"spell_id":238104,"name":"Enveloping Shadows"},{"tier":7,"id":22132,"spell_id":196976,"name":"Master of Shadows"}],"party":0,"ready_type":1,"bugs":true,"scale_player":true,"potion_used":false,"timeofday":"DAY_TIME","invert_scaling":0,"reaction_offset":0.1,"reaction_max":1.4000000000000001,"reaction_mean":0.3,"reaction_stddev":0.06,"reaction_nu":0.25,"world_lag":0.1,"brain_lag":0.0,"brain_lag_stddev":0.0,"world_lag_override":false,"world_lag_stddev_override":false,"dbc":{"Live":{"build_level":27404,"wow_version":"8.0.1"},"version_used":"Live"},"base_energy_regen_per_second":10.0,"collected_data":{"fight_length":{"sum":159742.22499999998,"count":534,"mean":299.1427434456928,"min":240.127,"max":359.872},"waiting_time":{"sum":8310.817000000001,"count":534,"mean":15.563327715355808,"min":7.602,"max":22.54},"executed_foreground_actions":{"sum":177330.0,"count":534,"mean":332.07865168539325,"min":264.0,"max":402.0},"dmg":{"sum":2995955014.349127,"count":534,"mean":5610402.64859387,"min":4424710.025001473,"max":6784315.418808572},"compound_dmg":{"sum":2995955014.349127,"count":534,"mean":5610402.64859387,"min":4424710.025001473,"max":6784315.418808572},"timeline_dmg":{"mean":19686.27256371277,"mean_std_dev":6256.637156568291,"min":2944.2391963949303,"max":54085.949375894255,