{"results":[["Trait","325","340","355","370","385"],["Laser Matrix",437,599,830,1082,1348],["Archive of the Titans",344,561,748,962,1196],["Relational Normalization Gizmo",449,576,783,1028,1274],["Synaptic Spark Capacitor",576,806,1068,1262,1592],["Swirling Sands",406,521,748,968,1260],["Tradewinds",293,469,633,876,1105],["Ricocheting Inflatable Pyrosaw",309,460,641,883,1147],["Heed My Call",231,410,642,782,1081],["Barrage Of Many Bombs",521,710,906,1223,1514],["Seething Power",298,474,670,920,1181],["Tidal Surge",314,482,700,922,1191],["Collective Will / Stand As One",148,333,484,703,895],["Combined Might / Stronger Together",117,276,435,618,833],["Sylvanas' Resolve / Anduin's Dedication",337,539,755,1001,1225],["Battlefield Focus / Battlefield Precision",184,387,592,800,1021],["Gutripper",154,368,540,708,949],["Retaliatory Fury / Last Gift",207,384,531,747,934],["Glory in Battle / Liberator's Might",267,468,600,794,1008],["Blood Rite",324,476,644,827,1132],["Unstable Flames",176,321,521,697,905],["Meticulous Scheming",427,600,829,986,1228],["Incite the Pack",301,471,631,873,1094],["Unstable Catalyst",450,593,783,1025,1331],["Azerite Globules",242,408,597,827,1069],["Earthlink",158,342,498,719,934],["Secrets of the Deep",365,584,751,1010,1267],["Unbound Chaos",2256,2642,2983,3481,3989],["Dagger in the Back",404,577,752,1047,1285],["Blood Siphon",142,289,435,683,856],["Thirsting Blades",291,436,634,845,1120],["Ruinous Bolt",216,391,554,788,1041],["Eyes of Rage",358,546,720,971,1270],["Furious Gaze",278,421,642,878,1148],["Filthy Transfusion",318,476,648,888,1203],["Thunderous Blast",443,683,856,1151,1421],["Elemental Whirl",161,370,519,685,902],["Lifespeed",132,290,494,657,873],["Blightborne Infusion",452,573,819,1004,1295],["Champion of Azeroth",449,601,787,1020,1233],["Overwhelming Power",165,302,486,672,914],["Revolving Blades",759,945,1211,1546,1850],["Rezan's Fury",310,550,729,971,1228]],"metas":{"build_date":"Aug 26 2018","build_time":"00:47:51","git_revision":"91e454c877","options":{"debug":false,"max_time":300.0,"expected_iteration_time":272.14300000000003,"vary_combat_length":0.2,"iterations":354,"target_error":0.2,"threads":32,"seed":9731696587211972745,"single_actor_batch":false,"queue_lag":0.005,"queue_lag_stddev":0.001,"gcd_lag":0.15,"gcd_lag_stddev":0.037,"channel_lag":0.25,"channel_lag_stddev":0.062,"queue_gcd_reduction":0.1,"strict_gcd_queue":0,"confidence":0.95,"confidence_estimator":1.9599639854089754,"world_lag":0.1,"world_lag_stddev":0.01,"travel_variance":0.0,"default_skill":1.0,"reaction_time":0.5,"regen_periodicity":0.25,"ignite_sampling_delta":0.2,"fixed_time":true,"optimize_expressions":true,"optimal_raid":1,"log":0,"debug_each":0,"stat_cache":1,"max_aoe_enemies":20,"show_etmi":false,"tmi_window_global":0.0,"tmi_bin_size":0.5,"enemy_death_pct":0.0,"challenge_mode":false,"timewalk":-1,"pvp_crit":false,"rng":{"name":"sse2-sfmt"},"deterministic":0,"average_range":1,"average_gauss":0,"fight_style":"Patchwerk","default_aura_delay":0.03,"default_aura_delay_stddev":0.005,"dbc":{"Live":{"build_level":27404,"wow_version":"8.0.1"},"version_used":"Live"}},"overrides":{"arcane_intellect":1,"battle_shout":1,"power_word_fortitude":1,"chaos_brand":1,"mystic_touch":1,"mortal_wounds":1,"bleeding":1,"bloodlust":1,"bloodlust_percent":25,"bloodlust_time":0.5},"statistics":{"elapsed_cpu_seconds":8865.684944,"elapsed_time_seconds":9.34903,"init_time_seconds":3.2658857020000003,"merge_time_seconds":0.006757033000000001,"analyze_time_seconds":0.083941262,"simulation_length":{"sum":96570.72,"count":322,"mean":299.9090683229814,"min":240.071,"max":359.919,"median":296.811,"variance":1210.610393902164,"std_dev":34.79382695108666,"mean_variance":3.759659608391814,"mean_std_dev":1.938984169195771},"raid_dps":{"sum":6003501.747193169,"count":322,"mean":18644.41536395394},"total_dmg":{"sum":1800284190.1604762,"count":322,"mean":5590944.689939367},"total_iterations":75919,"total_actors":211,"total_iterations_mean":359.8056872037915,"total_iterations_variance":609693.0331753546,"total_iterations_stddev":780.8284274892626,"total_mean_dps_stddev":19.773454935395094,"total_mean_dps_variance":390.9895200821006},"player":{"name":"Template","race":"night_elf","level":120,"role":"attack","specialization":"Havoc Demon Hunter","profile_source":"default","talents":[{"tier":1,"id":22416,"spell_id":232893,"name":"Felblade"},{"tier":2,"id":22799,"spell_id":258920,"name":"Immolation Aura"},{"tier":3,"id":22909,"spell_id":258881,"name":"Trail of Ruin"},{"tier":5,"id":21867,"spell_id":206416,"name":"First Blood"},{"tier":6,"id":21870,"spell_id":203556,"name":"Master of the Glaive"},{"tier":7,"id":22547,"spell_id":206491,"name":"Nemesis"}],"party":0,"ready_type":0,"bugs":true,"scale_player":true,"potion_used":false,"timeofday":"NIGHT_TIME","invert_scaling":0,"reaction_offset":0.1,"reaction_max":1.4000000000000001,"reaction_mean":0.3,"reaction_stddev":0.06,"reaction_nu":0.25,"world_lag":0.1,"brain_lag":0.0,"brain_lag_stddev":0.0,"world_lag_override":false,"world_lag_stddev_override":false,"dbc":{"Live":{"build_level":27404,"wow_version":"8.0.1"},"version_used":"Live"},"collected_data":{"fight_length":{"sum":96570.72,"count":322,"mean":299.9090683229814,"min":240.071,"max":359.919},"executed_foreground_actions":{"sum":88376.0,"count":322,"mean":274.45962732919253,"min":218.0,"max":326.0},"dmg":{"sum":1800284190.1604762,"count":322,"mean":5590944.689939367,"min":4261120.4619619595,"max":6773308.868059643},"compound_dmg":{"sum":1800284190.1604762,"count":322,"mean":5590944.689939367,"min":4261120.4619619595,"max":6773308.868059643},"timeline_dmg":{"mean":20114.743210466797,"mean_std_dev":11595.335656985813,"min":5612.392735463211,"max":93177.70375200361,