{"results":[["Trait","325","340","355","370","385"],["Laser Matrix",268,406,578,740,943],["Archive of the Titans",172,275,388,519,668],["Relational Normalization Gizmo",210,310,423,590,743],["Synaptic Spark Capacitor",171,274,415,564,740],["Gutripper",80,183,298,428,569],["Sylvanas' Resolve / Anduin's Dedication",175,273,426,568,742],["Swirling Sands",186,295,417,552,679],["Heed My Call",96,182,299,424,596],["Ricocheting Inflatable Pyrosaw",67,164,289,425,574],["Barrage Of Many Bombs",129,239,358,518,677],["Tidal Surge",232,345,476,659,830],["Collective Will / Stand As One",63,141,233,365,528],["Rolling Havoc",-25,80,173,277,401],["Combined Might / Stronger Together",39,122,219,335,490],["Battlefield Focus / Battlefield Precision",209,334,489,610,813],["Retaliatory Fury / Last Gift",89,187,281,390,567],["Glory in Battle / Liberator's Might",133,255,344,461,624],["Unstable Flames",65,160,257,384,537],["Blood Rite",159,250,364,511,661],["Crashing Chaos",290,421,603,752,986],["Accelerant",-31,58,172,272,423],["Ruinous Bolt",137,235,363,500,655],["Meticulous Scheming",146,266,376,506,668],["Blood Siphon",127,216,321,456,598],["Earthlink",64,150,266,401,547],["Bursting Flare",166,260,385,497,663],["Incite the Pack",151,262,349,509,657],["Unstable Catalyst",195,313,449,586,766],["Azerite Globules",55,147,259,383,536],["Tradewinds",173,289,390,531,685],["Rezan's Fury",242,351,479,649,841],["Dagger in the Back",256,391,548,707,925],["Secrets of the Deep",169,281,407,579,732],["Thunderous Blast",320,455,606,795,1011],["Flashpoint",115,219,324,432,580],["Filthy Transfusion",215,313,449,602,802],["Chaotic Inferno",184,307,406,570,737],["Blightborne Infusion",246,321,455,606,749],["Champion of Azeroth",233,345,465,604,744],["Elemental Whirl",62,172,282,403,532],["Overwhelming Power",86,192,310,435,567]],"metas":{"build_date":"Aug 28 2018","build_time":"05:59:50","git_revision":"6deede5a59","options":{"debug":false,"max_time":300.0,"expected_iteration_time":312.42900000000003,"vary_combat_length":0.2,"iterations":1017,"target_error":0.2,"threads":32,"seed":3695995217604933933,"single_actor_batch":false,"queue_lag":0.005,"queue_lag_stddev":0.001,"gcd_lag":0.15,"gcd_lag_stddev":0.037,"channel_lag":0.25,"channel_lag_stddev":0.062,"queue_gcd_reduction":0.1,"strict_gcd_queue":0,"confidence":0.95,"confidence_estimator":1.9599639854089754,"world_lag":0.1,"world_lag_stddev":0.01,"travel_variance":0.0,"default_skill":1.0,"reaction_time":0.5,"regen_periodicity":0.25,"ignite_sampling_delta":0.2,"fixed_time":true,"optimize_expressions":true,"optimal_raid":1,"log":0,"debug_each":0,"stat_cache":1,"max_aoe_enemies":20,"show_etmi":false,"tmi_window_global":0.0,"tmi_bin_size":0.5,"enemy_death_pct":0.0,"challenge_mode":false,"timewalk":-1,"pvp_crit":false,"rng":{"name":"sse2-sfmt"},"deterministic":0,"average_range":1,"average_gauss":0,"fight_style":"Patchwerk","default_aura_delay":0.03,"default_aura_delay_stddev":0.005,"dbc":{"Live":{"build_level":27404,"wow_version":"8.0.1"},"version_used":"Live"}},"overrides":{"arcane_intellect":1,"battle_shout":1,"power_word_fortitude":1,"chaos_brand":1,"mystic_touch":1,"mortal_wounds":1,"bleeding":1,"bloodlust":1,"bloodlust_percent":25,"bloodlust_time":0.5},"statistics":{"elapsed_cpu_seconds":9218.501419000006,"elapsed_time_seconds":10.156348,"init_time_seconds":3.373037969999998,"merge_time_seconds":0.006098018000000001,"analyze_time_seconds":0.1990167750000001,"simulation_length":{"sum":293003.597,"count":985,"mean":297.46558071065994,"min":240.00400000000002,"max":359.95,"median":295.718,"variance":1165.3215415389172,"std_dev":34.13680625862527,"mean_variance":1.183067554861845,"mean_std_dev":1.087689089244645},"raid_dps":{"sum":9219034.8103578,"count":985,"mean":9359.426203408933},"total_dmg":{"sum":2733985470.4632425,"count":985,"mean":2775619.766967759},"total_iterations":202671,"total_actors":206,"total_iterations_mean":983.8398058252427,"total_iterations_variance":992089.7135922333,"total_iterations_stddev":996.0370041279758,"total_mean_dps_stddev":9.945431906504274,"total_mean_dps_variance":98.91161580691323},"player":{"name":"Template","race":"troll","level":120,"role":"spell","specialization":"Destruction Warlock","profile_source":"default","talents":[{"tier":1,"id":22038,"spell_id":267115,"name":"Flashover"},{"tier":2,"id":21695,"spell_id":266134,"name":"Internal Combustion"},{"tier":4,"id":23143,"spell_id":152108,"name":"Cataclysm"},{"tier":6,"id":23156,"spell_id":266086,"name":"Grimoire of Supremacy"},{"tier":7,"id":23092,"spell_id":113858,"name":"Dark Soul: Instability"}],"party":0,"ready_type":0,"bugs":true,"scale_player":true,"potion_used":false,"timeofday":"DAY_TIME","invert_scaling":0,"reaction_offset":0.1,"reaction_max":1.4000000000000001,"reaction_mean":0.3,"reaction_stddev":0.06,"reaction_nu":0.25,"world_lag":0.1,"brain_lag":0.0,"brain_lag_stddev":0.0,"world_lag_override":false,"world_lag_stddev_override":false,"dbc":{"Live":{"build_level":27404,"wow_version":"8.0.1"},"version_used":"Live"},"base_mana_regen_per_second":1000.0,"collected_data":{"fight_length":{"sum":293003.597,"count":985,"mean":297.46558071065994,"min":240.00400000000002,"max":359.95},"executed_foreground_actions":{"sum":203548.0,"count":985,"mean":206.6477157360406,"min":169.0,"max":249.0},"dmg":{"sum":2228780754.449618,"count":985,"mean":2262721.5781214396,"min":1840804.114847849,"max":2738116.6504915496},"compound_dmg":{"sum":2733985470.4632425,"count":985,"mean":2775619.766967759,"min":2298956.296200768,"max":3310294.9394114586},"timeline_dmg":{"mean":9219.69606806848,"mean_std_dev":6976.243983267207,"min":0.0,"max":63530.91214028652,