{"results":[["Trait","325","340","355","370","385"],["Thunderous Blast",356,509,709,863,1143],["Azerite Globules",147,271,416,591,759],["Tidal Surge",299,453,601,808,1036],["Secrets of the Deep",208,363,485,680,922],["Gutripper",74,175,343,509,703],["Unstable Flames",105,226,342,510,669],["Blood Rite",232,389,494,668,842],["Heed My Call",157,274,390,574,792],["Filthy Transfusion",189,319,512,654,868],["Relational Normalization Gizmo",264,393,555,754,969],["Synaptic Spark Capacitor",441,574,784,994,1285],["Flames of Alacrity",232,342,461,626,846],["Sylvanas' Resolve / Anduin's Dedication",200,357,500,646,916],["Swirling Sands",330,486,605,802,993],["Meticulous Scheming",258,358,503,657,831],["Ricocheting Inflatable Pyrosaw",213,338,475,678,857],["Laser Matrix",330,484,640,856,1093],["Tradewinds",438,547,729,919,1105],["Collective Will / Stand As One",66,194,294,431,609],["Barrage Of Many Bombs",300,480,666,889,1060],["Preheat",-47,90,235,407,611],["Blood Siphon",138,270,402,560,715],["Firemind",183,363,492,651,862],["Incite the Pack",393,556,703,853,1036],["Combined Might / Stronger Together",48,173,279,428,604],["Blaster Master",551,682,878,999,1232],["Duplicative Incineration",685,811,1016,1273,1527],["Battlefield Focus / Battlefield Precision",-4,118,252,381,550],["Blightborne Infusion",386,526,686,865,1055],["Trailing Embers",181,318,492,649,840],["Retaliatory Fury / Last Gift",228,341,489,640,834],["Glory in Battle / Liberator's Might",194,329,475,641,805],["Ruinous Bolt",167,304,441,594,805],["Overwhelming Power",160,273,379,522,710],["Unstable Catalyst",244,359,552,718,956],["Champion of Azeroth",369,546,707,866,1047],["Dagger in the Back",347,505,681,895,1124],["Earthlink",67,167,334,512,632],["Rezan's Fury",251,418,548,771,957],["Elemental Whirl",134,241,332,514,700]],"metas":{"build_date":"Aug 19 2018","build_time":"09:20:42","git_revision":"eba9238d5c","options":{"debug":false,"max_time":300.0,"expected_iteration_time":269.55400000000003,"vary_combat_length":0.2,"iterations":1940,"target_error":0.2,"threads":32,"seed":2017993220036149833,"single_actor_batch":false,"queue_lag":0.005,"queue_lag_stddev":0.001,"gcd_lag":0.15,"gcd_lag_stddev":0.037,"channel_lag":0.25,"channel_lag_stddev":0.062,"queue_gcd_reduction":0.1,"strict_gcd_queue":0,"confidence":0.95,"confidence_estimator":1.9599639854089754,"world_lag":0.1,"world_lag_stddev":0.01,"travel_variance":0.0,"default_skill":1.0,"reaction_time":0.5,"regen_periodicity":0.25,"ignite_sampling_delta":0.2,"fixed_time":true,"optimize_expressions":true,"optimal_raid":1,"log":0,"debug_each":0,"stat_cache":1,"max_aoe_enemies":20,"show_etmi":false,"tmi_window_global":0.0,"tmi_bin_size":0.5,"enemy_death_pct":0.0,"challenge_mode":false,"timewalk":-1,"pvp_crit":false,"rng":{"name":"sse2-sfmt"},"deterministic":0,"average_range":1,"average_gauss":0,"fight_style":"Patchwerk","default_aura_delay":0.03,"default_aura_delay_stddev":0.005,"dbc":{"bfa-BETA":{"build_level":26095,"wow_version":"8.0.1"},"version_used":"bfa-BETA"}},"overrides":{"arcane_intellect":1,"battle_shout":1,"power_word_fortitude":1,"chaos_brand":1,"mystic_touch":1,"mortal_wounds":1,"bleeding":1,"bloodlust":1,"bloodlust_percent":25,"bloodlust_time":0.5},"statistics":{"elapsed_cpu_seconds":18711.23726799999,"elapsed_time_seconds":20.086465999999998,"init_time_seconds":3.0807390869999987,"merge_time_seconds":0.005400724000000002,"analyze_time_seconds":0.337262377,"simulation_length":{"sum":570361.3300000001,"count":1908,"mean":298.9315146750524,"min":240.013,"max":359.952,"median":299.349,"variance":1241.7547329709585,"std_dev":35.238540448931175,"mean_variance":0.6508148495654918,"mean_std_dev":0.8067309647989792},"raid_dps":{"sum":28253724.551455133,"count":1908,"mean":14808.031735563487},"total_dmg":{"sum":8441722334.088708,"count":1908,"mean":4424382.774679616},"total_iterations":344977,"total_actors":201,"total_iterations_mean":1716.3034825870648,"total_iterations_variance":1878964.4875621886,"total_iterations_stddev":1370.753255535871,"total_mean_dps_stddev":15.658474984218264,"total_mean_dps_variance":245.18783883138917},"player":{"name":"Template","race":"dark_iron_dwarf","level":120,"role":"spell","specialization":"Fire Mage","profile_source":"default","talents":[{"tier":1,"id":22456,"spell_id":205026,"name":"Firestarter"},{"tier":3,"id":22444,"spell_id":1463,"name":"Incanter's Flow"},{"tier":4,"id":22450,"spell_id":205029,"name":"Flame On"},{"tier":6,"id":23362,"spell_id":205023,"name":"Conflagration"},{"tier":7,"id":22220,"spell_id":269650,"name":"Pyroclasm"}],"party":0,"ready_type":0,"bugs":true,"scale_player":true,"potion_used":false,"timeofday":"DAY_TIME","invert_scaling":0,"reaction_offset":0.1,"reaction_max":1.4000000000000001,"reaction_mean":0.3,"reaction_stddev":0.06,"reaction_nu":0.25,"world_lag":0.1,"brain_lag":0.0,"brain_lag_stddev":0.0,"world_lag_override":false,"world_lag_stddev_override":false,"dbc":{"bfa-BETA":{"build_level":26095,"wow_version":"8.0.1"},"version_used":"bfa-BETA"},"base_mana_regen_per_second":2000.0,"collected_data":{"fight_length":{"sum":570361.3300000001,"count":1908,"mean":298.9315146750524,"min":240.013,"max":359.952},"executed_foreground_actions":{"sum":401459.0,"count":1908,"mean":210.40828092243186,"min":166.0,"max":259.0},"dmg":{"sum":8441722334.088708,"count":1908,"mean":4424382.774679616,"min":3242543.0143328505,"max":5649065.734373992},"compound_dmg":{"sum":8441722334.088708,"count":1908,"mean":4424382.774679616,"min":3242543.0143328505,"max":5649065.734373992},"timeline_dmg":{"mean":14534.892655009337,"mean_std_dev":7466.038904923562,"min":882.1431846756769,"max":50244.64525301885,