{"results":[["Trait","325","340","355","370","385"],["Laser Matrix",319,529,702,977,1285],["Archive of the Titans",295,474,681,889,1145],["Relational Normalization Gizmo",336,499,676,888,1148],["Synaptic Spark Capacitor",657,903,1202,1487,1859],["Gutripper",112,260,404,623,825],["Sylvanas' Resolve / Anduin's Dedication",308,463,656,899,1192],["Swirling Sands",313,582,730,993,1203],["Tradewinds",392,610,777,1030,1311],["Ricocheting Inflatable Pyrosaw",321,472,681,924,1231],["Heed My Call",170,334,544,764,1012],["Barrage Of Many Bombs",567,732,985,1245,1589],["Perforate",-52,131,290,447,680],["Champion of Azeroth",472,665,836,1086,1340],["The First Dance",283,437,650,864,1089],["Inevitability",-20,128,308,459,691],["Tidal Surge",246,454,663,908,1204],["Collective Will / Stand As One",70,202,402,572,882],["Combined Might / Stronger Together",46,177,409,554,767],["Battlefield Focus / Battlefield Precision",6,163,312,498,713],["Retaliatory Fury / Last Gift",277,393,542,810,991],["Glory in Battle / Liberator's Might",240,411,535,763,1017],["Blood Rite",181,375,566,741,1000],["Unstable Flames",104,286,451,635,835],["Meticulous Scheming",210,360,552,759,977],["Incite the Pack",400,593,732,1013,1232],["Unstable Catalyst",338,515,720,957,1266],["Azerite Globules",196,358,526,780,1037],["Earthlink",102,307,448,644,883],["Night's Vengeance",284,452,643,909,1222],["Dagger in the Back",271,484,667,943,1239],["Secrets of the Deep",266,460,713,932,1189],["Blood Siphon",156,287,489,644,903],["Ruinous Bolt",153,324,525,754,950],["Sharpened Blades",-12,211,463,689,997],["Thunderous Blast",335,556,735,994,1336],["Overwhelming Power",165,278,464,640,902],["Filthy Transfusion",214,394,616,795,1100],["Blightborne Infusion",406,591,823,1011,1272],["Blade In The Shadows",-26,104,284,463,681],["Rezan's Fury",291,487,685,875,1215],["Elemental Whirl",145,299,413,636,905]],"metas":{"build_date":"Aug 28 2018","build_time":"07:33:45","git_revision":"0be56b9506","options":{"debug":false,"max_time":300.0,"expected_iteration_time":290.13800000000003,"vary_combat_length":0.2,"iterations":582,"target_error":0.2,"threads":32,"seed":13432091711002411066,"single_actor_batch":false,"queue_lag":0.005,"queue_lag_stddev":0.001,"gcd_lag":0.15,"gcd_lag_stddev":0.037,"channel_lag":0.25,"channel_lag_stddev":0.062,"queue_gcd_reduction":0.1,"strict_gcd_queue":0,"confidence":0.95,"confidence_estimator":1.9599639854089754,"world_lag":0.1,"world_lag_stddev":0.01,"travel_variance":0.0,"default_skill":1.0,"reaction_time":0.5,"regen_periodicity":0.25,"ignite_sampling_delta":0.2,"fixed_time":true,"optimize_expressions":true,"optimal_raid":1,"log":0,"debug_each":0,"stat_cache":1,"max_aoe_enemies":20,"show_etmi":false,"tmi_window_global":0.0,"tmi_bin_size":0.5,"enemy_death_pct":0.0,"challenge_mode":false,"timewalk":-1,"pvp_crit":false,"rng":{"name":"sse2-sfmt"},"deterministic":0,"average_range":1,"average_gauss":0,"fight_style":"Patchwerk","default_aura_delay":0.03,"default_aura_delay_stddev":0.005,"dbc":{"Live":{"build_level":27404,"wow_version":"8.0.1"},"version_used":"Live"}},"overrides":{"arcane_intellect":1,"battle_shout":1,"power_word_fortitude":1,"chaos_brand":1,"mystic_touch":1,"mortal_wounds":1,"bleeding":1,"bloodlust":1,"bloodlust_percent":25,"bloodlust_time":0.5},"statistics":{"elapsed_cpu_seconds":10834.836640999996,"elapsed_time_seconds":11.600455,"init_time_seconds":2.9293815900000015,"merge_time_seconds":0.006976625000000001,"analyze_time_seconds":0.13149243599999996,"simulation_length":{"sum":163530.38499999998,"count":550,"mean":297.3279727272727,"min":240.434,"max":359.918,"median":294.921,"variance":1230.89562661562,"std_dev":35.08412214400725,"mean_variance":2.2379920483920364,"mean_std_dev":1.4959919947620162},"raid_dps":{"sum":10338081.118652571,"count":550,"mean":18796.511124822857},"total_dmg":{"sum":3071141152.375465,"count":550,"mean":5583893.004319027},"total_iterations":116886,"total_actors":206,"total_iterations_mean":567.4077669902913,"total_iterations_variance":481147.74757281557,"total_iterations_stddev":693.6481439265988,"total_mean_dps_stddev":19.80051140841141,"total_mean_dps_variance":392.06025203463037},"player":{"name":"Template","race":"night_elf","level":120,"role":"attack","specialization":"Subtlety Rogue","profile_source":"default","talents":[{"tier":1,"id":19234,"spell_id":91023,"name":"Find Weakness"},{"tier":2,"id":22333,"spell_id":108209,"name":"Shadow Focus"},{"tier":3,"id":19241,"spell_id":137619,"name":"Marked for Death"},{"tier":6,"id":22336,"spell_id":238104,"name":"Enveloping Shadows"},{"tier":7,"id":22132,"spell_id":196976,"name":"Master of Shadows"}],"party":0,"ready_type":1,"bugs":true,"scale_player":true,"potion_used":false,"timeofday":"DAY_TIME","invert_scaling":0,"reaction_offset":0.1,"reaction_max":1.4000000000000001,"reaction_mean":0.3,"reaction_stddev":0.06,"reaction_nu":0.25,"world_lag":0.1,"brain_lag":0.0,"brain_lag_stddev":0.0,"world_lag_override":false,"world_lag_stddev_override":false,"dbc":{"Live":{"build_level":27404,"wow_version":"8.0.1"},"version_used":"Live"},"base_energy_regen_per_second":10.0,"collected_data":{"fight_length":{"sum":163530.385,"count":550,"mean":297.32797272727277,"min":240.434,"max":359.918},"waiting_time":{"sum":8463.998000000001,"count":550,"mean":15.389087272727275,"min":8.275,"max":21.817},"executed_foreground_actions":{"sum":181539.0,"count":550,"mean":330.0709090909091,"min":267.0,"max":402.0},"dmg":{"sum":3071141152.375465,"count":550,"mean":5583893.004319027,"min":4416624.935966777,"max":6948442.429315048},"compound_dmg":{"sum":3071141152.375465,"count":550,"mean":5583893.004319027,"min":4416624.935966777,"max":6948442.429315048},"timeline_dmg":{"mean":19632.688768491866,"mean_std_dev":6262.062070412489,"min":2918.4692098885203,"max":53648.407109021464,