{"results":[["Trait","325","340","355","370","385"],["Laser Matrix",335,495,691,915,1162],["Archive of the Titans",241,404,555,756,966],["Relational Normalization Gizmo",239,370,569,717,979],["Synaptic Spark Capacitor",384,559,795,1019,1293],["Sylvanas' Resolve / Anduin's Dedication",251,394,582,788,1010],["Gutripper",80,234,362,561,764],["Swirling Sands",287,445,603,820,1007],["Tradewinds",218,344,515,689,924],["Ricocheting Inflatable Pyrosaw",193,331,529,711,955],["Heed My Call",118,275,459,623,852],["Barrage Of Many Bombs",324,487,678,940,1181],["Snake Eyes",207,326,533,743,980],["Tidal Surge",262,433,608,793,1046],["Collective Will / Stand As One",96,222,352,518,719],["Combined Might / Stronger Together",44,175,321,464,649],["Battlefield Focus / Battlefield Precision",249,408,566,768,1019],["Retaliatory Fury / Last Gift",125,231,375,567,749],["Glory in Battle / Liberator's Might",175,333,443,640,830],["Blood Rite",138,278,416,583,773],["Unstable Flames",96,209,377,528,740],["Meticulous Scheming",182,304,448,619,817],["Incite the Pack",195,336,501,669,877],["Unstable Catalyst",276,444,626,798,1069],["Deadshot",254,395,603,867,1125],["Azerite Globules",155,296,476,622,829],["Storm of Steel",307,480,652,881,1160],["Earthlink",75,241,382,551,761],["Dagger in the Back",306,437,656,902,1139],["Secrets of the Deep",269,410,590,806,1028],["Blood Siphon",95,180,337,505,697],["Brigand's Blitz",147,261,382,569,757],["Ruinous Bolt",134,296,447,639,847],["Blightborne Infusion",332,470,642,832,1048],["Overwhelming Power",49,180,324,499,648],["Rezan's Fury",259,418,573,826,1060],["Paradise Lost",334,522,721,954,1202],["Thunderous Blast",380,548,753,946,1233],["Champion of Azeroth",323,423,607,799,989],["Filthy Transfusion",235,385,576,773,995],["Ace Up Your Sleeve",-105,17,188,324,503],["Elemental Whirl",81,243,379,519,710]],"metas":{"build_date":"Aug 26 2018","build_time":"17:25:12","git_revision":"82a50ef53a","options":{"debug":false,"max_time":300.0,"expected_iteration_time":252.18200000000002,"vary_combat_length":0.2,"iterations":969,"target_error":0.2,"threads":32,"seed":1073641465692346117,"single_actor_batch":false,"queue_lag":0.005,"queue_lag_stddev":0.001,"gcd_lag":0.15,"gcd_lag_stddev":0.037,"channel_lag":0.25,"channel_lag_stddev":0.062,"queue_gcd_reduction":0.1,"strict_gcd_queue":0,"confidence":0.95,"confidence_estimator":1.9599639854089754,"world_lag":0.1,"world_lag_stddev":0.01,"travel_variance":0.0,"default_skill":1.0,"reaction_time":0.5,"regen_periodicity":0.25,"ignite_sampling_delta":0.2,"fixed_time":true,"optimize_expressions":true,"optimal_raid":1,"log":0,"debug_each":0,"stat_cache":1,"max_aoe_enemies":20,"show_etmi":false,"tmi_window_global":0.0,"tmi_bin_size":0.5,"enemy_death_pct":0.0,"challenge_mode":false,"timewalk":-1,"pvp_crit":false,"rng":{"name":"sse2-sfmt"},"deterministic":0,"average_range":1,"average_gauss":0,"fight_style":"Patchwerk","default_aura_delay":0.03,"default_aura_delay_stddev":0.005,"dbc":{"Live":{"build_level":27404,"wow_version":"8.0.1"},"version_used":"Live"}},"overrides":{"arcane_intellect":1,"battle_shout":1,"power_word_fortitude":1,"chaos_brand":1,"mystic_touch":1,"mortal_wounds":1,"bleeding":1,"bloodlust":1,"bloodlust_percent":25,"bloodlust_time":0.5},"statistics":{"elapsed_cpu_seconds":13948.647488999995,"elapsed_time_seconds":15.048127000000001,"init_time_seconds":2.4646500100000006,"merge_time_seconds":0.006263928000000001,"analyze_time_seconds":0.20156552999999994,"simulation_length":{"sum":281814.87700000004,"count":937,"mean":300.76294236926367,"min":240.012,"max":359.966,"median":301.611,"variance":1179.9431550532418,"std_dev":34.35030065448106,"mean_variance":1.2592776468017521,"mean_std_dev":1.122175408214666},"raid_dps":{"sum":11370460.272664282,"count":937,"mean":12134.96293774203},"total_dmg":{"sum":3416125377.7788625,"count":937,"mean":3645811.5024320837},"total_iterations":192747,"total_actors":206,"total_iterations_mean":935.6650485436893,"total_iterations_variance":793575.8883495146,"total_iterations_stddev":890.8287648866726,"total_mean_dps_stddev":12.924684069643728,"total_mean_dps_variance":167.04745830010236},"player":{"name":"Template","race":"dwarf","level":120,"role":"attack","specialization":"Outlaw Rogue","profile_source":"default","talents":[{"tier":1,"id":22119,"spell_id":196938,"name":"Quick Draw"},{"tier":2,"id":19238,"spell_id":196922,"name":"Hit and Run"},{"tier":3,"id":19239,"spell_id":14983,"name":"Vigor"},{"tier":6,"id":19250,"spell_id":5171,"name":"Slice and Dice"},{"tier":7,"id":23075,"spell_id":271877,"name":"Blade Rush"}],"party":0,"ready_type":1,"bugs":true,"scale_player":true,"potion_used":false,"timeofday":"DAY_TIME","invert_scaling":0,"reaction_offset":0.1,"reaction_max":1.4000000000000001,"reaction_mean":0.3,"reaction_stddev":0.06,"reaction_nu":0.25,"world_lag":0.1,"brain_lag":0.0,"brain_lag_stddev":0.0,"world_lag_override":false,"world_lag_stddev_override":false,"dbc":{"Live":{"build_level":27404,"wow_version":"8.0.1"},"version_used":"Live"},"base_energy_regen_per_second":14.85,"collected_data":{"fight_length":{"sum":281814.877,"count":937,"mean":300.7629423692636,"min":240.012,"max":359.966},"waiting_time":{"sum":17354.630000000005,"count":937,"mean":18.521483457844187,"min":8.402000000000001,"max":31.426000000000002},"executed_foreground_actions":{"sum":281782.0,"count":937,"mean":300.72785485592317,"min":233.0,"max":370.0},"dmg":{"sum":3416125377.7788625,"count":937,"mean":3645811.5024320837,"min":2774893.554835503,"max":4637890.970852008},"compound_dmg":{"sum":3416125377.7788625,"count":937,"mean":3645811.5024320837,"min":2774893.554835503,"max":4637890.970852008},"timeline_dmg":{"mean":12347.050746069153,"mean_std_dev":4785.19982853203,"min":3355.4379519738377,"max":29701.380235833305,