{"results":[["Trait","325","340","355","370","385"],["Thunderous Blast",393,552,631,851,1245],["Azerite Globules",216,367,544,703,953],["Tidal Surge",308,359,653,877,979],["Secrets of the Deep",268,421,617,701,1039],["Gutripper",153,266,394,475,755],["Unstable Flames",138,108,260,432,708],["Blood Rite",229,257,489,672,889],["Heed My Call",83,257,536,612,800],["Relational Normalization Gizmo",284,441,499,710,998],["Arcane Pummeling",-42,169,248,377,654],["Synaptic Spark Capacitor",557,888,1101,1274,1597],["Sylvanas' Resolve / Anduin's Dedication",165,332,604,796,941],["Swirling Sands",280,413,458,740,866],["Meticulous Scheming",101,147,238,428,599],["Ricocheting Inflatable Pyrosaw",322,473,552,769,1019],["Laser Matrix",339,413,697,888,1340],["Tradewinds",28,246,378,536,749],["Collective Will / Stand As One",104,243,290,550,735],["Barrage Of Many Bombs",410,705,906,1054,1439],["Incite the Pack",4,129,392,525,715],["Brain Storm",120,238,383,567,663],["Arcane Pressure",499,828,1068,1361,1518],["Glory in Battle / Liberator's Might",220,345,513,575,870],["Explosive Echo",765,1034,1407,1763,2120],["Ruinous Bolt",176,213,490,566,910],["Dagger in the Back",253,480,669,879,1163],["Galvanizing Spark",130,224,393,448,643],["Filthy Transfusion",256,318,584,768,1004],["Combined Might / Stronger Together",96,87,339,382,686],["Battlefield Focus / Battlefield Precision",133,151,318,466,687],["Anomalous Impact",47,153,303,476,543],["Retaliatory Fury / Last Gift",-21,189,334,511,669],["Unstable Catalyst",296,318,525,706,974],["Blood Siphon",77,101,338,473,605],["Overwhelming Power",179,295,442,506,690],["Champion of Azeroth",279,300,580,756,835],["Blightborne Infusion",350,478,636,707,942],["Earthlink",16,245,297,463,689],["Rezan's Fury",282,458,615,718,973],["Elemental Whirl",29,153,379,430,733]],"metas":{"build_date":"Aug 21 2018","build_time":"06:51:36","git_revision":"57250019bf","options":{"debug":false,"max_time":300.0,"expected_iteration_time":271.79200000000003,"vary_combat_length":0.2,"iterations":1486,"target_error":0.2,"threads":32,"seed":12092984874271023916,"single_actor_batch":false,"queue_lag":0.005,"queue_lag_stddev":0.001,"gcd_lag":0.15,"gcd_lag_stddev":0.037,"channel_lag":0.25,"channel_lag_stddev":0.062,"queue_gcd_reduction":0.1,"strict_gcd_queue":0,"confidence":0.95,"confidence_estimator":1.9599639854089754,"world_lag":0.1,"world_lag_stddev":0.01,"travel_variance":0.0,"default_skill":1.0,"reaction_time":0.5,"regen_periodicity":0.25,"ignite_sampling_delta":0.2,"fixed_time":true,"optimize_expressions":true,"optimal_raid":1,"log":0,"debug_each":0,"stat_cache":1,"max_aoe_enemies":20,"show_etmi":false,"tmi_window_global":0.0,"tmi_bin_size":0.5,"enemy_death_pct":0.0,"challenge_mode":false,"timewalk":-1,"pvp_crit":false,"rng":{"name":"sse2-sfmt"},"deterministic":0,"average_range":1,"average_gauss":0,"fight_style":"Patchwerk","default_aura_delay":0.03,"default_aura_delay_stddev":0.005,"dbc":{"bfa-BETA":{"build_level":26095,"wow_version":"8.0.1"},"version_used":"bfa-BETA"}},"overrides":{"arcane_intellect":1,"battle_shout":1,"power_word_fortitude":1,"chaos_brand":1,"mystic_touch":1,"mortal_wounds":1,"bleeding":1,"bloodlust":1,"bloodlust_percent":25,"bloodlust_time":0.5},"statistics":{"elapsed_cpu_seconds":7376.595806000001,"elapsed_time_seconds":8.017916,"init_time_seconds":2.798298456000001,"merge_time_seconds":0.006230489,"analyze_time_seconds":0.3177555980000001,"simulation_length":{"sum":435109.246,"count":1454,"mean":299.24982530949103,"min":240.018,"max":359.987,"median":298.903,"variance":1196.8152208690706,"std_dev":34.595017283838295,"mean_variance":0.8231191340227445,"mean_std_dev":0.907259132785526},"raid_dps":{"sum":17875664.363290522,"count":1454,"mean":12294.129548342862},"total_dmg":{"sum":5337977738.76538,"count":1454,"mean":3671236.409054594},"total_iterations":246044,"total_actors":201,"total_iterations_mean":1224.0995024875622,"total_iterations_variance":1076778.0099502488,"total_iterations_stddev":1037.679145955169,"total_mean_dps_stddev":13.084224209992414,"total_mean_dps_variance":171.1969231773516},"player":{"name":"Template","race":"troll","level":120,"role":"spell","specialization":"Arcane Mage","profile_source":"default","talents":[{"tier":1,"id":22461,"spell_id":264354,"name":"Rule of Threes"},{"tier":3,"id":22447,"spell_id":116011,"name":"Rune of Power"},{"tier":4,"id":22467,"spell_id":205032,"name":"Charged Up"},{"tier":6,"id":22449,"spell_id":210725,"name":"Touch of the Magi"},{"tier":7,"id":21630,"spell_id":155147,"name":"Overpowered"}],"party":0,"ready_type":0,"bugs":true,"scale_player":true,"potion_used":false,"timeofday":"DAY_TIME","invert_scaling":0,"reaction_offset":0.1,"reaction_max":1.4000000000000001,"reaction_mean":0.3,"reaction_stddev":0.06,"reaction_nu":0.25,"world_lag":0.1,"brain_lag":0.0,"brain_lag_stddev":0.0,"world_lag_override":false,"world_lag_stddev_override":false,"dbc":{"bfa-BETA":{"build_level":26095,"wow_version":"8.0.1"},"version_used":"bfa-BETA"},"base_mana_regen_per_second":2000.0,"collected_data":{"fight_length":{"sum":435109.2459999999,"count":1454,"mean":299.24982530949103,"min":240.018,"max":359.987},"executed_foreground_actions":{"sum":331771.0,"count":1454,"mean":228.17812929848694,"min":185.0,"max":276.0},"dmg":{"sum":5337977738.76538,"count":1454,"mean":3671236.409054594,"min":2887556.3563352195,"max":4584590.261001978},"compound_dmg":{"sum":5337977738.76538,"count":1454,"mean":3671236.409054594,"min":2887556.3563352195,"max":4584590.261001978},"timeline_dmg":{"mean":12440.433313965184,"mean_std_dev":10112.469500644507,"min":0.0,"max":112308.25983798916,