{"results":[["Trait","325","340","355","370","385"],["Thunderous Blast",349,538,841,1114,1408],["Azerite Globules",135,376,601,855,1160],["Tidal Surge",228,409,669,939,1286],["Dagger in the Back",371,559,829,1142,1446],["Unstable Flames",178,370,593,812,1036],["Secrets of the Deep",347,528,757,1035,1376],["Heed My Call",124,334,556,792,1100],["Blood Rite",343,494,722,974,1256],["Supreme Commander",403,615,850,1128,1426],["Relational Normalization Gizmo",396,602,862,1111,1397],["Synaptic Spark Capacitor",529,814,1096,1429,1787],["Shadow's Bite",39,262,384,565,882],["Gutripper",92,242,416,649,955],["Sylvanas' Resolve / Anduin's Dedication",309,555,811,1061,1348],["Swirling Sands",415,628,805,1086,1366],["Meticulous Scheming",360,549,769,993,1317],["Ricocheting Inflatable Pyrosaw",306,481,699,956,1286],["Laser Matrix",294,506,749,1025,1323],["Tradewinds",393,587,844,1094,1341],["Umbral Blaze",66,270,450,674,943],["Collective Will / Stand As One",115,305,500,726,977],["Barrage Of Many Bombs",451,693,948,1247,1598],["Filthy Transfusion",215,430,629,853,1193],["Explosive Potential",212,335,514,764,1000],["Incite the Pack",364,614,756,1033,1351],["Combined Might / Stronger Together",75,249,430,616,964],["Battlefield Focus / Battlefield Precision",10,184,352,543,786],["Retaliatory Fury / Last Gift",234,451,596,829,1136],["Glory in Battle / Liberator's Might",309,514,710,951,1248],["Ruinous Bolt",149,324,564,734,1041],["Unstable Catalyst",404,602,901,1111,1475],["Forbidden Knowledge",-70,111,333,531,820],["Blood Siphon",275,485,700,890,1150],["Overwhelming Power",227,416,665,869,1126],["Champion of Azeroth",541,721,993,1251,1490],["Demonic Meteor",320,506,733,967,1204],["Earthlink",119,302,505,724,994],["Rezan's Fury",256,478,676,910,1273],["Blightborne Infusion",569,808,964,1263,1530],["Elemental Whirl",201,400,606,763,1037]],"metas":{"build_date":"Aug 19 2018","build_time":"09:20:42","git_revision":"eba9238d5c","options":{"debug":false,"max_time":300.0,"expected_iteration_time":316.39300000000003,"vary_combat_length":0.2,"iterations":463,"target_error":0.2,"threads":32,"seed":7265785200353370492,"single_actor_batch":false,"queue_lag":0.005,"queue_lag_stddev":0.001,"gcd_lag":0.15,"gcd_lag_stddev":0.037,"channel_lag":0.25,"channel_lag_stddev":0.062,"queue_gcd_reduction":0.1,"strict_gcd_queue":0,"confidence":0.95,"confidence_estimator":1.9599639854089754,"world_lag":0.1,"world_lag_stddev":0.01,"travel_variance":0.0,"default_skill":1.0,"reaction_time":0.5,"regen_periodicity":0.25,"ignite_sampling_delta":0.2,"fixed_time":true,"optimize_expressions":true,"optimal_raid":1,"log":0,"debug_each":0,"stat_cache":1,"max_aoe_enemies":20,"show_etmi":false,"tmi_window_global":0.0,"tmi_bin_size":0.5,"enemy_death_pct":0.0,"challenge_mode":false,"timewalk":-1,"pvp_crit":false,"rng":{"name":"sse2-sfmt"},"deterministic":0,"average_range":1,"average_gauss":0,"fight_style":"Patchwerk","default_aura_delay":0.03,"default_aura_delay_stddev":0.005,"dbc":{"bfa-BETA":{"build_level":26095,"wow_version":"8.0.1"},"version_used":"bfa-BETA"}},"overrides":{"arcane_intellect":1,"battle_shout":1,"power_word_fortitude":1,"chaos_brand":1,"mystic_touch":1,"mortal_wounds":1,"bleeding":1,"bloodlust":1,"bloodlust_percent":25,"bloodlust_time":0.5},"statistics":{"elapsed_cpu_seconds":9698.959694999998,"elapsed_time_seconds":10.476780999999999,"init_time_seconds":2.778346563,"merge_time_seconds":0.014093514000000003,"analyze_time_seconds":0.11529598300000003,"simulation_length":{"sum":127877.68400000001,"count":431,"mean":296.6999628770302,"min":240.04500000000002,"max":359.98,"median":292.858,"variance":1207.3953560032623,"std_dev":34.747594967181,"mean_variance":2.8013813364344835,"mean_std_dev":1.6737327553807637},"raid_dps":{"sum":9392782.61566352,"count":431,"mean":21792.999108268024},"total_dmg":{"sum":2783365073.629496,"count":431,"mean":6457923.604708808},"total_iterations":85339,"total_actors":201,"total_iterations_mean":424.5721393034826,"total_iterations_variance":414251.2039800994,"total_iterations_stddev":643.6234955158951,"total_mean_dps_stddev":22.934727848602513,"total_mean_dps_variance":526.0017414894637},"player":{"name":"Template","race":"troll","level":120,"role":"spell","specialization":"Demonology Warlock","profile_source":"default","talents":[{"tier":1,"id":22048,"spell_id":267171,"name":"Demonic Strength"},{"tier":2,"id":23158,"spell_id":265412,"name":"Doom"},{"tier":4,"id":23160,"spell_id":264119,"name":"Summon Vilefiend"},{"tier":6,"id":21717,"spell_id":111898,"name":"Grimoire: Felguard"},{"tier":7,"id":23161,"spell_id":267214,"name":"Sacrificed Souls"}],"party":0,"ready_type":0,"bugs":true,"scale_player":true,"potion_used":false,"timeofday":"DAY_TIME","invert_scaling":0,"reaction_offset":0.1,"reaction_max":1.4000000000000001,"reaction_mean":0.3,"reaction_stddev":0.06,"reaction_nu":0.25,"world_lag":0.1,"brain_lag":0.0,"brain_lag_stddev":0.0,"world_lag_override":false,"world_lag_stddev_override":false,"dbc":{"bfa-BETA":{"build_level":26095,"wow_version":"8.0.1"},"version_used":"bfa-BETA"},"base_mana_regen_per_second":1000.0,"collected_data":{"fight_length":{"sum":127877.68400000001,"count":431,"mean":296.6999628770302,"min":240.04500000000002,"max":359.98},"executed_foreground_actions":{"sum":98105.0,"count":431,"mean":227.62180974477957,"min":185.0,"max":274.0},"dmg":{"sum":1282526514.4297614,"count":431,"mean":2975699.569442602,"min":2285173.552002929,"max":3879652.9178609615},"compound_dmg":{"sum":2783365073.629496,"count":431,"mean":6457923.604708808,"min":5125753.147816367,"max":7780279.401566633},"timeline_dmg":{"mean":22625.240194918584,"mean_std_dev":12917.953651108919,"min":2079.101579580417,"max":121642.24988797407,