{"results":[["Trait","325","340","355","370","385"],["Laser Matrix",331,520,672,828,1061],["Archive of the Titans",227,356,523,681,856],["Relational Normalization Gizmo",271,345,514,735,895],["Arcane Pummeling",138,205,388,502,688],["Synaptic Spark Capacitor",236,367,510,669,885],["Gutripper",138,259,349,537,697],["Sylvanas' Resolve / Anduin's Dedication",252,376,523,718,929],["Swirling Sands",305,430,581,725,907],["Tradewinds",261,422,535,676,879],["Ricocheting Inflatable Pyrosaw",122,244,341,519,687],["Heed My Call",126,253,380,535,762],["Barrage Of Many Bombs",200,340,457,598,816],["Tidal Surge",327,458,593,798,1020],["Collective Will / Stand As One",105,201,347,481,648],["Combined Might / Stronger Together",104,165,323,427,591],["Battlefield Focus / Battlefield Precision",238,373,523,679,901],["Anomalous Impact",96,217,327,473,646],["Retaliatory Fury / Last Gift",158,270,371,549,708],["Galvanizing Spark",454,650,814,1027,1276],["Glory in Battle / Liberator's Might",202,342,460,620,808],["Unstable Flames",141,263,358,523,690],["Blood Rite",247,341,444,592,769],["Meticulous Scheming",56,186,289,415,575],["Incite the Pack",263,342,511,685,826],["Brain Storm",132,266,363,560,712],["Explosive Echo",31,119,242,386,509],["Unstable Catalyst",278,391,562,727,948],["Azerite Globules",81,221,322,481,661],["Arcane Pressure",174,291,408,529,736],["Earthlink",120,215,348,509,663],["Rezan's Fury",271,430,582,759,978],["Dagger in the Back",355,512,728,922,1135],["Secrets of the Deep",239,366,518,698,919],["Blood Siphon",105,250,366,501,669],["Ruinous Bolt",177,301,456,644,807],["Thunderous Blast",375,491,682,890,1149],["Champion of Azeroth",339,462,623,769,960],["Overwhelming Power",168,281,393,569,705],["Filthy Transfusion",233,374,527,704,891],["Elemental Whirl",162,238,376,518,668],["Blightborne Infusion",395,549,663,834,1045]],"metas":{"build_date":"Aug 24 2018","build_time":"06:29:59","git_revision":"d11d257b76","options":{"debug":false,"max_time":300.0,"expected_iteration_time":253.00400000000002,"vary_combat_length":0.2,"iterations":1474,"target_error":0.2,"threads":32,"seed":10174307978889549818,"single_actor_batch":false,"queue_lag":0.005,"queue_lag_stddev":0.001,"gcd_lag":0.15,"gcd_lag_stddev":0.037,"channel_lag":0.25,"channel_lag_stddev":0.062,"queue_gcd_reduction":0.1,"strict_gcd_queue":0,"confidence":0.95,"confidence_estimator":1.9599639854089754,"world_lag":0.1,"world_lag_stddev":0.01,"travel_variance":0.0,"default_skill":1.0,"reaction_time":0.5,"regen_periodicity":0.25,"ignite_sampling_delta":0.2,"fixed_time":true,"optimize_expressions":true,"optimal_raid":1,"log":0,"debug_each":0,"stat_cache":1,"max_aoe_enemies":20,"show_etmi":false,"tmi_window_global":0.0,"tmi_bin_size":0.5,"enemy_death_pct":0.0,"challenge_mode":false,"timewalk":-1,"pvp_crit":false,"rng":{"name":"sse2-sfmt"},"deterministic":0,"average_range":1,"average_gauss":0,"fight_style":"Patchwerk","default_aura_delay":0.03,"default_aura_delay_stddev":0.005,"dbc":{"Live":{"build_level":27404,"wow_version":"8.0.1"},"version_used":"Live"}},"overrides":{"arcane_intellect":1,"battle_shout":1,"power_word_fortitude":1,"chaos_brand":1,"mystic_touch":1,"mortal_wounds":1,"bleeding":1,"bloodlust":1,"bloodlust_percent":25,"bloodlust_time":0.5},"statistics":{"elapsed_cpu_seconds":8008.356728,"elapsed_time_seconds":8.601232,"init_time_seconds":2.5977264809999987,"merge_time_seconds":0.004624073999999999,"analyze_time_seconds":0.37794720500000034,"simulation_length":{"sum":433424.03899999993,"count":1442,"mean":300.5714556171983,"min":240.0,"max":359.825,"median":301.793,"variance":1178.8266920483075,"std_dev":34.33404566968925,"mean_variance":0.8174942385910593,"mean_std_dev":0.9041538799292183},"raid_dps":{"sum":20539456.12372893,"count":1442,"mean":14243.728241143503},"total_dmg":{"sum":6162419810.796429,"count":1442,"mean":4273522.753672974},"total_iterations":310051,"total_actors":206,"total_iterations_mean":1505.1019417475727,"total_iterations_variance":994878.8592233018,"total_iterations_stddev":997.4361429301134,"total_mean_dps_stddev":15.031440744434807,"total_mean_dps_variance":225.94421085345482},"player":{"name":"Template","race":"troll","level":120,"role":"spell","specialization":"Arcane Mage","profile_source":"default","talents":[{"tier":1,"id":22461,"spell_id":264354,"name":"Rule of Threes"},{"tier":3,"id":22447,"spell_id":116011,"name":"Rune of Power"},{"tier":4,"id":22467,"spell_id":205032,"name":"Charged Up"},{"tier":6,"id":22449,"spell_id":210725,"name":"Touch of the Magi"},{"tier":7,"id":21630,"spell_id":155147,"name":"Overpowered"}],"party":0,"ready_type":0,"bugs":true,"scale_player":true,"potion_used":false,"timeofday":"DAY_TIME","invert_scaling":0,"reaction_offset":0.1,"reaction_max":1.4000000000000001,"reaction_mean":0.3,"reaction_stddev":0.06,"reaction_nu":0.25,"world_lag":0.1,"brain_lag":0.0,"brain_lag_stddev":0.0,"world_lag_override":false,"world_lag_stddev_override":false,"dbc":{"Live":{"build_level":27404,"wow_version":"8.0.1"},"version_used":"Live"},"base_mana_regen_per_second":2000.0,"collected_data":{"fight_length":{"sum":433424.03899999993,"count":1442,"mean":300.5714556171983,"min":240.0,"max":359.825},"executed_foreground_actions":{"sum":300179.0,"count":1442,"mean":208.16851595006935,"min":167.0,"max":248.0},"dmg":{"sum":6162419810.796429,"count":1442,"mean":4273522.753672974,"min":3231537.1314784456,"max":5539642.739356457},"compound_dmg":{"sum":6162419810.796429,"count":1442,"mean":4273522.753672974,"min":3231537.1314784456,"max":5539642.739356457},"timeline_dmg":{"mean":14403.411768544605,"mean_std_dev":9734.081705890267,"min":0.0,"max":100348.97679274749,