{"results":[["Trait","325","340","355","370","385"],["Laser Matrix",330,506,691,926,1191],["Archive of the Titans",247,418,570,762,977],["Relational Normalization Gizmo",299,451,634,798,1054],["Synaptic Spark Capacitor",446,608,819,1109,1383],["Gutripper",108,192,382,555,766],["Sylvanas' Resolve / Anduin's Dedication",246,391,560,813,1023],["Swirling Sands",364,495,650,853,1086],["Tradewinds",334,480,640,856,1056],["Ricocheting Inflatable Pyrosaw",160,362,519,724,938],["Heed My Call",183,302,469,651,879],["Barrage Of Many Bombs",355,499,735,932,1184],["Perforate",12,117,244,433,602],["Champion of Azeroth",422,574,742,981,1153],["The First Dance",266,381,570,751,955],["Inevitability",493,641,801,1005,1228],["Tidal Surge",278,454,634,875,1095],["Collective Will / Stand As One",103,219,355,540,723],["Combined Might / Stronger Together",41,174,336,519,697],["Battlefield Focus / Battlefield Precision",96,213,410,566,763],["Retaliatory Fury / Last Gift",191,337,459,653,877],["Glory in Battle / Liberator's Might",221,347,509,691,901],["Blood Rite",240,376,519,710,886],["Unstable Flames",141,231,382,581,743],["Meticulous Scheming",232,395,526,707,962],["Incite the Pack",350,466,634,839,1047],["Unstable Catalyst",285,460,650,845,1073],["Azerite Globules",134,286,476,650,873],["Earthlink",110,230,400,580,784],["Night's Vengeance",279,399,645,826,1048],["Dagger in the Back",388,614,787,1060,1327],["Secrets of the Deep",255,398,619,802,1067],["Blood Siphon",105,272,438,578,756],["Ruinous Bolt",195,323,466,687,897],["Sharpened Blades",-15,145,271,454,619],["Thunderous Blast",375,510,738,965,1209],["Overwhelming Power",165,281,446,572,818],["Filthy Transfusion",217,384,550,744,1005],["Blightborne Infusion",359,515,734,901,1095],["Blade In The Shadows",580,740,1005,1248,1575],["Rezan's Fury",278,449,612,830,1103],["Elemental Whirl",135,257,422,597,763]],"metas":{"build_date":"Aug 24 2018","build_time":"06:29:59","git_revision":"d11d257b76","options":{"debug":false,"max_time":300.0,"expected_iteration_time":261.47700000000003,"vary_combat_length":0.2,"iterations":842,"target_error":0.2,"threads":32,"seed":14076763903116718513,"single_actor_batch":false,"queue_lag":0.005,"queue_lag_stddev":0.001,"gcd_lag":0.15,"gcd_lag_stddev":0.037,"channel_lag":0.25,"channel_lag_stddev":0.062,"queue_gcd_reduction":0.1,"strict_gcd_queue":0,"confidence":0.95,"confidence_estimator":1.9599639854089754,"world_lag":0.1,"world_lag_stddev":0.01,"travel_variance":0.0,"default_skill":1.0,"reaction_time":0.5,"regen_periodicity":0.25,"ignite_sampling_delta":0.2,"fixed_time":true,"optimize_expressions":true,"optimal_raid":1,"log":0,"debug_each":0,"stat_cache":1,"max_aoe_enemies":20,"show_etmi":false,"tmi_window_global":0.0,"tmi_bin_size":0.5,"enemy_death_pct":0.0,"challenge_mode":false,"timewalk":-1,"pvp_crit":false,"rng":{"name":"sse2-sfmt"},"deterministic":0,"average_range":1,"average_gauss":0,"fight_style":"Patchwerk","default_aura_delay":0.03,"default_aura_delay_stddev":0.005,"dbc":{"Live":{"build_level":27404,"wow_version":"8.0.1"},"version_used":"Live"}},"overrides":{"arcane_intellect":1,"battle_shout":1,"power_word_fortitude":1,"chaos_brand":1,"mystic_touch":1,"mortal_wounds":1,"bleeding":1,"bloodlust":1,"bloodlust_percent":25,"bloodlust_time":0.5},"statistics":{"elapsed_cpu_seconds":10903.805026999997,"elapsed_time_seconds":11.729451,"init_time_seconds":2.8945035500000005,"merge_time_seconds":0.005894451000000001,"analyze_time_seconds":0.14837648399999992,"simulation_length":{"sum":243796.66699999996,"count":810,"mean":300.9835395061728,"min":240.256,"max":359.579,"median":302.657,"variance":1176.5435015101677,"std_dev":34.300779896529576,"mean_variance":1.4525228413705775,"mean_std_dev":1.2052065554794238},"raid_dps":{"sum":13085744.165504798,"count":810,"mean":16155.23971049975},"total_dmg":{"sum":3933189740.582873,"count":810,"mean":4855789.803188732},"total_iterations":148924,"total_actors":206,"total_iterations_mean":722.9320388349514,"total_iterations_variance":396105.0485436894,"total_iterations_stddev":629.3687699144989,"total_mean_dps_stddev":17.06869130742133,"total_mean_dps_variance":291.34022294804043},"player":{"name":"Template","race":"night_elf","level":120,"role":"attack","specialization":"Subtlety Rogue","profile_source":"default","talents":[{"tier":1,"id":19234,"spell_id":91023,"name":"Find Weakness"},{"tier":2,"id":22333,"spell_id":108209,"name":"Shadow Focus"},{"tier":3,"id":19241,"spell_id":137619,"name":"Marked for Death"},{"tier":6,"id":22336,"spell_id":238104,"name":"Enveloping Shadows"},{"tier":7,"id":22132,"spell_id":196976,"name":"Master of Shadows"}],"party":0,"ready_type":1,"bugs":true,"scale_player":true,"potion_used":false,"timeofday":"DAY_TIME","invert_scaling":0,"reaction_offset":0.1,"reaction_max":1.4000000000000001,"reaction_mean":0.3,"reaction_stddev":0.06,"reaction_nu":0.25,"world_lag":0.1,"brain_lag":0.0,"brain_lag_stddev":0.0,"world_lag_override":false,"world_lag_stddev_override":false,"dbc":{"Live":{"build_level":27404,"wow_version":"8.0.1"},"version_used":"Live"},"base_energy_regen_per_second":10.0,"collected_data":{"fight_length":{"sum":243796.66700000002,"count":810,"mean":300.98353950617286,"min":240.256,"max":359.579},"waiting_time":{"sum":32467.926,"count":810,"mean":40.083859259259256,"min":28.212,"max":51.866},"executed_foreground_actions":{"sum":241574.0,"count":810,"mean":298.2395061728395,"min":240.0,"max":358.0},"dmg":{"sum":3933189740.582873,"count":810,"mean":4855789.803188732,"min":3814884.8811072866,"max":6023171.036211792},"compound_dmg":{"sum":3933189740.582873,"count":810,"mean":4855789.803188732,"min":3814884.8811072866,"max":6023171.036211792},"timeline_dmg":{"mean":16513.843879942608,"mean_std_dev":6042.011676929921,"min":2880.3297206115976,"max":35739.35446742134,