{"results":[["Trait","325","340","355","370","385"],["Laser Matrix",338,479,654,846,1059],["Archive of the Titans",165,291,450,590,771],["Relational Normalization Gizmo",197,358,477,642,816],["Synaptic Spark Capacitor",372,497,706,913,1157],["Ricocheting Inflatable Pyrosaw",160,312,466,653,836],["Heed My Call",140,250,385,573,747],["Barrage Of Many Bombs",332,468,661,831,1066],["Tidal Surge",242,370,547,694,942],["Collective Will / Stand As One",41,160,280,419,576],["On My Way",71,163,295,433,594],["Indomitable Justice",120,253,400,560,743],["Combined Might / Stronger Together",13,131,247,389,554],["Sylvanas' Resolve / Anduin's Dedication",182,292,427,642,817],["Battlefield Focus / Battlefield Precision",186,292,432,602,811],["Gutripper",87,219,320,468,661],["Retaliatory Fury / Last Gift",78,205,333,460,616],["Glory in Battle / Liberator's Might",137,268,390,550,689],["Expurgation",137,268,406,577,742],["Dagger in the Back",300,449,610,823,1026],["Secrets of the Deep",175,294,469,630,843],["Unstable Flames",74,182,311,455,625],["Earthlink",67,175,296,455,607],["Blood Rite",135,266,400,536,708],["Relentless Inquisitor",219,307,484,658,815],["Swirling Sands",204,317,458,620,791],["Meticulous Scheming",190,342,472,576,776],["Incite the Pack",179,309,424,543,729],["Unstable Catalyst",199,335,483,656,819],["Azerite Globules",135,238,382,551,746],["Tradewinds",175,320,407,594,775],["Divine Right",-16,103,247,403,545],["Blood Siphon",51,141,287,416,582],["Ruinous Bolt",152,261,400,582,769],["Thunderous Blast",338,502,677,881,1126],["Champion of Azeroth",248,390,558,685,884],["Overwhelming Power",133,213,368,497,656],["Deferred Sentence",-31,90,201,346,475],["Filthy Transfusion",216,356,517,685,887],["Avenger's Might",191,314,444,592,767],["Lifespeed",80,168,303,442,602],["Rezan's Fury",259,414,557,723,951],["Zealotry",119,228,350,543,715],["Blightborne Infusion",233,374,512,650,855],["Elemental Whirl",57,168,305,445,578]],"metas":{"build_date":"Aug 28 2018","build_time":"07:33:45","git_revision":"0be56b9506","options":{"debug":false,"max_time":300.0,"expected_iteration_time":346.31600000000003,"vary_combat_length":0.2,"iterations":1141,"target_error":0.2,"threads":32,"seed":10504250598323913591,"single_actor_batch":false,"queue_lag":0.005,"queue_lag_stddev":0.001,"gcd_lag":0.15,"gcd_lag_stddev":0.037,"channel_lag":0.25,"channel_lag_stddev":0.062,"queue_gcd_reduction":0.1,"strict_gcd_queue":0,"confidence":0.95,"confidence_estimator":1.9599639854089754,"world_lag":0.1,"world_lag_stddev":0.01,"travel_variance":0.0,"default_skill":1.0,"reaction_time":0.5,"regen_periodicity":0.25,"ignite_sampling_delta":0.2,"fixed_time":true,"optimize_expressions":true,"optimal_raid":1,"log":0,"debug_each":0,"stat_cache":1,"max_aoe_enemies":20,"show_etmi":false,"tmi_window_global":0.0,"tmi_bin_size":0.5,"enemy_death_pct":0.0,"challenge_mode":false,"timewalk":-1,"pvp_crit":false,"rng":{"name":"sse2-sfmt"},"deterministic":0,"average_range":1,"average_gauss":0,"fight_style":"Patchwerk","default_aura_delay":0.03,"default_aura_delay_stddev":0.005,"dbc":{"Live":{"build_level":27404,"wow_version":"8.0.1"},"version_used":"Live"}},"overrides":{"arcane_intellect":1,"battle_shout":1,"power_word_fortitude":1,"chaos_brand":1,"mystic_touch":1,"mortal_wounds":1,"bleeding":1,"bloodlust":1,"bloodlust_percent":25,"bloodlust_time":0.5},"statistics":{"elapsed_cpu_seconds":12278.560338,"elapsed_time_seconds":12.8701,"init_time_seconds":3.449311306000001,"merge_time_seconds":0.005105768,"analyze_time_seconds":0.22359730999999994,"simulation_length":{"sum":330791.2469999999,"count":1109,"mean":298.27885211902606,"min":240.083,"max":359.87,"median":296.82,"variance":1172.8400578230362,"std_dev":34.24675251499091,"mean_variance":1.0575654263507992,"mean_std_dev":1.0283800009484816},"raid_dps":{"sum":12442741.824076336,"count":1109,"mean":11219.785233612567},"total_dmg":{"sum":3706122794.6383142,"count":1109,"mean":3341860.049268092},"total_iterations":226646,"total_actors":221,"total_iterations_mean":1025.5475113122172,"total_iterations_variance":706180.751131222,"total_iterations_stddev":840.3456140964989,"total_mean_dps_stddev":11.896073298219326,"total_mean_dps_variance":141.51655991660684},"player":{"name":"Template","race":"human","level":120,"role":"attack","specialization":"Retribution Paladin","profile_source":"default","talents":[{"tier":1,"id":22557,"spell_id":267610,"name":"Righteous Verdict"},{"tier":2,"id":22593,"spell_id":24275,"name":"Hammer of Wrath"},{"tier":4,"id":22183,"spell_id":255937,"name":"Wake of Ashes"},{"tier":7,"id":22634,"spell_id":84963,"name":"Inquisition"}],"party":0,"ready_type":0,"bugs":true,"scale_player":true,"potion_used":false,"timeofday":"DAY_TIME","invert_scaling":0,"reaction_offset":0.1,"reaction_max":1.4000000000000001,"reaction_mean":0.3,"reaction_stddev":0.06,"reaction_nu":0.25,"world_lag":0.1,"brain_lag":0.0,"brain_lag_stddev":0.0,"world_lag_override":false,"world_lag_stddev_override":false,"dbc":{"Live":{"build_level":27404,"wow_version":"8.0.1"},"version_used":"Live"},"base_mana_regen_per_second":300.0,"collected_data":{"fight_length":{"sum":330791.2470000001,"count":1109,"mean":298.2788521190262,"min":240.083,"max":359.87},"waiting_time":{"sum":28466.299999999996,"count":1109,"mean":25.668440036068525,"min":15.0,"max":37.1},"executed_foreground_actions":{"sum":269581.0,"count":1109,"mean":243.08476104598736,"min":196.0,"max":298.0},"dmg":{"sum":3706122794.6383142,"count":1109,"mean":3341860.049268092,"min":2558315.099511523,"max":4140974.7114193374},"compound_dmg":{"sum":3706122794.6383142,"count":1109,"mean":3341860.049268092,"min":2558315.099511523,"max":4140974.7114193374},"timeline_dmg":{"mean":11255.82767488145,"mean_std_dev":6439.464703792794,"min":460.8534724450454,"max":60869.195142097684,