{"results":[["Trait","325","340","355","370","385"],["Thunderous Blast",320,591,894,1223,1581],["Tidal Surge",270,468,725,1049,1338],["Azerite Globules",167,475,674,909,1312],["Secrets of the Deep",401,678,931,1274,1642],["Filthy Transfusion",218,446,730,1044,1336],["Blood Rite",242,487,715,953,1305],["Relational Normalization Gizmo",349,614,810,1159,1530],["Synaptic Spark Capacitor",615,925,1236,1577,1993],["Gutripper",85,318,495,815,1114],["Sylvanas' Resolve / Anduin's Dedication",377,597,935,1208,1641],["Swirling Sands",711,951,1212,1526,1887],["Meticulous Scheming",285,531,764,1021,1378],["Ricocheting Inflatable Pyrosaw",244,532,777,1140,1477],["Laser Matrix",331,541,801,1172,1519],["Tradewinds",524,726,1037,1322,1617],["Heed My Call",199,429,649,926,1275],["Collective Will / Stand As One",115,362,594,868,1173],["Barrage Of Many Bombs",518,792,1095,1432,1849],["Dagger in the Back",425,689,955,1236,1626],["Unstable Flames",231,449,671,879,1304],["Shrouded Suffocation",587,921,1287,1633,2109],["Fan of Blades",249,452,809,1048,1434],["Twist the Knife",166,370,660,903,1243],["Scent of Blood",770,1067,1403,1771,2310],["Sharpened Blades",-97,114,395,630,984],["Poisoned Wire",-10,219,421,631,965],["Double Dose",-34,212,372,648,891],["Overwhelming Power",178,387,628,842,1182],["Unstable Catalyst",457,698,954,1317,1697],["Earthlink",116,372,630,892,1217],["Incite the Pack",488,806,1024,1285,1624],["Combined Might / Stronger Together",50,249,450,748,1092],["Battlefield Focus / Battlefield Precision",2,159,440,701,915],["Retaliatory Fury / Last Gift",308,483,745,1014,1359],["Glory in Battle / Liberator's Might",335,593,826,1103,1415],["Ruinous Bolt",180,405,602,868,1216],["Blood Siphon",204,380,569,891,1168],["Champion of Azeroth",680,868,1125,1484,1850],["Blightborne Infusion",715,938,1247,1627,1982],["Rezan's Fury",298,510,831,1086,1402],["Elemental Whirl",183,358,656,868,1185]],"metas":{"build_date":"Aug 18 2018","build_time":"08:59:09","git_revision":"7948886e6d","options":{"debug":false,"max_time":300.0,"expected_iteration_time":321.13100000000003,"vary_combat_length":0.2,"iterations":534,"target_error":0.2,"threads":32,"seed":13894862744085002750,"single_actor_batch":false,"queue_lag":0.005,"queue_lag_stddev":0.001,"gcd_lag":0.15,"gcd_lag_stddev":0.037,"channel_lag":0.25,"channel_lag_stddev":0.062,"queue_gcd_reduction":0.1,"strict_gcd_queue":0,"confidence":0.95,"confidence_estimator":1.9599639854089754,"world_lag":0.1,"world_lag_stddev":0.01,"travel_variance":0.0,"default_skill":1.0,"reaction_time":0.5,"regen_periodicity":0.25,"ignite_sampling_delta":0.2,"fixed_time":true,"optimize_expressions":true,"optimal_raid":1,"log":0,"debug_each":0,"stat_cache":1,"max_aoe_enemies":20,"show_etmi":false,"tmi_window_global":0.0,"tmi_bin_size":0.5,"enemy_death_pct":0.0,"challenge_mode":false,"timewalk":-1,"pvp_crit":false,"rng":{"name":"sse2-sfmt"},"deterministic":0,"average_range":1,"average_gauss":0,"fight_style":"Patchwerk","default_aura_delay":0.03,"default_aura_delay_stddev":0.005,"dbc":{"bfa-BETA":{"build_level":26095,"wow_version":"8.0.1"},"version_used":"bfa-BETA"}},"overrides":{"arcane_intellect":1,"battle_shout":1,"power_word_fortitude":1,"chaos_brand":1,"mystic_touch":1,"mortal_wounds":1,"bleeding":1,"bloodlust":1,"bloodlust_percent":25,"bloodlust_time":0.5},"statistics":{"elapsed_cpu_seconds":16134.972705000007,"elapsed_time_seconds":17.205972,"init_time_seconds":3.1076880549999992,"merge_time_seconds":0.007180288,"analyze_time_seconds":0.10271765299999996,"simulation_length":{"sum":150197.41299999994,"count":502,"mean":299.19803386454174,"min":240.047,"max":359.997,"median":298.562,"variance":1194.0665320884943,"std_dev":34.555267790721786,"mean_variance":2.3786185898177177,"mean_std_dev":1.5422770794567744},"raid_dps":{"sum":12433208.170514846,"count":502,"mean":24767.346953216824},"total_dmg":{"sum":3717875495.2117085,"count":502,"mean":7406126.484485475},"total_iterations":93773,"total_actors":206,"total_iterations_mean":455.20873786407765,"total_iterations_variance":371126.0242718447,"total_iterations_stddev":609.2011361380121,"total_mean_dps_stddev":26.091709066657845,"total_mean_dps_variance":680.7772820191152},"player":{"name":"Template","race":"troll","level":120,"role":"attack","specialization":"Assassination Rogue","profile_source":"default","talents":[{"tier":1,"id":22338,"spell_id":193640,"name":"Elaborate Planning"},{"tier":2,"id":22332,"spell_id":108208,"name":"Subterfuge"},{"tier":3,"id":19239,"spell_id":14983,"name":"Vigor"},{"tier":6,"id":23015,"spell_id":245388,"name":"Toxic Blade"},{"tier":7,"id":21186,"spell_id":255544,"name":"Poison Bomb"}],"party":0,"ready_type":1,"bugs":true,"scale_player":true,"potion_used":false,"timeofday":"DAY_TIME","invert_scaling":0,"reaction_offset":0.1,"reaction_max":1.4000000000000001,"reaction_mean":0.3,"reaction_stddev":0.06,"reaction_nu":0.25,"world_lag":0.1,"brain_lag":0.0,"brain_lag_stddev":0.0,"world_lag_override":false,"world_lag_stddev_override":false,"dbc":{"bfa-BETA":{"build_level":26095,"wow_version":"8.0.1"},"version_used":"bfa-BETA"},"base_energy_regen_per_second":11.0,"collected_data":{"fight_length":{"sum":150197.413,"count":502,"mean":299.19803386454186,"min":240.047,"max":359.997},"executed_foreground_actions":{"sum":155284.0,"count":502,"mean":309.33067729083666,"min":247.0,"max":371.0},"dmg":{"sum":3717875495.2117085,"count":502,"mean":7406126.484485475,"min":5700771.133448001,"max":9106056.716597473},"compound_dmg":{"sum":3717875495.2117085,"count":502,"mean":7406126.484485475,"min":5700771.133448001,"max":9106056.716597473},"timeline_dmg":{"mean":25836.322994240043,"mean_std_dev":5679.743025241121,"min":3435.1402082084037,"max":50557.403409519015,