{"results":[["Trait","325","340","355","370","385"],["Laser Matrix",385,604,826,1048,1429],["Archive of the Titans",320,531,753,1005,1272],["Relational Normalization Gizmo",370,571,747,980,1294],["Synaptic Spark Capacitor",612,861,1141,1506,1850],["Sylvanas' Resolve / Anduin's Dedication",261,538,776,988,1345],["Gutripper",100,310,444,733,933],["Swirling Sands",498,668,875,1078,1442],["Tradewinds",365,508,703,941,1207],["Ricocheting Inflatable Pyrosaw",325,569,793,1015,1384],["Heed My Call",245,390,632,862,1110],["Barrage Of Many Bombs",558,863,1099,1461,1813],["Snake Eyes",96,322,473,743,1011],["Tidal Surge",271,461,721,957,1226],["Collective Will / Stand As One",130,258,482,654,933],["Combined Might / Stronger Together",40,210,414,586,880],["Battlefield Focus / Battlefield Precision",303,473,715,974,1293],["Retaliatory Fury / Last Gift",151,348,522,761,968],["Glory in Battle / Liberator's Might",283,514,677,915,1159],["Blood Rite",275,399,663,865,1127],["Unstable Flames",174,352,538,724,979],["Meticulous Scheming",297,445,671,897,1152],["Incite the Pack",292,505,700,960,1172],["Unstable Catalyst",328,549,791,1120,1359],["Deadshot",435,679,964,1255,1621],["Azerite Globules",290,466,672,994,1207],["Storm of Steel",315,532,771,993,1365],["Earthlink",129,357,503,764,990],["Dagger in the Back",425,644,897,1207,1503],["Secrets of the Deep",356,509,787,1010,1349],["Blood Siphon",94,341,462,712,928],["Brigand's Blitz",294,438,628,901,1138],["Ruinous Bolt",183,333,548,757,1104],["Blightborne Infusion",522,663,923,1180,1501],["Overwhelming Power",110,307,446,677,905],["Rezan's Fury",286,524,735,987,1317],["Paradise Lost",293,461,656,912,1183],["Thunderous Blast",427,630,887,1113,1511],["Champion of Azeroth",454,668,934,1166,1420],["Filthy Transfusion",251,441,597,939,1158],["Ace Up Your Sleeve",83,221,392,633,968],["Elemental Whirl",135,295,516,746,974]],"metas":{"build_date":"Aug 24 2018","build_time":"16:25:12","git_revision":"54b1c51bc4","options":{"debug":false,"max_time":300.0,"expected_iteration_time":358.16700000000003,"vary_combat_length":0.2,"iterations":2426,"target_error":0.2,"threads":32,"seed":5306393698860203385,"single_actor_batch":false,"queue_lag":0.005,"queue_lag_stddev":0.001,"gcd_lag":0.15,"gcd_lag_stddev":0.037,"channel_lag":0.25,"channel_lag_stddev":0.062,"queue_gcd_reduction":0.1,"strict_gcd_queue":0,"confidence":0.95,"confidence_estimator":1.9599639854089754,"world_lag":0.1,"world_lag_stddev":0.01,"travel_variance":0.0,"default_skill":1.0,"reaction_time":0.5,"regen_periodicity":0.25,"ignite_sampling_delta":0.2,"fixed_time":true,"optimize_expressions":true,"optimal_raid":1,"log":0,"debug_each":0,"stat_cache":1,"max_aoe_enemies":20,"show_etmi":false,"tmi_window_global":0.0,"tmi_bin_size":0.5,"enemy_death_pct":0.0,"challenge_mode":false,"timewalk":-1,"pvp_crit":false,"rng":{"name":"sse2-sfmt"},"deterministic":0,"average_range":1,"average_gauss":0,"fight_style":"Patchwerk","default_aura_delay":0.03,"default_aura_delay_stddev":0.005,"dbc":{"Live":{"build_level":27404,"wow_version":"8.0.1"},"version_used":"Live"}},"overrides":{"arcane_intellect":1,"battle_shout":1,"power_word_fortitude":1,"chaos_brand":1,"mystic_touch":1,"mortal_wounds":1,"bleeding":1,"bloodlust":1,"bloodlust_percent":25,"bloodlust_time":0.5},"statistics":{"elapsed_cpu_seconds":37142.12630299998,"elapsed_time_seconds":39.407129000000005,"init_time_seconds":2.5524968540000015,"merge_time_seconds":0.007001578000000001,"analyze_time_seconds":0.46329258499999987,"simulation_length":{"sum":715645.0760000001,"count":2394,"mean":298.9327802840435,"min":240.024,"max":359.956,"median":299.206,"variance":1195.0387940837215,"std_dev":34.56933314490925,"mean_variance":0.4991807828252805,"mean_std_dev":0.7065272696968465},"raid_dps":{"sum":50050143.709048875,"count":2394,"mean":20906.49277738048},"total_dmg":{"sum":14943245107.91109,"count":2394,"mean":6241957.020848409},"total_iterations":460126,"total_actors":206,"total_iterations_mean":2233.621359223301,"total_iterations_variance":1740644.4660194176,"total_iterations_stddev":1319.3348574260508,"total_mean_dps_stddev":22.067462061778677,"total_mean_dps_variance":486.97288184804125},"player":{"name":"Template","race":"dwarf","level":120,"role":"attack","specialization":"Outlaw Rogue","profile_source":"default","talents":[{"tier":1,"id":22119,"spell_id":196938,"name":"Quick Draw"},{"tier":2,"id":19238,"spell_id":196922,"name":"Hit and Run"},{"tier":3,"id":19239,"spell_id":14983,"name":"Vigor"},{"tier":6,"id":23128,"spell_id":193539,"name":"Alacrity"},{"tier":7,"id":23175,"spell_id":51690,"name":"Killing Spree"}],"party":0,"ready_type":1,"bugs":true,"scale_player":true,"potion_used":false,"timeofday":"DAY_TIME","invert_scaling":0,"reaction_offset":0.1,"reaction_max":1.4000000000000001,"reaction_mean":0.3,"reaction_stddev":0.06,"reaction_nu":0.25,"world_lag":0.1,"brain_lag":0.0,"brain_lag_stddev":0.0,"world_lag_override":false,"world_lag_stddev_override":false,"dbc":{"Live":{"build_level":27404,"wow_version":"8.0.1"},"version_used":"Live"},"base_energy_regen_per_second":14.85,"collected_data":{"fight_length":{"sum":715645.0759999998,"count":2394,"mean":298.93278028404336,"min":240.024,"max":359.956},"waiting_time":{"sum":52860.55299999999,"count":2394,"mean":22.080431495405175,"min":3.749,"max":39.074},"executed_foreground_actions":{"sum":674938.0,"count":2394,"mean":281.92898913951547,"min":210.0,"max":358.0},"dmg":{"sum":14943245107.91109,"count":2394,"mean":6241957.020848409,"min":4457708.065070665,"max":8125148.556212062},"compound_dmg":{"sum":14943245107.91109,"count":2394,"mean":6241957.020848409,"min":4457708.065070665,"max":8125148.556212062},"timeline_dmg":{"mean":20781.724972686712,"mean_std_dev":8944.61600108816,"min":6093.352583698361,"max":58572.696136802275,