{"results":[["Trait","325","340","355","370","385"],["Laser Matrix",291,482,664,891,1126],["Archive of the Titans",236,374,560,729,926],["Relational Normalization Gizmo",300,406,586,772,997],["Synaptic Spark Capacitor",447,634,828,1062,1356],["Gutripper",119,240,406,569,784],["Sylvanas' Resolve / Anduin's Dedication",233,364,577,728,954],["Swirling Sands",383,497,670,845,1091],["Tradewinds",262,381,493,681,889],["Ricocheting Inflatable Pyrosaw",197,329,515,706,920],["Heed My Call",178,292,468,653,866],["Whispers of the Damned",229,406,551,758,983],["Barrage Of Many Bombs",379,533,758,983,1243],["Tidal Surge",220,378,548,743,972],["Collective Will / Stand As One",83,196,345,489,702],["On My Way",87,168,318,484,658],["Combined Might / Stronger Together",51,141,279,440,656],["Battlefield Focus / Battlefield Precision",146,279,444,609,810],["Retaliatory Fury / Last Gift",104,252,353,525,724],["Glory in Battle / Liberator's Might",218,340,507,671,865],["Unstable Flames",112,242,366,541,699],["Blood Rite",228,376,498,671,856],["Searing Dialogue",-31,78,226,380,540],["Meticulous Scheming",271,391,556,726,888],["Incite the Pack",210,338,498,658,849],["Unstable Catalyst",257,425,590,803,1041],["Azerite Globules",108,256,425,562,739],["Earthlink",81,206,351,522,702],["Rezan's Fury",250,390,546,734,965],["Dagger in the Back",240,391,579,765,1008],["Secrets of the Deep",242,389,535,737,984],["Blood Siphon",164,292,452,625,800],["Champion of Azeroth",387,483,718,852,1057],["Chorus of Insanity",221,360,524,694,885],["Ruinous Bolt",138,261,430,599,783],["Thunderous Blast",360,522,722,934,1160],["Blightborne Infusion",402,514,708,913,1133],["Death Throes",258,405,617,811,1035],["Overwhelming Power",133,297,424,605,792],["Filthy Transfusion",186,378,500,707,898],["Thought Harvester",30,206,330,463,678],["Elemental Whirl",91,231,332,545,707],["Spiteful Apparitions",187,311,496,655,880]],"metas":{"build_date":"Aug 25 2018","build_time":"09:42:16","git_revision":"d4b8c45266","options":{"debug":false,"max_time":300.0,"expected_iteration_time":305.52500000000003,"vary_combat_length":0.2,"iterations":1017,"target_error":0.2,"threads":32,"seed":6102015425982454116,"single_actor_batch":false,"queue_lag":0.005,"queue_lag_stddev":0.001,"gcd_lag":0.15,"gcd_lag_stddev":0.037,"channel_lag":0.25,"channel_lag_stddev":0.062,"queue_gcd_reduction":0.1,"strict_gcd_queue":0,"confidence":0.95,"confidence_estimator":1.9599639854089754,"world_lag":0.1,"world_lag_stddev":0.01,"travel_variance":0.0,"default_skill":1.0,"reaction_time":0.5,"regen_periodicity":0.25,"ignite_sampling_delta":0.2,"fixed_time":true,"optimize_expressions":true,"optimal_raid":1,"log":0,"debug_each":0,"stat_cache":1,"max_aoe_enemies":20,"show_etmi":false,"tmi_window_global":0.0,"tmi_bin_size":0.5,"enemy_death_pct":0.0,"challenge_mode":false,"timewalk":-1,"pvp_crit":false,"rng":{"name":"sse2-sfmt"},"deterministic":0,"average_range":1,"average_gauss":0,"fight_style":"Patchwerk","default_aura_delay":0.03,"default_aura_delay_stddev":0.005,"dbc":{"Live":{"build_level":27404,"wow_version":"8.0.1"},"version_used":"Live"}},"overrides":{"arcane_intellect":1,"battle_shout":1,"power_word_fortitude":1,"chaos_brand":1,"mystic_touch":1,"mortal_wounds":1,"bleeding":1,"bloodlust":1,"bloodlust_percent":25,"bloodlust_time":0.5},"statistics":{"elapsed_cpu_seconds":16805.218998000008,"elapsed_time_seconds":18.164807,"init_time_seconds":2.886940117000001,"merge_time_seconds":0.006762969,"analyze_time_seconds":0.17921715199999994,"simulation_length":{"sum":294720.1289999999,"count":985,"mean":299.20825279187807,"min":240.008,"max":359.878,"median":298.949,"variance":1196.2837965543704,"std_dev":34.58733578283199,"mean_variance":1.2145013162988532,"mean_std_dev":1.1020441535160255},"raid_dps":{"sum":11808498.550015924,"count":985,"mean":11988.323401031395},"total_dmg":{"sum":3527954815.1579328,"count":985,"mean":3581680.0153887644},"total_iterations":183291,"total_actors":211,"total_iterations_mean":868.6777251184834,"total_iterations_variance":977926.0853080574,"total_iterations_stddev":988.9014537900414,"total_mean_dps_stddev":12.76115835608485,"total_mean_dps_variance":162.8471625890742},"player":{"name":"Template","race":"troll","level":120,"role":"spell","specialization":"Shadow Priest","profile_source":"default","talents":[{"tier":1,"id":22328,"spell_id":193195,"name":"Fortress of the Mind"},{"tier":2,"id":22315,"spell_id":64129,"name":"Body and Soul"},{"tier":3,"id":23125,"spell_id":109142,"name":"Twist of Fate"},{"tier":4,"id":23137,"spell_id":263716,"name":"Last Word"},{"tier":5,"id":22310,"spell_id":155271,"name":"Auspicious Spirits"},{"tier":6,"id":21719,"spell_id":200174,"name":"Mindbender"},{"tier":7,"id":21978,"spell_id":280711,"name":"Dark Ascension"}],"party":0,"ready_type":0,"bugs":true,"scale_player":true,"potion_used":false,"timeofday":"DAY_TIME","invert_scaling":0,"reaction_offset":0.1,"reaction_max":1.4000000000000001,"reaction_mean":0.3,"reaction_stddev":0.06,"reaction_nu":0.25,"world_lag":0.1,"brain_lag":0.0,"brain_lag_stddev":0.0,"world_lag_override":false,"world_lag_stddev_override":false,"dbc":{"Live":{"build_level":27404,"wow_version":"8.0.1"},"version_used":"Live"},"base_mana_regen_per_second":640.0,"collected_data":{"fight_length":{"sum":294720.129,"count":985,"mean":299.2082527918782,"min":240.008,"max":359.878},"executed_foreground_actions":{"sum":212337.0,"count":985,"mean":215.5705583756345,"min":170.0,"max":262.0},"dmg":{"sum":3266192609.3391833,"count":985,"mean":3315931.5830854652,"min":2599877.511654351,"max":4140858.6171184783},"compound_dmg":{"sum":3527954815.1579328,"count":985,"mean":3581680.0153887644,"min":2799892.6269543506,"max":4453003.4182684785},"timeline_dmg":{"mean":12014.206259990091,"mean_std_dev":7609.635319763551,"min":2743.8867363695194,"max":83508.35079568536,