{"results":[["Trait","325","340","355","370","385"],["Thunderous Blast",400,584,837,1120,1377],["Azerite Globules",230,441,612,876,1128],["Packed Ice",146,390,604,809,1047],["Tidal Surge",307,488,753,977,1282],["Dagger in the Back",356,599,858,1122,1453],["Unstable Flames",140,399,544,749,1008],["Secrets of the Deep",363,603,832,1089,1383],["Gutripper",102,282,513,730,979],["Blood Rite",270,446,628,866,1119],["Tunnel of Ice",128,360,523,765,1035],["Filthy Transfusion",239,440,664,897,1183],["Relational Normalization Gizmo",383,567,789,1060,1315],["Synaptic Spark Capacitor",665,867,1167,1514,1892],["Sylvanas' Resolve / Anduin's Dedication",408,614,791,1074,1391],["Swirling Sands",502,701,905,1114,1431],["Meticulous Scheming",296,480,701,965,1238],["Ricocheting Inflatable Pyrosaw",302,524,762,991,1309],["Laser Matrix",337,524,735,1061,1331],["Tradewinds",339,503,740,922,1182],["Heed My Call",201,364,542,842,1082],["Collective Will / Stand As One",131,298,479,731,1001],["Barrage Of Many Bombs",522,720,977,1315,1655],["Frigid Grasp",167,381,519,767,1009],["Retaliatory Fury / Last Gift",153,372,534,767,1034],["Earthlink",115,333,564,787,1011],["Winter's Reach",-3,170,311,530,829],["Whiteout",378,575,787,1024,1263],["Incite the Pack",324,519,691,915,1178],["Combined Might / Stronger Together",75,234,406,654,909],["Battlefield Focus / Battlefield Precision",49,225,405,617,894],["Glory in Battle / Liberator's Might",201,449,621,817,1088],["Ruinous Bolt",197,383,585,818,1072],["Unstable Catalyst",381,629,879,1107,1491],["Blood Siphon",110,291,449,696,933],["Overwhelming Power",-18,176,363,526,813],["Champion of Azeroth",519,703,922,1235,1506],["Blightborne Infusion",526,704,947,1179,1462],["Elemental Whirl",137,284,535,724,979],["Glacial Assault",204,349,579,827,1055],["Rezan's Fury",292,477,677,993,1219]],"metas":{"build_date":"Aug 17 2018","build_time":"14:03:13","git_revision":"f3206853b5","options":{"debug":false,"max_time":300.0,"expected_iteration_time":297.98900000000003,"vary_combat_length":0.2,"iterations":551,"target_error":0.2,"threads":32,"seed":8568170512294527897,"single_actor_batch":false,"queue_lag":0.005,"queue_lag_stddev":0.001,"gcd_lag":0.15,"gcd_lag_stddev":0.037,"channel_lag":0.25,"channel_lag_stddev":0.062,"queue_gcd_reduction":0.1,"strict_gcd_queue":0,"confidence":0.95,"confidence_estimator":1.9599639854089754,"world_lag":0.1,"world_lag_stddev":0.01,"travel_variance":0.0,"default_skill":1.0,"reaction_time":0.5,"regen_periodicity":0.25,"ignite_sampling_delta":0.2,"fixed_time":true,"optimize_expressions":true,"optimal_raid":1,"log":0,"debug_each":0,"stat_cache":1,"max_aoe_enemies":20,"show_etmi":false,"tmi_window_global":0.0,"tmi_bin_size":0.5,"enemy_death_pct":0.0,"challenge_mode":false,"timewalk":-1,"pvp_crit":false,"rng":{"name":"sse2-sfmt"},"deterministic":0,"average_range":1,"average_gauss":0,"fight_style":"Patchwerk","default_aura_delay":0.03,"default_aura_delay_stddev":0.005,"dbc":{"bfa-BETA":{"build_level":26095,"wow_version":"8.0.1"},"version_used":"bfa-BETA"}},"overrides":{"arcane_intellect":1,"battle_shout":1,"power_word_fortitude":1,"chaos_brand":1,"mystic_touch":1,"mortal_wounds":1,"bleeding":1,"bloodlust":1,"bloodlust_percent":25,"bloodlust_time":0.5},"statistics":{"elapsed_cpu_seconds":7332.370409,"elapsed_time_seconds":7.798906,"init_time_seconds":2.686554076,"merge_time_seconds":0.0062432350000000015,"analyze_time_seconds":0.10828282500000001,"simulation_length":{"sum":156418.412,"count":519,"mean":301.38422350674375,"min":240.02100000000002,"max":359.967,"median":301.127,"variance":1150.392342520372,"std_dev":33.91743419718497,"mean_variance":2.216555573256979,"mean_std_dev":1.488810119947127},"raid_dps":{"sum":11302030.462195158,"count":519,"mean":21776.55195027969},"total_dmg":{"sum":3402347660.259022,"count":519,"mean":6555583.1604220085},"total_iterations":98506,"total_actors":201,"total_iterations_mean":490.07960199004975,"total_iterations_variance":292284.7263681593,"total_iterations_stddev":540.6336341443799,"total_mean_dps_stddev":22.90865547981747,"total_mean_dps_variance":524.8064958929709},"player":{"name":"Template","race":"pandaren","level":120,"role":"spell","specialization":"Frost Mage","profile_source":"default","talents":[{"tier":1,"id":22457,"spell_id":205027,"name":"Bone Chilling"},{"tier":3,"id":22444,"spell_id":1463,"name":"Incanter's Flow"},{"tier":4,"id":22469,"spell_id":257537,"name":"Ebonbolt"},{"tier":6,"id":22473,"spell_id":153595,"name":"Comet Storm"},{"tier":7,"id":21634,"spell_id":199786,"name":"Glacial Spike"}],"party":0,"ready_type":0,"bugs":true,"scale_player":true,"potion_used":false,"timeofday":"DAY_TIME","invert_scaling":0,"reaction_offset":0.1,"reaction_max":1.4000000000000001,"reaction_mean":0.3,"reaction_stddev":0.06,"reaction_nu":0.25,"world_lag":0.1,"brain_lag":0.0,"brain_lag_stddev":0.0,"world_lag_override":false,"world_lag_stddev_override":false,"dbc":{"bfa-BETA":{"build_level":26095,"wow_version":"8.0.1"},"version_used":"bfa-BETA"},"base_mana_regen_per_second":2000.0,"collected_data":{"fight_length":{"sum":156418.41199999992,"count":519,"mean":301.3842235067436,"min":240.02100000000002,"max":359.967},"executed_foreground_actions":{"sum":103318.0,"count":519,"mean":199.07129094412332,"min":162.0,"max":235.0},"dmg":{"sum":3244021762.4464493,"count":519,"mean":6250523.62706445,"min":4987406.430267916,"max":7566498.259785855},"compound_dmg":{"sum":3402347660.259022,"count":519,"mean":6555583.1604220085,"min":5240711.819521084,"max":7938259.421685031},"timeline_dmg":{"mean":22624.42840698979,"mean_std_dev":7736.299175616549,"min":3814.421292267937,"max":87271.02595074035,