{"results":[["Trait","325","340","355","370","385"],["Laser Matrix",338,565,791,1069,1354],["Archive of the Titans",318,487,714,933,1185],["Relational Normalization Gizmo",288,501,674,952,1222],["Synaptic Spark Capacitor",648,904,1195,1490,1893],["Sylvanas' Resolve / Anduin's Dedication",316,472,728,997,1246],["Gutripper",105,263,461,674,961],["Swirling Sands",348,506,722,918,1169],["Tradewinds",267,449,647,849,1074],["Ricocheting Inflatable Pyrosaw",319,541,799,1012,1345],["Heed My Call",182,384,575,848,1123],["Barrage Of Many Bombs",553,802,1061,1393,1747],["Snake Eyes",139,298,499,728,937],["Tidal Surge",303,470,703,952,1244],["Collective Will / Stand As One",90,223,441,690,913],["Combined Might / Stronger Together",24,207,377,596,858],["Battlefield Focus / Battlefield Precision",275,465,674,939,1254],["Retaliatory Fury / Last Gift",147,291,497,679,943],["Glory in Battle / Liberator's Might",219,358,582,788,1006],["Blood Rite",222,383,552,777,1059],["Unstable Flames",99,297,461,656,901],["Meticulous Scheming",276,392,599,787,1076],["Incite the Pack",254,387,614,843,1059],["Unstable Catalyst",375,553,809,1020,1347],["Deadshot",492,729,1046,1290,1693],["Azerite Globules",245,417,659,868,1185],["Storm of Steel",347,549,794,1029,1371],["Earthlink",117,275,458,693,960],["Dagger in the Back",395,610,867,1177,1487],["Secrets of the Deep",308,497,724,987,1272],["Blood Siphon",68,270,428,643,910],["Brigand's Blitz",232,384,594,818,1058],["Ruinous Bolt",173,292,527,774,1048],["Blightborne Infusion",365,566,762,973,1266],["Overwhelming Power",133,294,479,685,929],["Rezan's Fury",280,514,704,993,1272],["Paradise Lost",265,438,650,876,1189],["Thunderous Blast",396,605,836,1161,1425],["Champion of Azeroth",352,511,735,1006,1261],["Filthy Transfusion",227,391,623,842,1162],["Ace Up Your Sleeve",114,264,455,656,960],["Elemental Whirl",110,252,449,680,910]],"metas":{"build_date":"Aug 24 2018","build_time":"16:25:12","git_revision":"54b1c51bc4","options":{"debug":false,"max_time":300.0,"expected_iteration_time":332.72700000000003,"vary_combat_length":0.2,"iterations":2432,"target_error":0.2,"threads":32,"seed":8266484091278671217,"single_actor_batch":false,"queue_lag":0.005,"queue_lag_stddev":0.001,"gcd_lag":0.15,"gcd_lag_stddev":0.037,"channel_lag":0.25,"channel_lag_stddev":0.062,"queue_gcd_reduction":0.1,"strict_gcd_queue":0,"confidence":0.95,"confidence_estimator":1.9599639854089754,"world_lag":0.1,"world_lag_stddev":0.01,"travel_variance":0.0,"default_skill":1.0,"reaction_time":0.5,"regen_periodicity":0.25,"ignite_sampling_delta":0.2,"fixed_time":true,"optimize_expressions":true,"optimal_raid":1,"log":0,"debug_each":0,"stat_cache":1,"max_aoe_enemies":20,"show_etmi":false,"tmi_window_global":0.0,"tmi_bin_size":0.5,"enemy_death_pct":0.0,"challenge_mode":false,"timewalk":-1,"pvp_crit":false,"rng":{"name":"sse2-sfmt"},"deterministic":0,"average_range":1,"average_gauss":0,"fight_style":"Patchwerk","default_aura_delay":0.03,"default_aura_delay_stddev":0.005,"dbc":{"Live":{"build_level":27404,"wow_version":"8.0.1"},"version_used":"Live"}},"overrides":{"arcane_intellect":1,"battle_shout":1,"power_word_fortitude":1,"chaos_brand":1,"mystic_touch":1,"mortal_wounds":1,"bleeding":1,"bloodlust":1,"bloodlust_percent":25,"bloodlust_time":0.5},"statistics":{"elapsed_cpu_seconds":38113.65032099998,"elapsed_time_seconds":40.478333,"init_time_seconds":2.6004377310000026,"merge_time_seconds":0.007458017,"analyze_time_seconds":0.458553833,"simulation_length":{"sum":719076.362,"count":2400,"mean":299.6151508333333,"min":240.008,"max":359.939,"median":298.681,"variance":1188.1699427872493,"std_dev":34.46984106124148,"mean_variance":0.4950708094946872,"mean_std_dev":0.7036126842906453},"raid_dps":{"sum":38517210.2797788,"count":2400,"mean":16048.837616574501},"total_dmg":{"sum":11524368583.354403,"count":2400,"mean":4801820.243064335},"total_iterations":452258,"total_actors":206,"total_iterations_mean":2195.4271844660193,"total_iterations_variance":2229716.40776699,"total_iterations_stddev":1493.2234955849676,"total_mean_dps_stddev":17.069836889718395,"total_mean_dps_variance":291.379331441591},"player":{"name":"Template","race":"dwarf","level":120,"role":"attack","specialization":"Outlaw Rogue","profile_source":"default","talents":[{"tier":1,"id":22119,"spell_id":196938,"name":"Quick Draw"},{"tier":2,"id":19238,"spell_id":196922,"name":"Hit and Run"},{"tier":3,"id":19239,"spell_id":14983,"name":"Vigor"},{"tier":6,"id":23128,"spell_id":193539,"name":"Alacrity"},{"tier":7,"id":23075,"spell_id":271877,"name":"Blade Rush"}],"party":0,"ready_type":1,"bugs":true,"scale_player":true,"potion_used":false,"timeofday":"DAY_TIME","invert_scaling":0,"reaction_offset":0.1,"reaction_max":1.4000000000000001,"reaction_mean":0.3,"reaction_stddev":0.06,"reaction_nu":0.25,"world_lag":0.1,"brain_lag":0.0,"brain_lag_stddev":0.0,"world_lag_override":false,"world_lag_stddev_override":false,"dbc":{"Live":{"build_level":27404,"wow_version":"8.0.1"},"version_used":"Live"},"base_energy_regen_per_second":14.85,"collected_data":{"fight_length":{"sum":719076.3620000001,"count":2400,"mean":299.61515083333336,"min":240.008,"max":359.939},"waiting_time":{"sum":64690.672,"count":2400,"mean":26.954446666666666,"min":7.756,"max":43.502},"executed_foreground_actions":{"sum":680796.0,"count":2400,"mean":283.665,"min":216.0,"max":357.0},"dmg":{"sum":11524368583.354403,"count":2400,"mean":4801820.243064335,"min":3311966.3826220133,"max":6338371.567279187},"compound_dmg":{"sum":11524368583.354403,"count":2400,"mean":4801820.243064335,"min":3311966.3826220133,"max":6338371.567279187},"timeline_dmg":{"mean":15910.66975781368,"mean_std_dev":8040.182644292728,"min":4696.697890620446,"max":48895.12457474085,