{"results":[["Trait","325","340","355","370","385"],["Thunderous Blast",386,546,787,1030,1355],["Tidal Surge",249,419,668,945,1170],["Azerite Globules",202,384,586,777,1069],["Dagger in the Back",422,600,869,1110,1442],["Unstable Flames",162,315,473,728,940],["Secrets of the Deep",327,494,706,956,1266],["Gutripper",89,236,444,642,941],["Blood Rite",359,499,726,937,1215],["Heed My Call",158,327,572,759,1078],["Filthy Transfusion",222,408,605,887,1132],["Relational Normalization Gizmo",440,603,844,1075,1363],["Synaptic Spark Capacitor",599,837,1117,1420,1784],["Sylvanas' Resolve / Anduin's Dedication",306,486,721,953,1245],["Swirling Sands",462,576,815,1067,1377],["Laser Matrix",330,558,764,1000,1311],["Tradewinds",193,357,477,752,987],["Ricocheting Inflatable Pyrosaw",259,522,727,989,1309],["Barrage Of Many Bombs",506,761,1021,1312,1656],["Blur of Talons",17,143,311,500,715],["Up Close And Personal",17,163,276,504,745],["Serrated Jaws",163,317,551,779,994],["Glory in Battle / Liberator's Might",339,506,686,897,1154],["Latent Poison",11,110,346,515,798],["Venomous Fangs",212,355,581,789,1107],["Combined Might / Stronger Together",51,183,383,574,868],["Meticulous Scheming",337,510,731,993,1248],["Wilderness Survival",27,189,345,520,738],["Retaliatory Fury / Last Gift",77,245,439,607,831],["Wildfire Cluster",463,725,962,1252,1589],["Incite the Pack",164,343,550,724,972],["Collective Will / Stand As One",106,250,440,702,964],["Battlefield Focus / Battlefield Precision",29,174,322,539,784],["Overwhelming Power",152,332,498,679,969],["Ruinous Bolt",160,313,529,735,1020],["Unstable Catalyst",343,513,760,1070,1352],["Blood Siphon",33,234,345,598,799],["Champion of Azeroth",416,606,824,1095,1386],["Blightborne Infusion",484,654,920,1128,1437],["Earthlink",86,307,446,699,954],["Rezan's Fury",295,468,686,961,1272],["Elemental Whirl",133,342,485,689,937]],"metas":{"build_date":"Aug 20 2018","build_time":"15:55:45","git_revision":"04f3f715c8","options":{"debug":false,"max_time":300.0,"expected_iteration_time":252.50900000000001,"vary_combat_length":0.2,"iterations":402,"target_error":0.2,"threads":32,"seed":13783522259499085092,"single_actor_batch":false,"queue_lag":0.005,"queue_lag_stddev":0.001,"gcd_lag":0.15,"gcd_lag_stddev":0.037,"channel_lag":0.25,"channel_lag_stddev":0.062,"queue_gcd_reduction":0.1,"strict_gcd_queue":0,"confidence":0.95,"confidence_estimator":1.9599639854089754,"world_lag":0.1,"world_lag_stddev":0.01,"travel_variance":0.0,"default_skill":1.0,"reaction_time":0.5,"regen_periodicity":0.25,"ignite_sampling_delta":0.2,"fixed_time":true,"optimize_expressions":true,"optimal_raid":1,"log":0,"debug_each":0,"stat_cache":1,"max_aoe_enemies":20,"show_etmi":false,"tmi_window_global":0.0,"tmi_bin_size":0.5,"enemy_death_pct":0.0,"challenge_mode":false,"timewalk":-1,"pvp_crit":false,"rng":{"name":"sse2-sfmt"},"deterministic":0,"average_range":1,"average_gauss":0,"fight_style":"Patchwerk","default_aura_delay":0.03,"default_aura_delay_stddev":0.005,"dbc":{"bfa-BETA":{"build_level":26095,"wow_version":"8.0.1"},"version_used":"bfa-BETA"}},"overrides":{"arcane_intellect":1,"battle_shout":1,"power_word_fortitude":1,"chaos_brand":1,"mystic_touch":1,"mortal_wounds":1,"bleeding":1,"bloodlust":1,"bloodlust_percent":25,"bloodlust_time":0.5},"statistics":{"elapsed_cpu_seconds":6243.047931,"elapsed_time_seconds":6.708313,"init_time_seconds":2.869204429000003,"merge_time_seconds":0.007416817999999999,"analyze_time_seconds":0.08555082300000004,"simulation_length":{"sum":110547.35500000004,"count":370,"mean":298.7766351351352,"min":240.04500000000002,"max":359.758,"median":298.148,"variance":1223.351908902009,"std_dev":34.9764479171629,"mean_variance":3.30635651054597,"mean_std_dev":1.8183389427018193},"raid_dps":{"sum":7446123.837596726,"count":370,"mean":20124.65902053169},"total_dmg":{"sum":2221734695.2454023,"count":370,"mean":6004688.365528114},"total_iterations":65968,"total_actors":206,"total_iterations_mean":320.2330097087379,"total_iterations_variance":254140.8155339807,"total_iterations_stddev":504.1238097273136,"total_mean_dps_stddev":21.15919523613315,"total_mean_dps_variance":447.7115430407998},"player":{"name":"Template","race":"pandaren","level":120,"role":"attack","specialization":"Survival Hunter","profile_source":"default","talents":[{"tier":1,"id":22275,"spell_id":268501,"name":"Viper's Venom"},{"tier":2,"id":21997,"spell_id":264332,"name":"Guerrilla Tactics"},{"tier":4,"id":22277,"spell_id":260248,"name":"Bloodseeker"},{"tier":6,"id":22271,"spell_id":269751,"name":"Flanking Strike"},{"tier":7,"id":22272,"spell_id":260331,"name":"Birds of Prey"}],"party":0,"ready_type":0,"bugs":true,"scale_player":true,"potion_used":false,"timeofday":"DAY_TIME","invert_scaling":0,"reaction_offset":0.1,"reaction_max":1.4000000000000001,"reaction_mean":0.3,"reaction_stddev":0.06,"reaction_nu":0.25,"world_lag":0.1,"brain_lag":0.0,"brain_lag_stddev":0.0,"world_lag_override":false,"world_lag_stddev_override":false,"dbc":{"bfa-BETA":{"build_level":26095,"wow_version":"8.0.1"},"version_used":"bfa-BETA"},"base_focus_regen_per_second":5.0,"collected_data":{"fight_length":{"sum":110547.35500000003,"count":370,"mean":298.7766351351352,"min":240.04500000000002,"max":359.758},"waiting_time":{"sum":5416.6,"count":370,"mean":14.639459459459461,"min":3.5,"max":30.900000000000002},"executed_foreground_actions":{"sum":93173.0,"count":370,"mean":251.8189189189189,"min":199.0,"max":304.0},"dmg":{"sum":1655719493.822465,"count":370,"mean":4474917.550871527,"min":3606445.737374816,"max":5456966.300511963},"compound_dmg":{"sum":2221734695.2454023,"count":370,"mean":6004688.365528114,"min":4807477.2325247675,"max":7191477.971683124},"timeline_dmg":{"mean":21107.458671682907,"mean_std_dev":5707.091308033865,"min":6279.864422512023,"max":56195.031974597114,