{"results":[["Trait","325","340","355","370","385"],["Laser Matrix",286,466,668,872,1176],["Archive of the Titans",243,441,637,865,1113],["Relational Normalization Gizmo",243,415,621,802,1088],["Synaptic Spark Capacitor",594,838,1100,1398,1762],["Gutripper",60,235,393,576,834],["Sylvanas' Resolve / Anduin's Dedication",246,431,686,893,1176],["Swirling Sands",263,438,606,830,1053],["Tradewinds",270,450,627,835,1059],["Ricocheting Inflatable Pyrosaw",265,449,618,867,1123],["Heed My Call",126,305,502,678,927],["Barrage Of Many Bombs",422,592,863,1114,1467],["Perforate",-43,105,249,425,664],["Champion of Azeroth",318,523,730,927,1153],["The First Dance",187,351,507,749,954],["Inevitability",-24,114,260,467,653],["Tidal Surge",252,393,595,846,1126],["Collective Will / Stand As One",52,212,370,588,794],["Combined Might / Stronger Together",80,167,323,550,730],["Battlefield Focus / Battlefield Precision",16,143,313,505,731],["Retaliatory Fury / Last Gift",122,294,475,675,894],["Glory in Battle / Liberator's Might",167,327,467,716,948],["Blood Rite",147,329,502,684,907],["Unstable Flames",70,216,368,589,834],["Meticulous Scheming",172,322,512,685,918],["Incite the Pack",268,448,631,818,1044],["Unstable Catalyst",294,481,692,951,1234],["Azerite Globules",164,309,477,710,946],["Earthlink",98,268,413,637,859],["Night's Vengeance",322,486,698,936,1237],["Dagger in the Back",346,538,731,1016,1284],["Secrets of the Deep",261,438,650,907,1196],["Blood Siphon",95,232,395,595,848],["Ruinous Bolt",136,293,504,698,954],["Sharpened Blades",-49,81,277,472,696],["Thunderous Blast",278,483,704,925,1213],["Overwhelming Power",49,179,372,541,751],["Filthy Transfusion",163,362,532,737,1009],["Blightborne Infusion",314,472,635,868,1089],["Blade In The Shadows",-52,139,268,451,644],["Rezan's Fury",245,422,589,836,1107],["Elemental Whirl",106,263,419,610,826]],"metas":{"build_date":"Aug 24 2018","build_time":"06:29:59","git_revision":"d11d257b76","options":{"debug":false,"max_time":300.0,"expected_iteration_time":276.26800000000003,"vary_combat_length":0.2,"iterations":817,"target_error":0.2,"threads":32,"seed":16219242113528297883,"single_actor_batch":false,"queue_lag":0.005,"queue_lag_stddev":0.001,"gcd_lag":0.15,"gcd_lag_stddev":0.037,"channel_lag":0.25,"channel_lag_stddev":0.062,"queue_gcd_reduction":0.1,"strict_gcd_queue":0,"confidence":0.95,"confidence_estimator":1.9599639854089754,"world_lag":0.1,"world_lag_stddev":0.01,"travel_variance":0.0,"default_skill":1.0,"reaction_time":0.5,"regen_periodicity":0.25,"ignite_sampling_delta":0.2,"fixed_time":true,"optimize_expressions":true,"optimal_raid":1,"log":0,"debug_each":0,"stat_cache":1,"max_aoe_enemies":20,"show_etmi":false,"tmi_window_global":0.0,"tmi_bin_size":0.5,"enemy_death_pct":0.0,"challenge_mode":false,"timewalk":-1,"pvp_crit":false,"rng":{"name":"sse2-sfmt"},"deterministic":0,"average_range":1,"average_gauss":0,"fight_style":"Patchwerk","default_aura_delay":0.03,"default_aura_delay_stddev":0.005,"dbc":{"Live":{"build_level":27404,"wow_version":"8.0.1"},"version_used":"Live"}},"overrides":{"arcane_intellect":1,"battle_shout":1,"power_word_fortitude":1,"chaos_brand":1,"mystic_touch":1,"mortal_wounds":1,"bleeding":1,"bloodlust":1,"bloodlust_percent":25,"bloodlust_time":0.5},"statistics":{"elapsed_cpu_seconds":12616.838883000011,"elapsed_time_seconds":13.386065,"init_time_seconds":3.0678392179999987,"merge_time_seconds":0.006497006,"analyze_time_seconds":0.15471984499999997,"simulation_length":{"sum":234300.32800000004,"count":785,"mean":298.47175541401276,"min":240.151,"max":359.898,"median":297.851,"variance":1189.053400867566,"std_dev":34.48265362276468,"mean_variance":1.5147177081115493,"mean_std_dev":1.2307386839258565},"raid_dps":{"sum":11192183.54582682,"count":785,"mean":14257.55865710423},"total_dmg":{"sum":3336157967.8471956,"count":785,"mean":4249882.761588784},"total_iterations":148936,"total_actors":206,"total_iterations_mean":722.9902912621359,"total_iterations_variance":629259.9805825239,"total_iterations_stddev":793.2590879293624,"total_mean_dps_stddev":15.113884020283434,"total_mean_dps_variance":228.42949017857893},"player":{"name":"Template","race":"blood_elf","level":120,"role":"attack","specialization":"Subtlety Rogue","profile_source":"default","talents":[{"tier":1,"id":19234,"spell_id":91023,"name":"Find Weakness"},{"tier":2,"id":22333,"spell_id":108209,"name":"Shadow Focus"},{"tier":3,"id":19241,"spell_id":137619,"name":"Marked for Death"},{"tier":6,"id":22336,"spell_id":238104,"name":"Enveloping Shadows"},{"tier":7,"id":22132,"spell_id":196976,"name":"Master of Shadows"}],"party":0,"ready_type":1,"bugs":true,"scale_player":true,"potion_used":false,"timeofday":"DAY_TIME","invert_scaling":0,"reaction_offset":0.1,"reaction_max":1.4000000000000001,"reaction_mean":0.3,"reaction_stddev":0.06,"reaction_nu":0.25,"world_lag":0.1,"brain_lag":0.0,"brain_lag_stddev":0.0,"world_lag_override":false,"world_lag_stddev_override":false,"dbc":{"Live":{"build_level":27404,"wow_version":"8.0.1"},"version_used":"Live"},"base_energy_regen_per_second":10.0,"collected_data":{"fight_length":{"sum":234300.32800000007,"count":785,"mean":298.4717554140128,"min":240.151,"max":359.898},"waiting_time":{"sum":14331.690999999999,"count":785,"mean":18.25693121019108,"min":9.773,"max":27.655},"executed_foreground_actions":{"sum":255097.0,"count":785,"mean":324.96433121019106,"min":260.0,"max":392.0},"dmg":{"sum":3336157967.8471956,"count":785,"mean":4249882.761588784,"min":3360532.4621823677,"max":5275410.6394266775},"compound_dmg":{"sum":3336157967.8471956,"count":785,"mean":4249882.761588784,"min":3360532.4621823677,"max":5275410.6394266775},"timeline_dmg":{"mean":14682.022445649669,"mean_std_dev":5563.075203420784,"min":1226.6051371918836,"max":44590.728364387964,