{"results":[["Trait","325","340","355","370","385"],["Laser Matrix",354,504,637,849,1088],["Archive of the Titans",194,279,432,597,718],["Relational Normalization Gizmo",292,393,514,686,850],["Synaptic Spark Capacitor",203,340,490,657,784],["Gutripper",108,235,340,487,679],["Sylvanas' Resolve / Anduin's Dedication",224,322,484,600,792],["Swirling Sands",272,412,531,697,811],["Heed My Call",160,254,377,514,690],["Ricocheting Inflatable Pyrosaw",89,232,348,473,663],["Barrage Of Many Bombs",173,313,410,585,765],["Tidal Surge",251,426,522,753,919],["Collective Will / Stand As One",89,185,294,435,577],["Rolling Havoc",-6,81,225,317,486],["Combined Might / Stronger Together",75,168,289,371,550],["Battlefield Focus / Battlefield Precision",275,386,523,717,893],["Retaliatory Fury / Last Gift",169,248,341,530,663],["Glory in Battle / Liberator's Might",203,317,461,573,726],["Unstable Flames",115,223,316,439,610],["Blood Rite",250,348,455,602,767],["Crashing Chaos",374,520,702,873,1080],["Accelerant",22,98,193,303,464],["Ruinous Bolt",160,273,432,553,740],["Meticulous Scheming",243,372,478,647,802],["Blood Siphon",219,326,421,554,730],["Earthlink",63,217,287,414,608],["Bursting Flare",253,376,504,634,824],["Incite the Pack",255,360,493,644,786],["Unstable Catalyst",239,346,510,667,841],["Azerite Globules",81,185,295,458,596],["Tradewinds",277,397,510,660,826],["Rezan's Fury",301,429,567,741,926],["Dagger in the Back",381,559,714,916,1133],["Secrets of the Deep",185,318,470,615,815],["Thunderous Blast",381,522,701,899,1112],["Flashpoint",186,313,418,543,703],["Filthy Transfusion",254,346,528,701,865],["Chaotic Inferno",188,319,446,594,775],["Blightborne Infusion",317,454,572,713,904],["Champion of Azeroth",355,458,623,739,913],["Elemental Whirl",106,236,309,471,608],["Overwhelming Power",174,282,419,527,707]],"metas":{"build_date":"Aug 24 2018","build_time":"06:29:59","git_revision":"d11d257b76","options":{"debug":false,"max_time":300.0,"expected_iteration_time":261.66700000000003,"vary_combat_length":0.2,"iterations":1197,"target_error":0.2,"threads":32,"seed":12000783109086077992,"single_actor_batch":false,"queue_lag":0.005,"queue_lag_stddev":0.001,"gcd_lag":0.15,"gcd_lag_stddev":0.037,"channel_lag":0.25,"channel_lag_stddev":0.062,"queue_gcd_reduction":0.1,"strict_gcd_queue":0,"confidence":0.95,"confidence_estimator":1.9599639854089754,"world_lag":0.1,"world_lag_stddev":0.01,"travel_variance":0.0,"default_skill":1.0,"reaction_time":0.5,"regen_periodicity":0.25,"ignite_sampling_delta":0.2,"fixed_time":true,"optimize_expressions":true,"optimal_raid":1,"log":0,"debug_each":0,"stat_cache":1,"max_aoe_enemies":20,"show_etmi":false,"tmi_window_global":0.0,"tmi_bin_size":0.5,"enemy_death_pct":0.0,"challenge_mode":false,"timewalk":-1,"pvp_crit":false,"rng":{"name":"sse2-sfmt"},"deterministic":0,"average_range":1,"average_gauss":0,"fight_style":"Patchwerk","default_aura_delay":0.03,"default_aura_delay_stddev":0.005,"dbc":{"Live":{"build_level":27404,"wow_version":"8.0.1"},"version_used":"Live"}},"overrides":{"arcane_intellect":1,"battle_shout":1,"power_word_fortitude":1,"chaos_brand":1,"mystic_touch":1,"mortal_wounds":1,"bleeding":1,"bloodlust":1,"bloodlust_percent":25,"bloodlust_time":0.5},"statistics":{"elapsed_cpu_seconds":10201.289119999996,"elapsed_time_seconds":11.038810000000002,"init_time_seconds":3.243358888,"merge_time_seconds":0.005707073999999999,"analyze_time_seconds":0.21203839499999985,"simulation_length":{"sum":351200.623,"count":1165,"mean":301.45976223175967,"min":240.12800000000001,"max":359.928,"median":302.648,"variance":1217.2698087529086,"std_dev":34.88939392928614,"mean_variance":1.044866788629106,"mean_std_dev":1.0221872571251835},"raid_dps":{"sum":15146983.102584453,"count":1165,"mean":13001.702233978072},"total_dmg":{"sum":4551487259.371765,"count":1165,"mean":3906856.0166281248},"total_iterations":226440,"total_actors":206,"total_iterations_mean":1099.2233009708739,"total_iterations_variance":808081.7281553397,"total_iterations_stddev":898.933661709995,"total_mean_dps_stddev":13.741931287221208,"total_mean_dps_variance":188.84067550270913},"player":{"name":"Template","race":"troll","level":120,"role":"spell","specialization":"Destruction Warlock","profile_source":"default","talents":[{"tier":1,"id":22038,"spell_id":267115,"name":"Flashover"},{"tier":2,"id":23148,"spell_id":205148,"name":"Reverse Entropy"},{"tier":4,"id":23143,"spell_id":152108,"name":"Cataclysm"},{"tier":6,"id":23156,"spell_id":266086,"name":"Grimoire of Supremacy"},{"tier":7,"id":23092,"spell_id":113858,"name":"Dark Soul: Instability"}],"party":0,"ready_type":0,"bugs":true,"scale_player":true,"potion_used":false,"timeofday":"DAY_TIME","invert_scaling":0,"reaction_offset":0.1,"reaction_max":1.4000000000000001,"reaction_mean":0.3,"reaction_stddev":0.06,"reaction_nu":0.25,"world_lag":0.1,"brain_lag":0.0,"brain_lag_stddev":0.0,"world_lag_override":false,"world_lag_stddev_override":false,"dbc":{"Live":{"build_level":27404,"wow_version":"8.0.1"},"version_used":"Live"},"base_mana_regen_per_second":1000.0,"collected_data":{"fight_length":{"sum":351200.623,"count":1165,"mean":301.45976223175967,"min":240.12800000000001,"max":359.928},"executed_foreground_actions":{"sum":253716.0,"count":1165,"mean":217.78197424892704,"min":173.0,"max":261.0},"dmg":{"sum":3640241370.5160418,"count":1165,"mean":3124670.7043056153,"min":2451393.0785695026,"max":3761281.0057146614},"compound_dmg":{"sum":4551487259.371765,"count":1165,"mean":3906856.0166281248,"min":3133717.0889767157,"max":4661755.01516793},"timeline_dmg":{"mean":12788.932107682174,"mean_std_dev":7653.392007218104,"min":0.0,"max":58140.00235388478,