{"results":[["Trait","325","340","355","370","385"],["Thunderous Blast",343,567,785,1065,1370],["Tidal Surge",237,446,669,895,1216],["Azerite Globules",227,405,601,853,1143],["Secrets of the Deep",351,542,818,1059,1372],["Gutripper",127,283,472,693,966],["Unstable Flames",156,341,530,753,991],["Blood Rite",272,441,651,855,1128],["Heed My Call",214,377,585,791,1102],["Filthy Transfusion",247,408,665,890,1186],["Relational Normalization Gizmo",365,544,762,1069,1303],["Synaptic Spark Capacitor",568,832,1120,1444,1763],["Sylvanas' Resolve / Anduin's Dedication",332,551,775,1050,1354],["Feeding Frenzy",334,488,682,911,1133],["Swirling Sands",404,575,815,1046,1308],["Meticulous Scheming",104,242,462,661,923],["Ricocheting Inflatable Pyrosaw",293,490,741,963,1261],["Laser Matrix",316,533,740,1023,1322],["Tradewinds",366,559,777,997,1312],["Collective Will / Stand As One",129,315,482,721,982],["Barrage Of Many Bombs",484,701,975,1251,1592],["Serrated Jaws",138,341,497,733,1057],["Primal Instincts",611,788,1002,1255,1525],["Overwhelming Power",130,284,474,722,934],["Unstable Catalyst",394,583,868,1148,1445],["Rapid Reload",243,458,654,925,1166],["Pack Alpha",33,180,339,551,757],["Dance of Death",186,355,558,805,1088],["Haze of Rage",387,584,798,1080,1342],["Dagger in the Back",411,571,848,1137,1435],["Incite the Pack",361,546,766,997,1279],["Combined Might / Stronger Together",82,241,449,647,926],["Battlefield Focus / Battlefield Precision",36,168,382,592,806],["Retaliatory Fury / Last Gift",200,363,568,791,1073],["Glory in Battle / Liberator's Might",274,463,674,874,1162],["Ruinous Bolt",181,357,562,767,1102],["Blood Siphon",134,321,518,723,987],["Blightborne Infusion",463,689,890,1112,1413],["Champion of Azeroth",498,672,893,1127,1384],["Earthlink",167,299,499,743,1025],["Rezan's Fury",270,474,707,917,1224],["Elemental Whirl",158,359,536,742,995]],"metas":{"build_date":"Aug 19 2018","build_time":"09:20:42","git_revision":"eba9238d5c","options":{"debug":false,"max_time":300.0,"expected_iteration_time":309.28000000000003,"vary_combat_length":0.2,"iterations":687,"target_error":0.2,"threads":32,"seed":5200319093393629229,"single_actor_batch":false,"queue_lag":0.005,"queue_lag_stddev":0.001,"gcd_lag":0.15,"gcd_lag_stddev":0.037,"channel_lag":0.25,"channel_lag_stddev":0.062,"queue_gcd_reduction":0.1,"strict_gcd_queue":0,"confidence":0.95,"confidence_estimator":1.9599639854089754,"world_lag":0.1,"world_lag_stddev":0.01,"travel_variance":0.0,"default_skill":1.0,"reaction_time":0.5,"regen_periodicity":0.25,"ignite_sampling_delta":0.2,"fixed_time":true,"optimize_expressions":true,"optimal_raid":1,"log":0,"debug_each":0,"stat_cache":1,"max_aoe_enemies":20,"show_etmi":false,"tmi_window_global":0.0,"tmi_bin_size":0.5,"enemy_death_pct":0.0,"challenge_mode":false,"timewalk":-1,"pvp_crit":false,"rng":{"name":"sse2-sfmt"},"deterministic":0,"average_range":1,"average_gauss":0,"fight_style":"Patchwerk","default_aura_delay":0.03,"default_aura_delay_stddev":0.005,"dbc":{"bfa-BETA":{"build_level":26095,"wow_version":"8.0.1"},"version_used":"bfa-BETA"}},"overrides":{"arcane_intellect":1,"battle_shout":1,"power_word_fortitude":1,"chaos_brand":1,"mystic_touch":1,"mortal_wounds":1,"bleeding":1,"bloodlust":1,"bloodlust_percent":25,"bloodlust_time":0.5},"statistics":{"elapsed_cpu_seconds":11029.151505999993,"elapsed_time_seconds":11.789257,"init_time_seconds":2.2093215379999984,"merge_time_seconds":0.006220022000000001,"analyze_time_seconds":0.14763015200000013,"simulation_length":{"sum":197488.23099999997,"count":655,"mean":301.50874961832056,"min":240.022,"max":359.928,"median":304.223,"variance":1155.2985461235687,"std_dev":33.98968293649661,"mean_variance":1.763814574234456,"mean_std_dev":1.32808680975095},"raid_dps":{"sum":10214164.212155925,"count":655,"mean":15594.143835352557},"total_dmg":{"sum":3076526388.860452,"count":655,"mean":4696986.853222065},"total_iterations":139995,"total_actors":206,"total_iterations_mean":679.5873786407767,"total_iterations_variance":609101.9271844658,"total_iterations_stddev":780.4498236174225,"total_mean_dps_stddev":16.612100730186352,"total_mean_dps_variance":275.96189066985795},"player":{"name":"Template","race":"orc","level":120,"role":"attack","specialization":"Beast Mastery Hunter","profile_source":"default","talents":[{"tier":1,"id":22291,"spell_id":273887,"name":"Killer Instinct"},{"tier":2,"id":22290,"spell_id":53209,"name":"Chimaera Shot"},{"tier":4,"id":22269,"spell_id":131894,"name":"A Murder of Crows"},{"tier":6,"id":19357,"spell_id":199530,"name":"Stomp"},{"tier":7,"id":22273,"spell_id":191384,"name":"Aspect of the Beast"}],"party":0,"ready_type":0,"bugs":true,"scale_player":true,"potion_used":false,"timeofday":"DAY_TIME","invert_scaling":0,"reaction_offset":0.1,"reaction_max":1.4000000000000001,"reaction_mean":0.3,"reaction_stddev":0.06,"reaction_nu":0.25,"world_lag":0.1,"brain_lag":0.0,"brain_lag_stddev":0.0,"world_lag_override":false,"world_lag_stddev_override":false,"dbc":{"bfa-BETA":{"build_level":26095,"wow_version":"8.0.1"},"version_used":"bfa-BETA"},"base_focus_regen_per_second":10.0,"collected_data":{"fight_length":{"sum":197488.23100000003,"count":655,"mean":301.5087496183207,"min":240.022,"max":359.928},"waiting_time":{"sum":29998.700000000004,"count":655,"mean":45.799541984732834,"min":30.3,"max":63.9},"executed_foreground_actions":{"sum":147190.0,"count":655,"mean":224.7175572519084,"min":177.0,"max":270.0},"dmg":{"sum":858105771.3364732,"count":655,"mean":1310085.147078585,"min":982207.4231625015,"max":1654822.5832376548},"compound_dmg":{"sum":3076526388.860452,"count":655,"mean":4696986.853222065,"min":3537259.8825057372,"max":5873072.1214177925},"timeline_dmg":{"mean":15927.768437668707,"mean_std_dev":5883.034683745423,"min":4378.730251594269,"max":55685.84372127081,