{"results":[["Trait","325","340","355","370","385"],["Thunderous Blast",363,558,750,1002,1275],["Azerite Globules",133,272,444,660,896],["Tidal Surge",303,482,637,866,1114],["Secrets of the Deep",305,449,650,864,1135],["Gutripper",117,266,455,619,839],["Unstable Flames",147,295,435,636,858],["Blood Rite",208,371,506,697,913],["Heed My Call",189,329,544,730,965],["Relational Normalization Gizmo",305,467,639,864,1135],["Arcane Pummeling",101,201,409,585,817],["Synaptic Spark Capacitor",511,754,988,1258,1548],["Sylvanas' Resolve / Anduin's Dedication",267,475,631,865,1121],["Swirling Sands",380,496,675,919,1143],["Meticulous Scheming",80,235,403,569,751],["Ricocheting Inflatable Pyrosaw",197,426,571,754,1033],["Laser Matrix",323,535,731,930,1234],["Tradewinds",338,403,562,737,956],["Collective Will / Stand As One",127,240,376,573,809],["Barrage Of Many Bombs",384,608,787,997,1282],["Incite the Pack",249,374,552,745,935],["Brain Storm",165,307,483,689,967],["Arcane Pressure",380,532,749,1028,1326],["Glory in Battle / Liberator's Might",281,384,563,764,950],["Explosive Echo",537,743,984,1230,1561],["Ruinous Bolt",185,330,505,731,945],["Dagger in the Back",372,502,691,961,1224],["Galvanizing Spark",383,530,696,909,1211],["Filthy Transfusion",255,383,592,798,1048],["Combined Might / Stronger Together",116,214,383,494,744],["Battlefield Focus / Battlefield Precision",122,291,435,609,854],["Anomalous Impact",97,202,372,561,788],["Retaliatory Fury / Last Gift",155,304,468,632,822],["Unstable Catalyst",312,467,647,894,1199],["Blood Siphon",85,252,398,588,764],["Overwhelming Power",146,356,485,648,833],["Champion of Azeroth",403,556,720,888,1160],["Blightborne Infusion",453,634,815,1000,1248],["Earthlink",137,273,486,612,866],["Rezan's Fury",277,392,621,812,1081],["Elemental Whirl",103,261,411,627,784]],"metas":{"build_date":"Aug 23 2018","build_time":"08:35:52","git_revision":"0f9699d9e7","options":{"debug":false,"max_time":300.0,"expected_iteration_time":310.69100000000003,"vary_combat_length":0.2,"iterations":1537,"target_error":0.2,"threads":32,"seed":4504549664492614245,"single_actor_batch":false,"queue_lag":0.005,"queue_lag_stddev":0.001,"gcd_lag":0.15,"gcd_lag_stddev":0.037,"channel_lag":0.25,"channel_lag_stddev":0.062,"queue_gcd_reduction":0.1,"strict_gcd_queue":0,"confidence":0.95,"confidence_estimator":1.9599639854089754,"world_lag":0.1,"world_lag_stddev":0.01,"travel_variance":0.0,"default_skill":1.0,"reaction_time":0.5,"regen_periodicity":0.25,"ignite_sampling_delta":0.2,"fixed_time":true,"optimize_expressions":true,"optimal_raid":1,"log":0,"debug_each":0,"stat_cache":1,"max_aoe_enemies":20,"show_etmi":false,"tmi_window_global":0.0,"tmi_bin_size":0.5,"enemy_death_pct":0.0,"challenge_mode":false,"timewalk":-1,"pvp_crit":false,"rng":{"name":"sse2-sfmt"},"deterministic":0,"average_range":1,"average_gauss":0,"fight_style":"Patchwerk","default_aura_delay":0.03,"default_aura_delay_stddev":0.005,"dbc":{"Live":{"build_level":27404,"wow_version":"8.0.1"},"version_used":"Live"}},"overrides":{"arcane_intellect":1,"battle_shout":1,"power_word_fortitude":1,"chaos_brand":1,"mystic_touch":1,"mortal_wounds":1,"bleeding":1,"bloodlust":1,"bloodlust_percent":25,"bloodlust_time":0.5},"statistics":{"elapsed_cpu_seconds":14845.818252999996,"elapsed_time_seconds":16.047404999999998,"init_time_seconds":2.6546950299999996,"merge_time_seconds":0.00710107,"analyze_time_seconds":0.3843494509999999,"simulation_length":{"sum":451887.36499999993,"count":1505,"mean":300.25738538205974,"min":240.04500000000002,"max":359.968,"median":300.007,"variance":1191.4921967484906,"std_dev":34.51799815673688,"mean_variance":0.7916891672747446,"mean_std_dev":0.889769165162934},"raid_dps":{"sum":26729775.711385418,"count":1505,"mean":17760.648313212903},"total_dmg":{"sum":8019123030.388648,"count":1505,"mean":5328320.950424351},"total_iterations":303980,"total_actors":201,"total_iterations_mean":1512.3383084577115,"total_iterations_variance":1862550.9950248762,"total_iterations_stddev":1364.753089399279,"total_mean_dps_stddev":18.73699851165734,"total_mean_dps_variance":351.0751132258494},"player":{"name":"Template","race":"troll","level":120,"role":"spell","specialization":"Arcane Mage","profile_source":"default","talents":[{"tier":1,"id":22461,"spell_id":264354,"name":"Rule of Threes"},{"tier":3,"id":22447,"spell_id":116011,"name":"Rune of Power"},{"tier":4,"id":22467,"spell_id":205032,"name":"Charged Up"},{"tier":6,"id":22449,"spell_id":210725,"name":"Touch of the Magi"},{"tier":7,"id":21630,"spell_id":155147,"name":"Overpowered"}],"party":0,"ready_type":0,"bugs":true,"scale_player":true,"potion_used":false,"timeofday":"DAY_TIME","invert_scaling":0,"reaction_offset":0.1,"reaction_max":1.4000000000000001,"reaction_mean":0.3,"reaction_stddev":0.06,"reaction_nu":0.25,"world_lag":0.1,"brain_lag":0.0,"brain_lag_stddev":0.0,"world_lag_override":false,"world_lag_stddev_override":false,"dbc":{"Live":{"build_level":27404,"wow_version":"8.0.1"},"version_used":"Live"},"base_mana_regen_per_second":2000.0,"collected_data":{"fight_length":{"sum":451887.36500000017,"count":1505,"mean":300.2573853820599,"min":240.04500000000002,"max":359.968},"executed_foreground_actions":{"sum":324430.0,"count":1505,"mean":215.56810631229237,"min":173.0,"max":258.0},"dmg":{"sum":8019123030.388648,"count":1505,"mean":5328320.950424351,"min":3955760.663733073,"max":6869741.716770662},"compound_dmg":{"sum":8019123030.388648,"count":1505,"mean":5328320.950424351,"min":3955760.663733073,"max":6869741.716770662},"timeline_dmg":{"mean":17986.20261105276,"mean_std_dev":11924.594070558178,"min":0.0,"max":99435.89235606317,