{"results":[["Trait","325","340","355","370","385"],["Laser Matrix",277,450,651,868,1150],["Archive of the Titans",250,391,573,740,978],["Relational Normalization Gizmo",320,476,649,898,1097],["Synaptic Spark Capacitor",489,649,907,1137,1418],["Gutripper",61,217,357,567,768],["Sylvanas' Resolve / Anduin's Dedication",218,378,525,772,1004],["Swirling Sands",277,443,589,784,1023],["Tradewinds",257,441,599,778,991],["Ricocheting Inflatable Pyrosaw",181,340,500,662,908],["Heed My Call",159,275,473,642,860],["Elemental Whirl",149,238,377,604,794],["Unerring Vision",115,270,387,584,789],["Arcane Flurry",15,167,268,458,644],["Tidal Surge",242,403,549,781,1045],["Collective Will / Stand As One",34,226,330,526,715],["Combined Might / Stronger Together",19,163,336,486,680],["Barrage Of Many Bombs",336,521,689,952,1228],["Battlefield Focus / Battlefield Precision",111,243,452,596,782],["Retaliatory Fury / Last Gift",143,269,420,645,802],["Glory in Battle / Liberator's Might",217,371,503,730,875],["Blood Rite",238,410,596,744,1002],["Unstable Flames",97,184,357,509,728],["Meticulous Scheming",351,499,648,818,1066],["Incite the Pack",232,381,557,760,986],["In The Rhythm",293,424,620,780,1010],["Unstable Catalyst",264,406,594,849,1117],["Azerite Globules",140,244,423,613,813],["Steady Aim",244,420,590,840,1074],["Earthlink",66,206,340,537,777],["Focused Fire",217,374,516,722,1004],["Rezan's Fury",214,387,562,778,1018],["Secrets of the Deep",230,374,593,778,1048],["Dagger in the Back",265,405,614,801,1115],["Blood Siphon",61,215,362,560,737],["Ruinous Bolt",132,251,440,605,830],["Thunderous Blast",360,520,732,942,1253],["Rapid Reload",91,211,356,563,745],["Overwhelming Power",187,333,482,677,840],["Champion of Azeroth",391,570,767,931,1185],["Filthy Transfusion",184,372,507,758,982],["Blightborne Infusion",338,463,665,861,1010]],"metas":{"build_date":"Aug 27 2018","build_time":"13:50:42","git_revision":"4aa7462e31","options":{"debug":false,"max_time":300.0,"expected_iteration_time":359.81100000000004,"vary_combat_length":0.2,"iterations":985,"target_error":0.2,"threads":32,"seed":18048367422360152329,"single_actor_batch":false,"queue_lag":0.005,"queue_lag_stddev":0.001,"gcd_lag":0.15,"gcd_lag_stddev":0.037,"channel_lag":0.25,"channel_lag_stddev":0.062,"queue_gcd_reduction":0.1,"strict_gcd_queue":0,"confidence":0.95,"confidence_estimator":1.9599639854089754,"world_lag":0.1,"world_lag_stddev":0.01,"travel_variance":0.0,"default_skill":1.0,"reaction_time":0.5,"regen_periodicity":0.25,"ignite_sampling_delta":0.2,"fixed_time":true,"optimize_expressions":true,"optimal_raid":1,"log":0,"debug_each":0,"stat_cache":1,"max_aoe_enemies":20,"show_etmi":false,"tmi_window_global":0.0,"tmi_bin_size":0.5,"enemy_death_pct":0.0,"challenge_mode":false,"timewalk":-1,"pvp_crit":false,"rng":{"name":"sse2-sfmt"},"deterministic":0,"average_range":1,"average_gauss":0,"fight_style":"Patchwerk","default_aura_delay":0.03,"default_aura_delay_stddev":0.005,"dbc":{"Live":{"build_level":27404,"wow_version":"8.0.1"},"version_used":"Live"}},"overrides":{"arcane_intellect":1,"battle_shout":1,"power_word_fortitude":1,"chaos_brand":1,"mystic_touch":1,"mortal_wounds":1,"bleeding":1,"bloodlust":1,"bloodlust_percent":25,"bloodlust_time":0.5},"statistics":{"elapsed_cpu_seconds":14655.759270000004,"elapsed_time_seconds":15.689765999999999,"init_time_seconds":2.648221943000001,"merge_time_seconds":0.006676523000000001,"analyze_time_seconds":0.1812901420000001,"simulation_length":{"sum":287394.739,"count":953,"mean":301.5684564533054,"min":240.21,"max":359.91700000000003,"median":303.03000000000003,"variance":1199.8651062208214,"std_dev":34.63906907266449,"mean_variance":1.2590399855412606,"mean_std_dev":1.1220695101201443},"raid_dps":{"sum":16533900.58005786,"count":953,"mean":17349.31855200195},"total_dmg":{"sum":4984691886.787779,"count":953,"mean":5230526.63881194},"total_iterations":187666,"total_actors":206,"total_iterations_mean":911.0,"total_iterations_variance":571668.0,"total_iterations_stddev":756.0872965471646,"total_mean_dps_stddev":18.25162459779295,"total_mean_dps_variance":333.1218004587607},"player":{"name":"Template","race":"lightforged_draenei","level":120,"role":"attack","specialization":"Marksmanship Hunter","profile_source":"default","talents":[{"tier":1,"id":22501,"spell_id":271788,"name":"Serpent Sting"},{"tier":2,"id":22495,"spell_id":260228,"name":"Careful Aim"},{"tier":4,"id":21998,"spell_id":257284,"name":"Hunter's Mark"},{"tier":6,"id":23063,"spell_id":260393,"name":"Lethal Shots"},{"tier":7,"id":22308,"spell_id":194595,"name":"Lock and Load"}],"party":0,"ready_type":0,"bugs":true,"scale_player":true,"potion_used":false,"timeofday":"DAY_TIME","invert_scaling":0,"reaction_offset":0.1,"reaction_max":1.4000000000000001,"reaction_mean":0.3,"reaction_stddev":0.06,"reaction_nu":0.25,"world_lag":0.1,"brain_lag":0.0,"brain_lag_stddev":0.0,"world_lag_override":false,"world_lag_stddev_override":false,"dbc":{"Live":{"build_level":27404,"wow_version":"8.0.1"},"version_used":"Live"},"base_focus_regen_per_second":2.999999999999999,"collected_data":{"fight_length":{"sum":287394.73900000006,"count":953,"mean":301.56845645330543,"min":240.21,"max":359.91700000000003},"executed_foreground_actions":{"sum":196202.0,"count":953,"mean":205.87827911857292,"min":166.0,"max":246.0},"dmg":{"sum":4633372312.255025,"count":953,"mean":4861880.7054092605,"min":3615168.580102764,"max":6089192.432307224},"compound_dmg":{"sum":4984691886.787779,"count":953,"mean":5230526.63881194,"min":3915625.9609283935,"max":6512070.525758402},"timeline_dmg":{"mean":17853.21982287419,"mean_std_dev":11044.484855896939,"min":2251.8901788942812,"max":150461.28178095815,