{"results":[["Trait","325","340","355","370","385"],["Thunderous Blast",405,561,756,954,1199],["Tidal Surge",273,432,603,788,1015],["Azerite Globules",104,212,332,485,694],["Secrets of the Deep",234,351,557,752,941],["Filthy Transfusion",296,390,556,736,934],["Blood Rite",252,394,525,693,894],["Relational Normalization Gizmo",310,476,588,747,985],["Synaptic Spark Capacitor",253,336,486,688,893],["Gutripper",119,255,383,557,726],["Sylvanas' Resolve / Anduin's Dedication",238,384,527,722,928],["Swirling Sands",371,486,632,814,1011],["Meticulous Scheming",242,383,511,684,858],["Ricocheting Inflatable Pyrosaw",119,249,376,537,686],["Laser Matrix",359,505,693,909,1151],["Tradewinds",286,430,570,729,903],["Heed My Call",156,280,422,575,728],["Collective Will / Stand As One",80,216,338,499,660],["Barrage Of Many Bombs",207,346,465,614,829],["Dagger in the Back",414,538,747,958,1210],["Unstable Flames",115,253,383,535,702],["Shrouded Suffocation",412,546,723,934,1181],["Fan of Blades",28,130,226,366,533],["Twist the Knife",227,326,499,670,867],["Scent of Blood",168,299,454,605,779],["Sharpened Blades",-1,146,332,497,702],["Poisoned Wire",112,228,346,494,669],["Double Dose",63,157,297,453,586],["Overwhelming Power",117,248,386,557,694],["Unstable Catalyst",271,410,589,753,951],["Earthlink",109,233,355,516,680],["Incite the Pack",306,410,551,737,909],["Combined Might / Stronger Together",62,199,323,467,630],["Battlefield Focus / Battlefield Precision",22,170,278,391,587],["Retaliatory Fury / Last Gift",135,295,424,552,747],["Glory in Battle / Liberator's Might",242,378,517,689,848],["Ruinous Bolt",205,310,432,595,831],["Blood Siphon",110,243,379,492,680],["Champion of Azeroth",373,490,683,846,1030],["Blightborne Infusion",382,524,684,835,1073],["Rezan's Fury",309,435,600,814,1024],["Elemental Whirl",139,255,369,512,710]],"metas":{"build_date":"Aug 19 2018","build_time":"09:20:42","git_revision":"eba9238d5c","options":{"debug":false,"max_time":300.0,"expected_iteration_time":293.00100000000003,"vary_combat_length":0.2,"iterations":664,"target_error":0.2,"threads":32,"seed":13461043425517883801,"single_actor_batch":false,"queue_lag":0.005,"queue_lag_stddev":0.001,"gcd_lag":0.15,"gcd_lag_stddev":0.037,"channel_lag":0.25,"channel_lag_stddev":0.062,"queue_gcd_reduction":0.1,"strict_gcd_queue":0,"confidence":0.95,"confidence_estimator":1.9599639854089754,"world_lag":0.1,"world_lag_stddev":0.01,"travel_variance":0.0,"default_skill":1.0,"reaction_time":0.5,"regen_periodicity":0.25,"ignite_sampling_delta":0.2,"fixed_time":true,"optimize_expressions":true,"optimal_raid":1,"log":0,"debug_each":0,"stat_cache":1,"max_aoe_enemies":20,"show_etmi":false,"tmi_window_global":0.0,"tmi_bin_size":0.5,"enemy_death_pct":0.0,"challenge_mode":false,"timewalk":-1,"pvp_crit":false,"rng":{"name":"sse2-sfmt"},"deterministic":0,"average_range":1,"average_gauss":0,"fight_style":"Patchwerk","default_aura_delay":0.03,"default_aura_delay_stddev":0.005,"dbc":{"bfa-BETA":{"build_level":26095,"wow_version":"8.0.1"},"version_used":"bfa-BETA"}},"overrides":{"arcane_intellect":1,"battle_shout":1,"power_word_fortitude":1,"chaos_brand":1,"mystic_touch":1,"mortal_wounds":1,"bleeding":1,"bloodlust":1,"bloodlust_percent":25,"bloodlust_time":0.5},"statistics":{"elapsed_cpu_seconds":15535.114763999996,"elapsed_time_seconds":16.557204,"init_time_seconds":3.0100649069999994,"merge_time_seconds":0.005383656,"analyze_time_seconds":0.11086092599999996,"simulation_length":{"sum":189788.004,"count":632,"mean":300.2974746835443,"min":240.433,"max":359.889,"median":298.642,"variance":1264.8709528348024,"std_dev":35.565024291216254,"mean_variance":2.001378089928485,"mean_std_dev":1.4147007068381938},"raid_dps":{"sum":8637402.743015485,"count":632,"mean":13666.77649211311},"total_dmg":{"sum":2588829343.2134895,"count":632,"mean":4096248.960780838},"total_iterations":120723,"total_actors":206,"total_iterations_mean":586.0339805825242,"total_iterations_variance":496416.7621359225,"total_iterations_stddev":704.5684935731391,"total_mean_dps_stddev":14.446817943552078,"total_mean_dps_variance":208.7105486941383},"player":{"name":"Template","race":"human","level":120,"role":"attack","specialization":"Assassination Rogue","profile_source":"default","talents":[{"tier":1,"id":22338,"spell_id":193640,"name":"Elaborate Planning"},{"tier":2,"id":22332,"spell_id":108208,"name":"Subterfuge"},{"tier":3,"id":19239,"spell_id":14983,"name":"Vigor"},{"tier":6,"id":22344,"spell_id":200806,"name":"Exsanguinate"},{"tier":7,"id":21186,"spell_id":255544,"name":"Poison Bomb"}],"party":0,"ready_type":1,"bugs":true,"scale_player":true,"potion_used":false,"timeofday":"DAY_TIME","invert_scaling":0,"reaction_offset":0.1,"reaction_max":1.4000000000000001,"reaction_mean":0.3,"reaction_stddev":0.06,"reaction_nu":0.25,"world_lag":0.1,"brain_lag":0.0,"brain_lag_stddev":0.0,"world_lag_override":false,"world_lag_stddev_override":false,"dbc":{"bfa-BETA":{"build_level":26095,"wow_version":"8.0.1"},"version_used":"bfa-BETA"},"base_energy_regen_per_second":11.0,"collected_data":{"fight_length":{"sum":189788.00400000002,"count":632,"mean":300.29747468354435,"min":240.433,"max":359.889},"waiting_time":{"sum":51020.777999999984,"count":632,"mean":80.72907911392403,"min":61.933,"max":102.89},"executed_foreground_actions":{"sum":126537.0,"count":632,"mean":200.21677215189874,"min":158.0,"max":236.0},"dmg":{"sum":2588829343.2134895,"count":632,"mean":4096248.960780838,"min":3231017.9819665127,"max":4944295.807034967},"compound_dmg":{"sum":2588829343.2134895,"count":632,"mean":4096248.960780838,"min":3231017.9819665127,"max":4944295.807034967},"timeline_dmg":{"mean":13817.473912370308,"mean_std_dev":6152.902008686234,"min":3448.9424402534114,"max":45558.91812159806,