{"results":[["Trait","325","340","355","370","385"],["Thunderous Blast",358,502,769,1084,1370],["Azerite Globules",225,384,577,844,1094],["Packed Ice",132,348,561,768,1030],["Tidal Surge",268,448,667,947,1246],["Dagger in the Back",358,584,817,1068,1405],["Unstable Flames",166,276,477,679,925],["Secrets of the Deep",320,528,749,1015,1276],["Gutripper",102,251,457,651,918],["Blood Rite",153,328,565,751,982],["Tunnel of Ice",115,312,536,756,1004],["Filthy Transfusion",226,419,599,883,1140],["Relational Normalization Gizmo",288,466,662,912,1183],["Synaptic Spark Capacitor",633,855,1129,1454,1801],["Sylvanas' Resolve / Anduin's Dedication",294,517,723,972,1313],["Swirling Sands",368,578,751,988,1239],["Meticulous Scheming",208,390,589,790,1044],["Ricocheting Inflatable Pyrosaw",265,476,699,926,1245],["Laser Matrix",336,523,733,1001,1260],["Tradewinds",239,397,596,810,1075],["Heed My Call",198,359,551,771,1038],["Collective Will / Stand As One",114,271,479,634,939],["Barrage Of Many Bombs",473,729,957,1246,1609],["Frigid Grasp",155,299,524,730,995],["Retaliatory Fury / Last Gift",122,299,476,673,932],["Earthlink",110,305,479,703,972],["Winter's Reach",68,265,463,693,995],["Whiteout",309,488,688,913,1158],["Incite the Pack",208,398,577,778,1013],["Combined Might / Stronger Together",46,215,403,634,854],["Battlefield Focus / Battlefield Precision",124,273,449,681,873],["Glory in Battle / Liberator's Might",112,304,490,727,950],["Ruinous Bolt",172,363,521,760,1062],["Unstable Catalyst",396,567,779,1080,1382],["Blood Siphon",74,238,406,641,860],["Overwhelming Power",-50,127,283,486,785],["Champion of Azeroth",369,557,767,1003,1270],["Blightborne Infusion",422,617,812,1052,1308],["Elemental Whirl",95,271,485,657,906],["Glacial Assault",161,360,556,754,1028],["Rezan's Fury",280,459,687,915,1206]],"metas":{"build_date":"Aug 21 2018","build_time":"06:51:36","git_revision":"57250019bf","options":{"debug":false,"max_time":300.0,"expected_iteration_time":241.99200000000002,"vary_combat_length":0.2,"iterations":605,"target_error":0.2,"threads":32,"seed":10461227922000687693,"single_actor_batch":false,"queue_lag":0.005,"queue_lag_stddev":0.001,"gcd_lag":0.15,"gcd_lag_stddev":0.037,"channel_lag":0.25,"channel_lag_stddev":0.062,"queue_gcd_reduction":0.1,"strict_gcd_queue":0,"confidence":0.95,"confidence_estimator":1.9599639854089754,"world_lag":0.1,"world_lag_stddev":0.01,"travel_variance":0.0,"default_skill":1.0,"reaction_time":0.5,"regen_periodicity":0.25,"ignite_sampling_delta":0.2,"fixed_time":true,"optimize_expressions":true,"optimal_raid":1,"log":0,"debug_each":0,"stat_cache":1,"max_aoe_enemies":20,"show_etmi":false,"tmi_window_global":0.0,"tmi_bin_size":0.5,"enemy_death_pct":0.0,"challenge_mode":false,"timewalk":-1,"pvp_crit":false,"rng":{"name":"sse2-sfmt"},"deterministic":0,"average_range":1,"average_gauss":0,"fight_style":"Patchwerk","default_aura_delay":0.03,"default_aura_delay_stddev":0.005,"dbc":{"bfa-BETA":{"build_level":26095,"wow_version":"8.0.1"},"version_used":"bfa-BETA"}},"overrides":{"arcane_intellect":1,"battle_shout":1,"power_word_fortitude":1,"chaos_brand":1,"mystic_touch":1,"mortal_wounds":1,"bleeding":1,"bloodlust":1,"bloodlust_percent":25,"bloodlust_time":0.5},"statistics":{"elapsed_cpu_seconds":7840.774478000004,"elapsed_time_seconds":8.416827000000001,"init_time_seconds":2.7741273209999977,"merge_time_seconds":0.006121797000000001,"analyze_time_seconds":0.11562606199999997,"simulation_length":{"sum":172625.17700000003,"count":573,"mean":301.2655794066318,"min":240.756,"max":359.617,"median":303.63100000000003,"variance":1162.7852015316532,"std_dev":34.099636384155964,"mean_variance":2.0292935454304595,"mean_std_dev":1.424532746352452},"raid_dps":{"sum":9287964.398781212,"count":573,"mean":16209.361952497753},"total_dmg":{"sum":2795235570.9582567,"count":573,"mean":4878247.069735178},"total_iterations":105444,"total_actors":201,"total_iterations_mean":524.5970149253732,"total_iterations_variance":373426.35820895544,"total_iterations_stddev":611.0862117647193,"total_mean_dps_stddev":17.175294402473142,"total_mean_dps_variance":294.99073781162525},"player":{"name":"Template","race":"pandaren","level":120,"role":"spell","specialization":"Frost Mage","profile_source":"default","talents":[{"tier":1,"id":22457,"spell_id":205027,"name":"Bone Chilling"},{"tier":3,"id":22444,"spell_id":1463,"name":"Incanter's Flow"},{"tier":4,"id":22469,"spell_id":257537,"name":"Ebonbolt"},{"tier":6,"id":22473,"spell_id":153595,"name":"Comet Storm"},{"tier":7,"id":21634,"spell_id":199786,"name":"Glacial Spike"}],"party":0,"ready_type":0,"bugs":true,"scale_player":true,"potion_used":false,"timeofday":"DAY_TIME","invert_scaling":0,"reaction_offset":0.1,"reaction_max":1.4000000000000001,"reaction_mean":0.3,"reaction_stddev":0.06,"reaction_nu":0.25,"world_lag":0.1,"brain_lag":0.0,"brain_lag_stddev":0.0,"world_lag_override":false,"world_lag_stddev_override":false,"dbc":{"bfa-BETA":{"build_level":26095,"wow_version":"8.0.1"},"version_used":"bfa-BETA"},"base_mana_regen_per_second":2000.0,"collected_data":{"fight_length":{"sum":172625.17699999997,"count":573,"mean":301.26557940663173,"min":240.756,"max":359.617},"executed_foreground_actions":{"sum":114736.0,"count":573,"mean":200.23734729493893,"min":161.0,"max":237.0},"dmg":{"sum":2659065195.662303,"count":573,"mean":4640602.435710825,"min":3569850.427339141,"max":5654721.205130118},"compound_dmg":{"sum":2795235570.9582567,"count":573,"mean":4878247.069735178,"min":3754829.892540171,"max":5927585.380390899},"timeline_dmg":{"mean":16662.62482728138,"mean_std_dev":6017.040618144044,"min":463.6841683951482,"max":66064.20805382796,