{"results":[["Trait","325","340","355","370","385"],["Laser Matrix",361,570,789,994,1290],["Archive of the Titans",258,423,615,848,1043],["Relational Normalization Gizmo",326,474,693,876,1119],["Synaptic Spark Capacitor",427,631,839,1089,1381],["Swirling Sands",401,509,714,900,1118],["Tradewinds",201,386,542,747,945],["Ricocheting Inflatable Pyrosaw",241,391,588,822,1036],["Heed My Call",183,300,501,709,970],["Barrage Of Many Bombs",377,566,759,1051,1303],["Seething Power",255,408,641,804,1091],["Tidal Surge",286,457,645,890,1154],["Collective Will / Stand As One",80,271,403,608,865],["Combined Might / Stronger Together",80,196,358,535,733],["Sylvanas' Resolve / Anduin's Dedication",269,424,634,897,1117],["Battlefield Focus / Battlefield Precision",112,233,432,604,835],["Gutripper",93,303,446,630,859],["Retaliatory Fury / Last Gift",154,268,419,628,796],["Glory in Battle / Liberator's Might",235,365,532,735,958],["Blood Rite",256,357,572,751,927],["Unstable Flames",123,275,422,614,810],["Meticulous Scheming",276,423,628,770,1018],["Incite the Pack",208,350,563,726,922],["Unstable Catalyst",290,444,714,919,1219],["Azerite Globules",163,342,500,720,934],["Earthlink",114,276,421,656,851],["Secrets of the Deep",287,420,607,890,1158],["Unbound Chaos",836,1072,1290,1529,1847],["Dagger in the Back",330,568,759,1015,1290],["Blood Siphon",101,229,417,576,741],["Thirsting Blades",254,419,606,809,1065],["Ruinous Bolt",173,330,496,699,943],["Eyes of Rage",159,318,500,709,896],["Furious Gaze",216,334,546,740,950],["Filthy Transfusion",262,465,645,875,1134],["Thunderous Blast",399,623,870,1101,1413],["Elemental Whirl",153,284,425,586,847],["Lifespeed",100,234,372,564,765],["Blightborne Infusion",395,586,726,969,1198],["Champion of Azeroth",360,527,741,947,1142],["Overwhelming Power",176,308,514,670,847],["Revolving Blades",627,808,1084,1360,1672],["Rezan's Fury",325,501,710,891,1162]],"metas":{"build_date":"Aug 28 2018","build_time":"07:33:45","git_revision":"0be56b9506","options":{"debug":false,"max_time":300.0,"expected_iteration_time":283.90000000000003,"vary_combat_length":0.2,"iterations":389,"target_error":0.2,"threads":32,"seed":2822728177454614680,"single_actor_batch":false,"queue_lag":0.005,"queue_lag_stddev":0.001,"gcd_lag":0.15,"gcd_lag_stddev":0.037,"channel_lag":0.25,"channel_lag_stddev":0.062,"queue_gcd_reduction":0.1,"strict_gcd_queue":0,"confidence":0.95,"confidence_estimator":1.9599639854089754,"world_lag":0.1,"world_lag_stddev":0.01,"travel_variance":0.0,"default_skill":1.0,"reaction_time":0.5,"regen_periodicity":0.25,"ignite_sampling_delta":0.2,"fixed_time":true,"optimize_expressions":true,"optimal_raid":1,"log":0,"debug_each":0,"stat_cache":1,"max_aoe_enemies":20,"show_etmi":false,"tmi_window_global":0.0,"tmi_bin_size":0.5,"enemy_death_pct":0.0,"challenge_mode":false,"timewalk":-1,"pvp_crit":false,"rng":{"name":"sse2-sfmt"},"deterministic":0,"average_range":1,"average_gauss":0,"fight_style":"Patchwerk","default_aura_delay":0.03,"default_aura_delay_stddev":0.005,"dbc":{"Live":{"build_level":27404,"wow_version":"8.0.1"},"version_used":"Live"}},"overrides":{"arcane_intellect":1,"battle_shout":1,"power_word_fortitude":1,"chaos_brand":1,"mystic_touch":1,"mortal_wounds":1,"bleeding":1,"bloodlust":1,"bloodlust_percent":25,"bloodlust_time":0.5},"statistics":{"elapsed_cpu_seconds":5978.799575000003,"elapsed_time_seconds":6.417501000000001,"init_time_seconds":3.230461812,"merge_time_seconds":0.00557137,"analyze_time_seconds":0.08241021199999995,"simulation_length":{"sum":105946.01599999999,"count":357,"mean":296.7675518207283,"min":240.398,"max":359.92,"median":294.27,"variance":1290.550894600256,"std_dev":35.92423826054292,"mean_variance":3.614988500280829,"mean_std_dev":1.9013123100324232},"raid_dps":{"sum":6306771.365547331,"count":357,"mean":17666.026234026136},"total_dmg":{"sum":1870613846.1710742,"count":357,"mean":5239814.695157071},"total_iterations":72073,"total_actors":211,"total_iterations_mean":341.5781990521327,"total_iterations_variance":194925.4597156398,"total_iterations_stddev":441.5036349970856,"total_mean_dps_stddev":18.64426443100673,"total_mean_dps_variance":347.60859617330266},"player":{"name":"Template","race":"night_elf","level":120,"role":"attack","specialization":"Havoc Demon Hunter","profile_source":"default","talents":[{"tier":1,"id":22416,"spell_id":232893,"name":"Felblade"},{"tier":2,"id":22799,"spell_id":258920,"name":"Immolation Aura"},{"tier":3,"id":22909,"spell_id":258881,"name":"Trail of Ruin"},{"tier":5,"id":21867,"spell_id":206416,"name":"First Blood"},{"tier":6,"id":21870,"spell_id":203556,"name":"Master of the Glaive"},{"tier":7,"id":22547,"spell_id":206491,"name":"Nemesis"}],"party":0,"ready_type":0,"bugs":true,"scale_player":true,"potion_used":false,"timeofday":"NIGHT_TIME","invert_scaling":0,"reaction_offset":0.1,"reaction_max":1.4000000000000001,"reaction_mean":0.3,"reaction_stddev":0.06,"reaction_nu":0.25,"world_lag":0.1,"brain_lag":0.0,"brain_lag_stddev":0.0,"world_lag_override":false,"world_lag_stddev_override":false,"dbc":{"Live":{"build_level":27404,"wow_version":"8.0.1"},"version_used":"Live"},"collected_data":{"fight_length":{"sum":105946.016,"count":357,"mean":296.7675518207283,"min":240.398,"max":359.92},"executed_foreground_actions":{"sum":97020.0,"count":357,"mean":271.7647058823529,"min":218.0,"max":327.0},"dmg":{"sum":1870613846.1710742,"count":357,"mean":5239814.695157071,"min":4077111.7569743823,"max":6359012.882302663},"compound_dmg":{"sum":1870613846.1710742,"count":357,"mean":5239814.695157071,"min":4077111.7569743823,"max":6359012.882302663},"timeline_dmg":{"mean":18624.1516152496,"mean_std_dev":7342.294937352497,"min":7267.2347127992225,"max":53339.276388813596,