{"results":[["Trait","325","340","355","370","385"],["Thunderous Blast",338,490,676,880,1125],["Azerite Globules",141,278,426,588,790],["Tidal Surge",241,402,559,769,972],["Secrets of the Deep",192,314,475,656,888],["Gutripper",96,207,352,506,695],["Unstable Flames",26,157,272,410,590],["Blood Rite",90,189,291,470,663],["Heed My Call",117,277,418,578,773],["Filthy Transfusion",221,303,499,669,869],["Relational Normalization Gizmo",214,302,458,600,781],["Synaptic Spark Capacitor",504,711,921,1135,1437],["Flames of Alacrity",181,289,414,595,758],["Sylvanas' Resolve / Anduin's Dedication",193,347,498,664,857],["Swirling Sands",162,278,418,585,738],["Meticulous Scheming",66,174,305,477,649],["Ricocheting Inflatable Pyrosaw",176,322,467,641,867],["Laser Matrix",306,464,633,806,1059],["Tradewinds",159,266,404,550,723],["Collective Will / Stand As One",44,175,302,440,608],["Barrage Of Many Bombs",372,515,723,899,1176],["Preheat",7,165,303,447,656],["Blood Siphon",36,158,279,418,573],["Firemind",131,256,442,607,781],["Incite the Pack",113,267,393,533,703],["Combined Might / Stronger Together",1,134,243,382,539],["Blaster Master",257,365,524,671,842],["Duplicative Incineration",544,719,916,1122,1404],["Battlefield Focus / Battlefield Precision",2,138,224,375,515],["Blightborne Infusion",198,334,470,605,818],["Trailing Embers",109,230,352,504,700],["Retaliatory Fury / Last Gift",72,181,303,479,601],["Glory in Battle / Liberator's Might",56,164,333,467,661],["Ruinous Bolt",139,258,405,580,780],["Overwhelming Power",19,129,240,384,544],["Unstable Catalyst",238,380,529,710,927],["Champion of Azeroth",188,289,448,600,792],["Dagger in the Back",327,468,670,854,1070],["Earthlink",58,202,294,465,634],["Rezan's Fury",231,374,526,692,915],["Elemental Whirl",29,162,295,428,588]],"metas":{"build_date":"Aug 18 2018","build_time":"19:28:46","git_revision":"4b57bdcdae","options":{"debug":false,"max_time":300.0,"expected_iteration_time":273.59000000000003,"vary_combat_length":0.2,"iterations":2356,"target_error":0.2,"threads":32,"seed":16663579983418681067,"single_actor_batch":false,"queue_lag":0.005,"queue_lag_stddev":0.001,"gcd_lag":0.15,"gcd_lag_stddev":0.037,"channel_lag":0.25,"channel_lag_stddev":0.062,"queue_gcd_reduction":0.1,"strict_gcd_queue":0,"confidence":0.95,"confidence_estimator":1.9599639854089754,"world_lag":0.1,"world_lag_stddev":0.01,"travel_variance":0.0,"default_skill":1.0,"reaction_time":0.5,"regen_periodicity":0.25,"ignite_sampling_delta":0.2,"fixed_time":true,"optimize_expressions":true,"optimal_raid":1,"log":0,"debug_each":0,"stat_cache":1,"max_aoe_enemies":20,"show_etmi":false,"tmi_window_global":0.0,"tmi_bin_size":0.5,"enemy_death_pct":0.0,"challenge_mode":false,"timewalk":-1,"pvp_crit":false,"rng":{"name":"sse2-sfmt"},"deterministic":0,"average_range":1,"average_gauss":0,"fight_style":"Patchwerk","default_aura_delay":0.03,"default_aura_delay_stddev":0.005,"dbc":{"bfa-BETA":{"build_level":26095,"wow_version":"8.0.1"},"version_used":"bfa-BETA"}},"overrides":{"arcane_intellect":1,"battle_shout":1,"power_word_fortitude":1,"chaos_brand":1,"mystic_touch":1,"mortal_wounds":1,"bleeding":1,"bloodlust":1,"bloodlust_percent":25,"bloodlust_time":0.5},"statistics":{"elapsed_cpu_seconds":35793.43812800001,"elapsed_time_seconds":38.578331,"init_time_seconds":3.2301525040000003,"merge_time_seconds":0.006136766999999999,"analyze_time_seconds":0.4177632610000002,"simulation_length":{"sum":694197.2000000001,"count":2324,"mean":298.70791738382104,"min":240.047,"max":359.982,"median":297.985,"variance":1179.2850190499732,"std_dev":34.340719547644504,"mean_variance":0.5074376157702123,"mean_std_dev":0.7123465559474632},"raid_dps":{"sum":27420455.95535775,"count":2324,"mean":11798.819257899204},"total_dmg":{"sum":8184485097.5970745,"count":2324,"mean":3521723.363854163},"total_iterations":437888,"total_actors":201,"total_iterations_mean":2178.547263681592,"total_iterations_variance":2142391.800995025,"total_iterations_stddev":1463.6911562877685,"total_mean_dps_stddev":12.506155100997187,"total_mean_dps_variance":156.40391541019795},"player":{"name":"Template","race":"dark_iron_dwarf","level":120,"role":"spell","specialization":"Fire Mage","profile_source":"default","talents":[{"tier":1,"id":22456,"spell_id":205026,"name":"Firestarter"},{"tier":3,"id":22447,"spell_id":116011,"name":"Rune of Power"},{"tier":4,"id":22450,"spell_id":205029,"name":"Flame On"},{"tier":6,"id":23362,"spell_id":205023,"name":"Conflagration"},{"tier":7,"id":21633,"spell_id":153561,"name":"Meteor"}],"party":0,"ready_type":0,"bugs":true,"scale_player":true,"potion_used":false,"timeofday":"DAY_TIME","invert_scaling":0,"reaction_offset":0.1,"reaction_max":1.4000000000000001,"reaction_mean":0.3,"reaction_stddev":0.06,"reaction_nu":0.25,"world_lag":0.1,"brain_lag":0.0,"brain_lag_stddev":0.0,"world_lag_override":false,"world_lag_stddev_override":false,"dbc":{"bfa-BETA":{"build_level":26095,"wow_version":"8.0.1"},"version_used":"bfa-BETA"},"base_mana_regen_per_second":2000.0,"collected_data":{"fight_length":{"sum":694197.2000000001,"count":2324,"mean":298.70791738382104,"min":240.047,"max":359.982},"executed_foreground_actions":{"sum":520116.0,"count":2324,"mean":223.80206540447503,"min":179.0,"max":271.0},"dmg":{"sum":8184485097.5970745,"count":2324,"mean":3521723.363854163,"min":2488215.8765870896,"max":4396420.175954779},"compound_dmg":{"sum":8184485097.5970745,"count":2324,"mean":3521723.363854163,"min":2488215.8765870896,"max":4396420.175954779},"timeline_dmg":{"mean":11470.46702114034,"mean_std_dev":13540.376195706609,"min":2157.6563465757804,"max":82848.46700223749,