{"results":[["Trait","325","340","355","370","385"],["Laser Matrix",307,509,730,984,1268],["Archive of the Titans",307,536,699,948,1217],["Relational Normalization Gizmo",279,451,662,882,1178],["Synaptic Spark Capacitor",491,710,971,1269,1596],["Gutripper",90,259,441,664,919],["Sylvanas' Resolve / Anduin's Dedication",317,511,719,953,1253],["Swirling Sands",347,509,737,981,1200],["Tradewinds",210,346,551,753,996],["Ricocheting Inflatable Pyrosaw",200,361,558,831,1053],["Heed My Call",165,319,525,751,1007],["Barrage Of Many Bombs",398,587,835,1065,1418],["Collective Will / Stand As One",79,258,428,666,889],["Combined Might / Stronger Together",43,171,381,558,759],["Battlefield Focus / Battlefield Precision",111,253,447,675,934],["Retaliatory Fury / Last Gift",84,276,441,612,854],["Tunnel of Ice",178,320,493,717,991],["Glory in Battle / Liberator's Might",51,227,400,621,877],["Blood Rite",154,335,545,722,974],["Unstable Flames",125,276,456,672,891],["Meticulous Scheming",163,362,564,786,1016],["Winter's Reach",82,249,423,676,931],["Azerite Globules",114,287,445,651,887],["Incite the Pack",209,366,505,706,964],["Tidal Surge",281,444,652,870,1157],["Unstable Catalyst",356,549,798,1026,1326],["Packed Ice",144,300,490,732,940],["Glacial Assault",120,295,486,665,941],["Rezan's Fury",251,383,623,839,1097],["Earthlink",139,289,464,677,912],["Dagger in the Back",265,414,641,842,1167],["Secrets of the Deep",294,522,732,957,1282],["Blood Siphon",77,227,406,595,793],["Thunderous Blast",327,534,765,1024,1324],["Champion of Azeroth",267,434,668,947,1184],["Overwhelming Power",-73,64,245,425,651],["Frigid Grasp",-195,-14,182,376,637],["Filthy Transfusion",208,375,603,823,1060],["Ruinous Bolt",167,325,503,723,978],["Elemental Whirl",47,219,394,608,797],["Whiteout",-52,96,304,515,772],["Blightborne Infusion",400,570,774,958,1260]],"metas":{"build_date":"Aug 26 2018","build_time":"00:47:51","git_revision":"91e454c877","options":{"debug":false,"max_time":300.0,"expected_iteration_time":327.41200000000003,"vary_combat_length":0.2,"iterations":1770,"target_error":0.2,"threads":32,"seed":10898823811725976103,"single_actor_batch":false,"queue_lag":0.005,"queue_lag_stddev":0.001,"gcd_lag":0.15,"gcd_lag_stddev":0.037,"channel_lag":0.25,"channel_lag_stddev":0.062,"queue_gcd_reduction":0.1,"strict_gcd_queue":0,"confidence":0.95,"confidence_estimator":1.9599639854089754,"world_lag":0.1,"world_lag_stddev":0.01,"travel_variance":0.0,"default_skill":1.0,"reaction_time":0.5,"regen_periodicity":0.25,"ignite_sampling_delta":0.2,"fixed_time":true,"optimize_expressions":true,"optimal_raid":1,"log":0,"debug_each":0,"stat_cache":1,"max_aoe_enemies":20,"show_etmi":false,"tmi_window_global":0.0,"tmi_bin_size":0.5,"enemy_death_pct":0.0,"challenge_mode":false,"timewalk":-1,"pvp_crit":false,"rng":{"name":"sse2-sfmt"},"deterministic":0,"average_range":1,"average_gauss":0,"fight_style":"Patchwerk","default_aura_delay":0.03,"default_aura_delay_stddev":0.005,"dbc":{"Live":{"build_level":27404,"wow_version":"8.0.1"},"version_used":"Live"}},"overrides":{"arcane_intellect":1,"battle_shout":1,"power_word_fortitude":1,"chaos_brand":1,"mystic_touch":1,"mortal_wounds":1,"bleeding":1,"bloodlust":1,"bloodlust_percent":25,"bloodlust_time":0.5},"statistics":{"elapsed_cpu_seconds":28796.933893999998,"elapsed_time_seconds":30.773175,"init_time_seconds":2.9938232520000008,"merge_time_seconds":0.006462966,"analyze_time_seconds":0.3249314960000002,"simulation_length":{"sum":521492.29500000004,"count":1738,"mean":300.0531041426928,"min":240.42600000000002,"max":359.697,"median":300.654,"variance":1145.6805147342634,"std_dev":33.84790266374363,"mean_variance":0.6591947725743748,"mean_std_dev":0.8119081059912967},"raid_dps":{"sum":27073959.318742312,"count":1738,"mean":15577.652082130215},"total_dmg":{"sum":8106406880.760315,"count":1738,"mean":4664215.696639997},"total_iterations":355111,"total_actors":206,"total_iterations_mean":1723.8398058252428,"total_iterations_variance":2222005.7135922313,"total_iterations_stddev":1490.6393640288154,"total_mean_dps_stddev":16.479896602210175,"total_mean_dps_variance":271.58699201953846},"player":{"name":"Template","race":"pandaren","level":120,"role":"spell","specialization":"Frost Mage","profile_source":"default","talents":[{"tier":1,"id":22457,"spell_id":205027,"name":"Bone Chilling"},{"tier":3,"id":22444,"spell_id":1463,"name":"Incanter's Flow"},{"tier":4,"id":22469,"spell_id":257537,"name":"Ebonbolt"},{"tier":6,"id":22473,"spell_id":153595,"name":"Comet Storm"},{"tier":7,"id":21634,"spell_id":199786,"name":"Glacial Spike"}],"party":0,"ready_type":0,"bugs":true,"scale_player":true,"potion_used":false,"timeofday":"DAY_TIME","invert_scaling":0,"reaction_offset":0.1,"reaction_max":1.4000000000000001,"reaction_mean":0.3,"reaction_stddev":0.06,"reaction_nu":0.25,"world_lag":0.1,"brain_lag":0.0,"brain_lag_stddev":0.0,"world_lag_override":false,"world_lag_stddev_override":false,"dbc":{"Live":{"build_level":27404,"wow_version":"8.0.1"},"version_used":"Live"},"base_mana_regen_per_second":2000.0,"collected_data":{"fight_length":{"sum":521492.2949999999,"count":1738,"mean":300.0531041426927,"min":240.42600000000002,"max":359.697},"executed_foreground_actions":{"sum":346763.0,"count":1738,"mean":199.51841196777906,"min":161.0,"max":238.0},"dmg":{"sum":7695036110.513599,"count":1738,"mean":4427523.653920368,"min":3317462.185094225,"max":5607185.614979716},"compound_dmg":{"sum":8106406880.760315,"count":1738,"mean":4664215.696639997,"min":3512073.506025888,"max":5888565.018790097},"timeline_dmg":{"mean":15133.50844254302,"mean_std_dev":11741.939350344828,"min":1389.7033025826327,"max":75867.1837325396,