{"results":[["Trait","325","340","355","370","385"],["Laser Matrix",271,459,695,964,1216],["Archive of the Titans",298,494,717,982,1242],["Relational Normalization Gizmo",356,570,730,1009,1269],["Synaptic Spark Capacitor",601,825,1101,1419,1839],["Gutripper",63,249,425,660,884],["Sylvanas' Resolve / Anduin's Dedication",342,541,741,1013,1324],["Feeding Frenzy",285,431,607,811,1069],["Swirling Sands",331,532,762,973,1220],["Tradewinds",341,539,743,973,1231],["Ricocheting Inflatable Pyrosaw",244,403,660,927,1208],["Heed My Call",128,313,511,753,1012],["Barrage Of Many Bombs",447,636,870,1149,1486],["Serrated Jaws",108,275,466,709,934],["Tidal Surge",239,430,669,886,1173],["Collective Will / Stand As One",57,223,441,648,907],["Combined Might / Stronger Together",38,207,401,615,838],["Battlefield Focus / Battlefield Precision",65,217,415,572,856],["Retaliatory Fury / Last Gift",148,376,529,739,996],["Glory in Battle / Liberator's Might",236,379,617,820,1090],["Blood Rite",228,411,613,883,1134],["Unstable Flames",128,301,472,677,941],["Meticulous Scheming",54,228,377,585,839],["Incite the Pack",312,512,693,933,1191],["Unstable Catalyst",345,583,809,1057,1402],["Azerite Globules",150,337,547,805,1064],["Earthlink",110,274,479,673,963],["Haze of Rage",294,505,726,1006,1355],["Dagger in the Back",231,459,681,938,1225],["Secrets of the Deep",297,520,759,1007,1311],["Blood Siphon",119,286,435,671,898],["Pack Alpha",8,155,280,510,718],["Dance of Death",146,371,550,842,1110],["Ruinous Bolt",147,325,495,722,1010],["Overwhelming Power",100,250,417,672,876],["Thunderous Blast",278,480,744,980,1262],["Champion of Azeroth",398,592,842,1058,1312],["Rapid Reload",204,353,612,847,1127],["Filthy Transfusion",182,348,590,819,1065],["Primal Instincts",549,777,977,1240,1501],["Elemental Whirl",138,293,469,698,926],["Rezan's Fury",183,409,647,882,1154],["Blightborne Infusion",400,620,820,1004,1306]],"metas":{"build_date":"Aug 25 2018","build_time":"09:42:16","git_revision":"d4b8c45266","options":{"debug":false,"max_time":300.0,"expected_iteration_time":268.65500000000003,"vary_combat_length":0.2,"iterations":854,"target_error":0.2,"threads":32,"seed":13314923087160577324,"single_actor_batch":false,"queue_lag":0.005,"queue_lag_stddev":0.001,"gcd_lag":0.15,"gcd_lag_stddev":0.037,"channel_lag":0.25,"channel_lag_stddev":0.062,"queue_gcd_reduction":0.1,"strict_gcd_queue":0,"confidence":0.95,"confidence_estimator":1.9599639854089754,"world_lag":0.1,"world_lag_stddev":0.01,"travel_variance":0.0,"default_skill":1.0,"reaction_time":0.5,"regen_periodicity":0.25,"ignite_sampling_delta":0.2,"fixed_time":true,"optimize_expressions":true,"optimal_raid":1,"log":0,"debug_each":0,"stat_cache":1,"max_aoe_enemies":20,"show_etmi":false,"tmi_window_global":0.0,"tmi_bin_size":0.5,"enemy_death_pct":0.0,"challenge_mode":false,"timewalk":-1,"pvp_crit":false,"rng":{"name":"sse2-sfmt"},"deterministic":0,"average_range":1,"average_gauss":0,"fight_style":"Patchwerk","default_aura_delay":0.03,"default_aura_delay_stddev":0.005,"dbc":{"Live":{"build_level":27404,"wow_version":"8.0.1"},"version_used":"Live"}},"overrides":{"arcane_intellect":1,"battle_shout":1,"power_word_fortitude":1,"chaos_brand":1,"mystic_touch":1,"mortal_wounds":1,"bleeding":1,"bloodlust":1,"bloodlust_percent":25,"bloodlust_time":0.5},"statistics":{"elapsed_cpu_seconds":11717.277018999994,"elapsed_time_seconds":12.464431000000001,"init_time_seconds":2.304498361000001,"merge_time_seconds":0.006154605,"analyze_time_seconds":0.16525069800000003,"simulation_length":{"sum":246005.169,"count":822,"mean":299.2763613138686,"min":240.147,"max":359.76,"median":299.479,"variance":1155.4441779947567,"std_dev":33.99182516421789,"mean_variance":1.40564985157513,"mean_std_dev":1.1856010507650243},"raid_dps":{"sum":12957819.648094993,"count":822,"mean":15763.770861429432},"total_dmg":{"sum":3873451220.022281,"count":822,"mean":4712227.761584284},"total_iterations":153374,"total_actors":211,"total_iterations_mean":726.8909952606635,"total_iterations_variance":540846.4928909952,"total_iterations_stddev":735.4226627531921,"total_mean_dps_stddev":16.73453710537599,"total_mean_dps_variance":280.04473213120576},"player":{"name":"Template","race":"orc","level":120,"role":"attack","specialization":"Beast Mastery Hunter","profile_source":"default","talents":[{"tier":1,"id":22291,"spell_id":273887,"name":"Killer Instinct"},{"tier":2,"id":22290,"spell_id":53209,"name":"Chimaera Shot"},{"tier":4,"id":22269,"spell_id":131894,"name":"A Murder of Crows"},{"tier":6,"id":19357,"spell_id":199530,"name":"Stomp"},{"tier":7,"id":22273,"spell_id":191384,"name":"Aspect of the Beast"}],"party":0,"ready_type":0,"bugs":true,"scale_player":true,"potion_used":false,"timeofday":"DAY_TIME","invert_scaling":0,"reaction_offset":0.1,"reaction_max":1.4000000000000001,"reaction_mean":0.3,"reaction_stddev":0.06,"reaction_nu":0.25,"world_lag":0.1,"brain_lag":0.0,"brain_lag_stddev":0.0,"world_lag_override":false,"world_lag_stddev_override":false,"dbc":{"Live":{"build_level":27404,"wow_version":"8.0.1"},"version_used":"Live"},"base_focus_regen_per_second":10.0,"collected_data":{"fight_length":{"sum":246005.169,"count":822,"mean":299.2763613138686,"min":240.147,"max":359.76},"waiting_time":{"sum":35827.100000000006,"count":822,"mean":43.585279805352805,"min":22.0,"max":64.2},"executed_foreground_actions":{"sum":169725.0,"count":822,"mean":206.47810218978103,"min":160.0,"max":247.0},"dmg":{"sum":1151151630.7740602,"count":822,"mean":1400427.7746643068,"min":1067853.5384867487,"max":1791873.8921352513},"compound_dmg":{"sum":3873451220.022281,"count":822,"mean":4712227.761584284,"min":3645185.900903439,"max":5810922.908247795},"timeline_dmg":{"mean":15939.726329726478,"mean_std_dev":6501.610818513917,"min":0.0,"max":56619.748826605406,