{"results":[["Trait","325","340","355","370","385"],["Laser Matrix",300,443,594,786,998],["Archive of the Titans",171,285,423,554,732],["Relational Normalization Gizmo",181,298,432,576,764],["Synaptic Spark Capacitor",159,290,415,561,751],["Swirling Sands",195,331,446,604,750],["Tradewinds",125,249,361,504,655],["Ancestral Resonance",177,277,423,551,720],["Ricocheting Inflatable Pyrosaw",88,172,317,436,604],["Barrage Of Many Bombs",154,252,380,553,711],["Rumbling Tremors",121,237,396,533,712],["Synapse Shock",146,260,396,527,735],["Tidal Surge",233,357,489,654,864],["Collective Will / Stand As One",68,168,282,407,573],["On My Way",42,156,250,399,533],["Combined Might / Stronger Together",23,110,231,354,501],["Sylvanas' Resolve / Anduin's Dedication",193,300,432,618,758],["Battlefield Focus / Battlefield Precision",215,346,489,653,845],["Gutripper",62,179,310,440,603],["Retaliatory Fury / Last Gift",61,167,273,377,544],["Lava Shock",161,256,392,561,750],["Echo of the Elementals",259,365,515,674,872],["Glory in Battle / Liberator's Might",138,239,354,482,655],["Blood Rite",139,206,333,482,650],["Heed My Call",106,189,328,468,632],["Meticulous Scheming",129,223,353,472,629],["Incite the Pack",129,217,356,482,622],["Natural Harmony",132,248,352,474,631],["Unstable Flames",73,150,298,424,565],["Unstable Catalyst",216,335,465,634,830],["Azerite Globules",57,160,282,411,558],["Earthlink",57,168,288,421,597],["Rezan's Fury",215,360,513,660,880],["Igneous Potential",361,503,626,821,1000],["Filthy Transfusion",212,344,494,672,868],["Thunderous Blast",341,478,633,855,1054],["Secrets of the Deep",186,287,444,614,771],["Dagger in the Back",270,409,552,738,947],["Blood Siphon",41,136,246,362,524],["Champion of Azeroth",187,322,462,580,749],["Overwhelming Power",84,194,304,423,583],["Elemental Whirl",61,154,274,412,532],["Blightborne Infusion",241,357,498,635,817],["Ruinous Bolt",120,256,378,527,676]],"metas":{"build_date":"Aug 28 2018","build_time":"05:59:50","git_revision":"6deede5a59","options":{"debug":false,"max_time":300.0,"expected_iteration_time":255.60500000000002,"vary_combat_length":0.2,"iterations":1008,"target_error":0.2,"threads":32,"seed":16697967996138535800,"single_actor_batch":false,"queue_lag":0.005,"queue_lag_stddev":0.001,"gcd_lag":0.15,"gcd_lag_stddev":0.037,"channel_lag":0.25,"channel_lag_stddev":0.062,"queue_gcd_reduction":0.1,"strict_gcd_queue":0,"confidence":0.95,"confidence_estimator":1.9599639854089754,"world_lag":0.1,"world_lag_stddev":0.01,"travel_variance":0.0,"default_skill":1.0,"reaction_time":0.5,"regen_periodicity":0.25,"ignite_sampling_delta":0.2,"fixed_time":true,"optimize_expressions":true,"optimal_raid":1,"log":0,"debug_each":0,"stat_cache":1,"max_aoe_enemies":20,"show_etmi":false,"tmi_window_global":0.0,"tmi_bin_size":0.5,"enemy_death_pct":0.0,"challenge_mode":false,"timewalk":-1,"pvp_crit":false,"rng":{"name":"sse2-sfmt"},"deterministic":0,"average_range":1,"average_gauss":0,"fight_style":"Patchwerk","default_aura_delay":0.03,"default_aura_delay_stddev":0.005,"dbc":{"Live":{"build_level":27404,"wow_version":"8.0.1"},"version_used":"Live"}},"overrides":{"arcane_intellect":1,"battle_shout":1,"power_word_fortitude":1,"chaos_brand":1,"mystic_touch":1,"mortal_wounds":1,"bleeding":1,"bloodlust":1,"bloodlust_percent":25,"bloodlust_time":0.5},"statistics":{"elapsed_cpu_seconds":9358.396183,"elapsed_time_seconds":10.030185,"init_time_seconds":3.0941627190000016,"merge_time_seconds":0.006241437,"analyze_time_seconds":0.1978033530000001,"simulation_length":{"sum":292190.845,"count":976,"mean":299.3758657786885,"min":240.12,"max":359.992,"median":299.313,"variance":1219.7614716653861,"std_dev":34.92508370305483,"mean_variance":1.249755606214535,"mean_std_dev":1.1179246871835933},"raid_dps":{"sum":9732155.561523408,"count":976,"mean":9971.470862216605},"total_dmg":{"sum":2909237241.1591163,"count":976,"mean":2980775.861843357},"total_iterations":194596,"total_actors":216,"total_iterations_mean":900.9074074074074,"total_iterations_variance":694294.1481481484,"total_iterations_stddev":833.2431506758087,"total_mean_dps_stddev":10.590352764218558,"total_mean_dps_variance":112.15557167059166},"player":{"name":"Template","race":"troll","level":120,"role":"spell","specialization":"Elemental Shaman","profile_source":"default","talents":[{"tier":1,"id":22357,"spell_id":108283,"name":"Echo of the Elements"},{"tier":2,"id":23190,"spell_id":210643,"name":"Totem Mastery"},{"tier":4,"id":19273,"spell_id":192222,"name":"Liquid Magma Totem"},{"tier":6,"id":19266,"spell_id":117013,"name":"Primal Elementalist"},{"tier":7,"id":21675,"spell_id":114050,"name":"Ascendance"}],"party":0,"ready_type":0,"bugs":true,"scale_player":true,"potion_used":false,"timeofday":"DAY_TIME","invert_scaling":0,"reaction_offset":0.1,"reaction_max":1.4000000000000001,"reaction_mean":0.3,"reaction_stddev":0.06,"reaction_nu":0.25,"world_lag":0.1,"brain_lag":0.0,"brain_lag_stddev":0.0,"world_lag_override":false,"world_lag_stddev_override":false,"dbc":{"Live":{"build_level":27404,"wow_version":"8.0.1"},"version_used":"Live"},"base_mana_regen_per_second":640.0,"collected_data":{"fight_length":{"sum":292190.84500000003,"count":976,"mean":299.37586577868854,"min":240.12,"max":359.992},"executed_foreground_actions":{"sum":223289.0,"count":976,"mean":228.7797131147541,"min":184.0,"max":273.0},"dmg":{"sum":2379167825.6604548,"count":976,"mean":2437671.9525209577,"min":1833704.8371296672,"max":3001201.763501896},"compound_dmg":{"sum":2909237241.1591163,"count":976,"mean":2980775.861843357,"min":2307644.1538569806,"max":3644638.0309639694},"timeline_dmg":{"mean":10024.068382128708,"mean_std_dev":5326.589057186968,"min":3991.370801611867,"max":48648.874336651825,