{"results":[["Trait","325","340","355","370","385"],["Thunderous Blast",396,553,744,983,1266],["Azerite Globules",220,391,552,793,1014],["Tidal Surge",314,430,661,863,1137],["Secrets of the Deep",269,402,638,845,1109],["Gutripper",104,262,437,586,806],["Unstable Flames",95,254,404,583,756],["Blood Rite",170,317,489,653,874],["Heed My Call",192,329,512,721,958],["Filthy Transfusion",215,372,567,780,1028],["Relational Normalization Gizmo",253,446,614,786,1032],["Synaptic Spark Capacitor",649,853,1095,1405,1738],["Flames of Alacrity",263,387,571,724,989],["Sylvanas' Resolve / Anduin's Dedication",265,454,617,854,1074],["Swirling Sands",284,461,644,807,1064],["Meticulous Scheming",186,285,418,603,815],["Ricocheting Inflatable Pyrosaw",320,491,676,898,1161],["Laser Matrix",364,499,707,947,1206],["Tradewinds",497,695,835,1051,1254],["Collective Will / Stand As One",85,221,362,581,762],["Barrage Of Many Bombs",493,695,931,1206,1501],["Preheat",105,263,477,661,899],["Blood Siphon",181,332,491,666,864],["Firemind",210,390,541,748,1006],["Incite the Pack",470,607,742,1002,1245],["Combined Might / Stronger Together",103,208,393,525,720],["Blaster Master",756,904,1099,1327,1628],["Duplicative Incineration",710,925,1117,1426,1701],["Battlefield Focus / Battlefield Precision",48,166,341,492,653],["Blightborne Infusion",336,507,702,895,1129],["Trailing Embers",257,391,587,792,1009],["Retaliatory Fury / Last Gift",267,399,585,754,985],["Glory in Battle / Liberator's Might",191,346,489,702,875],["Ruinous Bolt",202,335,500,690,937],["Overwhelming Power",78,220,383,500,717],["Unstable Catalyst",310,498,667,903,1178],["Champion of Azeroth",374,526,738,939,1146],["Dagger in the Back",371,562,691,950,1223],["Earthlink",107,271,397,597,843],["Rezan's Fury",279,421,612,858,1060],["Elemental Whirl",152,271,443,598,844]],"metas":{"build_date":"Aug 19 2018","build_time":"01:32:03","git_revision":"08c89b7e98","options":{"debug":false,"max_time":300.0,"expected_iteration_time":312.14300000000003,"vary_combat_length":0.2,"iterations":884,"target_error":0.2,"threads":32,"seed":6073532532555787650,"single_actor_batch":false,"queue_lag":0.005,"queue_lag_stddev":0.001,"gcd_lag":0.15,"gcd_lag_stddev":0.037,"channel_lag":0.25,"channel_lag_stddev":0.062,"queue_gcd_reduction":0.1,"strict_gcd_queue":0,"confidence":0.95,"confidence_estimator":1.9599639854089754,"world_lag":0.1,"world_lag_stddev":0.01,"travel_variance":0.0,"default_skill":1.0,"reaction_time":0.5,"regen_periodicity":0.25,"ignite_sampling_delta":0.2,"fixed_time":true,"optimize_expressions":true,"optimal_raid":1,"log":0,"debug_each":0,"stat_cache":1,"max_aoe_enemies":20,"show_etmi":false,"tmi_window_global":0.0,"tmi_bin_size":0.5,"enemy_death_pct":0.0,"challenge_mode":false,"timewalk":-1,"pvp_crit":false,"rng":{"name":"sse2-sfmt"},"deterministic":0,"average_range":1,"average_gauss":0,"fight_style":"Patchwerk","default_aura_delay":0.03,"default_aura_delay_stddev":0.005,"dbc":{"bfa-BETA":{"build_level":26095,"wow_version":"8.0.1"},"version_used":"bfa-BETA"}},"overrides":{"arcane_intellect":1,"battle_shout":1,"power_word_fortitude":1,"chaos_brand":1,"mystic_touch":1,"mortal_wounds":1,"bleeding":1,"bloodlust":1,"bloodlust_percent":25,"bloodlust_time":0.5},"statistics":{"elapsed_cpu_seconds":12716.889498000002,"elapsed_time_seconds":13.722504,"init_time_seconds":3.251923246,"merge_time_seconds":0.005584417,"analyze_time_seconds":0.17894858200000013,"simulation_length":{"sum":257636.60100000008,"count":852,"mean":302.39037676056347,"min":240.184,"max":359.969,"median":305.933,"variance":1238.9977822465491,"std_dev":35.19940031089378,"mean_variance":1.454222749115668,"mean_std_dev":1.2059115842862063},"raid_dps":{"sum":11905045.753291335,"count":852,"mean":13973.058395881848},"total_dmg":{"sum":3595461832.6154404,"count":852,"mean":4220025.625135493},"total_iterations":169770,"total_actors":201,"total_iterations_mean":844.6268656716418,"total_iterations_variance":1723665.0149253726,"total_iterations_stddev":1312.884235157606,"total_mean_dps_stddev":14.898385913520011,"total_mean_dps_variance":221.9619028281715},"player":{"name":"Template","race":"dark_iron_dwarf","level":120,"role":"spell","specialization":"Fire Mage","profile_source":"default","talents":[{"tier":1,"id":22456,"spell_id":205026,"name":"Firestarter"},{"tier":3,"id":22447,"spell_id":116011,"name":"Rune of Power"},{"tier":4,"id":22450,"spell_id":205029,"name":"Flame On"},{"tier":6,"id":23362,"spell_id":205023,"name":"Conflagration"},{"tier":7,"id":21633,"spell_id":153561,"name":"Meteor"}],"party":0,"ready_type":0,"bugs":true,"scale_player":true,"potion_used":false,"timeofday":"DAY_TIME","invert_scaling":0,"reaction_offset":0.1,"reaction_max":1.4000000000000001,"reaction_mean":0.3,"reaction_stddev":0.06,"reaction_nu":0.25,"world_lag":0.1,"brain_lag":0.0,"brain_lag_stddev":0.0,"world_lag_override":false,"world_lag_stddev_override":false,"dbc":{"bfa-BETA":{"build_level":26095,"wow_version":"8.0.1"},"version_used":"bfa-BETA"},"base_mana_regen_per_second":2000.0,"collected_data":{"fight_length":{"sum":257636.60100000002,"count":852,"mean":302.3903767605634,"min":240.184,"max":359.969},"executed_foreground_actions":{"sum":193448.0,"count":852,"mean":227.05164319248826,"min":180.0,"max":268.0},"dmg":{"sum":3595461832.6154404,"count":852,"mean":4220025.625135493,"min":3206762.287536501,"max":5122944.338621124},"compound_dmg":{"sum":3595461832.6154404,"count":852,"mean":4220025.625135493,"min":3206762.287536501,"max":5122944.338621124},"timeline_dmg":{"mean":14007.928897018857,"mean_std_dev":10967.021777974858,"min":2794.178265893478,"max":74641.18901746735,