{"results":[["Trait","325","340","355","370","385"],["Laser Matrix",383,557,737,921,1166],["Archive of the Titans",188,305,448,637,777],["Relational Normalization Gizmo",191,308,449,599,771],["Synaptic Spark Capacitor",188,340,487,631,855],["Swirling Sands",203,333,474,614,783],["Tradewinds",115,243,349,513,682],["Ricocheting Inflatable Pyrosaw",100,234,382,515,694],["Heed My Call",115,244,386,535,711],["Barrage Of Many Bombs",199,321,469,624,815],["Seething Power",165,310,458,623,828],["Tidal Surge",276,429,592,775,996],["Collective Will / Stand As One",74,169,311,450,628],["Combined Might / Stronger Together",18,130,235,395,547],["Sylvanas' Resolve / Anduin's Dedication",203,327,463,652,831],["Battlefield Focus / Battlefield Precision",317,456,614,835,1040],["Gutripper",114,208,350,543,701],["Retaliatory Fury / Last Gift",38,145,282,407,578],["Glory in Battle / Liberator's Might",107,232,366,497,670],["Blood Rite",116,233,344,500,666],["Unstable Flames",46,160,279,446,576],["Meticulous Scheming",167,244,392,563,708],["Incite the Pack",90,225,336,495,649],["Unstable Catalyst",221,367,515,677,897],["Azerite Globules",75,187,321,475,630],["Earthlink",52,196,300,459,641],["Secrets of the Deep",203,338,494,647,870],["Unbound Chaos",461,632,816,1032,1292],["Dagger in the Back",351,525,673,910,1130],["Blood Siphon",45,155,270,386,544],["Thirsting Blades",325,446,575,738,937],["Ruinous Bolt",161,291,438,597,791],["Eyes of Rage",92,194,325,447,646],["Furious Gaze",107,211,329,473,638],["Filthy Transfusion",266,414,600,786,970],["Thunderous Blast",434,587,784,1021,1274],["Elemental Whirl",63,176,280,416,571],["Lifespeed",43,136,252,394,542],["Blightborne Infusion",244,355,493,649,817],["Champion of Azeroth",198,305,448,613,764],["Overwhelming Power",42,154,269,398,558],["Revolving Blades",520,706,888,1097,1352],["Rezan's Fury",313,458,595,790,1040]],"metas":{"build_date":"Aug 26 2018","build_time":"00:47:51","git_revision":"91e454c877","options":{"debug":false,"max_time":300.0,"expected_iteration_time":334.30400000000003,"vary_combat_length":0.2,"iterations":878,"target_error":0.2,"threads":32,"seed":13179293639598104316,"single_actor_batch":false,"queue_lag":0.005,"queue_lag_stddev":0.001,"gcd_lag":0.15,"gcd_lag_stddev":0.037,"channel_lag":0.25,"channel_lag_stddev":0.062,"queue_gcd_reduction":0.1,"strict_gcd_queue":0,"confidence":0.95,"confidence_estimator":1.9599639854089754,"world_lag":0.1,"world_lag_stddev":0.01,"travel_variance":0.0,"default_skill":1.0,"reaction_time":0.5,"regen_periodicity":0.25,"ignite_sampling_delta":0.2,"fixed_time":true,"optimize_expressions":true,"optimal_raid":1,"log":0,"debug_each":0,"stat_cache":1,"max_aoe_enemies":20,"show_etmi":false,"tmi_window_global":0.0,"tmi_bin_size":0.5,"enemy_death_pct":0.0,"challenge_mode":false,"timewalk":-1,"pvp_crit":false,"rng":{"name":"sse2-sfmt"},"deterministic":0,"average_range":1,"average_gauss":0,"fight_style":"Patchwerk","default_aura_delay":0.03,"default_aura_delay_stddev":0.005,"dbc":{"Live":{"build_level":27404,"wow_version":"8.0.1"},"version_used":"Live"}},"overrides":{"arcane_intellect":1,"battle_shout":1,"power_word_fortitude":1,"chaos_brand":1,"mystic_touch":1,"mortal_wounds":1,"bleeding":1,"bloodlust":1,"bloodlust_percent":25,"bloodlust_time":0.5},"statistics":{"elapsed_cpu_seconds":13792.820643999996,"elapsed_time_seconds":14.619638,"init_time_seconds":3.150477498000002,"merge_time_seconds":0.004714818,"analyze_time_seconds":0.16558774800000006,"simulation_length":{"sum":254287.73900000003,"count":846,"mean":300.57652364066195,"min":240.247,"max":359.939,"median":300.355,"variance":1204.4248912825383,"std_dev":34.704825187321404,"mean_variance":1.4236700842583194,"mean_std_dev":1.193176468196687},"raid_dps":{"sum":8650305.107339442,"count":846,"mean":10224.946935389411},"total_dmg":{"sum":2598133211.8633475,"count":846,"mean":3071079.446646983},"total_iterations":175883,"total_actors":211,"total_iterations_mean":833.568720379147,"total_iterations_variance":623883.7535545025,"total_iterations_stddev":789.8631233033369,"total_mean_dps_stddev":10.904919961350593,"total_mean_dps_variance":118.91727936346263},"player":{"name":"Template","race":"night_elf","level":120,"role":"attack","specialization":"Havoc Demon Hunter","profile_source":"default","talents":[{"tier":1,"id":22416,"spell_id":232893,"name":"Felblade"},{"tier":2,"id":22765,"spell_id":203555,"name":"Demon Blades"},{"tier":3,"id":22909,"spell_id":258881,"name":"Trail of Ruin"},{"tier":5,"id":21867,"spell_id":206416,"name":"First Blood"},{"tier":6,"id":21870,"spell_id":203556,"name":"Master of the Glaive"},{"tier":7,"id":22547,"spell_id":206491,"name":"Nemesis"}],"party":0,"ready_type":0,"bugs":true,"scale_player":true,"potion_used":false,"timeofday":"NIGHT_TIME","invert_scaling":0,"reaction_offset":0.1,"reaction_max":1.4000000000000001,"reaction_mean":0.3,"reaction_stddev":0.06,"reaction_nu":0.25,"world_lag":0.1,"brain_lag":0.0,"brain_lag_stddev":0.0,"world_lag_override":false,"world_lag_stddev_override":false,"dbc":{"Live":{"build_level":27404,"wow_version":"8.0.1"},"version_used":"Live"},"collected_data":{"fight_length":{"sum":254287.73899999997,"count":846,"mean":300.5765236406619,"min":240.247,"max":359.939},"waiting_time":{"sum":29138.500000000007,"count":846,"mean":34.44267139479906,"min":14.4,"max":55.1},"executed_foreground_actions":{"sum":225385.0,"count":846,"mean":266.4125295508274,"min":204.0,"max":321.0},"dmg":{"sum":2598133211.8633475,"count":846,"mean":3071079.446646983,"min":2276848.3139807186,"max":3671546.446983672},"compound_dmg":{"sum":2598133211.8633475,"count":846,"mean":3071079.446646983,"min":2276848.3139807186,"max":3671546.446983672},"timeline_dmg":{"mean":10210.4427645158,"mean_std_dev":4402.5703927024215,"min":3464.8591859029466,"max":36810.67021879027,