{"results":[["Trait","325","340","355","370","385"],["Thunderous Blast",389,527,720,907,1133],["Dagger in the Back",385,536,721,924,1138],["Unstable Flames",91,178,302,429,572],["Secrets of the Deep",203,321,460,617,805],["Gutripper",124,206,338,486,669],["Blood Rite",132,221,340,493,635],["Heed My Call",127,221,358,517,673],["Tidal Surge",274,410,567,737,932],["Filthy Transfusion",250,393,528,716,906],["Relational Normalization Gizmo",182,314,433,610,754],["Synaptic Spark Capacitor",195,326,472,612,823],["Sylvanas' Resolve / Anduin's Dedication",213,331,462,600,789],["Swirling Sands",251,366,492,637,808],["Meticulous Scheming",148,280,377,514,663],["Ricocheting Inflatable Pyrosaw",102,229,345,464,649],["Laser Matrix",344,475,655,855,1059],["Tradewinds",187,314,406,536,708],["Collective Will / Stand As One",56,156,300,417,587],["Barrage Of Many Bombs",176,298,443,591,770],["Snake Eyes",81,163,282,403,572],["Overwhelming Power",57,158,261,415,549],["Paradise Lost",290,430,570,757,986],["Brigand's Blitz",123,233,341,473,635],["Azerite Globules",78,182,305,436,618],["Ace Up Your Sleeve",-51,45,154,299,438],["Deadshot",194,340,506,675,927],["Incite the Pack",169,272,396,521,680],["Combined Might / Stronger Together",29,133,253,369,500],["Storm of Steel",268,415,558,709,939],["Battlefield Focus / Battlefield Precision",18,132,226,350,510],["Retaliatory Fury / Last Gift",103,195,314,440,596],["Glory in Battle / Liberator's Might",164,263,374,510,670],["Ruinous Bolt",157,281,411,588,737],["Unstable Catalyst",217,348,487,641,846],["Blood Siphon",64,168,277,400,559],["Champion of Azeroth",254,377,500,627,796],["Blightborne Infusion",292,383,523,678,852],["Earthlink",76,195,316,434,615],["Rezan's Fury",274,406,562,741,961],["Elemental Whirl",86,178,293,428,575]],"metas":{"build_date":"Aug 17 2018","build_time":"18:41:44","git_revision":"d045f58118","options":{"debug":false,"max_time":300.0,"expected_iteration_time":355.31600000000003,"vary_combat_length":0.2,"iterations":1015,"target_error":0.2,"threads":32,"seed":8012578030358505917,"single_actor_batch":false,"queue_lag":0.005,"queue_lag_stddev":0.001,"gcd_lag":0.15,"gcd_lag_stddev":0.037,"channel_lag":0.25,"channel_lag_stddev":0.062,"queue_gcd_reduction":0.1,"strict_gcd_queue":0,"confidence":0.95,"confidence_estimator":1.9599639854089754,"world_lag":0.1,"world_lag_stddev":0.01,"travel_variance":0.0,"default_skill":1.0,"reaction_time":0.5,"regen_periodicity":0.25,"ignite_sampling_delta":0.2,"fixed_time":true,"optimize_expressions":true,"optimal_raid":1,"log":0,"debug_each":0,"stat_cache":1,"max_aoe_enemies":20,"show_etmi":false,"tmi_window_global":0.0,"tmi_bin_size":0.5,"enemy_death_pct":0.0,"challenge_mode":false,"timewalk":-1,"pvp_crit":false,"rng":{"name":"sse2-sfmt"},"deterministic":0,"average_range":1,"average_gauss":0,"fight_style":"Patchwerk","default_aura_delay":0.03,"default_aura_delay_stddev":0.005,"dbc":{"bfa-BETA":{"build_level":26095,"wow_version":"8.0.1"},"version_used":"bfa-BETA"}},"overrides":{"arcane_intellect":1,"battle_shout":1,"power_word_fortitude":1,"chaos_brand":1,"mystic_touch":1,"mortal_wounds":1,"bleeding":1,"bloodlust":1,"bloodlust_percent":25,"bloodlust_time":0.5},"statistics":{"elapsed_cpu_seconds":11805.397796000003,"elapsed_time_seconds":12.676495999999998,"init_time_seconds":2.3112314689999995,"merge_time_seconds":0.0055339790000000005,"analyze_time_seconds":0.18026334300000008,"simulation_length":{"sum":294518.85300000006,"count":983,"mean":299.61226144455753,"min":240.552,"max":359.885,"median":298.43,"variance":1137.4479837190327,"std_dev":33.72607275860966,"mean_variance":1.1571190068352315,"mean_std_dev":1.0756946624554904},"raid_dps":{"sum":9424016.220828893,"count":983,"mean":9586.995138177917},"total_dmg":{"sum":2821411442.876031,"count":983,"mean":2870204.926628719},"total_iterations":196033,"total_actors":201,"total_iterations_mean":975.2885572139304,"total_iterations_variance":842835.2636815924,"total_iterations_stddev":918.060599133626,"total_mean_dps_stddev":10.218416857262593,"total_mean_dps_variance":104.41604306878833},"player":{"name":"Template","race":"dwarf","level":120,"role":"attack","specialization":"Outlaw Rogue","profile_source":"default","talents":[{"tier":1,"id":22119,"spell_id":196938,"name":"Quick Draw"},{"tier":2,"id":19238,"spell_id":196922,"name":"Hit and Run"},{"tier":3,"id":19239,"spell_id":14983,"name":"Vigor"},{"tier":6,"id":19250,"spell_id":5171,"name":"Slice and Dice"},{"tier":7,"id":23075,"spell_id":271877,"name":"Blade Rush"}],"party":0,"ready_type":1,"bugs":true,"scale_player":true,"potion_used":false,"timeofday":"DAY_TIME","invert_scaling":0,"reaction_offset":0.1,"reaction_max":1.4000000000000001,"reaction_mean":0.3,"reaction_stddev":0.06,"reaction_nu":0.25,"world_lag":0.1,"brain_lag":0.0,"brain_lag_stddev":0.0,"world_lag_override":false,"world_lag_stddev_override":false,"dbc":{"bfa-BETA":{"build_level":26095,"wow_version":"8.0.1"},"version_used":"bfa-BETA"},"base_energy_regen_per_second":14.85,"collected_data":{"fight_length":{"sum":294518.853,"count":983,"mean":299.6122614445575,"min":240.552,"max":359.885},"waiting_time":{"sum":20616.204999999994,"count":983,"mean":20.97274160732451,"min":10.326,"max":33.185},"executed_foreground_actions":{"sum":290978.0,"count":983,"mean":296.01017293997967,"min":231.0,"max":363.0},"dmg":{"sum":2821411442.876031,"count":983,"mean":2870204.926628719,"min":2196656.857969158,"max":3593915.7080343897},"compound_dmg":{"sum":2821411442.876031,"count":983,"mean":2870204.926628719,"min":2196656.857969158,"max":3593915.7080343897},"timeline_dmg":{"mean":9652.644113875507,"mean_std_dev":2084.4187868180184,"min":3598.2535721984723,"max":21779.091647637226,