{"results":[["Trait","325","340","355","370","385"],["Thunderous Blast",323,459,686,885,1085],["Azerite Globules",44,187,315,462,619],["Tidal Surge",264,417,575,736,959],["Secrets of the Deep",229,359,512,662,866],["Gutripper",79,223,342,469,668],["Unstable Flames",127,216,371,468,677],["Blood Rite",201,279,397,550,759],["Heed My Call",83,227,367,544,693],["Relational Normalization Gizmo",256,343,491,677,849],["Arcane Pummeling",72,201,338,513,694],["Synaptic Spark Capacitor",242,329,483,667,853],["Sylvanas' Resolve / Anduin's Dedication",208,371,495,675,899],["Swirling Sands",273,382,509,692,861],["Meticulous Scheming",18,125,268,390,556],["Ricocheting Inflatable Pyrosaw",97,206,330,488,676],["Laser Matrix",290,455,639,826,1047],["Tradewinds",268,364,503,666,830],["Collective Will / Stand As One",59,184,307,428,632],["Barrage Of Many Bombs",147,254,421,605,758],["Incite the Pack",222,346,445,620,794],["Brain Storm",101,236,368,511,682],["Arcane Pressure",125,239,379,536,697],["Glory in Battle / Liberator's Might",190,316,430,597,749],["Explosive Echo",20,106,207,340,521],["Ruinous Bolt",152,280,429,597,755],["Dagger in the Back",349,504,666,857,1084],["Galvanizing Spark",440,610,756,988,1221],["Filthy Transfusion",219,340,529,670,878],["Combined Might / Stronger Together",35,164,287,408,564],["Battlefield Focus / Battlefield Precision",29,109,255,385,543],["Anomalous Impact",81,164,299,452,611],["Retaliatory Fury / Last Gift",138,218,385,536,674],["Unstable Catalyst",260,370,537,697,916],["Blood Siphon",99,204,316,458,631],["Overwhelming Power",120,249,369,543,729],["Champion of Azeroth",319,443,585,761,929],["Blightborne Infusion",337,453,642,794,973],["Earthlink",68,183,337,468,663],["Rezan's Fury",249,368,544,708,958],["Elemental Whirl",89,180,321,477,650]],"metas":{"build_date":"Aug 20 2018","build_time":"15:55:45","git_revision":"04f3f715c8","options":{"debug":false,"max_time":300.0,"expected_iteration_time":248.79500000000002,"vary_combat_length":0.2,"iterations":1491,"target_error":0.2,"threads":32,"seed":12644869498323091244,"single_actor_batch":false,"queue_lag":0.005,"queue_lag_stddev":0.001,"gcd_lag":0.15,"gcd_lag_stddev":0.037,"channel_lag":0.25,"channel_lag_stddev":0.062,"queue_gcd_reduction":0.1,"strict_gcd_queue":0,"confidence":0.95,"confidence_estimator":1.9599639854089754,"world_lag":0.1,"world_lag_stddev":0.01,"travel_variance":0.0,"default_skill":1.0,"reaction_time":0.5,"regen_periodicity":0.25,"ignite_sampling_delta":0.2,"fixed_time":true,"optimize_expressions":true,"optimal_raid":1,"log":0,"debug_each":0,"stat_cache":1,"max_aoe_enemies":20,"show_etmi":false,"tmi_window_global":0.0,"tmi_bin_size":0.5,"enemy_death_pct":0.0,"challenge_mode":false,"timewalk":-1,"pvp_crit":false,"rng":{"name":"sse2-sfmt"},"deterministic":0,"average_range":1,"average_gauss":0,"fight_style":"Patchwerk","default_aura_delay":0.03,"default_aura_delay_stddev":0.005,"dbc":{"bfa-BETA":{"build_level":26095,"wow_version":"8.0.1"},"version_used":"bfa-BETA"}},"overrides":{"arcane_intellect":1,"battle_shout":1,"power_word_fortitude":1,"chaos_brand":1,"mystic_touch":1,"mortal_wounds":1,"bleeding":1,"bloodlust":1,"bloodlust_percent":25,"bloodlust_time":0.5},"statistics":{"elapsed_cpu_seconds":7865.007588999997,"elapsed_time_seconds":8.441689,"init_time_seconds":2.5115538190000017,"merge_time_seconds":0.004754416000000001,"analyze_time_seconds":0.3712604319999998,"simulation_length":{"sum":437422.56599999993,"count":1459,"mean":299.809846470185,"min":240.139,"max":359.96,"median":298.995,"variance":1236.6675536241323,"std_dev":35.16628433065018,"mean_variance":0.8476131279123593,"mean_std_dev":0.920659072573751},"raid_dps":{"sum":20828221.902495503,"count":1459,"mean":14275.683277927008},"total_dmg":{"sum":6231050933.928184,"count":1459,"mean":4270768.289189982},"total_iterations":303233,"total_actors":201,"total_iterations_mean":1508.6218905472638,"total_iterations_variance":945813.2636815923,"total_iterations_stddev":972.5293125050742,"total_mean_dps_stddev":15.025477668306523,"total_mean_dps_variance":225.76497916077804},"player":{"name":"Template","race":"troll","level":120,"role":"spell","specialization":"Arcane Mage","profile_source":"default","talents":[{"tier":1,"id":22461,"spell_id":264354,"name":"Rule of Threes"},{"tier":3,"id":22447,"spell_id":116011,"name":"Rune of Power"},{"tier":4,"id":22467,"spell_id":205032,"name":"Charged Up"},{"tier":6,"id":22449,"spell_id":210725,"name":"Touch of the Magi"},{"tier":7,"id":21630,"spell_id":155147,"name":"Overpowered"}],"party":0,"ready_type":0,"bugs":true,"scale_player":true,"potion_used":false,"timeofday":"DAY_TIME","invert_scaling":0,"reaction_offset":0.1,"reaction_max":1.4000000000000001,"reaction_mean":0.3,"reaction_stddev":0.06,"reaction_nu":0.25,"world_lag":0.1,"brain_lag":0.0,"brain_lag_stddev":0.0,"world_lag_override":false,"world_lag_stddev_override":false,"dbc":{"bfa-BETA":{"build_level":26095,"wow_version":"8.0.1"},"version_used":"bfa-BETA"},"base_mana_regen_per_second":2000.0,"collected_data":{"fight_length":{"sum":437422.5660000001,"count":1459,"mean":299.8098464701851,"min":240.139,"max":359.96},"executed_foreground_actions":{"sum":302940.0,"count":1459,"mean":207.63536668951338,"min":167.0,"max":248.0},"dmg":{"sum":6231050933.928184,"count":1459,"mean":4270768.289189982,"min":3042168.6188913197,"max":5387051.10739419},"compound_dmg":{"sum":6231050933.928184,"count":1459,"mean":4270768.289189982,"min":3042168.6188913197,"max":5387051.10739419},"timeline_dmg":{"mean":14406.61503577738,"mean_std_dev":9665.290832169921,"min":0.0,"max":99623.36255678453,