{"results":[["Trait","325","340","355","370","385"],["Laser Matrix",298,475,669,869,1139],["Archive of the Titans",222,426,556,741,986],["Relational Normalization Gizmo",258,398,566,786,990],["Synaptic Spark Capacitor",385,551,753,978,1246],["Shadow's Bite",53,171,296,459,661],["Gutripper",88,220,381,547,747],["Sylvanas' Resolve / Anduin's Dedication",241,417,574,767,1029],["Swirling Sands",197,340,488,709,893],["Tradewinds",249,372,559,731,924],["Ricocheting Inflatable Pyrosaw",199,332,514,701,947],["Umbral Blaze",81,212,343,530,714],["Heed My Call",119,265,434,603,821],["Barrage Of Many Bombs",319,467,690,891,1140],["Tidal Surge",239,401,565,792,990],["Collective Will / Stand As One",73,211,376,517,741],["Combined Might / Stronger Together",53,156,302,455,671],["Battlefield Focus / Battlefield Precision",43,177,306,467,685],["Retaliatory Fury / Last Gift",124,266,419,597,765],["Glory in Battle / Liberator's Might",161,299,472,632,826],["Blood Rite",164,322,484,642,840],["Meticulous Scheming",199,311,484,633,841],["Incite the Pack",241,351,539,692,902],["Explosive Potential",81,201,365,503,714],["Unstable Flames",89,230,376,536,714],["Unstable Catalyst",280,456,617,819,1074],["Forbidden Knowledge",51,164,327,524,709],["Supreme Commander",276,447,551,811,1006],["Azerite Globules",119,292,440,611,826],["Earthlink",76,237,367,541,745],["Rezan's Fury",242,434,590,779,1041],["Dagger in the Back",301,455,665,820,1097],["Secrets of the Deep",241,403,592,779,1029],["Blood Siphon",76,226,353,537,719],["Excoriate",7,99,254,407,593],["Demonic Meteor",172,302,463,617,815],["Ruinous Bolt",165,288,456,628,842],["Thunderous Blast",287,479,722,947,1176],["Champion of Azeroth",313,428,627,808,994],["Overwhelming Power",88,211,357,528,705],["Filthy Transfusion",223,363,560,756,992],["Blightborne Infusion",304,438,601,795,1002],["Elemental Whirl",116,246,374,512,708]],"metas":{"build_date":"Aug 25 2018","build_time":"09:42:16","git_revision":"d4b8c45266","options":{"debug":false,"max_time":300.0,"expected_iteration_time":327.84000000000003,"vary_combat_length":0.2,"iterations":577,"target_error":0.2,"threads":32,"seed":2433751255109237597,"single_actor_batch":false,"queue_lag":0.005,"queue_lag_stddev":0.001,"gcd_lag":0.15,"gcd_lag_stddev":0.037,"channel_lag":0.25,"channel_lag_stddev":0.062,"queue_gcd_reduction":0.1,"strict_gcd_queue":0,"confidence":0.95,"confidence_estimator":1.9599639854089754,"world_lag":0.1,"world_lag_stddev":0.01,"travel_variance":0.0,"default_skill":1.0,"reaction_time":0.5,"regen_periodicity":0.25,"ignite_sampling_delta":0.2,"fixed_time":true,"optimize_expressions":true,"optimal_raid":1,"log":0,"debug_each":0,"stat_cache":1,"max_aoe_enemies":20,"show_etmi":false,"tmi_window_global":0.0,"tmi_bin_size":0.5,"enemy_death_pct":0.0,"challenge_mode":false,"timewalk":-1,"pvp_crit":false,"rng":{"name":"sse2-sfmt"},"deterministic":0,"average_range":1,"average_gauss":0,"fight_style":"Patchwerk","default_aura_delay":0.03,"default_aura_delay_stddev":0.005,"dbc":{"Live":{"build_level":27404,"wow_version":"8.0.1"},"version_used":"Live"}},"overrides":{"arcane_intellect":1,"battle_shout":1,"power_word_fortitude":1,"chaos_brand":1,"mystic_touch":1,"mortal_wounds":1,"bleeding":1,"bloodlust":1,"bloodlust_percent":25,"bloodlust_time":0.5},"statistics":{"elapsed_cpu_seconds":11676.948145999997,"elapsed_time_seconds":12.519207999999999,"init_time_seconds":2.8015554239999987,"merge_time_seconds":0.013443488000000002,"analyze_time_seconds":0.13678476300000003,"simulation_length":{"sum":163412.2,"count":545,"mean":299.83889908256884,"min":240.02100000000002,"max":359.493,"median":298.368,"variance":1198.8972664870635,"std_dev":34.62509590581755,"mean_variance":2.199811498141401,"mean_std_dev":1.4831761520943496},"raid_dps":{"sum":6826953.908784127,"count":545,"mean":12526.520933548856},"total_dmg":{"sum":2044023213.5179412,"count":545,"mean":3750501.3092072317},"total_iterations":107714,"total_actors":211,"total_iterations_mean":510.49289099526067,"total_iterations_variance":441178.7393364927,"total_iterations_stddev":664.2128720045199,"total_mean_dps_stddev":13.284998469628219,"total_mean_dps_variance":176.4911843380241},"player":{"name":"Template","race":"troll","level":120,"role":"spell","specialization":"Demonology Warlock","profile_source":"default","talents":[{"tier":1,"id":22048,"spell_id":267171,"name":"Demonic Strength"},{"tier":2,"id":23158,"spell_id":265412,"name":"Doom"},{"tier":4,"id":23160,"spell_id":264119,"name":"Summon Vilefiend"},{"tier":6,"id":21717,"spell_id":111898,"name":"Grimoire: Felguard"},{"tier":7,"id":23161,"spell_id":267214,"name":"Sacrificed Souls"}],"party":0,"ready_type":0,"bugs":true,"scale_player":true,"potion_used":false,"timeofday":"DAY_TIME","invert_scaling":0,"reaction_offset":0.1,"reaction_max":1.4000000000000001,"reaction_mean":0.3,"reaction_stddev":0.06,"reaction_nu":0.25,"world_lag":0.1,"brain_lag":0.0,"brain_lag_stddev":0.0,"world_lag_override":false,"world_lag_stddev_override":false,"dbc":{"Live":{"build_level":27404,"wow_version":"8.0.1"},"version_used":"Live"},"base_mana_regen_per_second":1000.0,"collected_data":{"fight_length":{"sum":163412.2,"count":545,"mean":299.83889908256884,"min":240.02100000000002,"max":359.493},"executed_foreground_actions":{"sum":123054.0,"count":545,"mean":225.78715596330275,"min":181.0,"max":270.0},"dmg":{"sum":879568869.2812266,"count":545,"mean":1613887.833543535,"min":1217459.0596492803,"max":2020311.254443314},"compound_dmg":{"sum":2044023213.5179412,"count":545,"mean":3750501.3092072317,"min":2956631.6292843577,"max":4550037.754518787},"timeline_dmg":{"mean":12771.91172013672,"mean_std_dev":6597.108016016417,"min":1524.9150551242708,"max":50798.14134702002,