{"results":[["Trait","325","340","355","370","385"],["In The Rhythm",324,510,684,895,1139],["Relational Normalization Gizmo",324,493,697,893,1201],["Thunderous Blast",356,560,779,1045,1339],["Azerite Globules",237,391,573,800,1066],["Tidal Surge",258,479,614,889,1124],["Dagger in the Back",387,581,814,1072,1399],["Unstable Flames",93,259,424,632,817],["Secrets of the Deep",329,496,685,954,1215],["Heed My Call",180,335,566,764,1016],["Blood Rite",253,377,567,783,996],["Filthy Transfusion",250,422,623,838,1127],["Synaptic Spark Capacitor",601,801,1090,1424,1729],["Gutripper",107,260,424,646,891],["Sylvanas' Resolve / Anduin's Dedication",285,507,707,946,1221],["Swirling Sands",272,445,602,796,1054],["Meticulous Scheming",555,700,925,1131,1424],["Ricocheting Inflatable Pyrosaw",322,500,716,934,1174],["Laser Matrix",324,493,710,992,1262],["Tradewinds",332,483,639,873,1126],["Collective Will / Stand As One",124,249,462,638,892],["Focused Fire",426,628,833,1059,1361],["Barrage Of Many Bombs",484,735,957,1238,1549],["Elemental Whirl",124,286,457,624,882],["Unerring Vision",150,317,470,652,909],["Arcane Flurry",11,179,304,486,689],["Overwhelming Power",189,309,499,665,905],["Unstable Catalyst",360,545,745,997,1287],["Rapid Reload",153,340,516,717,960],["Steady Aim",302,462,647,881,1144],["Incite the Pack",308,460,640,845,1107],["Combined Might / Stronger Together",73,222,366,561,803],["Battlefield Focus / Battlefield Precision",41,190,337,570,756],["Retaliatory Fury / Last Gift",163,320,498,734,939],["Glory in Battle / Liberator's Might",202,358,522,715,939],["Ruinous Bolt",202,312,513,726,977],["Blood Siphon",237,415,583,772,1010],["Champion of Azeroth",360,525,730,961,1179],["Blightborne Infusion",298,464,658,872,1106],["Earthlink",116,316,473,707,897],["Rezan's Fury",288,470,690,886,1160]],"metas":{"build_date":"Aug 19 2018","build_time":"09:20:42","git_revision":"eba9238d5c","options":{"debug":false,"max_time":300.0,"expected_iteration_time":240.06900000000002,"vary_combat_length":0.2,"iterations":1029,"target_error":0.2,"threads":32,"seed":7798584133324693966,"single_actor_batch":false,"queue_lag":0.005,"queue_lag_stddev":0.001,"gcd_lag":0.15,"gcd_lag_stddev":0.037,"channel_lag":0.25,"channel_lag_stddev":0.062,"queue_gcd_reduction":0.1,"strict_gcd_queue":0,"confidence":0.95,"confidence_estimator":1.9599639854089754,"world_lag":0.1,"world_lag_stddev":0.01,"travel_variance":0.0,"default_skill":1.0,"reaction_time":0.5,"regen_periodicity":0.25,"ignite_sampling_delta":0.2,"fixed_time":true,"optimize_expressions":true,"optimal_raid":1,"log":0,"debug_each":0,"stat_cache":1,"max_aoe_enemies":20,"show_etmi":false,"tmi_window_global":0.0,"tmi_bin_size":0.5,"enemy_death_pct":0.0,"challenge_mode":false,"timewalk":-1,"pvp_crit":false,"rng":{"name":"sse2-sfmt"},"deterministic":0,"average_range":1,"average_gauss":0,"fight_style":"Patchwerk","default_aura_delay":0.03,"default_aura_delay_stddev":0.005,"dbc":{"bfa-BETA":{"build_level":26095,"wow_version":"8.0.1"},"version_used":"bfa-BETA"}},"overrides":{"arcane_intellect":1,"battle_shout":1,"power_word_fortitude":1,"chaos_brand":1,"mystic_touch":1,"mortal_wounds":1,"bleeding":1,"bloodlust":1,"bloodlust_percent":25,"bloodlust_time":0.5},"statistics":{"elapsed_cpu_seconds":9353.307818000001,"elapsed_time_seconds":10.018403000000001,"init_time_seconds":2.5967540139999987,"merge_time_seconds":0.006429844000000001,"analyze_time_seconds":0.19895684200000005,"simulation_length":{"sum":298708.982,"count":997,"mean":299.60780541624877,"min":240.09900000000002,"max":359.796,"median":298.932,"variance":1231.8615083954373,"std_dev":35.09788467123678,"mean_variance":1.235568213034541,"mean_std_dev":1.1115611602761861},"raid_dps":{"sum":14745734.189542204,"count":997,"mean":14790.104503051358},"total_dmg":{"sum":4413508647.050578,"count":997,"mean":4426789.014092857},"total_iterations":187902,"total_actors":201,"total_iterations_mean":934.8358208955224,"total_iterations_variance":643211.5820895518,"total_iterations_stddev":802.0047269745683,"total_mean_dps_stddev":15.74183383813746,"total_mean_dps_variance":247.80533258752953},"player":{"name":"Template","race":"lightforged_draenei","level":120,"role":"attack","specialization":"Marksmanship Hunter","profile_source":"default","talents":[{"tier":1,"id":22501,"spell_id":271788,"name":"Serpent Sting"},{"tier":2,"id":22495,"spell_id":260228,"name":"Careful Aim"},{"tier":4,"id":21998,"spell_id":257284,"name":"Hunter's Mark"},{"tier":6,"id":23063,"spell_id":260393,"name":"Lethal Shots"},{"tier":7,"id":22308,"spell_id":194595,"name":"Lock and Load"}],"party":0,"ready_type":0,"bugs":true,"scale_player":true,"potion_used":false,"timeofday":"DAY_TIME","invert_scaling":0,"reaction_offset":0.1,"reaction_max":1.4000000000000001,"reaction_mean":0.3,"reaction_stddev":0.06,"reaction_nu":0.25,"world_lag":0.1,"brain_lag":0.0,"brain_lag_stddev":0.0,"world_lag_override":false,"world_lag_stddev_override":false,"dbc":{"bfa-BETA":{"build_level":26095,"wow_version":"8.0.1"},"version_used":"bfa-BETA"},"base_focus_regen_per_second":2.999999999999999,"collected_data":{"fight_length":{"sum":298708.982,"count":997,"mean":299.60780541624877,"min":240.09900000000002,"max":359.796},"executed_foreground_actions":{"sum":213102.0,"count":997,"mean":213.7432296890672,"min":173.0,"max":253.0},"dmg":{"sum":4413508647.050578,"count":997,"mean":4426789.014092857,"min":3226894.859965361,"max":5471403.047869859},"compound_dmg":{"sum":4413508647.050578,"count":997,"mean":4426789.014092857,"min":3226894.859965361,"max":5471403.047869859},"timeline_dmg":{"mean":15231.235807302573,"mean_std_dev":7931.348639811433,"min":0.0,"max":108531.46384400663,