{"results":[["Trait","325","340","355","370","385"],["Laser Matrix",301,420,593,757,982],["Archive of the Titans",182,334,445,619,798],["Relational Normalization Gizmo",212,329,489,628,827],["Synaptic Spark Capacitor",182,320,462,634,796],["Gutripper",85,188,308,483,629],["Sylvanas' Resolve / Anduin's Dedication",187,333,477,651,821],["Feeding Frenzy",72,197,306,423,584],["Swirling Sands",208,318,461,612,783],["Tradewinds",203,313,443,585,758],["Ricocheting Inflatable Pyrosaw",69,180,313,475,636],["Heed My Call",85,201,315,472,635],["Barrage Of Many Bombs",130,252,404,547,747],["Serrated Jaws",146,272,412,571,750],["Tidal Surge",240,378,553,729,947],["Collective Will / Stand As One",56,160,283,431,585],["Combined Might / Stronger Together",39,121,258,387,542],["Battlefield Focus / Battlefield Precision",201,342,483,679,852],["Retaliatory Fury / Last Gift",98,211,314,455,619],["Glory in Battle / Liberator's Might",137,257,373,522,703],["Blood Rite",157,244,381,524,689],["Unstable Flames",94,171,320,439,594],["Meticulous Scheming",4,92,213,329,491],["Incite the Pack",157,291,394,556,738],["Unstable Catalyst",207,351,505,676,869],["Azerite Globules",69,149,291,400,597],["Earthlink",87,179,291,456,622],["Haze of Rage",221,356,486,640,863],["Dagger in the Back",262,391,544,726,939],["Secrets of the Deep",210,335,466,664,839],["Blood Siphon",61,178,265,410,578],["Pack Alpha",-21,103,198,322,491],["Dance of Death",95,248,355,506,684],["Ruinous Bolt",145,280,408,565,766],["Overwhelming Power",45,147,279,418,558],["Thunderous Blast",300,447,623,795,1023],["Champion of Azeroth",255,379,508,645,850],["Rapid Reload",-4,99,206,327,472],["Filthy Transfusion",178,325,461,638,817],["Primal Instincts",327,429,581,716,906],["Elemental Whirl",71,176,291,436,595],["Rezan's Fury",226,356,502,693,896],["Blightborne Infusion",257,367,511,659,821]],"metas":{"build_date":"Aug 25 2018","build_time":"04:15:44","git_revision":"00223099f2","options":{"debug":false,"max_time":300.0,"expected_iteration_time":348.03700000000003,"vary_combat_length":0.2,"iterations":764,"target_error":0.2,"threads":32,"seed":5859392055783868947,"single_actor_batch":false,"queue_lag":0.005,"queue_lag_stddev":0.001,"gcd_lag":0.15,"gcd_lag_stddev":0.037,"channel_lag":0.25,"channel_lag_stddev":0.062,"queue_gcd_reduction":0.1,"strict_gcd_queue":0,"confidence":0.95,"confidence_estimator":1.9599639854089754,"world_lag":0.1,"world_lag_stddev":0.01,"travel_variance":0.0,"default_skill":1.0,"reaction_time":0.5,"regen_periodicity":0.25,"ignite_sampling_delta":0.2,"fixed_time":true,"optimize_expressions":true,"optimal_raid":1,"log":0,"debug_each":0,"stat_cache":1,"max_aoe_enemies":20,"show_etmi":false,"tmi_window_global":0.0,"tmi_bin_size":0.5,"enemy_death_pct":0.0,"challenge_mode":false,"timewalk":-1,"pvp_crit":false,"rng":{"name":"sse2-sfmt"},"deterministic":0,"average_range":1,"average_gauss":0,"fight_style":"Patchwerk","default_aura_delay":0.03,"default_aura_delay_stddev":0.005,"dbc":{"Live":{"build_level":27404,"wow_version":"8.0.1"},"version_used":"Live"}},"overrides":{"arcane_intellect":1,"battle_shout":1,"power_word_fortitude":1,"chaos_brand":1,"mystic_touch":1,"mortal_wounds":1,"bleeding":1,"bloodlust":1,"bloodlust_percent":25,"bloodlust_time":0.5},"statistics":{"elapsed_cpu_seconds":8117.324719,"elapsed_time_seconds":8.644727,"init_time_seconds":2.189372760000001,"merge_time_seconds":0.004906595999999999,"analyze_time_seconds":0.13603104400000005,"simulation_length":{"sum":220306.35499999998,"count":732,"mean":300.9649658469945,"min":240.191,"max":359.845,"median":301.606,"variance":1122.6594781668668,"std_dev":33.50611105704252,"mean_variance":1.53368781170337,"mean_std_dev":1.238421500016602},"raid_dps":{"sum":7597535.870408164,"count":732,"mean":10379.14736394558},"total_dmg":{"sum":2283797838.924768,"count":732,"mean":3119942.4029026884},"total_iterations":148877,"total_actors":211,"total_iterations_mean":705.5781990521327,"total_iterations_variance":456473.45971564023,"total_iterations_stddev":675.6281963592403,"total_mean_dps_stddev":11.009165306778774,"total_mean_dps_variance":121.20172075198138},"player":{"name":"Template","race":"orc","level":120,"role":"attack","specialization":"Beast Mastery Hunter","profile_source":"default","talents":[{"tier":1,"id":22291,"spell_id":273887,"name":"Killer Instinct"},{"tier":2,"id":22290,"spell_id":53209,"name":"Chimaera Shot"},{"tier":4,"id":22269,"spell_id":131894,"name":"A Murder of Crows"},{"tier":6,"id":19357,"spell_id":199530,"name":"Stomp"},{"tier":7,"id":22273,"spell_id":191384,"name":"Aspect of the Beast"}],"party":0,"ready_type":0,"bugs":true,"scale_player":true,"potion_used":false,"timeofday":"DAY_TIME","invert_scaling":0,"reaction_offset":0.1,"reaction_max":1.4000000000000001,"reaction_mean":0.3,"reaction_stddev":0.06,"reaction_nu":0.25,"world_lag":0.1,"brain_lag":0.0,"brain_lag_stddev":0.0,"world_lag_override":false,"world_lag_stddev_override":false,"dbc":{"Live":{"build_level":27404,"wow_version":"8.0.1"},"version_used":"Live"},"base_focus_regen_per_second":10.0,"collected_data":{"fight_length":{"sum":220306.355,"count":732,"mean":300.9649658469946,"min":240.191,"max":359.845},"waiting_time":{"sum":23802.9,"count":732,"mean":32.51762295081967,"min":13.5,"max":47.6},"executed_foreground_actions":{"sum":157582.0,"count":732,"mean":215.275956284153,"min":168.0,"max":257.0},"dmg":{"sum":981972244.4391544,"count":732,"mean":1341492.1372119596,"min":1003432.0941465872,"max":1730444.244049824},"compound_dmg":{"sum":2283797838.924768,"count":732,"mean":3119942.4029026884,"min":2421941.5210804883,"max":3806078.3183695003},"timeline_dmg":{"mean":10553.547601504957,"mean_std_dev":4213.197938981049,"min":3632.4605092459956,"max":35192.86407554287,