{"results":[["Trait","325","340","355","370","385"],["Thunderous Blast",374,527,678,877,1106],["Azerite Globules",154,273,399,562,767],["Tidal Surge",283,408,591,787,971],["Secrets of the Deep",212,332,498,682,841],["Gutripper",83,199,358,503,681],["Unstable Flames",80,187,321,448,596],["Blood Rite",148,245,402,520,702],["Heed My Call",139,268,401,558,748],["Filthy Transfusion",227,359,498,704,884],["Relational Normalization Gizmo",200,338,481,646,813],["Synaptic Spark Capacitor",411,554,786,949,1257],["Flames of Alacrity",216,317,451,599,800],["Sylvanas' Resolve / Anduin's Dedication",211,332,482,681,885],["Swirling Sands",208,345,488,626,833],["Meticulous Scheming",105,225,350,525,653],["Ricocheting Inflatable Pyrosaw",199,325,448,651,839],["Laser Matrix",321,485,639,826,1044],["Tradewinds",345,437,603,759,961],["Collective Will / Stand As One",63,179,291,444,615],["Barrage Of Many Bombs",332,472,649,846,1085],["Preheat",110,212,383,561,773],["Blood Siphon",116,232,357,509,656],["Firemind",149,306,429,593,791],["Incite the Pack",310,423,554,720,913],["Combined Might / Stronger Together",39,146,268,410,562],["Blaster Master",475,663,802,968,1161],["Duplicative Incineration",645,832,1011,1238,1511],["Battlefield Focus / Battlefield Precision",30,142,222,368,556],["Blightborne Infusion",260,369,524,686,852],["Trailing Embers",136,261,412,566,758],["Retaliatory Fury / Last Gift",181,309,429,560,742],["Glory in Battle / Liberator's Might",138,247,360,499,693],["Ruinous Bolt",172,282,449,606,783],["Overwhelming Power",67,153,273,410,580],["Unstable Catalyst",231,383,543,741,937],["Champion of Azeroth",258,406,570,729,902],["Dagger in the Back",350,525,672,874,1122],["Earthlink",87,193,325,453,638],["Rezan's Fury",252,358,549,747,955],["Elemental Whirl",110,199,318,478,638]],"metas":{"build_date":"Aug 17 2018","build_time":"14:03:13","git_revision":"f3206853b5","options":{"debug":false,"max_time":300.0,"expected_iteration_time":359.88800000000003,"vary_combat_length":0.2,"iterations":965,"target_error":0.2,"threads":32,"seed":4838073510642713316,"single_actor_batch":false,"queue_lag":0.005,"queue_lag_stddev":0.001,"gcd_lag":0.15,"gcd_lag_stddev":0.037,"channel_lag":0.25,"channel_lag_stddev":0.062,"queue_gcd_reduction":0.1,"strict_gcd_queue":0,"confidence":0.95,"confidence_estimator":1.9599639854089754,"world_lag":0.1,"world_lag_stddev":0.01,"travel_variance":0.0,"default_skill":1.0,"reaction_time":0.5,"regen_periodicity":0.25,"ignite_sampling_delta":0.2,"fixed_time":true,"optimize_expressions":true,"optimal_raid":1,"log":0,"debug_each":0,"stat_cache":1,"max_aoe_enemies":20,"show_etmi":false,"tmi_window_global":0.0,"tmi_bin_size":0.5,"enemy_death_pct":0.0,"challenge_mode":false,"timewalk":-1,"pvp_crit":false,"rng":{"name":"sse2-sfmt"},"deterministic":0,"average_range":1,"average_gauss":0,"fight_style":"Patchwerk","default_aura_delay":0.03,"default_aura_delay_stddev":0.005,"dbc":{"bfa-BETA":{"build_level":26095,"wow_version":"8.0.1"},"version_used":"bfa-BETA"}},"overrides":{"arcane_intellect":1,"battle_shout":1,"power_word_fortitude":1,"chaos_brand":1,"mystic_touch":1,"mortal_wounds":1,"bleeding":1,"bloodlust":1,"bloodlust_percent":25,"bloodlust_time":0.5},"statistics":{"elapsed_cpu_seconds":10913.950485000001,"elapsed_time_seconds":11.932071,"init_time_seconds":3.161580878000001,"merge_time_seconds":0.0051692150000000004,"analyze_time_seconds":0.176939723,"simulation_length":{"sum":278184.95000000007,"count":933,"mean":298.1617899249733,"min":240.185,"max":359.89300000000003,"median":296.241,"variance":1207.24170001589,"std_dev":34.745383866290645,"mean_variance":1.2939353697919507,"mean_std_dev":1.137512799836534},"raid_dps":{"sum":10597287.829701103,"count":933,"mean":11358.293493784677},"total_dmg":{"sum":3155651570.7063055,"count":933,"mean":3382263.2054729965},"total_iterations":181717,"total_actors":201,"total_iterations_mean":904.0646766169154,"total_iterations_variance":1031504.1592039801,"total_iterations_stddev":1015.6299322115217,"total_mean_dps_stddev":12.093425046632193,"total_mean_dps_variance":146.25092935851086},"player":{"name":"Template","race":"dark_iron_dwarf","level":120,"role":"spell","specialization":"Fire Mage","profile_source":"default","talents":[{"tier":1,"id":22456,"spell_id":205026,"name":"Firestarter"},{"tier":3,"id":22447,"spell_id":116011,"name":"Rune of Power"},{"tier":4,"id":22450,"spell_id":205029,"name":"Flame On"},{"tier":6,"id":23362,"spell_id":205023,"name":"Conflagration"},{"tier":7,"id":21633,"spell_id":153561,"name":"Meteor"}],"party":0,"ready_type":0,"bugs":true,"scale_player":true,"potion_used":false,"timeofday":"DAY_TIME","invert_scaling":0,"reaction_offset":0.1,"reaction_max":1.4000000000000001,"reaction_mean":0.3,"reaction_stddev":0.06,"reaction_nu":0.25,"world_lag":0.1,"brain_lag":0.0,"brain_lag_stddev":0.0,"world_lag_override":false,"world_lag_stddev_override":false,"dbc":{"bfa-BETA":{"build_level":26095,"wow_version":"8.0.1"},"version_used":"bfa-BETA"},"base_mana_regen_per_second":2000.0,"collected_data":{"fight_length":{"sum":278184.95,"count":933,"mean":298.1617899249732,"min":240.185,"max":359.89300000000003},"executed_foreground_actions":{"sum":207669.0,"count":933,"mean":222.58199356913184,"min":179.0,"max":268.0},"dmg":{"sum":3155651570.7063055,"count":933,"mean":3382263.2054729965,"min":2648113.0763069177,"max":4086040.6091421186},"compound_dmg":{"sum":3155651570.7063055,"count":933,"mean":3382263.2054729965,"min":2648113.0763069177,"max":4086040.6091421186},"timeline_dmg":{"mean":11326.319343083125,"mean_std_dev":9035.361259006395,"min":2490.123580316274,"max":74572.25872874256,