{"results":[["Trait","325","340","355","370","385"],["Laser Matrix",357,561,712,1013,1297],["Archive of the Titans",347,505,723,897,1168],["Relational Normalization Gizmo",291,518,715,916,1224],["Synaptic Spark Capacitor",493,709,954,1251,1558],["Gutripper",122,246,451,680,882],["Sylvanas' Resolve / Anduin's Dedication",297,446,713,917,1162],["Swirling Sands",435,638,841,1096,1355],["Tradewinds",338,503,779,938,1183],["Ricocheting Inflatable Pyrosaw",263,420,655,884,1124],["Heed My Call",181,369,519,762,995],["Barrage Of Many Bombs",463,660,910,1202,1497],["Fan of Blades",177,336,523,739,1014],["Twist the Knife",157,332,533,720,979],["Meticulous Scheming",291,448,633,834,1107],["Poisoned Wire",134,291,472,653,875],["Tidal Surge",284,452,658,887,1156],["Collective Will / Stand As One",70,255,426,666,856],["Combined Might / Stronger Together",47,229,411,560,810],["Battlefield Focus / Battlefield Precision",126,299,483,700,893],["Retaliatory Fury / Last Gift",242,376,498,753,943],["Glory in Battle / Liberator's Might",294,467,639,837,1104],["Blood Rite",234,415,602,822,1047],["Incite the Pack",331,502,700,873,1163],["Unstable Flames",170,313,477,675,902],["Unstable Catalyst",312,512,749,959,1272],["Azerite Globules",90,236,483,659,901],["Dagger in the Back",278,496,670,887,1182],["Scent of Blood",350,517,744,974,1271],["Earthlink",144,299,480,689,921],["Rezan's Fury",280,449,643,827,1142],["Double Dose",187,387,547,755,1004],["Secrets of the Deep",272,493,689,886,1186],["Blood Siphon",119,287,490,659,838],["Ruinous Bolt",159,314,473,719,1003],["Sharpened Blades",-6,180,450,666,1023],["Overwhelming Power",226,337,547,731,964],["Thunderous Blast",395,565,811,1050,1337],["Shrouded Suffocation",394,575,819,1074,1371],["Champion of Azeroth",468,646,858,1092,1314],["Filthy Transfusion",204,404,608,833,1082],["Blightborne Infusion",543,694,945,1088,1382],["Elemental Whirl",144,288,467,678,887]],"metas":{"build_date":"Aug 29 2018","build_time":"06:51:22","git_revision":"744e4aaddc","options":{"debug":false,"max_time":300.0,"expected_iteration_time":329.37600000000003,"vary_combat_length":0.2,"iterations":769,"target_error":0.2,"threads":32,"seed":12583064237874101494,"single_actor_batch":false,"queue_lag":0.005,"queue_lag_stddev":0.001,"gcd_lag":0.15,"gcd_lag_stddev":0.037,"channel_lag":0.25,"channel_lag_stddev":0.062,"queue_gcd_reduction":0.1,"strict_gcd_queue":0,"confidence":0.95,"confidence_estimator":1.9599639854089754,"world_lag":0.1,"world_lag_stddev":0.01,"travel_variance":0.0,"default_skill":1.0,"reaction_time":0.5,"regen_periodicity":0.25,"ignite_sampling_delta":0.2,"fixed_time":true,"optimize_expressions":true,"optimal_raid":1,"log":0,"debug_each":0,"stat_cache":1,"max_aoe_enemies":20,"show_etmi":false,"tmi_window_global":0.0,"tmi_bin_size":0.5,"enemy_death_pct":0.0,"challenge_mode":false,"timewalk":-1,"pvp_crit":false,"rng":{"name":"sse2-sfmt"},"deterministic":0,"average_range":1,"average_gauss":0,"fight_style":"Patchwerk","default_aura_delay":0.03,"default_aura_delay_stddev":0.005,"dbc":{"Live":{"build_level":27481,"wow_version":"8.0.1"},"version_used":"Live"}},"overrides":{"arcane_intellect":1,"battle_shout":1,"power_word_fortitude":1,"chaos_brand":1,"mystic_touch":1,"mortal_wounds":1,"bleeding":1,"bloodlust":1,"bloodlust_percent":25,"bloodlust_time":0.5},"statistics":{"elapsed_cpu_seconds":25031.235247999997,"elapsed_time_seconds":26.521819999999998,"init_time_seconds":3.3622554269999982,"merge_time_seconds":0.007472198,"analyze_time_seconds":0.140681243,"simulation_length":{"sum":221450.576,"count":737,"mean":300.4756797829037,"min":240.08100000000002,"max":359.535,"median":300.671,"variance":1237.1707391321966,"std_dev":35.173437977146854,"mean_variance":1.6786577193109857,"mean_std_dev":1.2956302401962474},"raid_dps":{"sum":13367970.423479898,"count":737,"mean":18138.358783554813},"total_dmg":{"sum":4011988487.387533,"count":737,"mean":5443675.016808051},"total_iterations":146490,"total_actors":211,"total_iterations_mean":694.2654028436019,"total_iterations_variance":502357.13744075823,"total_iterations_stddev":708.7715692949021,"total_mean_dps_stddev":19.158460433982953,"total_mean_dps_variance":367.04660620049026},"player":{"name":"Template","race":"human","level":120,"role":"attack","specialization":"Assassination Rogue","profile_source":"default","talents":[{"tier":1,"id":22338,"spell_id":193640,"name":"Elaborate Planning"},{"tier":2,"id":22332,"spell_id":108208,"name":"Subterfuge"},{"tier":3,"id":19239,"spell_id":14983,"name":"Vigor"},{"tier":6,"id":22344,"spell_id":200806,"name":"Exsanguinate"},{"tier":7,"id":21186,"spell_id":255544,"name":"Poison Bomb"}],"party":0,"ready_type":1,"bugs":true,"scale_player":true,"potion_used":false,"timeofday":"DAY_TIME","invert_scaling":0,"reaction_offset":0.1,"reaction_max":1.4000000000000001,"reaction_mean":0.3,"reaction_stddev":0.06,"reaction_nu":0.25,"world_lag":0.1,"brain_lag":0.0,"brain_lag_stddev":0.0,"world_lag_override":false,"world_lag_stddev_override":false,"dbc":{"Live":{"build_level":27481,"wow_version":"8.0.1"},"version_used":"Live"},"base_energy_regen_per_second":11.0,"collected_data":{"fight_length":{"sum":221450.57600000006,"count":737,"mean":300.47567978290374,"min":240.08100000000002,"max":359.535},"waiting_time":{"sum":26642.182999999997,"count":737,"mean":36.149502035278154,"min":23.659,"max":51.419000000000004},"executed_foreground_actions":{"sum":191714.0,"count":737,"mean":260.1275440976934,"min":199.0,"max":313.0},"dmg":{"sum":4011988487.387533,"count":737,"mean":5443675.016808051,"min":4155470.862949489,"max":6870751.774470686},"compound_dmg":{"sum":4011988487.387533,"count":737,"mean":5443675.016808051,"min":4155470.862949489,"max":6870751.774470686},"timeline_dmg":{"mean":18299.51802939949,"mean_std_dev":7551.901652151475,"min":2045.4118337996417,"max":44868.226694171506,