{"results":[["Trait","325","340","355","370","385"],["Thunderous Blast",342,495,663,839,1124],["Tidal Surge",243,391,545,734,969],["Azerite Globules",49,182,291,446,601],["Secrets of the Deep",176,327,501,673,894],["Gutripper",77,171,311,469,686],["Unstable Flames",100,225,321,499,632],["Blood Rite",237,344,461,641,816],["Heed My Call",88,199,358,489,689],["Filthy Transfusion",173,343,514,644,881],["Relational Normalization Gizmo",254,357,503,705,899],["Synaptic Spark Capacitor",164,315,469,634,851],["Sylvanas' Resolve / Anduin's Dedication",203,355,477,651,849],["Feeding Frenzy",204,311,438,545,710],["Swirling Sands",277,388,540,718,894],["Meticulous Scheming",-5,98,222,337,521],["Ricocheting Inflatable Pyrosaw",85,207,375,464,648],["Laser Matrix",285,427,623,827,1055],["Tradewinds",273,383,537,700,876],["Collective Will / Stand As One",66,160,289,438,634],["Barrage Of Many Bombs",135,259,429,585,774],["Serrated Jaws",141,282,433,601,792],["Primal Instincts",427,562,720,875,1091],["Overwhelming Power",124,239,363,518,727],["Unstable Catalyst",238,373,550,721,930],["Rapid Reload",-11,70,207,358,513],["Pack Alpha",2,70,216,319,512],["Dance of Death",130,250,376,562,758],["Haze of Rage",230,338,528,714,899],["Dagger in the Back",352,501,679,870,1124],["Incite the Pack",245,367,498,635,816],["Combined Might / Stronger Together",50,160,265,416,591],["Battlefield Focus / Battlefield Precision",258,371,531,724,947],["Retaliatory Fury / Last Gift",102,254,403,506,720],["Glory in Battle / Liberator's Might",194,333,449,613,775],["Ruinous Bolt",128,241,420,601,788],["Blood Siphon",82,204,305,451,628],["Blightborne Infusion",345,454,621,762,972],["Champion of Azeroth",324,474,663,824,952],["Earthlink",82,175,293,481,661],["Rezan's Fury",238,388,567,713,938],["Elemental Whirl",111,229,339,502,660]],"metas":{"build_date":"Aug 23 2018","build_time":"08:35:52","git_revision":"0f9699d9e7","options":{"debug":false,"max_time":300.0,"expected_iteration_time":309.69100000000003,"vary_combat_length":0.2,"iterations":672,"target_error":0.2,"threads":32,"seed":17171083236493734972,"single_actor_batch":false,"queue_lag":0.005,"queue_lag_stddev":0.001,"gcd_lag":0.15,"gcd_lag_stddev":0.037,"channel_lag":0.25,"channel_lag_stddev":0.062,"queue_gcd_reduction":0.1,"strict_gcd_queue":0,"confidence":0.95,"confidence_estimator":1.9599639854089754,"world_lag":0.1,"world_lag_stddev":0.01,"travel_variance":0.0,"default_skill":1.0,"reaction_time":0.5,"regen_periodicity":0.25,"ignite_sampling_delta":0.2,"fixed_time":true,"optimize_expressions":true,"optimal_raid":1,"log":0,"debug_each":0,"stat_cache":1,"max_aoe_enemies":20,"show_etmi":false,"tmi_window_global":0.0,"tmi_bin_size":0.5,"enemy_death_pct":0.0,"challenge_mode":false,"timewalk":-1,"pvp_crit":false,"rng":{"name":"sse2-sfmt"},"deterministic":0,"average_range":1,"average_gauss":0,"fight_style":"Patchwerk","default_aura_delay":0.03,"default_aura_delay_stddev":0.005,"dbc":{"Live":{"build_level":27404,"wow_version":"8.0.1"},"version_used":"Live"}},"overrides":{"arcane_intellect":1,"battle_shout":1,"power_word_fortitude":1,"chaos_brand":1,"mystic_touch":1,"mortal_wounds":1,"bleeding":1,"bloodlust":1,"bloodlust_percent":25,"bloodlust_time":0.5},"statistics":{"elapsed_cpu_seconds":7096.614441,"elapsed_time_seconds":7.581155,"init_time_seconds":2.122352686999998,"merge_time_seconds":0.005039902000000001,"analyze_time_seconds":0.11523120700000002,"simulation_length":{"sum":192352.163,"count":640,"mean":300.5502546875,"min":240.477,"max":359.735,"median":300.672,"variance":1161.1403506335719,"std_dev":34.075509543271274,"mean_variance":1.8142817978649561,"mean_std_dev":1.3469527823442646},"raid_dps":{"sum":8874988.300971583,"count":640,"mean":13867.169220268097},"total_dmg":{"sum":2663998073.89046,"count":640,"mean":4162496.990453844},"total_iterations":123654,"total_actors":206,"total_iterations_mean":600.2621359223301,"total_iterations_variance":349573.84466019424,"total_iterations_stddev":591.247701610919,"total_mean_dps_stddev":14.610872403463228,"total_mean_dps_variance":213.47759239028332},"player":{"name":"Template","race":"orc","level":120,"role":"attack","specialization":"Beast Mastery Hunter","profile_source":"default","talents":[{"tier":1,"id":22291,"spell_id":273887,"name":"Killer Instinct"},{"tier":2,"id":22290,"spell_id":53209,"name":"Chimaera Shot"},{"tier":4,"id":22269,"spell_id":131894,"name":"A Murder of Crows"},{"tier":6,"id":19357,"spell_id":199530,"name":"Stomp"},{"tier":7,"id":22273,"spell_id":191384,"name":"Aspect of the Beast"}],"party":0,"ready_type":0,"bugs":true,"scale_player":true,"potion_used":false,"timeofday":"DAY_TIME","invert_scaling":0,"reaction_offset":0.1,"reaction_max":1.4000000000000001,"reaction_mean":0.3,"reaction_stddev":0.06,"reaction_nu":0.25,"world_lag":0.1,"brain_lag":0.0,"brain_lag_stddev":0.0,"world_lag_override":false,"world_lag_stddev_override":false,"dbc":{"Live":{"build_level":27404,"wow_version":"8.0.1"},"version_used":"Live"},"base_focus_regen_per_second":10.0,"collected_data":{"fight_length":{"sum":192352.163,"count":640,"mean":300.5502546875,"min":240.477,"max":359.735},"waiting_time":{"sum":20513.299999999992,"count":640,"mean":32.052031249999985,"min":17.2,"max":48.300000000000004},"executed_foreground_actions":{"sum":143027.0,"count":640,"mean":223.4796875,"min":174.0,"max":270.0},"dmg":{"sum":1122760041.4792962,"count":640,"mean":1754312.5648114004,"min":1325887.4813644544,"max":2133396.3575087334},"compound_dmg":{"sum":2663998073.89046,"count":640,"mean":4162496.990453844,"min":3202191.877118142,"max":5037613.810905198},"timeline_dmg":{"mean":14181.307595929751,"mean_std_dev":5447.414732641524,"min":5140.627126395216,"max":54823.33574358279,