{"results":[["Trait","325","340","355","370","385"],["Thunderous Blast",350,534,700,906,1184],["Azerite Globules",154,266,396,575,774],["Tidal Surge",314,423,599,786,1021],["Secrets of the Deep",225,353,545,743,960],["Gutripper",84,218,352,519,713],["Unstable Flames",161,245,363,510,695],["Blood Rite",236,350,501,625,818],["Heed My Call",152,276,421,581,808],["Relational Normalization Gizmo",290,384,569,728,922],["Arcane Pummeling",115,238,373,537,741],["Synaptic Spark Capacitor",430,579,776,974,1263],["Sylvanas' Resolve / Anduin's Dedication",208,373,528,722,958],["Swirling Sands",302,422,543,726,932],["Meticulous Scheming",37,129,274,441,570],["Ricocheting Inflatable Pyrosaw",189,325,495,641,884],["Laser Matrix",343,484,632,850,1052],["Tradewinds",267,365,524,677,895],["Collective Will / Stand As One",78,178,307,499,640],["Barrage Of Many Bombs",341,481,622,857,1104],["Incite the Pack",230,369,454,653,855],["Brain Storm",128,245,417,580,757],["Arcane Pressure",145,308,461,622,839],["Glory in Battle / Liberator's Might",220,345,475,605,796],["Explosive Echo",7,104,216,373,510],["Ruinous Bolt",157,320,439,631,831],["Dagger in the Back",350,500,678,933,1159],["Galvanizing Spark",453,654,824,1033,1314],["Filthy Transfusion",250,368,510,714,936],["Combined Might / Stronger Together",43,150,285,454,605],["Battlefield Focus / Battlefield Precision",210,329,517,668,886],["Anomalous Impact",54,198,301,482,684],["Retaliatory Fury / Last Gift",102,260,389,545,730],["Unstable Catalyst",242,412,556,780,986],["Blood Siphon",75,214,346,501,665],["Overwhelming Power",154,281,421,557,762],["Champion of Azeroth",334,468,628,789,982],["Blightborne Infusion",402,527,664,871,1073],["Earthlink",84,237,350,511,701],["Rezan's Fury",281,381,565,775,1025],["Elemental Whirl",143,219,377,528,676]],"metas":{"build_date":"Aug 23 2018","build_time":"08:35:52","git_revision":"0f9699d9e7","options":{"debug":false,"max_time":300.0,"expected_iteration_time":356.11400000000003,"vary_combat_length":0.2,"iterations":1726,"target_error":0.2,"threads":32,"seed":15378012228679830030,"single_actor_batch":false,"queue_lag":0.005,"queue_lag_stddev":0.001,"gcd_lag":0.15,"gcd_lag_stddev":0.037,"channel_lag":0.25,"channel_lag_stddev":0.062,"queue_gcd_reduction":0.1,"strict_gcd_queue":0,"confidence":0.95,"confidence_estimator":1.9599639854089754,"world_lag":0.1,"world_lag_stddev":0.01,"travel_variance":0.0,"default_skill":1.0,"reaction_time":0.5,"regen_periodicity":0.25,"ignite_sampling_delta":0.2,"fixed_time":true,"optimize_expressions":true,"optimal_raid":1,"log":0,"debug_each":0,"stat_cache":1,"max_aoe_enemies":20,"show_etmi":false,"tmi_window_global":0.0,"tmi_bin_size":0.5,"enemy_death_pct":0.0,"challenge_mode":false,"timewalk":-1,"pvp_crit":false,"rng":{"name":"sse2-sfmt"},"deterministic":0,"average_range":1,"average_gauss":0,"fight_style":"Patchwerk","default_aura_delay":0.03,"default_aura_delay_stddev":0.005,"dbc":{"Live":{"build_level":27404,"wow_version":"8.0.1"},"version_used":"Live"}},"overrides":{"arcane_intellect":1,"battle_shout":1,"power_word_fortitude":1,"chaos_brand":1,"mystic_touch":1,"mortal_wounds":1,"bleeding":1,"bloodlust":1,"bloodlust_percent":25,"bloodlust_time":0.5},"statistics":{"elapsed_cpu_seconds":9184.880816999996,"elapsed_time_seconds":9.912837,"init_time_seconds":2.5815513529999987,"merge_time_seconds":0.005538333000000002,"analyze_time_seconds":0.4291700979999995,"simulation_length":{"sum":506846.33599999995,"count":1694,"mean":299.20090672963397,"min":240.019,"max":359.993,"median":298.799,"variance":1248.6729992156213,"std_dev":35.336567450951165,"mean_variance":0.7371151116975332,"mean_std_dev":0.8585540819875782},"raid_dps":{"sum":25825417.15454936,"count":1694,"mean":15245.228544598205},"total_dmg":{"sum":7709464933.325721,"count":1694,"mean":4551041.873273743},"total_iterations":327091,"total_actors":201,"total_iterations_mean":1627.318407960199,"total_iterations_variance":883991.621890547,"total_iterations_stddev":940.2082864400563,"total_mean_dps_stddev":16.071640302321978,"total_mean_dps_variance":258.29762200722007},"player":{"name":"Template","race":"troll","level":120,"role":"spell","specialization":"Arcane Mage","profile_source":"default","talents":[{"tier":1,"id":22461,"spell_id":264354,"name":"Rule of Threes"},{"tier":3,"id":22447,"spell_id":116011,"name":"Rune of Power"},{"tier":4,"id":22467,"spell_id":205032,"name":"Charged Up"},{"tier":6,"id":22449,"spell_id":210725,"name":"Touch of the Magi"},{"tier":7,"id":21630,"spell_id":155147,"name":"Overpowered"}],"party":0,"ready_type":0,"bugs":true,"scale_player":true,"potion_used":false,"timeofday":"DAY_TIME","invert_scaling":0,"reaction_offset":0.1,"reaction_max":1.4000000000000001,"reaction_mean":0.3,"reaction_stddev":0.06,"reaction_nu":0.25,"world_lag":0.1,"brain_lag":0.0,"brain_lag_stddev":0.0,"world_lag_override":false,"world_lag_stddev_override":false,"dbc":{"Live":{"build_level":27404,"wow_version":"8.0.1"},"version_used":"Live"},"base_mana_regen_per_second":2000.0,"collected_data":{"fight_length":{"sum":506846.33600000007,"count":1694,"mean":299.200906729634,"min":240.019,"max":359.993},"executed_foreground_actions":{"sum":351139.0,"count":1694,"mean":207.28394332939789,"min":165.0,"max":248.0},"dmg":{"sum":7709464933.325721,"count":1694,"mean":4551041.873273743,"min":3411837.4575634794,"max":5871468.08006453},"compound_dmg":{"sum":7709464933.325721,"count":1694,"mean":4551041.873273743,"min":3411837.4575634794,"max":5871468.08006453},"timeline_dmg":{"mean":15334.024760304927,"mean_std_dev":9739.781855826564,"min":0.0,"max":99770.52345676384,