{"results":[["Trait","325","340","355","370","385"],["Laser Matrix",366,554,782,1004,1332],["Archive of the Titans",316,460,722,913,1225],["Relational Normalization Gizmo",346,596,784,1016,1315],["Synaptic Spark Capacitor",439,596,832,1119,1433],["Gutripper",102,279,499,691,969],["Sylvanas' Resolve / Anduin's Dedication",305,510,693,961,1286],["Swirling Sands",558,713,963,1194,1433],["Tradewinds",425,573,756,1083,1322],["Ricocheting Inflatable Pyrosaw",180,383,578,846,1088],["Heed My Call",149,320,545,751,1000],["Barrage Of Many Bombs",336,538,771,1047,1326],["Fan of Blades",2,136,301,523,735],["Twist the Knife",209,404,611,806,1103],["Meticulous Scheming",355,553,741,945,1221],["Poisoned Wire",26,167,336,504,773],["Tidal Surge",269,450,675,927,1193],["Collective Will / Stand As One",108,300,487,646,928],["Combined Might / Stronger Together",81,240,396,607,853],["Battlefield Focus / Battlefield Precision",98,241,446,623,876],["Retaliatory Fury / Last Gift",220,398,597,801,1034],["Glory in Battle / Liberator's Might",318,494,677,930,1194],["Blood Rite",305,462,663,892,1166],["Incite the Pack",395,511,796,999,1296],["Unstable Flames",160,329,507,687,982],["Unstable Catalyst",340,554,789,1026,1329],["Azerite Globules",135,342,507,749,968],["Dagger in the Back",301,509,749,1025,1284],["Scent of Blood",437,645,841,1170,1445],["Earthlink",149,244,459,704,960],["Rezan's Fury",286,510,706,972,1258],["Double Dose",13,155,335,517,772],["Secrets of the Deep",320,518,711,967,1284],["Blood Siphon",142,338,493,705,910],["Ruinous Bolt",148,306,515,725,1001],["Sharpened Blades",27,186,378,628,877],["Overwhelming Power",218,394,582,761,1035],["Thunderous Blast",408,609,792,1082,1394],["Shrouded Suffocation",936,1249,1564,1901,2299],["Champion of Azeroth",533,715,986,1244,1504],["Filthy Transfusion",244,444,657,886,1122],["Blightborne Infusion",580,814,1022,1292,1548],["Elemental Whirl",151,343,511,711,944]],"metas":{"build_date":"Aug 26 2018","build_time":"08:15:22","git_revision":"8a4b661fb5","options":{"debug":false,"max_time":300.0,"expected_iteration_time":299.73900000000003,"vary_combat_length":0.2,"iterations":549,"target_error":0.2,"threads":32,"seed":3077288098969788016,"single_actor_batch":false,"queue_lag":0.005,"queue_lag_stddev":0.001,"gcd_lag":0.15,"gcd_lag_stddev":0.037,"channel_lag":0.25,"channel_lag_stddev":0.062,"queue_gcd_reduction":0.1,"strict_gcd_queue":0,"confidence":0.95,"confidence_estimator":1.9599639854089754,"world_lag":0.1,"world_lag_stddev":0.01,"travel_variance":0.0,"default_skill":1.0,"reaction_time":0.5,"regen_periodicity":0.25,"ignite_sampling_delta":0.2,"fixed_time":true,"optimize_expressions":true,"optimal_raid":1,"log":0,"debug_each":0,"stat_cache":1,"max_aoe_enemies":20,"show_etmi":false,"tmi_window_global":0.0,"tmi_bin_size":0.5,"enemy_death_pct":0.0,"challenge_mode":false,"timewalk":-1,"pvp_crit":false,"rng":{"name":"sse2-sfmt"},"deterministic":0,"average_range":1,"average_gauss":0,"fight_style":"Patchwerk","default_aura_delay":0.03,"default_aura_delay_stddev":0.005,"dbc":{"Live":{"build_level":27404,"wow_version":"8.0.1"},"version_used":"Live"}},"overrides":{"arcane_intellect":1,"battle_shout":1,"power_word_fortitude":1,"chaos_brand":1,"mystic_touch":1,"mortal_wounds":1,"bleeding":1,"bloodlust":1,"bloodlust_percent":25,"bloodlust_time":0.5},"statistics":{"elapsed_cpu_seconds":16736.362300999994,"elapsed_time_seconds":18.233581,"init_time_seconds":3.188834958000003,"merge_time_seconds":0.006801240000000001,"analyze_time_seconds":0.11765040100000002,"simulation_length":{"sum":154783.93100000004,"count":517,"mean":299.38864796905233,"min":240.116,"max":359.588,"median":298.365,"variance":1190.574140228105,"std_dev":34.50469736467928,"mean_variance":2.302851335064033,"mean_std_dev":1.5175148549731015},"raid_dps":{"sum":9945678.090009972,"count":517,"mean":19237.28837526107},"total_dmg":{"sum":2974715419.4411907,"count":517,"mean":5753801.584992632},"total_iterations":111014,"total_actors":211,"total_iterations_mean":526.1327014218009,"total_iterations_variance":385350.2843601897,"total_iterations_stddev":620.7658853063606,"total_mean_dps_stddev":20.31187416796314,"total_mean_dps_variance":412.5722322151683},"player":{"name":"Template","race":"troll","level":120,"role":"attack","specialization":"Assassination Rogue","profile_source":"default","talents":[{"tier":1,"id":22338,"spell_id":193640,"name":"Elaborate Planning"},{"tier":2,"id":22332,"spell_id":108208,"name":"Subterfuge"},{"tier":3,"id":19239,"spell_id":14983,"name":"Vigor"},{"tier":6,"id":23015,"spell_id":245388,"name":"Toxic Blade"},{"tier":7,"id":21186,"spell_id":255544,"name":"Poison Bomb"}],"party":0,"ready_type":1,"bugs":true,"scale_player":true,"potion_used":false,"timeofday":"DAY_TIME","invert_scaling":0,"reaction_offset":0.1,"reaction_max":1.4000000000000001,"reaction_mean":0.3,"reaction_stddev":0.06,"reaction_nu":0.25,"world_lag":0.1,"brain_lag":0.0,"brain_lag_stddev":0.0,"world_lag_override":false,"world_lag_stddev_override":false,"dbc":{"Live":{"build_level":27404,"wow_version":"8.0.1"},"version_used":"Live"},"base_energy_regen_per_second":11.0,"collected_data":{"fight_length":{"sum":154783.93099999998,"count":517,"mean":299.3886479690522,"min":240.116,"max":359.588},"waiting_time":{"sum":2832.751,"count":517,"mean":5.479208897485494,"min":2.74,"max":10.456},"executed_foreground_actions":{"sum":152828.0,"count":517,"mean":295.60541586073504,"min":234.0,"max":352.0},"dmg":{"sum":2974715419.4411907,"count":517,"mean":5753801.584992632,"min":4428358.584223418,"max":6974666.089352882},"compound_dmg":{"sum":2974715419.4411907,"count":517,"mean":5753801.584992632,"min":4428358.584223418,"max":6974666.089352882},"timeline_dmg":{"mean":19862.85072340225,"mean_std_dev":5285.041756520449,"min":3469.968200585766,"max":47104.52332819137,