{"results":[["Trait","325","340","355","370","385"],["Laser Matrix",321,504,725,986,1268],["Archive of the Titans",268,461,684,911,1112],["Relational Normalization Gizmo",324,484,703,912,1186],["Synaptic Spark Capacitor",583,829,1123,1380,1726],["Gutripper",140,268,447,633,873],["Sylvanas' Resolve / Anduin's Dedication",292,501,691,954,1187],["Swirling Sands",271,426,597,829,1047],["Tradewinds",325,487,677,895,1139],["Ricocheting Inflatable Pyrosaw",304,482,709,930,1215],["Heed My Call",210,353,537,745,1049],["Elemental Whirl",124,280,448,656,869],["Unerring Vision",140,323,479,685,908],["Arcane Flurry",23,151,307,506,698],["Tidal Surge",284,441,631,879,1159],["Collective Will / Stand As One",89,229,473,633,895],["Combined Might / Stronger Together",78,204,390,600,799],["Barrage Of Many Bombs",509,731,984,1211,1560],["Battlefield Focus / Battlefield Precision",124,254,416,649,879],["Retaliatory Fury / Last Gift",160,298,507,701,926],["Glory in Battle / Liberator's Might",196,357,545,730,965],["Blood Rite",241,373,584,816,1045],["Unstable Flames",101,250,435,618,851],["Meticulous Scheming",539,712,920,1138,1451],["Incite the Pack",267,479,664,856,1105],["In The Rhythm",322,492,653,900,1131],["Unstable Catalyst",372,523,742,1012,1276],["Azerite Globules",230,381,564,792,1075],["Steady Aim",277,464,689,909,1169],["Earthlink",152,281,448,636,923],["Focused Fire",411,633,835,1080,1376],["Rezan's Fury",280,472,655,891,1174],["Secrets of the Deep",319,500,685,932,1214],["Dagger in the Back",319,495,696,981,1238],["Blood Siphon",249,391,585,767,1002],["Ruinous Bolt",165,331,489,748,995],["Thunderous Blast",388,572,790,1029,1304],["Rapid Reload",202,325,495,747,972],["Overwhelming Power",180,327,506,700,917],["Champion of Azeroth",379,530,734,964,1181],["Filthy Transfusion",244,413,607,840,1113],["Blightborne Infusion",290,449,659,877,1118]],"metas":{"build_date":"Aug 26 2018","build_time":"17:25:12","git_revision":"82a50ef53a","options":{"debug":false,"max_time":300.0,"expected_iteration_time":354.77500000000003,"vary_combat_length":0.2,"iterations":1022,"target_error":0.2,"threads":32,"seed":12322689716778116433,"single_actor_batch":false,"queue_lag":0.005,"queue_lag_stddev":0.001,"gcd_lag":0.15,"gcd_lag_stddev":0.037,"channel_lag":0.25,"channel_lag_stddev":0.062,"queue_gcd_reduction":0.1,"strict_gcd_queue":0,"confidence":0.95,"confidence_estimator":1.9599639854089754,"world_lag":0.1,"world_lag_stddev":0.01,"travel_variance":0.0,"default_skill":1.0,"reaction_time":0.5,"regen_periodicity":0.25,"ignite_sampling_delta":0.2,"fixed_time":true,"optimize_expressions":true,"optimal_raid":1,"log":0,"debug_each":0,"stat_cache":1,"max_aoe_enemies":20,"show_etmi":false,"tmi_window_global":0.0,"tmi_bin_size":0.5,"enemy_death_pct":0.0,"challenge_mode":false,"timewalk":-1,"pvp_crit":false,"rng":{"name":"sse2-sfmt"},"deterministic":0,"average_range":1,"average_gauss":0,"fight_style":"Patchwerk","default_aura_delay":0.03,"default_aura_delay_stddev":0.005,"dbc":{"Live":{"build_level":27404,"wow_version":"8.0.1"},"version_used":"Live"}},"overrides":{"arcane_intellect":1,"battle_shout":1,"power_word_fortitude":1,"chaos_brand":1,"mystic_touch":1,"mortal_wounds":1,"bleeding":1,"bloodlust":1,"bloodlust_percent":25,"bloodlust_time":0.5},"statistics":{"elapsed_cpu_seconds":9845.464143999998,"elapsed_time_seconds":10.700864,"init_time_seconds":2.736988883000001,"merge_time_seconds":0.006667324000000001,"analyze_time_seconds":0.223542064,"simulation_length":{"sum":296001.527,"count":990,"mean":298.99144141414143,"min":240.008,"max":359.878,"median":299.98900000000003,"variance":1133.3667937839416,"std_dev":33.665513419283265,"mean_variance":1.1448149432161026,"mean_std_dev":1.0699602531010686},"raid_dps":{"sum":14641733.037944606,"count":990,"mean":14789.629331257178},"total_dmg":{"sum":4373761054.796354,"count":990,"mean":4417940.459390257},"total_iterations":193284,"total_actors":206,"total_iterations_mean":938.2718446601941,"total_iterations_variance":833872.7766990293,"total_iterations_stddev":913.1663466745964,"total_mean_dps_stddev":15.74408440094928,"total_mean_dps_variance":247.87619362421444},"player":{"name":"Template","race":"lightforged_draenei","level":120,"role":"attack","specialization":"Marksmanship Hunter","profile_source":"default","talents":[{"tier":1,"id":22501,"spell_id":271788,"name":"Serpent Sting"},{"tier":2,"id":22495,"spell_id":260228,"name":"Careful Aim"},{"tier":4,"id":21998,"spell_id":257284,"name":"Hunter's Mark"},{"tier":6,"id":23063,"spell_id":260393,"name":"Lethal Shots"},{"tier":7,"id":22308,"spell_id":194595,"name":"Lock and Load"}],"party":0,"ready_type":0,"bugs":true,"scale_player":true,"potion_used":false,"timeofday":"DAY_TIME","invert_scaling":0,"reaction_offset":0.1,"reaction_max":1.4000000000000001,"reaction_mean":0.3,"reaction_stddev":0.06,"reaction_nu":0.25,"world_lag":0.1,"brain_lag":0.0,"brain_lag_stddev":0.0,"world_lag_override":false,"world_lag_stddev_override":false,"dbc":{"Live":{"build_level":27404,"wow_version":"8.0.1"},"version_used":"Live"},"base_focus_regen_per_second":2.999999999999999,"collected_data":{"fight_length":{"sum":296001.52699999994,"count":990,"mean":298.9914414141414,"min":240.008,"max":359.878},"executed_foreground_actions":{"sum":211111.0,"count":990,"mean":213.24343434343433,"min":173.0,"max":255.0},"dmg":{"sum":4373761054.796354,"count":990,"mean":4417940.459390257,"min":3343129.4660404194,"max":5466043.541259297},"compound_dmg":{"sum":4373761054.796354,"count":990,"mean":4417940.459390257,"min":3343129.4660404194,"max":5466043.541259297},"timeline_dmg":{"mean":15257.72353894162,"mean_std_dev":7976.340375250149,"min":0.0,"max":109093.9814617519,