{"results":[["Trait","325","340","355","370","385"],["Laser Matrix",344,526,776,989,1271],["Archive of the Titans",226,445,623,806,1001],["Relational Normalization Gizmo",384,554,763,962,1187],["Synaptic Spark Capacitor",409,611,856,1073,1373],["Gutripper",149,224,427,650,853],["Sylvanas' Resolve / Anduin's Dedication",251,425,655,830,1103],["Swirling Sands",392,541,759,933,1193],["Tradewinds",518,709,873,1063,1334],["Ricocheting Inflatable Pyrosaw",205,363,537,777,1037],["Heed My Call",174,324,470,680,905],["Tidal Surge",289,442,641,871,1121],["Collective Will / Stand As One",103,263,395,607,849],["Wracking Brilliance",510,696,938,1159,1511],["Combined Might / Stronger Together",61,213,389,570,782],["Cascading Calamity",310,464,631,805,1039],["Barrage Of Many Bombs",362,548,750,980,1260],["Battlefield Focus / Battlefield Precision",87,248,419,615,824],["Retaliatory Fury / Last Gift",252,391,552,771,1027],["Glory in Battle / Liberator's Might",285,393,585,792,1000],["Blood Rite",360,515,656,861,1109],["Unstable Flames",119,271,435,631,824],["Meticulous Scheming",405,590,726,959,1197],["Incite the Pack",477,666,847,1031,1278],["Unstable Catalyst",274,496,669,958,1182],["Dreadful Calling",-41,94,308,468,665],["Azerite Globules",202,342,473,722,946],["Dagger in the Back",424,654,865,1120,1444],["Secrets of the Deep",297,458,651,890,1134],["Blood Siphon",375,538,681,870,1181],["Earthlink",82,253,410,606,835],["Ruinous Bolt",175,371,476,728,933],["Inevitable Demise",303,514,730,985,1306],["Thunderous Blast",383,604,793,1062,1348],["Overwhelming Power",244,360,557,718,1008],["Champion of Azeroth",500,654,930,1110,1330],["Filthy Transfusion",267,425,604,852,1100],["Deathbloom",4,115,272,450,597],["Elemental Whirl",162,302,481,667,848],["Rezan's Fury",283,472,677,890,1197],["Blightborne Infusion",426,602,822,1006,1296],["Sudden Onset",117,293,473,649,857]],"metas":{"build_date":"Aug 24 2018","build_time":"06:29:59","git_revision":"d11d257b76","options":{"debug":false,"max_time":300.0,"expected_iteration_time":336.27500000000003,"vary_combat_length":0.2,"iterations":898,"target_error":0.2,"threads":32,"seed":15080938741591856313,"single_actor_batch":false,"queue_lag":0.005,"queue_lag_stddev":0.001,"gcd_lag":0.15,"gcd_lag_stddev":0.037,"channel_lag":0.25,"channel_lag_stddev":0.062,"queue_gcd_reduction":0.1,"strict_gcd_queue":0,"confidence":0.95,"confidence_estimator":1.9599639854089754,"world_lag":0.1,"world_lag_stddev":0.01,"travel_variance":0.0,"default_skill":1.0,"reaction_time":0.5,"regen_periodicity":0.25,"ignite_sampling_delta":0.2,"fixed_time":true,"optimize_expressions":true,"optimal_raid":1,"log":0,"debug_each":0,"stat_cache":1,"max_aoe_enemies":20,"show_etmi":false,"tmi_window_global":0.0,"tmi_bin_size":0.5,"enemy_death_pct":0.0,"challenge_mode":false,"timewalk":-1,"pvp_crit":false,"rng":{"name":"sse2-sfmt"},"deterministic":0,"average_range":1,"average_gauss":0,"fight_style":"Patchwerk","default_aura_delay":0.03,"default_aura_delay_stddev":0.005,"dbc":{"Live":{"build_level":27404,"wow_version":"8.0.1"},"version_used":"Live"}},"overrides":{"arcane_intellect":1,"battle_shout":1,"power_word_fortitude":1,"chaos_brand":1,"mystic_touch":1,"mortal_wounds":1,"bleeding":1,"bloodlust":1,"bloodlust_percent":25,"bloodlust_time":0.5},"statistics":{"elapsed_cpu_seconds":18055.634284000003,"elapsed_time_seconds":19.245671,"init_time_seconds":3.131092749999998,"merge_time_seconds":0.006600095,"analyze_time_seconds":0.16816493600000007,"simulation_length":{"sum":259580.11100000003,"count":866,"mean":299.74608660508085,"min":240.372,"max":359.97700000000003,"median":298.54200000000003,"variance":1155.6541978804903,"std_dev":33.99491429435424,"mean_variance":1.3344736696079564,"mean_std_dev":1.1551942129390869},"raid_dps":{"sum":15674262.30815713,"count":866,"mean":18099.610055608693},"total_dmg":{"sum":4685754220.630824,"count":866,"mean":5410801.640451298},"total_iterations":171504,"total_actors":206,"total_iterations_mean":832.5436893203884,"total_iterations_variance":635799.1067961162,"total_iterations_stddev":797.3701190765279,"total_mean_dps_stddev":19.117693654617817,"total_mean_dps_variance":365.4862106718143},"player":{"name":"Template","race":"troll","level":120,"role":"spell","specialization":"Affliction Warlock","profile_source":"default","talents":[{"tier":1,"id":23141,"spell_id":264106,"name":"Deathbolt"},{"tier":2,"id":22089,"spell_id":63106,"name":"Siphon Life"},{"tier":4,"id":19292,"spell_id":205179,"name":"Phantom Singularity"},{"tier":6,"id":23159,"spell_id":48181,"name":"Haunt"},{"tier":7,"id":19293,"spell_id":113860,"name":"Dark Soul: Misery"}],"party":0,"ready_type":0,"bugs":true,"scale_player":true,"potion_used":false,"timeofday":"DAY_TIME","invert_scaling":0,"reaction_offset":0.1,"reaction_max":1.4000000000000001,"reaction_mean":0.3,"reaction_stddev":0.06,"reaction_nu":0.25,"world_lag":0.1,"brain_lag":0.0,"brain_lag_stddev":0.0,"world_lag_override":false,"world_lag_stddev_override":false,"dbc":{"Live":{"build_level":27404,"wow_version":"8.0.1"},"version_used":"Live"},"base_mana_regen_per_second":1000.0,"collected_data":{"fight_length":{"sum":259580.111,"count":866,"mean":299.74608660508085,"min":240.372,"max":359.97700000000003},"executed_foreground_actions":{"sum":220064.0,"count":866,"mean":254.11547344110855,"min":205.0,"max":302.0},"dmg":{"sum":3947794363.9344125,"count":866,"mean":4558653.999924264,"min":3607441.1649870113,"max":5461024.4348100815},"compound_dmg":{"sum":4685754220.630824,"count":866,"mean":5410801.640451298,"min":4375715.605806541,"max":6390844.26879714},"timeline_dmg":{"mean":17907.637931783625,"mean_std_dev":12515.529902429436,"min":0.0,"max":146821.11468458432,