{"results":[["Trait","325","340","355","370","385"],["Laser Matrix",348,482,624,808,1043],["Archive of the Titans",212,324,482,613,799],["Relational Normalization Gizmo",212,344,474,647,822],["Synaptic Spark Capacitor",377,562,723,910,1180],["Gutripper",120,232,334,463,642],["Sylvanas' Resolve / Anduin's Dedication",209,337,481,637,820],["Swirling Sands",188,288,420,571,718],["Tradewinds",173,295,414,566,729],["Ricocheting Inflatable Pyrosaw",218,336,475,636,850],["Heed My Call",136,273,387,581,753],["Elemental Whirl",76,180,292,442,593],["Unerring Vision",109,225,338,484,634],["Arcane Flurry",66,182,302,423,583],["Tidal Surge",269,415,539,739,919],["Collective Will / Stand As One",91,186,307,437,603],["Combined Might / Stronger Together",42,142,265,407,544],["Barrage Of Many Bombs",335,482,663,821,1040],["Battlefield Focus / Battlefield Precision",246,383,506,719,893],["Retaliatory Fury / Last Gift",122,212,324,462,593],["Glory in Battle / Liberator's Might",158,257,381,534,666],["Blood Rite",186,278,418,554,720],["Unstable Flames",85,174,295,414,579],["Meticulous Scheming",394,532,652,806,1030],["Incite the Pack",176,276,408,541,702],["In The Rhythm",87,192,308,447,587],["Unstable Catalyst",234,357,517,681,883],["Azerite Globules",150,282,418,540,730],["Steady Aim",301,465,617,810,1006],["Earthlink",100,195,310,469,631],["Focused Fire",108,197,338,477,649],["Rezan's Fury",274,412,576,734,954],["Secrets of the Deep",223,347,482,642,823],["Dagger in the Back",310,453,606,801,1018],["Blood Siphon",147,257,381,494,662],["Ruinous Bolt",164,284,423,568,753],["Thunderous Blast",389,545,699,891,1119],["Rapid Reload",14,86,211,340,484],["Overwhelming Power",133,224,362,478,651],["Champion of Azeroth",237,332,504,649,786],["Filthy Transfusion",238,357,511,679,873],["Blightborne Infusion",198,316,468,595,758]],"metas":{"build_date":"Aug 26 2018","build_time":"17:25:12","git_revision":"82a50ef53a","options":{"debug":false,"max_time":300.0,"expected_iteration_time":349.75600000000003,"vary_combat_length":0.2,"iterations":1059,"target_error":0.2,"threads":32,"seed":12969342919110275561,"single_actor_batch":false,"queue_lag":0.005,"queue_lag_stddev":0.001,"gcd_lag":0.15,"gcd_lag_stddev":0.037,"channel_lag":0.25,"channel_lag_stddev":0.062,"queue_gcd_reduction":0.1,"strict_gcd_queue":0,"confidence":0.95,"confidence_estimator":1.9599639854089754,"world_lag":0.1,"world_lag_stddev":0.01,"travel_variance":0.0,"default_skill":1.0,"reaction_time":0.5,"regen_periodicity":0.25,"ignite_sampling_delta":0.2,"fixed_time":true,"optimize_expressions":true,"optimal_raid":1,"log":0,"debug_each":0,"stat_cache":1,"max_aoe_enemies":20,"show_etmi":false,"tmi_window_global":0.0,"tmi_bin_size":0.5,"enemy_death_pct":0.0,"challenge_mode":false,"timewalk":-1,"pvp_crit":false,"rng":{"name":"sse2-sfmt"},"deterministic":0,"average_range":1,"average_gauss":0,"fight_style":"Patchwerk","default_aura_delay":0.03,"default_aura_delay_stddev":0.005,"dbc":{"Live":{"build_level":27404,"wow_version":"8.0.1"},"version_used":"Live"}},"overrides":{"arcane_intellect":1,"battle_shout":1,"power_word_fortitude":1,"chaos_brand":1,"mystic_touch":1,"mortal_wounds":1,"bleeding":1,"bloodlust":1,"bloodlust_percent":25,"bloodlust_time":0.5},"statistics":{"elapsed_cpu_seconds":10539.48653299999,"elapsed_time_seconds":11.391988,"init_time_seconds":2.6397037159999983,"merge_time_seconds":0.00574653,"analyze_time_seconds":0.21624645600000003,"simulation_length":{"sum":310274.824,"count":1027,"mean":302.1176475170399,"min":240.293,"max":359.986,"median":303.024,"variance":1176.4933343704004,"std_dev":34.30004860594807,"mean_variance":1.1455631298640705,"mean_std_dev":1.0703098289112694},"raid_dps":{"sum":10468357.284859225,"count":1027,"mean":10193.142439006062},"total_dmg":{"sum":3158137729.5344267,"count":1027,"mean":3075109.7658563065},"total_iterations":207563,"total_actors":206,"total_iterations_mean":1007.5873786407767,"total_iterations_variance":738307.9271844659,"total_iterations_stddev":859.2484665010849,"total_mean_dps_stddev":10.867069698799316,"total_mean_dps_variance":118.09320383856226},"player":{"name":"Template","race":"lightforged_draenei","level":120,"role":"attack","specialization":"Marksmanship Hunter","profile_source":"default","talents":[{"tier":1,"id":22501,"spell_id":271788,"name":"Serpent Sting"},{"tier":2,"id":22495,"spell_id":260228,"name":"Careful Aim"},{"tier":4,"id":21998,"spell_id":257284,"name":"Hunter's Mark"},{"tier":6,"id":23063,"spell_id":260393,"name":"Lethal Shots"},{"tier":7,"id":22308,"spell_id":194595,"name":"Lock and Load"}],"party":0,"ready_type":0,"bugs":true,"scale_player":true,"potion_used":false,"timeofday":"DAY_TIME","invert_scaling":0,"reaction_offset":0.1,"reaction_max":1.4000000000000001,"reaction_mean":0.3,"reaction_stddev":0.06,"reaction_nu":0.25,"world_lag":0.1,"brain_lag":0.0,"brain_lag_stddev":0.0,"world_lag_override":false,"world_lag_stddev_override":false,"dbc":{"Live":{"build_level":27404,"wow_version":"8.0.1"},"version_used":"Live"},"base_focus_regen_per_second":2.999999999999999,"collected_data":{"fight_length":{"sum":310274.824,"count":1027,"mean":302.1176475170399,"min":240.293,"max":359.986},"executed_foreground_actions":{"sum":228619.0,"count":1027,"mean":222.60856864654332,"min":178.0,"max":267.0},"dmg":{"sum":2863390478.9251266,"count":1027,"mean":2788111.469255235,"min":2118333.219026682,"max":3394062.649012017},"compound_dmg":{"sum":3158137729.5344267,"count":1027,"mean":3075109.7658563065,"min":2347331.33683934,"max":3737186.7907464555},"timeline_dmg":{"mean":10483.750997156445,"mean_std_dev":4946.811676923589,"min":1717.2782184648963,"max":66743.46329921382,