{"results":[["Trait","325","340","355","370","385"],["Laser Matrix",304,449,613,789,1023],["Archive of the Titans",178,289,427,575,722],["Relational Normalization Gizmo",199,312,436,608,757],["Synaptic Spark Capacitor",172,308,413,583,762],["Gutripper",105,194,326,453,618],["Sylvanas' Resolve / Anduin's Dedication",168,293,424,588,771],["Swirling Sands",246,355,480,615,788],["Tradewinds",179,297,393,545,707],["Ricocheting Inflatable Pyrosaw",79,186,313,460,600],["Heed My Call",105,211,334,472,643],["Whispers of the Damned",233,342,486,663,851],["Barrage Of Many Bombs",156,269,385,549,735],["Tidal Surge",249,387,511,683,874],["Collective Will / Stand As One",55,161,272,387,562],["On My Way",57,149,253,393,523],["Combined Might / Stronger Together",35,127,237,358,510],["Battlefield Focus / Battlefield Precision",251,395,540,701,875],["Retaliatory Fury / Last Gift",87,184,300,421,572],["Glory in Battle / Liberator's Might",167,277,363,523,670],["Unstable Flames",82,163,291,400,539],["Blood Rite",144,277,390,511,689],["Searing Dialogue",2,80,166,285,416],["Meticulous Scheming",183,306,429,558,723],["Incite the Pack",169,275,382,531,662],["Unstable Catalyst",201,326,443,628,807],["Azerite Globules",69,166,281,408,569],["Earthlink",53,175,259,415,547],["Rezan's Fury",246,373,510,703,888],["Dagger in the Back",277,427,574,765,949],["Secrets of the Deep",164,295,420,598,786],["Blood Siphon",128,209,366,465,610],["Champion of Azeroth",257,357,505,666,794],["Chorus of Insanity",120,221,334,471,613],["Ruinous Bolt",159,248,380,533,703],["Thunderous Blast",335,488,681,844,1074],["Blightborne Infusion",287,405,528,653,831],["Death Throes",179,277,434,553,739],["Overwhelming Power",121,208,313,458,621],["Filthy Transfusion",194,359,461,634,830],["Thought Harvester",72,180,286,400,571],["Elemental Whirl",62,175,280,414,553],["Spiteful Apparitions",108,241,356,473,667]],"metas":{"build_date":"Aug 28 2018","build_time":"05:59:50","git_revision":"6deede5a59","options":{"debug":false,"max_time":300.0,"expected_iteration_time":296.31600000000003,"vary_combat_length":0.2,"iterations":739,"target_error":0.2,"threads":32,"seed":10280749110083604453,"single_actor_batch":false,"queue_lag":0.005,"queue_lag_stddev":0.001,"gcd_lag":0.15,"gcd_lag_stddev":0.037,"channel_lag":0.25,"channel_lag_stddev":0.062,"queue_gcd_reduction":0.1,"strict_gcd_queue":0,"confidence":0.95,"confidence_estimator":1.9599639854089754,"world_lag":0.1,"world_lag_stddev":0.01,"travel_variance":0.0,"default_skill":1.0,"reaction_time":0.5,"regen_periodicity":0.25,"ignite_sampling_delta":0.2,"fixed_time":true,"optimize_expressions":true,"optimal_raid":1,"log":0,"debug_each":0,"stat_cache":1,"max_aoe_enemies":20,"show_etmi":false,"tmi_window_global":0.0,"tmi_bin_size":0.5,"enemy_death_pct":0.0,"challenge_mode":false,"timewalk":-1,"pvp_crit":false,"rng":{"name":"sse2-sfmt"},"deterministic":0,"average_range":1,"average_gauss":0,"fight_style":"Patchwerk","default_aura_delay":0.03,"default_aura_delay_stddev":0.005,"dbc":{"Live":{"build_level":27404,"wow_version":"8.0.1"},"version_used":"Live"}},"overrides":{"arcane_intellect":1,"battle_shout":1,"power_word_fortitude":1,"chaos_brand":1,"mystic_touch":1,"mortal_wounds":1,"bleeding":1,"bloodlust":1,"bloodlust_percent":25,"bloodlust_time":0.5},"statistics":{"elapsed_cpu_seconds":8382.060625000002,"elapsed_time_seconds":9.171790999999999,"init_time_seconds":2.8756318760000026,"merge_time_seconds":0.004793797,"analyze_time_seconds":0.14519646600000005,"simulation_length":{"sum":212546.28300000002,"count":707,"mean":300.6312347949081,"min":240.04500000000002,"max":359.81,"median":302.08,"variance":1161.4162541428911,"std_dev":34.07955771636262,"mean_variance":1.6427386904425618,"mean_std_dev":1.2816936804254602},"raid_dps":{"sum":6802125.895677009,"count":707,"mean":9621.111592188132},"total_dmg":{"sum":2042127199.2234483,"count":707,"mean":2888440.168632883},"total_iterations":138152,"total_actors":211,"total_iterations_mean":654.7488151658767,"total_iterations_variance":566719.6872037917,"total_iterations_stddev":752.8078687180359,"total_mean_dps_stddev":10.229853317173273,"total_mean_dps_variance":104.64989889088102},"player":{"name":"Template","race":"troll","level":120,"role":"spell","specialization":"Shadow Priest","profile_source":"default","talents":[{"tier":1,"id":22328,"spell_id":193195,"name":"Fortress of the Mind"},{"tier":2,"id":22315,"spell_id":64129,"name":"Body and Soul"},{"tier":3,"id":23125,"spell_id":109142,"name":"Twist of Fate"},{"tier":4,"id":23137,"spell_id":263716,"name":"Last Word"},{"tier":5,"id":22310,"spell_id":155271,"name":"Auspicious Spirits"},{"tier":6,"id":21719,"spell_id":200174,"name":"Mindbender"},{"tier":7,"id":21978,"spell_id":280711,"name":"Dark Ascension"}],"party":0,"ready_type":0,"bugs":true,"scale_player":true,"potion_used":false,"timeofday":"DAY_TIME","invert_scaling":0,"reaction_offset":0.1,"reaction_max":1.4000000000000001,"reaction_mean":0.3,"reaction_stddev":0.06,"reaction_nu":0.25,"world_lag":0.1,"brain_lag":0.0,"brain_lag_stddev":0.0,"world_lag_override":false,"world_lag_stddev_override":false,"dbc":{"Live":{"build_level":27404,"wow_version":"8.0.1"},"version_used":"Live"},"base_mana_regen_per_second":640.0,"collected_data":{"fight_length":{"sum":212546.28299999997,"count":707,"mean":300.63123479490804,"min":240.04500000000002,"max":359.81},"executed_foreground_actions":{"sum":143032.0,"count":707,"mean":202.3083451202263,"min":157.0,"max":241.0},"dmg":{"sum":1853361418.8930485,"count":707,"mean":2621444.7226210022,"min":2075567.4899441286,"max":3203320.9572802726},"compound_dmg":{"sum":2042127199.2234483,"count":707,"mean":2888440.168632883,"min":2281643.6693441286,"max":3494252.0340802725},"timeline_dmg":{"mean":9802.969289693021,"mean_std_dev":3959.689904554672,"min":1052.5288728132932,"max":25346.96307648508,