{"results":[["Trait","325","340","355","370","385"],["Laser Matrix",354,598,871,1151,1483],["Archive of the Titans",356,631,857,1166,1481],["Relational Normalization Gizmo",332,546,803,1064,1372],["Synaptic Spark Capacitor",672,950,1196,1548,1972],["Gutripper",126,323,519,823,1071],["Sylvanas' Resolve / Anduin's Dedication",368,624,855,1185,1508],["Swirling Sands",473,694,950,1230,1566],["Tradewinds",416,667,936,1203,1504],["Ricocheting Inflatable Pyrosaw",353,574,827,1110,1406],["Heed My Call",216,410,633,949,1237],["Barrage Of Many Bombs",497,817,1073,1399,1807],["Fan of Blades",345,505,796,1047,1392],["Twist the Knife",223,388,645,912,1224],["Meticulous Scheming",245,440,640,902,1213],["Poisoned Wire",-6,178,388,620,867],["Tidal Surge",244,491,724,1053,1384],["Collective Will / Stand As One",160,329,557,778,1088],["Combined Might / Stronger Together",114,241,494,749,1017],["Battlefield Focus / Battlefield Precision",23,223,428,680,950],["Retaliatory Fury / Last Gift",239,450,657,939,1231],["Glory in Battle / Liberator's Might",290,484,719,967,1267],["Blood Rite",207,392,578,868,1133],["Incite the Pack",426,615,891,1111,1474],["Unstable Flames",162,364,606,815,1139],["Unstable Catalyst",448,678,948,1264,1605],["Azerite Globules",241,454,657,951,1284],["Dagger in the Back",313,612,855,1103,1434],["Scent of Blood",766,1023,1347,1724,2167],["Earthlink",165,360,560,849,1147],["Rezan's Fury",339,514,780,1056,1414],["Double Dose",-17,198,381,613,894],["Secrets of the Deep",426,649,895,1200,1539],["Blood Siphon",181,354,571,800,1076],["Ruinous Bolt",164,384,640,860,1183],["Sharpened Blades",20,202,458,723,1050],["Overwhelming Power",160,317,513,757,1076],["Thunderous Blast",362,608,906,1238,1534],["Shrouded Suffocation",616,875,1156,1559,1981],["Champion of Azeroth",499,701,970,1236,1531],["Filthy Transfusion",270,434,717,963,1310],["Blightborne Infusion",558,741,992,1315,1606],["Elemental Whirl",163,327,525,836,1110]],"metas":{"build_date":"Aug 26 2018","build_time":"17:25:12","git_revision":"82a50ef53a","options":{"debug":false,"max_time":300.0,"expected_iteration_time":304.96500000000003,"vary_combat_length":0.2,"iterations":463,"target_error":0.2,"threads":32,"seed":6171690206638406776,"single_actor_batch":false,"queue_lag":0.005,"queue_lag_stddev":0.001,"gcd_lag":0.15,"gcd_lag_stddev":0.037,"channel_lag":0.25,"channel_lag_stddev":0.062,"queue_gcd_reduction":0.1,"strict_gcd_queue":0,"confidence":0.95,"confidence_estimator":1.9599639854089754,"world_lag":0.1,"world_lag_stddev":0.01,"travel_variance":0.0,"default_skill":1.0,"reaction_time":0.5,"regen_periodicity":0.25,"ignite_sampling_delta":0.2,"fixed_time":true,"optimize_expressions":true,"optimal_raid":1,"log":0,"debug_each":0,"stat_cache":1,"max_aoe_enemies":20,"show_etmi":false,"tmi_window_global":0.0,"tmi_bin_size":0.5,"enemy_death_pct":0.0,"challenge_mode":false,"timewalk":-1,"pvp_crit":false,"rng":{"name":"sse2-sfmt"},"deterministic":0,"average_range":1,"average_gauss":0,"fight_style":"Patchwerk","default_aura_delay":0.03,"default_aura_delay_stddev":0.005,"dbc":{"Live":{"build_level":27404,"wow_version":"8.0.1"},"version_used":"Live"}},"overrides":{"arcane_intellect":1,"battle_shout":1,"power_word_fortitude":1,"chaos_brand":1,"mystic_touch":1,"mortal_wounds":1,"bleeding":1,"bloodlust":1,"bloodlust_percent":25,"bloodlust_time":0.5},"statistics":{"elapsed_cpu_seconds":15864.685601999992,"elapsed_time_seconds":17.448406,"init_time_seconds":3.3453390929999984,"merge_time_seconds":0.007768812999999999,"analyze_time_seconds":0.10810727600000009,"simulation_length":{"sum":130230.218,"count":431,"mean":302.1582784222738,"min":240.308,"max":359.735,"median":300.476,"variance":1181.559096330834,"std_dev":34.373814107992644,"mean_variance":2.7414364184010074,"mean_std_dev":1.655728364920106},"raid_dps":{"sum":7751880.238002068,"count":431,"mean":17985.8010162461},"total_dmg":{"sum":2340585421.134273,"count":431,"mean":5430592.624441469},"total_iterations":88226,"total_actors":211,"total_iterations_mean":418.13270142180096,"total_iterations_variance":432684.28436019,"total_iterations_stddev":657.7874157812613,"total_mean_dps_stddev":19.128909070455943,"total_mean_dps_variance":365.91516222577167},"player":{"name":"Template","race":"troll","level":120,"role":"attack","specialization":"Assassination Rogue","profile_source":"default","talents":[{"tier":1,"id":22338,"spell_id":193640,"name":"Elaborate Planning"},{"tier":2,"id":22332,"spell_id":108208,"name":"Subterfuge"},{"tier":3,"id":19239,"spell_id":14983,"name":"Vigor"},{"tier":6,"id":23015,"spell_id":245388,"name":"Toxic Blade"},{"tier":7,"id":21186,"spell_id":255544,"name":"Poison Bomb"}],"party":0,"ready_type":1,"bugs":true,"scale_player":true,"potion_used":false,"timeofday":"DAY_TIME","invert_scaling":0,"reaction_offset":0.1,"reaction_max":1.4000000000000001,"reaction_mean":0.3,"reaction_stddev":0.06,"reaction_nu":0.25,"world_lag":0.1,"brain_lag":0.0,"brain_lag_stddev":0.0,"world_lag_override":false,"world_lag_stddev_override":false,"dbc":{"Live":{"build_level":27404,"wow_version":"8.0.1"},"version_used":"Live"},"base_energy_regen_per_second":11.0,"collected_data":{"fight_length":{"sum":130230.21800000002,"count":431,"mean":302.15827842227384,"min":240.308,"max":359.735},"executed_foreground_actions":{"sum":134640.0,"count":431,"mean":312.3897911832947,"min":248.0,"max":371.0},"dmg":{"sum":2340585421.134273,"count":431,"mean":5430592.624441469,"min":4231033.442621181,"max":6526083.728302248},"compound_dmg":{"sum":2340585421.134273,"count":431,"mean":5430592.624441469,"min":4231033.442621181,"max":6526083.728302248},"timeline_dmg":{"mean":18919.97327953602,"mean_std_dev":4300.781686246907,"min":2896.6478297125204,"max":37845.12409636391,