{"results":[["Trait","325","340","355","370","385"],["Laser Matrix",301,474,707,933,1211],["Archive of the Titans",290,500,714,969,1213],["Relational Normalization Gizmo",268,370,609,818,1084],["Synaptic Spark Capacitor",526,728,994,1281,1608],["Gutripper",116,275,448,657,931],["Sylvanas' Resolve / Anduin's Dedication",296,501,697,987,1247],["Swirling Sands",303,474,686,901,1153],["Tradewinds",318,498,662,906,1147],["Ricocheting Inflatable Pyrosaw",179,386,547,808,1055],["Heed My Call",147,296,501,727,968],["Barrage Of Many Bombs",365,560,816,1042,1395],["Perforate",31,231,427,590,859],["Champion of Azeroth",338,554,767,947,1228],["The First Dance",262,440,646,829,1115],["Inevitability",191,314,526,741,990],["Tidal Surge",287,482,678,919,1186],["Collective Will / Stand As One",68,244,410,649,856],["Combined Might / Stronger Together",60,170,414,567,835],["Battlefield Focus / Battlefield Precision",152,302,500,696,940],["Retaliatory Fury / Last Gift",169,289,531,684,943],["Glory in Battle / Liberator's Might",175,306,538,681,961],["Blood Rite",108,266,456,642,886],["Unstable Flames",110,260,425,631,877],["Meticulous Scheming",129,265,427,630,868],["Incite the Pack",308,456,654,889,1109],["Unstable Catalyst",314,535,752,1017,1286],["Azerite Globules",140,304,504,700,969],["Earthlink",122,322,491,714,953],["Night's Vengeance",225,380,570,866,1110],["Dagger in the Back",255,448,657,877,1168],["Secrets of the Deep",319,508,766,993,1255],["Blood Siphon",99,262,467,632,877],["Ruinous Bolt",145,327,512,736,995],["Sharpened Blades",11,170,346,492,732],["Thunderous Blast",287,497,729,982,1301],["Overwhelming Power",16,193,370,582,758],["Filthy Transfusion",196,358,571,775,1029],["Blightborne Infusion",333,493,697,944,1189],["Blade In The Shadows",172,346,548,765,1048],["Rezan's Fury",193,409,621,862,1109],["Elemental Whirl",94,285,427,638,870]],"metas":{"build_date":"Aug 25 2018","build_time":"17:36:54","git_revision":"81398f5484","options":{"debug":false,"max_time":300.0,"expected_iteration_time":291.16700000000003,"vary_combat_length":0.2,"iterations":1053,"target_error":0.2,"threads":32,"seed":16307740955219089640,"single_actor_batch":false,"queue_lag":0.005,"queue_lag_stddev":0.001,"gcd_lag":0.15,"gcd_lag_stddev":0.037,"channel_lag":0.25,"channel_lag_stddev":0.062,"queue_gcd_reduction":0.1,"strict_gcd_queue":0,"confidence":0.95,"confidence_estimator":1.9599639854089754,"world_lag":0.1,"world_lag_stddev":0.01,"travel_variance":0.0,"default_skill":1.0,"reaction_time":0.5,"regen_periodicity":0.25,"ignite_sampling_delta":0.2,"fixed_time":true,"optimize_expressions":true,"optimal_raid":1,"log":0,"debug_each":0,"stat_cache":1,"max_aoe_enemies":20,"show_etmi":false,"tmi_window_global":0.0,"tmi_bin_size":0.5,"enemy_death_pct":0.0,"challenge_mode":false,"timewalk":-1,"pvp_crit":false,"rng":{"name":"sse2-sfmt"},"deterministic":0,"average_range":1,"average_gauss":0,"fight_style":"Patchwerk","default_aura_delay":0.03,"default_aura_delay_stddev":0.005,"dbc":{"Live":{"build_level":27404,"wow_version":"8.0.1"},"version_used":"Live"}},"overrides":{"arcane_intellect":1,"battle_shout":1,"power_word_fortitude":1,"chaos_brand":1,"mystic_touch":1,"mortal_wounds":1,"bleeding":1,"bloodlust":1,"bloodlust_percent":25,"bloodlust_time":0.5},"statistics":{"elapsed_cpu_seconds":21341.783846999984,"elapsed_time_seconds":22.843031,"init_time_seconds":3.161278730999998,"merge_time_seconds":0.007680557999999999,"analyze_time_seconds":0.18108977600000004,"simulation_length":{"sum":308234.20000000007,"count":1021,"mean":301.894417238002,"min":240.191,"max":359.969,"median":301.115,"variance":1187.7505762470685,"std_dev":34.46375743077166,"mean_variance":1.1633208386357183,"mean_std_dev":1.078573520273754},"raid_dps":{"sum":15187780.53953194,"count":1021,"mean":14875.397198366249},"total_dmg":{"sum":4581365602.093524,"count":1021,"mean":4487135.75131589},"total_iterations":188084,"total_actors":206,"total_iterations_mean":913.0291262135922,"total_iterations_variance":718121.8252427187,"total_iterations_stddev":847.4206896475438,"total_mean_dps_stddev":15.783078966717001,"total_mean_dps_variance":249.1055816696246},"player":{"name":"Template","race":"blood_elf","level":120,"role":"attack","specialization":"Subtlety Rogue","profile_source":"default","talents":[{"tier":1,"id":19234,"spell_id":91023,"name":"Find Weakness"},{"tier":2,"id":22333,"spell_id":108209,"name":"Shadow Focus"},{"tier":3,"id":19241,"spell_id":137619,"name":"Marked for Death"},{"tier":6,"id":22336,"spell_id":238104,"name":"Enveloping Shadows"},{"tier":7,"id":22132,"spell_id":196976,"name":"Master of Shadows"}],"party":0,"ready_type":1,"bugs":true,"scale_player":true,"potion_used":false,"timeofday":"DAY_TIME","invert_scaling":0,"reaction_offset":0.1,"reaction_max":1.4000000000000001,"reaction_mean":0.3,"reaction_stddev":0.06,"reaction_nu":0.25,"world_lag":0.1,"brain_lag":0.0,"brain_lag_stddev":0.0,"world_lag_override":false,"world_lag_stddev_override":false,"dbc":{"Live":{"build_level":27404,"wow_version":"8.0.1"},"version_used":"Live"},"base_energy_regen_per_second":10.0,"collected_data":{"fight_length":{"sum":308234.19999999995,"count":1021,"mean":301.8944172380019,"min":240.191,"max":359.969},"waiting_time":{"sum":35486.033,"count":1021,"mean":34.75615377081293,"min":22.282,"max":47.477000000000004},"executed_foreground_actions":{"sum":345734.0,"count":1021,"mean":338.62291870714984,"min":266.0,"max":410.0},"dmg":{"sum":4581365602.093524,"count":1021,"mean":4487135.75131589,"min":3302867.6602049293,"max":5635485.705582719},"compound_dmg":{"sum":4581365602.093524,"count":1021,"mean":4487135.75131589,"min":3302867.6602049293,"max":5635485.705582719},"timeline_dmg":{"mean":15125.154627344657,"mean_std_dev":7893.504084936515,"min":1897.8751794646598,"max":34613.45228131433,