{"results":[["Trait","325","340","355","370","385"],["Laser Matrix",337,537,715,931,1179],["Archive of the Titans",245,386,560,759,977],["Relational Normalization Gizmo",332,469,646,818,1059],["Synaptic Spark Capacitor",444,612,831,1024,1321],["Swirling Sands",329,476,624,815,1039],["Tradewinds",317,436,580,779,1002],["Ricocheting Inflatable Pyrosaw",230,409,576,736,1010],["Heed My Call",192,313,479,661,904],["Reckless Flurry",424,592,777,1007,1261],["Barrage Of Many Bombs",450,650,877,1099,1364],["Tidal Surge",219,374,569,744,974],["Collective Will / Stand As One",104,229,361,551,743],["Combined Might / Stronger Together",35,165,318,488,673],["Sylvanas' Resolve / Anduin's Dedication",225,392,578,778,1018],["Trample the Weak",230,412,588,797,1019],["Battlefield Focus / Battlefield Precision",174,276,425,615,835],["Gutripper",111,260,426,584,784],["Retaliatory Fury / Last Gift",142,299,436,590,792],["Glory in Battle / Liberator's Might",242,388,545,702,912],["Simmering Rage",459,594,737,944,1163],["Meticulous Scheming",357,512,682,852,1086],["Infinite Fury",265,410,572,766,957],["Blood Rite",276,433,563,743,920],["Unstable Flames",120,240,379,546,738],["Incite the Pack",266,422,555,726,941],["Unstable Catalyst",292,451,625,826,1069],["Azerite Globules",114,244,403,598,789],["Bloodcraze",251,380,570,713,929],["Gathering Storm",15,130,243,404,553],["Earthlink",96,240,389,542,760],["Dagger in the Back",226,373,572,762,991],["Secrets of the Deep",271,430,581,768,1008],["Blood Siphon",88,213,403,547,699],["Ruinous Bolt",158,275,453,594,812],["Pulverizing Blows",245,427,608,810,1048],["Thunderous Blast",417,591,788,996,1271],["Champion of Azeroth",427,575,752,930,1171],["Overwhelming Power",119,253,401,534,777],["Filthy Transfusion",256,400,590,781,1029],["Elemental Whirl",158,248,386,558,737],["Lifespeed",143,275,402,554,792],["Blightborne Infusion",378,537,661,870,1061],["Rezan's Fury",249,423,581,780,1047]],"metas":{"build_date":"Aug 25 2018","build_time":"09:42:16","git_revision":"d4b8c45266","options":{"debug":false,"max_time":300.0,"expected_iteration_time":283.63800000000003,"vary_combat_length":0.2,"iterations":774,"target_error":0.2,"threads":32,"seed":8056644822513690663,"single_actor_batch":false,"queue_lag":0.005,"queue_lag_stddev":0.001,"gcd_lag":0.15,"gcd_lag_stddev":0.037,"channel_lag":0.25,"channel_lag_stddev":0.062,"queue_gcd_reduction":0.1,"strict_gcd_queue":0,"confidence":0.95,"confidence_estimator":1.9599639854089754,"world_lag":0.1,"world_lag_stddev":0.01,"travel_variance":0.0,"default_skill":1.0,"reaction_time":0.5,"regen_periodicity":0.25,"ignite_sampling_delta":0.2,"fixed_time":true,"optimize_expressions":true,"optimal_raid":1,"log":0,"debug_each":0,"stat_cache":1,"max_aoe_enemies":20,"show_etmi":false,"tmi_window_global":0.0,"tmi_bin_size":0.5,"enemy_death_pct":0.0,"challenge_mode":false,"timewalk":-1,"pvp_crit":false,"rng":{"name":"sse2-sfmt"},"deterministic":0,"average_range":1,"average_gauss":0,"fight_style":"Patchwerk","default_aura_delay":0.03,"default_aura_delay_stddev":0.005,"dbc":{"Live":{"build_level":27404,"wow_version":"8.0.1"},"version_used":"Live"}},"overrides":{"arcane_intellect":1,"battle_shout":1,"power_word_fortitude":1,"chaos_brand":1,"mystic_touch":1,"mortal_wounds":1,"bleeding":1,"bloodlust":1,"bloodlust_percent":25,"bloodlust_time":0.5},"statistics":{"elapsed_cpu_seconds":18916.769559,"elapsed_time_seconds":20.285455,"init_time_seconds":2.798610131000002,"merge_time_seconds":0.007380700000000001,"analyze_time_seconds":0.16003691799999997,"simulation_length":{"sum":220399.592,"count":742,"mean":297.03449056603773,"min":240.052,"max":359.648,"median":295.35,"variance":1209.3886626515282,"std_dev":34.77626579510124,"mean_variance":1.6299038580209275,"mean_std_dev":1.2766768808202518},"raid_dps":{"sum":10159034.553363094,"count":742,"mean":13691.421230947566},"total_dmg":{"sum":3015934246.1664476,"count":742,"mean":4064601.409927827},"total_iterations":152904,"total_actors":216,"total_iterations_mean":707.8888888888889,"total_iterations_variance":754179.3333333326,"total_iterations_stddev":868.434990850399,"total_mean_dps_stddev":14.545320992662498,"total_mean_dps_variance":211.56636277958836},"player":{"name":"Template","race":"human","level":120,"role":"attack","specialization":"Fury Warrior","profile_source":"default","talents":[{"tier":1,"id":22633,"spell_id":202296,"name":"Endless Rage"},{"tier":2,"id":19676,"spell_id":103827,"name":"Double Time"},{"tier":3,"id":22381,"spell_id":280721,"name":"Sudden Death"},{"tier":4,"id":22627,"spell_id":202163,"name":"Bounding Stride"},{"tier":5,"id":22383,"spell_id":202922,"name":"Carnage"},{"tier":6,"id":22398,"spell_id":118000,"name":"Dragon Roar"},{"tier":7,"id":16037,"spell_id":280772,"name":"Siegebreaker"}],"party":0,"ready_type":0,"bugs":true,"scale_player":true,"potion_used":false,"timeofday":"DAY_TIME","invert_scaling":0,"reaction_offset":0.1,"reaction_max":1.4000000000000001,"reaction_mean":0.3,"reaction_stddev":0.06,"reaction_nu":0.25,"world_lag":0.1,"brain_lag":0.0,"brain_lag_stddev":0.0,"world_lag_override":false,"world_lag_stddev_override":false,"dbc":{"Live":{"build_level":27404,"wow_version":"8.0.1"},"version_used":"Live"},"collected_data":{"fight_length":{"sum":220399.59200000006,"count":742,"mean":297.03449056603785,"min":240.052,"max":359.648},"executed_foreground_actions":{"sum":232624.0,"count":742,"mean":313.50943396226415,"min":252.0,"max":382.0},"dmg":{"sum":3015934246.1664476,"count":742,"mean":4064601.409927827,"min":3117143.0493484074,"max":5023924.554059116},"compound_dmg":{"sum":3015934246.1664476,"count":742,"mean":4064601.409927827,"min":3117143.0493484074,"max":5023924.554059116},"timeline_dmg":{"mean":14051.839097692831,"mean_std_dev":6230.867378914328,"min":2229.7154097162656,"max":31439.639132468892,