{"results":[["Trait","325","340","355","370","385"],["Thunderous Blast",324,507,726,901,1139],["Tidal Surge",262,395,569,733,954],["Azerite Globules",73,177,311,450,625],["Dagger in the Back",364,523,715,892,1157],["Unstable Flames",92,196,328,435,606],["Secrets of the Deep",216,339,499,652,895],["Gutripper",100,214,353,528,679],["Blood Rite",160,297,410,585,758],["Heed My Call",108,240,366,541,714],["Filthy Transfusion",220,361,518,707,905],["Relational Normalization Gizmo",223,340,517,680,892],["Synaptic Spark Capacitor",200,306,461,646,859],["Sylvanas' Resolve / Anduin's Dedication",227,333,499,680,877],["Swirling Sands",230,343,488,640,821],["Laser Matrix",342,477,629,870,1088],["Tradewinds",152,271,411,557,708],["Ricocheting Inflatable Pyrosaw",96,213,347,487,690],["Barrage Of Many Bombs",171,280,439,611,802],["Blur of Talons",275,396,572,725,966],["Up Close And Personal",132,257,377,537,704],["Serrated Jaws",178,285,396,596,789],["Glory in Battle / Liberator's Might",155,289,390,547,748],["Latent Poison",313,455,650,835,1058],["Venomous Fangs",121,250,432,603,835],["Combined Might / Stronger Together",32,156,284,414,574],["Meticulous Scheming",87,188,311,465,646],["Wilderness Survival",406,537,642,823,1021],["Retaliatory Fury / Last Gift",83,187,312,462,623],["Wildfire Cluster",122,222,362,511,703],["Incite the Pack",128,254,384,523,697],["Collective Will / Stand As One",50,185,310,447,644],["Battlefield Focus / Battlefield Precision",29,122,277,391,549],["Overwhelming Power",139,226,377,526,702],["Ruinous Bolt",157,289,417,596,787],["Unstable Catalyst",237,374,532,721,942],["Blood Siphon",120,230,352,490,685],["Champion of Azeroth",264,377,507,680,862],["Blightborne Infusion",256,358,496,667,885],["Earthlink",86,196,304,480,656],["Rezan's Fury",247,405,556,730,956],["Elemental Whirl",92,187,289,458,643]],"metas":{"build_date":"Aug 19 2018","build_time":"01:32:03","git_revision":"08c89b7e98","options":{"debug":false,"max_time":300.0,"expected_iteration_time":282.88800000000003,"vary_combat_length":0.2,"iterations":650,"target_error":0.2,"threads":32,"seed":9761409638735808665,"single_actor_batch":false,"queue_lag":0.005,"queue_lag_stddev":0.001,"gcd_lag":0.15,"gcd_lag_stddev":0.037,"channel_lag":0.25,"channel_lag_stddev":0.062,"queue_gcd_reduction":0.1,"strict_gcd_queue":0,"confidence":0.95,"confidence_estimator":1.9599639854089754,"world_lag":0.1,"world_lag_stddev":0.01,"travel_variance":0.0,"default_skill":1.0,"reaction_time":0.5,"regen_periodicity":0.25,"ignite_sampling_delta":0.2,"fixed_time":true,"optimize_expressions":true,"optimal_raid":1,"log":0,"debug_each":0,"stat_cache":1,"max_aoe_enemies":20,"show_etmi":false,"tmi_window_global":0.0,"tmi_bin_size":0.5,"enemy_death_pct":0.0,"challenge_mode":false,"timewalk":-1,"pvp_crit":false,"rng":{"name":"sse2-sfmt"},"deterministic":0,"average_range":1,"average_gauss":0,"fight_style":"Patchwerk","default_aura_delay":0.03,"default_aura_delay_stddev":0.005,"dbc":{"bfa-BETA":{"build_level":26095,"wow_version":"8.0.1"},"version_used":"bfa-BETA"}},"overrides":{"arcane_intellect":1,"battle_shout":1,"power_word_fortitude":1,"chaos_brand":1,"mystic_touch":1,"mortal_wounds":1,"bleeding":1,"bloodlust":1,"bloodlust_percent":25,"bloodlust_time":0.5},"statistics":{"elapsed_cpu_seconds":7500.680925,"elapsed_time_seconds":8.077945,"init_time_seconds":2.8562360839999994,"merge_time_seconds":0.005299625,"analyze_time_seconds":0.11196300799999997,"simulation_length":{"sum":185774.162,"count":618,"mean":300.60544012944985,"min":241.363,"max":359.837,"median":300.689,"variance":1123.0880592237618,"std_dev":33.512506012289826,"mean_variance":1.8172945942132068,"mean_std_dev":1.3480706933292508},"raid_dps":{"sum":6571667.487561267,"count":618,"mean":10633.766161102374},"total_dmg":{"sum":1972776749.318788,"count":618,"mean":3192195.38724723},"total_iterations":119807,"total_actors":206,"total_iterations_mean":581.5873786407767,"total_iterations_variance":409431.927184466,"total_iterations_stddev":639.8686796401789,"total_mean_dps_stddev":11.312740290534958,"total_mean_dps_variance":127.97809288109296},"player":{"name":"Template","race":"lightforged_draenei","level":120,"role":"attack","specialization":"Survival Hunter","profile_source":"default","talents":[{"tier":1,"id":22275,"spell_id":268501,"name":"Viper's Venom"},{"tier":2,"id":21997,"spell_id":264332,"name":"Guerrilla Tactics"},{"tier":4,"id":22277,"spell_id":260248,"name":"Bloodseeker"},{"tier":6,"id":22278,"spell_id":259387,"name":"Mongoose Bite"},{"tier":7,"id":22272,"spell_id":260331,"name":"Birds of Prey"}],"party":0,"ready_type":0,"bugs":true,"scale_player":true,"potion_used":false,"timeofday":"DAY_TIME","invert_scaling":0,"reaction_offset":0.1,"reaction_max":1.4000000000000001,"reaction_mean":0.3,"reaction_stddev":0.06,"reaction_nu":0.25,"world_lag":0.1,"brain_lag":0.0,"brain_lag_stddev":0.0,"world_lag_override":false,"world_lag_stddev_override":false,"dbc":{"bfa-BETA":{"build_level":26095,"wow_version":"8.0.1"},"version_used":"bfa-BETA"},"base_focus_regen_per_second":5.0,"collected_data":{"fight_length":{"sum":185774.16199999995,"count":618,"mean":300.6054401294498,"min":241.363,"max":359.837},"waiting_time":{"sum":13203.9,"count":618,"mean":21.365533980582523,"min":4.8,"max":40.2},"executed_foreground_actions":{"sum":154712.0,"count":618,"mean":250.3430420711974,"min":191.0,"max":304.0},"dmg":{"sum":1433589461.9185212,"count":618,"mean":2319724.0484118466,"min":1809227.5134083284,"max":2761380.106918998},"compound_dmg":{"sum":1972776749.318788,"count":618,"mean":3192195.38724723,"min":2514368.170662767,"max":3762617.3025528165},"timeline_dmg":{"mean":10768.465243852203,"mean_std_dev":4120.185826457845,"min":4032.172302198048,"max":42873.19153978967,