{"results":[["Trait","325","340","355","370","385"],["Thunderous Blast",401,576,806,1132,1376],["Azerite Globules",230,417,630,869,1142],["Packed Ice",143,336,564,837,1063],["Tidal Surge",305,503,741,995,1256],["Dagger in the Back",394,625,858,1127,1468],["Unstable Flames",179,380,591,772,1011],["Secrets of the Deep",395,587,819,1065,1401],["Gutripper",132,284,463,629,972],["Blood Rite",262,413,630,876,1186],["Tunnel of Ice",147,330,519,745,1048],["Filthy Transfusion",193,441,657,918,1159],["Relational Normalization Gizmo",357,543,796,1063,1285],["Synaptic Spark Capacitor",611,890,1175,1479,1885],["Sylvanas' Resolve / Anduin's Dedication",356,522,782,1077,1385],["Swirling Sands",529,695,899,1149,1447],["Meticulous Scheming",316,500,722,945,1173],["Ricocheting Inflatable Pyrosaw",222,456,712,993,1278],["Laser Matrix",347,533,775,1048,1347],["Tradewinds",272,556,693,969,1252],["Heed My Call",185,359,600,815,1103],["Collective Will / Stand As One",118,304,484,757,1021],["Barrage Of Many Bombs",517,761,1007,1304,1601],["Frigid Grasp",197,335,552,791,1063],["Retaliatory Fury / Last Gift",178,399,509,746,1010],["Earthlink",144,328,588,752,1054],["Winter's Reach",82,241,467,714,952],["Whiteout",344,559,711,964,1269],["Incite the Pack",293,504,648,938,1172],["Combined Might / Stronger Together",106,285,491,632,926],["Battlefield Focus / Battlefield Precision",-6,229,389,658,831],["Glory in Battle / Liberator's Might",196,419,593,804,1094],["Ruinous Bolt",148,367,583,822,1058],["Unstable Catalyst",413,677,863,1121,1478],["Blood Siphon",156,266,484,693,908],["Overwhelming Power",-26,140,333,531,809],["Champion of Azeroth",515,702,960,1185,1466],["Blightborne Infusion",499,717,944,1147,1459],["Elemental Whirl",124,334,508,712,957],["Glacial Assault",164,331,565,763,1036],["Rezan's Fury",272,451,730,948,1260]],"metas":{"build_date":"Aug 20 2018","build_time":"15:55:45","git_revision":"04f3f715c8","options":{"debug":false,"max_time":300.0,"expected_iteration_time":292.88800000000003,"vary_combat_length":0.2,"iterations":543,"target_error":0.2,"threads":32,"seed":16571845336020604978,"single_actor_batch":false,"queue_lag":0.005,"queue_lag_stddev":0.001,"gcd_lag":0.15,"gcd_lag_stddev":0.037,"channel_lag":0.25,"channel_lag_stddev":0.062,"queue_gcd_reduction":0.1,"strict_gcd_queue":0,"confidence":0.95,"confidence_estimator":1.9599639854089754,"world_lag":0.1,"world_lag_stddev":0.01,"travel_variance":0.0,"default_skill":1.0,"reaction_time":0.5,"regen_periodicity":0.25,"ignite_sampling_delta":0.2,"fixed_time":true,"optimize_expressions":true,"optimal_raid":1,"log":0,"debug_each":0,"stat_cache":1,"max_aoe_enemies":20,"show_etmi":false,"tmi_window_global":0.0,"tmi_bin_size":0.5,"enemy_death_pct":0.0,"challenge_mode":false,"timewalk":-1,"pvp_crit":false,"rng":{"name":"sse2-sfmt"},"deterministic":0,"average_range":1,"average_gauss":0,"fight_style":"Patchwerk","default_aura_delay":0.03,"default_aura_delay_stddev":0.005,"dbc":{"bfa-BETA":{"build_level":26095,"wow_version":"8.0.1"},"version_used":"bfa-BETA"}},"overrides":{"arcane_intellect":1,"battle_shout":1,"power_word_fortitude":1,"chaos_brand":1,"mystic_touch":1,"mortal_wounds":1,"bleeding":1,"bloodlust":1,"bloodlust_percent":25,"bloodlust_time":0.5},"statistics":{"elapsed_cpu_seconds":7304.678643000001,"elapsed_time_seconds":7.91797,"init_time_seconds":2.6128965309999996,"merge_time_seconds":0.006286209,"analyze_time_seconds":0.10802862100000007,"simulation_length":{"sum":153290.928,"count":511,"mean":299.9822465753425,"min":240.189,"max":359.998,"median":302.932,"variance":1199.441005281666,"std_dev":34.632946817758175,"mean_variance":2.347242671784082,"mean_std_dev":1.5320713664134846},"raid_dps":{"sum":11129308.285202414,"count":511,"mean":21779.468268497876},"total_dmg":{"sum":3335052321.402085,"count":511,"mean":6526521.176912104},"total_iterations":97805,"total_actors":201,"total_iterations_mean":486.59203980099505,"total_iterations_variance":251630.5472636815,"total_iterations_stddev":501.62789721434103,"total_mean_dps_stddev":22.907348783910596,"total_mean_dps_variance":524.7466283077302},"player":{"name":"Template","race":"pandaren","level":120,"role":"spell","specialization":"Frost Mage","profile_source":"default","talents":[{"tier":1,"id":22457,"spell_id":205027,"name":"Bone Chilling"},{"tier":3,"id":22444,"spell_id":1463,"name":"Incanter's Flow"},{"tier":4,"id":22469,"spell_id":257537,"name":"Ebonbolt"},{"tier":6,"id":22473,"spell_id":153595,"name":"Comet Storm"},{"tier":7,"id":21634,"spell_id":199786,"name":"Glacial Spike"}],"party":0,"ready_type":0,"bugs":true,"scale_player":true,"potion_used":false,"timeofday":"DAY_TIME","invert_scaling":0,"reaction_offset":0.1,"reaction_max":1.4000000000000001,"reaction_mean":0.3,"reaction_stddev":0.06,"reaction_nu":0.25,"world_lag":0.1,"brain_lag":0.0,"brain_lag_stddev":0.0,"world_lag_override":false,"world_lag_stddev_override":false,"dbc":{"bfa-BETA":{"build_level":26095,"wow_version":"8.0.1"},"version_used":"bfa-BETA"},"base_mana_regen_per_second":2000.0,"collected_data":{"fight_length":{"sum":153290.92800000004,"count":511,"mean":299.9822465753426,"min":240.189,"max":359.998},"executed_foreground_actions":{"sum":101294.0,"count":511,"mean":198.22700587084148,"min":160.0,"max":234.0},"dmg":{"sum":3179793786.7991595,"count":511,"mean":6222688.428178394,"min":4875928.228688925,"max":7492339.997132195},"compound_dmg":{"sum":3335052321.402085,"count":511,"mean":6526521.176912104,"min":5125448.455765078,"max":7850030.064095773},"timeline_dmg":{"mean":22535.86373532841,"mean_std_dev":7761.588316383841,"min":3826.9200916680097,"max":85599.58586198452,