{"results":[["Trait","325","340","355","370","385"],["Laser Matrix",336,581,788,1051,1341],["Archive of the Titans",311,545,721,975,1212],["Relational Normalization Gizmo",403,545,786,1055,1273],["Synaptic Spark Capacitor",450,622,845,1108,1465],["Gutripper",122,295,493,701,936],["Sylvanas' Resolve / Anduin's Dedication",305,487,685,962,1259],["Swirling Sands",545,750,962,1223,1477],["Tradewinds",460,616,829,1036,1361],["Ricocheting Inflatable Pyrosaw",221,381,586,841,1111],["Heed My Call",178,318,495,740,994],["Barrage Of Many Bombs",362,539,800,1067,1346],["Fan of Blades",3,115,334,528,762],["Twist the Knife",247,414,599,819,1103],["Meticulous Scheming",413,576,793,987,1232],["Poisoned Wire",38,201,343,542,729],["Tidal Surge",285,443,700,930,1244],["Collective Will / Stand As One",119,279,461,673,969],["Combined Might / Stronger Together",104,261,419,668,883],["Battlefield Focus / Battlefield Precision",85,276,453,671,900],["Retaliatory Fury / Last Gift",237,403,567,785,1023],["Glory in Battle / Liberator's Might",343,537,729,919,1199],["Blood Rite",324,511,661,894,1152],["Incite the Pack",421,564,794,988,1245],["Unstable Flames",201,384,552,729,996],["Unstable Catalyst",352,570,796,1041,1362],["Azerite Globules",161,371,501,733,977],["Dagger in the Back",313,538,750,986,1319],["Scent of Blood",448,614,857,1162,1488],["Earthlink",132,265,488,699,960],["Rezan's Fury",307,460,737,967,1260],["Double Dose",0,168,307,539,767],["Secrets of the Deep",327,482,770,1045,1258],["Blood Siphon",143,303,492,719,939],["Ruinous Bolt",147,354,513,745,1028],["Sharpened Blades",181,431,650,925,1273],["Overwhelming Power",207,416,592,824,1041],["Thunderous Blast",333,565,816,1105,1428],["Shrouded Suffocation",850,1109,1410,1713,2112],["Champion of Azeroth",566,752,986,1231,1506],["Filthy Transfusion",257,438,656,901,1182],["Blightborne Infusion",544,770,1020,1297,1509],["Elemental Whirl",151,345,507,730,966]],"metas":{"build_date":"Aug 28 2018","build_time":"07:33:45","git_revision":"0be56b9506","options":{"debug":false,"max_time":300.0,"expected_iteration_time":254.98000000000002,"vary_combat_length":0.2,"iterations":642,"target_error":0.2,"threads":32,"seed":12542292545969825769,"single_actor_batch":false,"queue_lag":0.005,"queue_lag_stddev":0.001,"gcd_lag":0.15,"gcd_lag_stddev":0.037,"channel_lag":0.25,"channel_lag_stddev":0.062,"queue_gcd_reduction":0.1,"strict_gcd_queue":0,"confidence":0.95,"confidence_estimator":1.9599639854089754,"world_lag":0.1,"world_lag_stddev":0.01,"travel_variance":0.0,"default_skill":1.0,"reaction_time":0.5,"regen_periodicity":0.25,"ignite_sampling_delta":0.2,"fixed_time":true,"optimize_expressions":true,"optimal_raid":1,"log":0,"debug_each":0,"stat_cache":1,"max_aoe_enemies":20,"show_etmi":false,"tmi_window_global":0.0,"tmi_bin_size":0.5,"enemy_death_pct":0.0,"challenge_mode":false,"timewalk":-1,"pvp_crit":false,"rng":{"name":"sse2-sfmt"},"deterministic":0,"average_range":1,"average_gauss":0,"fight_style":"Patchwerk","default_aura_delay":0.03,"default_aura_delay_stddev":0.005,"dbc":{"Live":{"build_level":27404,"wow_version":"8.0.1"},"version_used":"Live"}},"overrides":{"arcane_intellect":1,"battle_shout":1,"power_word_fortitude":1,"chaos_brand":1,"mystic_touch":1,"mortal_wounds":1,"bleeding":1,"bloodlust":1,"bloodlust_percent":25,"bloodlust_time":0.5},"statistics":{"elapsed_cpu_seconds":16488.806359000006,"elapsed_time_seconds":17.559247,"init_time_seconds":3.2613179960000016,"merge_time_seconds":0.006315146000000001,"analyze_time_seconds":0.11384218300000007,"simulation_length":{"sum":181970.32000000004,"count":610,"mean":298.31200000000007,"min":240.341,"max":359.855,"median":296.776,"variance":1261.753262727869,"std_dev":35.521166404383024,"mean_variance":2.068447971685031,"mean_std_dev":1.4382099887307942},"raid_dps":{"sum":11727659.092613626,"count":610,"mean":19225.670643628895},"total_dmg":{"sum":3495124818.3454485,"count":610,"mean":5729712.816959752},"total_iterations":111000,"total_actors":211,"total_iterations_mean":526.0663507109005,"total_iterations_variance":422257.0710900472,"total_iterations_stddev":649.8131047386219,"total_mean_dps_stddev":20.310085184301983,"total_mean_dps_variance":412.4995601936029},"player":{"name":"Template","race":"troll","level":120,"role":"attack","specialization":"Assassination Rogue","profile_source":"default","talents":[{"tier":1,"id":22338,"spell_id":193640,"name":"Elaborate Planning"},{"tier":2,"id":22332,"spell_id":108208,"name":"Subterfuge"},{"tier":3,"id":19239,"spell_id":14983,"name":"Vigor"},{"tier":6,"id":23015,"spell_id":245388,"name":"Toxic Blade"},{"tier":7,"id":21186,"spell_id":255544,"name":"Poison Bomb"}],"party":0,"ready_type":1,"bugs":true,"scale_player":true,"potion_used":false,"timeofday":"DAY_TIME","invert_scaling":0,"reaction_offset":0.1,"reaction_max":1.4000000000000001,"reaction_mean":0.3,"reaction_stddev":0.06,"reaction_nu":0.25,"world_lag":0.1,"brain_lag":0.0,"brain_lag_stddev":0.0,"world_lag_override":false,"world_lag_stddev_override":false,"dbc":{"Live":{"build_level":27404,"wow_version":"8.0.1"},"version_used":"Live"},"base_energy_regen_per_second":11.0,"collected_data":{"fight_length":{"sum":181970.32000000007,"count":610,"mean":298.3120000000001,"min":240.341,"max":359.855},"waiting_time":{"sum":3287.333000000001,"count":610,"mean":5.38907049180328,"min":2.4050000000000002,"max":10.148},"executed_foreground_actions":{"sum":179660.0,"count":610,"mean":294.5245901639344,"min":236.0,"max":355.0},"dmg":{"sum":3495124818.3454485,"count":610,"mean":5729712.816959752,"min":4415470.603659507,"max":6986935.52070132},"compound_dmg":{"sum":3495124818.3454485,"count":610,"mean":5729712.816959752,"min":4415470.603659507,"max":6986935.52070132},"timeline_dmg":{"mean":19680.00978226612,"mean_std_dev":5250.405485146158,"min":3464.3212174325517,"max":46833.29915843878,