{"results":[["Trait","325","340","355","370","385"],["Laser Matrix",368,571,827,1073,1420],["Archive of the Titans",290,501,691,939,1241],["Relational Normalization Gizmo",282,475,677,941,1207],["Synaptic Spark Capacitor",638,912,1199,1505,1873],["Sylvanas' Resolve / Anduin's Dedication",303,474,738,987,1283],["Gutripper",109,273,465,681,934],["Swirling Sands",351,484,714,951,1222],["Tradewinds",285,419,619,848,1102],["Ricocheting Inflatable Pyrosaw",355,521,752,1006,1318],["Heed My Call",208,384,613,825,1106],["Barrage Of Many Bombs",568,794,1092,1358,1745],["Snake Eyes",301,497,740,977,1270],["Tidal Surge",293,483,709,972,1262],["Collective Will / Stand As One",107,232,440,632,914],["Combined Might / Stronger Together",41,223,390,589,825],["Battlefield Focus / Battlefield Precision",284,476,674,935,1226],["Retaliatory Fury / Last Gift",146,295,503,674,917],["Glory in Battle / Liberator's Might",218,385,571,792,1001],["Blood Rite",191,353,568,768,1027],["Unstable Flames",99,271,472,665,891],["Meticulous Scheming",244,413,601,830,1069],["Incite the Pack",235,425,635,823,1059],["Unstable Catalyst",354,581,815,1038,1323],["Deadshot",498,771,1003,1339,1678],["Azerite Globules",243,455,647,901,1185],["Storm of Steel",338,546,767,1034,1342],["Earthlink",111,301,477,668,954],["Dagger in the Back",311,547,788,1044,1334],["Secrets of the Deep",321,489,727,995,1301],["Blood Siphon",88,223,416,579,868],["Brigand's Blitz",236,395,569,789,1057],["Ruinous Bolt",188,355,562,776,1045],["Blightborne Infusion",367,566,752,957,1270],["Overwhelming Power",129,296,504,707,930],["Rezan's Fury",279,497,713,956,1277],["Paradise Lost",271,455,644,887,1186],["Thunderous Blast",378,590,832,1108,1450],["Champion of Azeroth",390,516,745,975,1234],["Filthy Transfusion",244,441,637,858,1154],["Ace Up Your Sleeve",106,248,434,655,933],["Elemental Whirl",112,256,447,655,912]],"metas":{"build_date":"Aug 29 2018","build_time":"06:51:22","git_revision":"744e4aaddc","options":{"debug":false,"max_time":300.0,"expected_iteration_time":270.01800000000003,"vary_combat_length":0.2,"iterations":2261,"target_error":0.2,"threads":32,"seed":7933250143551777693,"single_actor_batch":false,"queue_lag":0.005,"queue_lag_stddev":0.001,"gcd_lag":0.15,"gcd_lag_stddev":0.037,"channel_lag":0.25,"channel_lag_stddev":0.062,"queue_gcd_reduction":0.1,"strict_gcd_queue":0,"confidence":0.95,"confidence_estimator":1.9599639854089754,"world_lag":0.1,"world_lag_stddev":0.01,"travel_variance":0.0,"default_skill":1.0,"reaction_time":0.5,"regen_periodicity":0.25,"ignite_sampling_delta":0.2,"fixed_time":true,"optimize_expressions":true,"optimal_raid":1,"log":0,"debug_each":0,"stat_cache":1,"max_aoe_enemies":20,"show_etmi":false,"tmi_window_global":0.0,"tmi_bin_size":0.5,"enemy_death_pct":0.0,"challenge_mode":false,"timewalk":-1,"pvp_crit":false,"rng":{"name":"sse2-sfmt"},"deterministic":0,"average_range":1,"average_gauss":0,"fight_style":"Patchwerk","default_aura_delay":0.03,"default_aura_delay_stddev":0.005,"dbc":{"Live":{"build_level":27481,"wow_version":"8.0.1"},"version_used":"Live"}},"overrides":{"arcane_intellect":1,"battle_shout":1,"power_word_fortitude":1,"chaos_brand":1,"mystic_touch":1,"mortal_wounds":1,"bleeding":1,"bloodlust":1,"bloodlust_percent":25,"bloodlust_time":0.5},"statistics":{"elapsed_cpu_seconds":42498.75151499998,"elapsed_time_seconds":45.196017000000005,"init_time_seconds":2.5736741650000003,"merge_time_seconds":0.006961356000000001,"analyze_time_seconds":0.462876386,"simulation_length":{"sum":666811.0820000003,"count":2229,"mean":299.15257155675204,"min":240.094,"max":359.85,"median":299.527,"variance":1213.0485745840458,"std_dev":34.82884687416518,"mean_variance":0.544212011926445,"mean_std_dev":0.7377072670961328},"raid_dps":{"sum":35774809.60473827,"count":2229,"mean":16049.712698402096},"total_dmg":{"sum":10685765210.43325,"count":2229,"mean":4793972.727874944},"total_iterations":451353,"total_actors":206,"total_iterations_mean":2191.0339805825242,"total_iterations_variance":1916578.7621359224,"total_iterations_stddev":1384.4055627365567,"total_mean_dps_stddev":17.074516039140242,"total_mean_dps_variance":291.53909797085737},"player":{"name":"Template","race":"dwarf","level":120,"role":"attack","specialization":"Outlaw Rogue","profile_source":"default","talents":[{"tier":1,"id":22119,"spell_id":196938,"name":"Quick Draw"},{"tier":2,"id":19238,"spell_id":196922,"name":"Hit and Run"},{"tier":3,"id":19239,"spell_id":14983,"name":"Vigor"},{"tier":6,"id":23128,"spell_id":193539,"name":"Alacrity"},{"tier":7,"id":23075,"spell_id":271877,"name":"Blade Rush"}],"party":0,"ready_type":1,"bugs":true,"scale_player":true,"potion_used":false,"timeofday":"DAY_TIME","invert_scaling":0,"reaction_offset":0.1,"reaction_max":1.4000000000000001,"reaction_mean":0.3,"reaction_stddev":0.06,"reaction_nu":0.25,"world_lag":0.1,"brain_lag":0.0,"brain_lag_stddev":0.0,"world_lag_override":false,"world_lag_stddev_override":false,"dbc":{"Live":{"build_level":27481,"wow_version":"8.0.1"},"version_used":"Live"},"base_energy_regen_per_second":14.85,"collected_data":{"fight_length":{"sum":666811.0819999999,"count":2229,"mean":299.15257155675187,"min":240.094,"max":359.85},"waiting_time":{"sum":60016.936,"count":2229,"mean":26.925498429789144,"min":8.131,"max":43.461},"executed_foreground_actions":{"sum":631435.0,"count":2229,"mean":283.2817406908928,"min":215.0,"max":358.0},"dmg":{"sum":10685765210.43325,"count":2229,"mean":4793972.727874944,"min":3530883.4915205,"max":6221667.446986309},"compound_dmg":{"sum":10685765210.43325,"count":2229,"mean":4793972.727874944,"min":3530883.4915205,"max":6221667.446986309},"timeline_dmg":{"mean":15923.62595014554,"mean_std_dev":8071.790670577489,"min":4103.59929907248,"max":48421.215203811844,