{"results":[["Trait","325","340","355","370","385"],["Thunderous Blast",404,627,864,1171,1500],["Tidal Surge",279,496,742,1022,1309],["Azerite Globules",247,422,643,911,1229],["Secrets of the Deep",350,583,891,1139,1482],["Filthy Transfusion",237,486,687,955,1272],["Blood Rite",175,373,538,842,1117],["Relational Normalization Gizmo",306,478,754,1021,1361],["Synaptic Spark Capacitor",648,902,1229,1524,1911],["Gutripper",122,297,479,743,1051],["Sylvanas' Resolve / Anduin's Dedication",371,603,833,1095,1442],["Swirling Sands",479,688,874,1175,1490],["Meticulous Scheming",232,425,642,898,1152],["Ricocheting Inflatable Pyrosaw",304,528,772,1086,1397],["Laser Matrix",352,587,836,1099,1445],["Tradewinds",443,609,870,1120,1412],["Heed My Call",166,402,632,820,1177],["Collective Will / Stand As One",159,320,524,780,1084],["Barrage Of Many Bombs",534,807,1051,1363,1774],["Dagger in the Back",431,664,912,1229,1556],["Unstable Flames",159,343,533,780,1058],["Shrouded Suffocation",644,941,1206,1564,2020],["Fan of Blades",341,514,774,1068,1385],["Twist the Knife",139,329,532,811,1112],["Scent of Blood",659,980,1314,1643,2069],["Sharpened Blades",-10,216,457,695,1007],["Poisoned Wire",13,165,353,591,845],["Double Dose",-20,169,361,577,838],["Overwhelming Power",82,258,441,710,978],["Unstable Catalyst",409,634,891,1204,1542],["Earthlink",181,363,583,841,1109],["Incite the Pack",396,585,799,1107,1378],["Combined Might / Stronger Together",73,287,438,702,954],["Battlefield Focus / Battlefield Precision",38,205,390,654,893],["Retaliatory Fury / Last Gift",262,439,639,855,1161],["Glory in Battle / Liberator's Might",230,458,666,924,1184],["Ruinous Bolt",176,357,600,823,1128],["Blood Siphon",175,321,531,779,1049],["Champion of Azeroth",476,648,931,1185,1496],["Blightborne Infusion",501,721,955,1224,1510],["Rezan's Fury",291,534,774,1060,1396],["Elemental Whirl",133,389,555,744,1041]],"metas":{"build_date":"Aug 20 2018","build_time":"15:55:45","git_revision":"04f3f715c8","options":{"debug":false,"max_time":300.0,"expected_iteration_time":357.84000000000003,"vary_combat_length":0.2,"iterations":453,"target_error":0.2,"threads":32,"seed":14069080326766206853,"single_actor_batch":false,"queue_lag":0.005,"queue_lag_stddev":0.001,"gcd_lag":0.15,"gcd_lag_stddev":0.037,"channel_lag":0.25,"channel_lag_stddev":0.062,"queue_gcd_reduction":0.1,"strict_gcd_queue":0,"confidence":0.95,"confidence_estimator":1.9599639854089754,"world_lag":0.1,"world_lag_stddev":0.01,"travel_variance":0.0,"default_skill":1.0,"reaction_time":0.5,"regen_periodicity":0.25,"ignite_sampling_delta":0.2,"fixed_time":true,"optimize_expressions":true,"optimal_raid":1,"log":0,"debug_each":0,"stat_cache":1,"max_aoe_enemies":20,"show_etmi":false,"tmi_window_global":0.0,"tmi_bin_size":0.5,"enemy_death_pct":0.0,"challenge_mode":false,"timewalk":-1,"pvp_crit":false,"rng":{"name":"sse2-sfmt"},"deterministic":0,"average_range":1,"average_gauss":0,"fight_style":"Patchwerk","default_aura_delay":0.03,"default_aura_delay_stddev":0.005,"dbc":{"bfa-BETA":{"build_level":26095,"wow_version":"8.0.1"},"version_used":"bfa-BETA"}},"overrides":{"arcane_intellect":1,"battle_shout":1,"power_word_fortitude":1,"chaos_brand":1,"mystic_touch":1,"mortal_wounds":1,"bleeding":1,"bloodlust":1,"bloodlust_percent":25,"bloodlust_time":0.5},"statistics":{"elapsed_cpu_seconds":13992.402043000002,"elapsed_time_seconds":14.951664000000001,"init_time_seconds":3.1988852899999998,"merge_time_seconds":0.007001661,"analyze_time_seconds":0.09462610900000006,"simulation_length":{"sum":125505.122,"count":421,"mean":298.11192874109264,"min":240.54,"max":359.503,"median":294.56,"variance":1205.811187914162,"std_dev":34.7247921219719,"mean_variance":2.8641595912450404,"mean_std_dev":1.692382814627069},"raid_dps":{"sum":7312178.984244954,"count":421,"mean":17368.59616210203},"total_dmg":{"sum":2178365931.302239,"count":421,"mean":5174265.870076577},"total_iterations":83563,"total_actors":206,"total_iterations_mean":405.6456310679612,"total_iterations_variance":436543.1310679613,"total_iterations_stddev":660.7141069085488,"total_mean_dps_stddev":18.468665962863646,"total_mean_dps_variance":341.0916224478382},"player":{"name":"Template","race":"human","level":120,"role":"attack","specialization":"Assassination Rogue","profile_source":"default","talents":[{"tier":1,"id":22338,"spell_id":193640,"name":"Elaborate Planning"},{"tier":2,"id":22332,"spell_id":108208,"name":"Subterfuge"},{"tier":3,"id":19239,"spell_id":14983,"name":"Vigor"},{"tier":6,"id":22344,"spell_id":200806,"name":"Exsanguinate"},{"tier":7,"id":21186,"spell_id":255544,"name":"Poison Bomb"}],"party":0,"ready_type":1,"bugs":true,"scale_player":true,"potion_used":false,"timeofday":"DAY_TIME","invert_scaling":0,"reaction_offset":0.1,"reaction_max":1.4000000000000001,"reaction_mean":0.3,"reaction_stddev":0.06,"reaction_nu":0.25,"world_lag":0.1,"brain_lag":0.0,"brain_lag_stddev":0.0,"world_lag_override":false,"world_lag_stddev_override":false,"dbc":{"bfa-BETA":{"build_level":26095,"wow_version":"8.0.1"},"version_used":"bfa-BETA"},"base_energy_regen_per_second":11.0,"collected_data":{"fight_length":{"sum":125505.12199999999,"count":421,"mean":298.1119287410926,"min":240.54,"max":359.503},"executed_foreground_actions":{"sum":128981.0,"count":421,"mean":306.3681710213777,"min":247.0,"max":368.0},"dmg":{"sum":2178365931.302239,"count":421,"mean":5174265.870076577,"min":4108866.2830959447,"max":6281695.250931464},"compound_dmg":{"sum":2178365931.302239,"count":421,"mean":5174265.870076577,"min":4108866.2830959447,"max":6281695.250931464},"timeline_dmg":{"mean":18238.787606652186,"mean_std_dev":3744.7666155060956,"min":2744.1619377783063,"max":35448.42366869575,