{"results":[["Trait","325","340","355","370","385"],["Laser Matrix",354,532,774,968,1285],["Archive of the Titans",285,446,644,862,1091],["Relational Normalization Gizmo",418,574,793,1006,1289],["Synaptic Spark Capacitor",411,585,814,1079,1371],["Swirling Sands",446,657,846,1035,1279],["Tradewinds",409,596,831,951,1255],["Ricocheting Inflatable Pyrosaw",211,387,520,810,1015],["Heed My Call",134,323,439,707,942],["Tidal Surge",246,408,649,860,1131],["Collective Will / Stand As One",103,209,400,635,839],["Combined Might / Stronger Together",74,199,360,567,786],["Barrage Of Many Bombs",346,492,747,1005,1289],["Sylvanas' Resolve / Anduin's Dedication",271,416,676,888,1155],["Battlefield Focus / Battlefield Precision",116,270,444,619,829],["Gutripper",110,249,388,605,861],["Retaliatory Fury / Last Gift",223,374,496,716,944],["Glory in Battle / Liberator's Might",305,457,668,872,1121],["Executioner's Precision",192,345,526,746,977],["Blood Rite",346,557,743,939,1173],["Unstable Flames",116,314,477,667,908],["Meticulous Scheming",438,659,831,1042,1308],["Incite the Pack",371,561,719,955,1196],["Unstable Catalyst",329,511,678,961,1252],["Azerite Globules",135,302,506,712,930],["Test of Might",813,1017,1279,1569,1920],["Gathering Storm",191,402,571,802,1102],["Earthlink",101,254,426,659,872],["Dagger in the Back",340,481,698,931,1167],["Secrets of the Deep",262,487,669,908,1224],["Blood Siphon",166,301,525,651,860],["Seismic Wave",433,600,877,1132,1476],["Lifespeed",131,334,498,666,860],["Ruinous Bolt",133,328,493,716,931],["Blightborne Infusion",485,676,879,1096,1366],["Overwhelming Power",255,413,604,786,1059],["Lord of War",540,740,984,1245,1520],["Champion of Azeroth",553,728,953,1165,1394],["Crushing Assault",109,202,416,673,902],["Filthy Transfusion",212,367,558,822,1063],["Elemental Whirl",169,330,506,687,927],["Thunderous Blast",370,569,761,1080,1319],["Rezan's Fury",271,484,683,903,1137]],"metas":{"build_date":"Aug 29 2018","build_time":"06:51:22","git_revision":"744e4aaddc","options":{"debug":false,"max_time":300.0,"expected_iteration_time":244.37300000000002,"vary_combat_length":0.2,"iterations":600,"target_error":0.2,"threads":32,"seed":3285274610241744175,"single_actor_batch":false,"queue_lag":0.005,"queue_lag_stddev":0.001,"gcd_lag":0.15,"gcd_lag_stddev":0.037,"channel_lag":0.25,"channel_lag_stddev":0.062,"queue_gcd_reduction":0.1,"strict_gcd_queue":0,"confidence":0.95,"confidence_estimator":1.9599639854089754,"world_lag":0.1,"world_lag_stddev":0.01,"travel_variance":0.0,"default_skill":1.0,"reaction_time":0.5,"regen_periodicity":0.25,"ignite_sampling_delta":0.2,"fixed_time":true,"optimize_expressions":true,"optimal_raid":1,"log":0,"debug_each":0,"stat_cache":1,"max_aoe_enemies":20,"show_etmi":false,"tmi_window_global":0.0,"tmi_bin_size":0.5,"enemy_death_pct":0.0,"challenge_mode":false,"timewalk":-1,"pvp_crit":false,"rng":{"name":"sse2-sfmt"},"deterministic":0,"average_range":1,"average_gauss":0,"fight_style":"Patchwerk","default_aura_delay":0.03,"default_aura_delay_stddev":0.005,"dbc":{"Live":{"build_level":27481,"wow_version":"8.0.1"},"version_used":"Live"}},"overrides":{"arcane_intellect":1,"battle_shout":1,"power_word_fortitude":1,"chaos_brand":1,"mystic_touch":1,"mortal_wounds":1,"bleeding":1,"bloodlust":1,"bloodlust_percent":25,"bloodlust_time":0.5},"statistics":{"elapsed_cpu_seconds":5465.278272,"elapsed_time_seconds":5.890969,"init_time_seconds":3.326642632,"merge_time_seconds":0.005426303,"analyze_time_seconds":0.11131055999999995,"simulation_length":{"sum":170721.198,"count":568,"mean":300.5654894366197,"min":240.043,"max":359.956,"median":302.122,"variance":1245.0084074400293,"std_dev":35.284676666224804,"mean_variance":2.1919162102817418,"mean_std_dev":1.4805121445911011},"raid_dps":{"sum":11256886.238085257,"count":568,"mean":19818.461686769817},"total_dmg":{"sum":3380924742.1167064,"count":568,"mean":5952332.29245899},"total_iterations":109775,"total_actors":211,"total_iterations_mean":520.260663507109,"total_iterations_variance":337344.66350710887,"total_iterations_stddev":580.8137941777113,"total_mean_dps_stddev":20.891289066051453,"total_mean_dps_variance":436.445958841321},"player":{"name":"Template","race":"pandaren","level":120,"role":"attack","specialization":"Arms Warrior","profile_source":"default","talents":[{"tier":1,"id":22371,"spell_id":260643,"name":"Skullsplitter"},{"tier":2,"id":22789,"spell_id":107570,"name":"Storm Bolt"},{"tier":3,"id":22380,"spell_id":281001,"name":"Massacre"},{"tier":4,"id":22627,"spell_id":202163,"name":"Bounding Stride"},{"tier":5,"id":22391,"spell_id":262161,"name":"Warbreaker"},{"tier":6,"id":22394,"spell_id":248621,"name":"In For The Kill"},{"tier":7,"id":21204,"spell_id":152278,"name":"Anger Management"}],"party":0,"ready_type":0,"bugs":true,"scale_player":true,"potion_used":false,"timeofday":"DAY_TIME","invert_scaling":0,"reaction_offset":0.1,"reaction_max":1.4000000000000001,"reaction_mean":0.3,"reaction_stddev":0.06,"reaction_nu":0.25,"world_lag":0.1,"brain_lag":0.0,"brain_lag_stddev":0.0,"world_lag_override":false,"world_lag_stddev_override":false,"dbc":{"Live":{"build_level":27481,"wow_version":"8.0.1"},"version_used":"Live"},"collected_data":{"fight_length":{"sum":170721.19799999997,"count":568,"mean":300.56548943661966,"min":240.043,"max":359.956},"waiting_time":{"sum":7325.0999999999985,"count":568,"mean":12.896302816901406,"min":1.2,"max":25.5},"executed_foreground_actions":{"sum":130591.0,"count":568,"mean":229.9137323943662,"min":184.0,"max":278.0},"dmg":{"sum":3380924742.1167064,"count":568,"mean":5952332.29245899,"min":4649718.103324749,"max":7265361.914870867},"compound_dmg":{"sum":3380924742.1167064,"count":568,"mean":5952332.29245899,"min":4649718.103324749,"max":7265361.914870867},"timeline_dmg":{"mean":21107.53377758056,"mean_std_dev":5882.8091910994635,"min":0.0,"max":51183.94406314338,