{"results":[["Trait","325","340","355","370","385"],["Laser Matrix",383,587,867,1110,1450],["Archive of the Titans",337,546,757,949,1259],["Relational Normalization Gizmo",326,536,711,992,1242],["Synaptic Spark Capacitor",661,954,1212,1550,1902],["Sylvanas' Resolve / Anduin's Dedication",360,535,740,1018,1301],["Gutripper",142,313,507,723,965],["Swirling Sands",338,536,747,975,1267],["Tradewinds",300,497,666,894,1115],["Ricocheting Inflatable Pyrosaw",397,555,802,1016,1367],["Heed My Call",226,401,628,875,1147],["Barrage Of Many Bombs",595,850,1122,1396,1794],["Snake Eyes",344,563,766,1009,1296],["Tidal Surge",333,492,744,1001,1286],["Collective Will / Stand As One",136,288,456,681,952],["Combined Might / Stronger Together",100,278,446,604,859],["Battlefield Focus / Battlefield Precision",301,522,696,935,1246],["Retaliatory Fury / Last Gift",184,363,508,741,978],["Glory in Battle / Liberator's Might",238,421,598,823,1060],["Blood Rite",261,389,604,803,1052],["Unstable Flames",126,323,498,692,933],["Meticulous Scheming",281,434,633,852,1093],["Incite the Pack",267,445,641,893,1119],["Unstable Catalyst",363,602,799,1068,1389],["Deadshot",549,762,1052,1371,1724],["Azerite Globules",282,473,662,936,1233],["Storm of Steel",360,551,821,1085,1350],["Earthlink",146,315,527,750,963],["Dagger in the Back",383,561,793,1086,1365],["Secrets of the Deep",342,558,782,1054,1328],["Blood Siphon",147,299,463,647,895],["Brigand's Blitz",249,451,636,814,1117],["Ruinous Bolt",201,411,584,821,1083],["Blightborne Infusion",429,574,808,1013,1295],["Overwhelming Power",175,317,533,722,959],["Rezan's Fury",350,539,735,1011,1294],["Paradise Lost",299,462,692,920,1177],["Thunderous Blast",416,635,873,1153,1478],["Champion of Azeroth",403,587,797,1014,1275],["Filthy Transfusion",272,462,669,869,1177],["Ace Up Your Sleeve",113,302,480,692,954],["Elemental Whirl",161,324,505,692,947]],"metas":{"build_date":"Aug 27 2018","build_time":"13:50:42","git_revision":"4aa7462e31","options":{"debug":false,"max_time":300.0,"expected_iteration_time":354.13100000000003,"vary_combat_length":0.2,"iterations":2191,"target_error":0.2,"threads":32,"seed":6686653916445575703,"single_actor_batch":false,"queue_lag":0.005,"queue_lag_stddev":0.001,"gcd_lag":0.15,"gcd_lag_stddev":0.037,"channel_lag":0.25,"channel_lag_stddev":0.062,"queue_gcd_reduction":0.1,"strict_gcd_queue":0,"confidence":0.95,"confidence_estimator":1.9599639854089754,"world_lag":0.1,"world_lag_stddev":0.01,"travel_variance":0.0,"default_skill":1.0,"reaction_time":0.5,"regen_periodicity":0.25,"ignite_sampling_delta":0.2,"fixed_time":true,"optimize_expressions":true,"optimal_raid":1,"log":0,"debug_each":0,"stat_cache":1,"max_aoe_enemies":20,"show_etmi":false,"tmi_window_global":0.0,"tmi_bin_size":0.5,"enemy_death_pct":0.0,"challenge_mode":false,"timewalk":-1,"pvp_crit":false,"rng":{"name":"sse2-sfmt"},"deterministic":0,"average_range":1,"average_gauss":0,"fight_style":"Patchwerk","default_aura_delay":0.03,"default_aura_delay_stddev":0.005,"dbc":{"Live":{"build_level":27404,"wow_version":"8.0.1"},"version_used":"Live"}},"overrides":{"arcane_intellect":1,"battle_shout":1,"power_word_fortitude":1,"chaos_brand":1,"mystic_touch":1,"mortal_wounds":1,"bleeding":1,"bloodlust":1,"bloodlust_percent":25,"bloodlust_time":0.5},"statistics":{"elapsed_cpu_seconds":39939.02803999999,"elapsed_time_seconds":42.490587,"init_time_seconds":2.6858377459999994,"merge_time_seconds":0.006870403,"analyze_time_seconds":0.4644980790000001,"simulation_length":{"sum":648558.37,"count":2159,"mean":300.397577582214,"min":240.00400000000002,"max":359.935,"median":300.363,"variance":1197.9593167775613,"std_dev":34.61154889307269,"mean_variance":0.5548676779886805,"mean_std_dev":0.7448944072744006},"raid_dps":{"sum":34568845.76613436,"count":2159,"mean":16011.507997283168},"total_dmg":{"sum":10372674949.842514,"count":2159,"mean":4804388.582604221},"total_iterations":451584,"total_actors":206,"total_iterations_mean":2192.1553398058254,"total_iterations_variance":1980433.0291262136,"total_iterations_stddev":1407.2785897348874,"total_mean_dps_stddev":17.072076006404856,"total_mean_dps_variance":291.4557791684644},"player":{"name":"Template","race":"dwarf","level":120,"role":"attack","specialization":"Outlaw Rogue","profile_source":"default","talents":[{"tier":1,"id":22119,"spell_id":196938,"name":"Quick Draw"},{"tier":2,"id":19238,"spell_id":196922,"name":"Hit and Run"},{"tier":3,"id":19239,"spell_id":14983,"name":"Vigor"},{"tier":6,"id":23128,"spell_id":193539,"name":"Alacrity"},{"tier":7,"id":23075,"spell_id":271877,"name":"Blade Rush"}],"party":0,"ready_type":1,"bugs":true,"scale_player":true,"potion_used":false,"timeofday":"DAY_TIME","invert_scaling":0,"reaction_offset":0.1,"reaction_max":1.4000000000000001,"reaction_mean":0.3,"reaction_stddev":0.06,"reaction_nu":0.25,"world_lag":0.1,"brain_lag":0.0,"brain_lag_stddev":0.0,"world_lag_override":false,"world_lag_stddev_override":false,"dbc":{"Live":{"build_level":27404,"wow_version":"8.0.1"},"version_used":"Live"},"base_energy_regen_per_second":14.85,"collected_data":{"fight_length":{"sum":648558.3700000001,"count":2159,"mean":300.397577582214,"min":240.00400000000002,"max":359.935},"waiting_time":{"sum":58486.36000000001,"count":2159,"mean":27.089559981472906,"min":9.165000000000001,"max":45.557},"executed_foreground_actions":{"sum":613801.0,"count":2159,"mean":284.2987494210283,"min":216.0,"max":359.0},"dmg":{"sum":10372674949.842514,"count":2159,"mean":4804388.582604221,"min":3516319.9548853952,"max":6258491.496087266},"compound_dmg":{"sum":10372674949.842514,"count":2159,"mean":4804388.582604221,"min":3516319.9548853952,"max":6258491.496087266},"timeline_dmg":{"mean":15916.903835728985,"mean_std_dev":8052.683432711279,"min":4587.901073452618,"max":48686.58465422265,