{"results":[["Trait","325","340","355","370","385"],["Laser Matrix",327,541,793,1074,1351],["Archive of the Titans",359,491,737,957,1218],["Relational Normalization Gizmo",381,577,756,1055,1295],["Synaptic Spark Capacitor",425,612,860,1137,1451],["Gutripper",128,269,456,677,977],["Sylvanas' Resolve / Anduin's Dedication",299,505,745,976,1236],["Swirling Sands",562,738,969,1236,1456],["Tradewinds",479,600,827,1079,1331],["Ricocheting Inflatable Pyrosaw",245,392,601,848,1114],["Heed My Call",166,349,527,763,1005],["Barrage Of Many Bombs",368,515,782,1049,1377],["Fan of Blades",27,169,296,514,719],["Twist the Knife",251,406,644,844,1139],["Meticulous Scheming",392,531,746,969,1240],["Poisoned Wire",61,176,346,531,768],["Tidal Surge",278,458,678,928,1209],["Collective Will / Stand As One",117,286,469,716,967],["Combined Might / Stronger Together",65,256,460,632,852],["Battlefield Focus / Battlefield Precision",99,273,459,634,901],["Retaliatory Fury / Last Gift",256,373,602,778,1055],["Glory in Battle / Liberator's Might",351,537,709,943,1204],["Blood Rite",326,474,683,876,1170],["Incite the Pack",382,578,777,1013,1285],["Unstable Flames",222,362,556,783,999],["Unstable Catalyst",363,560,800,1062,1360],["Azerite Globules",153,319,543,772,1059],["Dagger in the Back",311,557,769,1028,1342],["Scent of Blood",397,637,860,1168,1426],["Earthlink",152,319,495,746,976],["Rezan's Fury",323,508,680,962,1258],["Double Dose",45,185,348,520,749],["Secrets of the Deep",348,552,751,1027,1302],["Blood Siphon",139,314,496,703,969],["Ruinous Bolt",225,340,536,741,1001],["Sharpened Blades",-14,161,381,652,902],["Overwhelming Power",240,417,581,801,1046],["Thunderous Blast",395,597,840,1087,1401],["Shrouded Suffocation",938,1257,1563,1881,2300],["Champion of Azeroth",589,768,976,1238,1480],["Filthy Transfusion",257,409,638,874,1207],["Blightborne Infusion",632,806,1040,1262,1585],["Elemental Whirl",216,290,545,728,985]],"metas":{"build_date":"Aug 25 2018","build_time":"17:36:54","git_revision":"81398f5484","options":{"debug":false,"max_time":300.0,"expected_iteration_time":332.01300000000003,"vary_combat_length":0.2,"iterations":564,"target_error":0.2,"threads":32,"seed":5649498638176710480,"single_actor_batch":false,"queue_lag":0.005,"queue_lag_stddev":0.001,"gcd_lag":0.15,"gcd_lag_stddev":0.037,"channel_lag":0.25,"channel_lag_stddev":0.062,"queue_gcd_reduction":0.1,"strict_gcd_queue":0,"confidence":0.95,"confidence_estimator":1.9599639854089754,"world_lag":0.1,"world_lag_stddev":0.01,"travel_variance":0.0,"default_skill":1.0,"reaction_time":0.5,"regen_periodicity":0.25,"ignite_sampling_delta":0.2,"fixed_time":true,"optimize_expressions":true,"optimal_raid":1,"log":0,"debug_each":0,"stat_cache":1,"max_aoe_enemies":20,"show_etmi":false,"tmi_window_global":0.0,"tmi_bin_size":0.5,"enemy_death_pct":0.0,"challenge_mode":false,"timewalk":-1,"pvp_crit":false,"rng":{"name":"sse2-sfmt"},"deterministic":0,"average_range":1,"average_gauss":0,"fight_style":"Patchwerk","default_aura_delay":0.03,"default_aura_delay_stddev":0.005,"dbc":{"Live":{"build_level":27404,"wow_version":"8.0.1"},"version_used":"Live"}},"overrides":{"arcane_intellect":1,"battle_shout":1,"power_word_fortitude":1,"chaos_brand":1,"mystic_touch":1,"mortal_wounds":1,"bleeding":1,"bloodlust":1,"bloodlust_percent":25,"bloodlust_time":0.5},"statistics":{"elapsed_cpu_seconds":17234.526859999998,"elapsed_time_seconds":18.366393,"init_time_seconds":3.2274008789999997,"merge_time_seconds":0.00678136,"analyze_time_seconds":0.12051449199999999,"simulation_length":{"sum":159876.993,"count":532,"mean":300.5206635338346,"min":240.118,"max":359.883,"median":302.904,"variance":1234.4577811555876,"std_dev":35.1348513751743,"mean_variance":2.3204093630744125,"mean_std_dev":1.5232889952580937},"raid_dps":{"sum":10226216.67038276,"count":532,"mean":19222.21178643376},"total_dmg":{"sum":3070590242.397417,"count":532,"mean":5771786.1699199565},"total_iterations":111809,"total_actors":211,"total_iterations_mean":529.9004739336493,"total_iterations_variance":475980.9099526065,"total_iterations_stddev":689.913697467014,"total_mean_dps_stddev":20.311723526175303,"total_mean_dps_variance":412.56611260378327},"player":{"name":"Template","race":"troll","level":120,"role":"attack","specialization":"Assassination Rogue","profile_source":"default","talents":[{"tier":1,"id":22338,"spell_id":193640,"name":"Elaborate Planning"},{"tier":2,"id":22332,"spell_id":108208,"name":"Subterfuge"},{"tier":3,"id":19239,"spell_id":14983,"name":"Vigor"},{"tier":6,"id":23015,"spell_id":245388,"name":"Toxic Blade"},{"tier":7,"id":21186,"spell_id":255544,"name":"Poison Bomb"}],"party":0,"ready_type":1,"bugs":true,"scale_player":true,"potion_used":false,"timeofday":"DAY_TIME","invert_scaling":0,"reaction_offset":0.1,"reaction_max":1.4000000000000001,"reaction_mean":0.3,"reaction_stddev":0.06,"reaction_nu":0.25,"world_lag":0.1,"brain_lag":0.0,"brain_lag_stddev":0.0,"world_lag_override":false,"world_lag_stddev_override":false,"dbc":{"Live":{"build_level":27404,"wow_version":"8.0.1"},"version_used":"Live"},"base_energy_regen_per_second":11.0,"collected_data":{"fight_length":{"sum":159876.99300000002,"count":532,"mean":300.52066353383464,"min":240.118,"max":359.883},"waiting_time":{"sum":2894.238,"count":532,"mean":5.440296992481203,"min":2.341,"max":10.5},"executed_foreground_actions":{"sum":157865.0,"count":532,"mean":296.7387218045113,"min":235.0,"max":355.0},"dmg":{"sum":3070590242.397417,"count":532,"mean":5771786.1699199565,"min":4397839.381647919,"max":7196743.72818489},"compound_dmg":{"sum":3070590242.397417,"count":532,"mean":5771786.1699199565,"min":4397839.381647919,"max":7196743.72818489},"timeline_dmg":{"mean":19796.183191297587,"mean_std_dev":5316.965800430708,"min":3504.215959054413,"max":46237.32058009753,