{"results":[["Trait","325","340","355","370","385"],["Laser Matrix",312,517,726,989,1283],["Archive of the Titans",348,498,704,936,1224],["Relational Normalization Gizmo",412,612,814,1018,1319],["Synaptic Spark Capacitor",616,844,1097,1432,1783],["Gutripper",99,295,473,666,883],["Sylvanas' Resolve / Anduin's Dedication",306,481,682,966,1234],["Swirling Sands",390,559,770,970,1212],["Tradewinds",416,614,842,1049,1280],["Ricocheting Inflatable Pyrosaw",297,465,715,957,1233],["Heed My Call",223,381,558,754,1057],["Elemental Whirl",136,290,473,684,956],["Unerring Vision",163,390,558,725,997],["Arcane Flurry",29,186,322,481,725],["Tidal Surge",259,451,620,879,1213],["Collective Will / Stand As One",141,316,487,634,907],["Combined Might / Stronger Together",116,263,434,648,834],["Barrage Of Many Bombs",479,701,961,1239,1567],["Battlefield Focus / Battlefield Precision",110,270,421,667,876],["Retaliatory Fury / Last Gift",216,402,579,796,1051],["Glory in Battle / Liberator's Might",253,461,643,865,1108],["Blood Rite",341,541,785,928,1223],["Unstable Flames",145,313,480,640,881],["Meticulous Scheming",406,574,769,970,1255],["Incite the Pack",415,554,762,966,1219],["In The Rhythm",486,690,841,1073,1387],["Unstable Catalyst",382,535,727,1061,1324],["Azerite Globules",247,393,588,826,1121],["Steady Aim",320,480,626,963,1213],["Earthlink",189,326,487,685,885],["Focused Fire",500,673,850,1162,1462],["Rezan's Fury",248,455,676,914,1201],["Secrets of the Deep",310,525,744,961,1257],["Dagger in the Back",367,563,824,1093,1402],["Blood Siphon",195,302,485,700,934],["Ruinous Bolt",187,336,585,769,1020],["Thunderous Blast",355,583,770,1033,1353],["Rapid Reload",173,349,499,746,971],["Overwhelming Power",246,419,598,791,1055],["Champion of Azeroth",537,728,926,1168,1426],["Filthy Transfusion",249,421,694,881,1139],["Blightborne Infusion",378,597,786,986,1294]],"metas":{"build_date":"Aug 24 2018","build_time":"06:29:59","git_revision":"d11d257b76","options":{"debug":false,"max_time":300.0,"expected_iteration_time":285.46500000000003,"vary_combat_length":0.2,"iterations":1069,"target_error":0.2,"threads":32,"seed":18085566933773996646,"single_actor_batch":false,"queue_lag":0.005,"queue_lag_stddev":0.001,"gcd_lag":0.15,"gcd_lag_stddev":0.037,"channel_lag":0.25,"channel_lag_stddev":0.062,"queue_gcd_reduction":0.1,"strict_gcd_queue":0,"confidence":0.95,"confidence_estimator":1.9599639854089754,"world_lag":0.1,"world_lag_stddev":0.01,"travel_variance":0.0,"default_skill":1.0,"reaction_time":0.5,"regen_periodicity":0.25,"ignite_sampling_delta":0.2,"fixed_time":true,"optimize_expressions":true,"optimal_raid":1,"log":0,"debug_each":0,"stat_cache":1,"max_aoe_enemies":20,"show_etmi":false,"tmi_window_global":0.0,"tmi_bin_size":0.5,"enemy_death_pct":0.0,"challenge_mode":false,"timewalk":-1,"pvp_crit":false,"rng":{"name":"sse2-sfmt"},"deterministic":0,"average_range":1,"average_gauss":0,"fight_style":"Patchwerk","default_aura_delay":0.03,"default_aura_delay_stddev":0.005,"dbc":{"Live":{"build_level":27404,"wow_version":"8.0.1"},"version_used":"Live"}},"overrides":{"arcane_intellect":1,"battle_shout":1,"power_word_fortitude":1,"chaos_brand":1,"mystic_touch":1,"mortal_wounds":1,"bleeding":1,"bloodlust":1,"bloodlust_percent":25,"bloodlust_time":0.5},"statistics":{"elapsed_cpu_seconds":9806.740692,"elapsed_time_seconds":10.516806,"init_time_seconds":2.653070907,"merge_time_seconds":0.006219551000000001,"analyze_time_seconds":0.20066767099999988,"simulation_length":{"sum":311010.557,"count":1037,"mean":299.9137483124397,"min":240.12800000000001,"max":359.962,"median":301.041,"variance":1173.54485228863,"std_dev":34.257040915534866,"mean_variance":1.131672953026644,"mean_std_dev":1.0638011811549393},"raid_dps":{"sum":20915421.667779688,"count":1037,"mean":20169.162649739334},"total_dmg":{"sum":6267226088.421566,"count":1037,"mean":6043612.428564673},"total_iterations":188908,"total_actors":206,"total_iterations_mean":917.0291262135922,"total_iterations_variance":466395.8252427187,"total_iterations_stddev":682.9317866688581,"total_mean_dps_stddev":21.275898956037558,"total_mean_dps_variance":452.6638763875201},"player":{"name":"Template","race":"lightforged_draenei","level":120,"role":"attack","specialization":"Marksmanship Hunter","profile_source":"default","talents":[{"tier":1,"id":22501,"spell_id":271788,"name":"Serpent Sting"},{"tier":2,"id":22495,"spell_id":260228,"name":"Careful Aim"},{"tier":4,"id":21998,"spell_id":257284,"name":"Hunter's Mark"},{"tier":6,"id":23063,"spell_id":260393,"name":"Lethal Shots"},{"tier":7,"id":22308,"spell_id":194595,"name":"Lock and Load"}],"party":0,"ready_type":0,"bugs":true,"scale_player":true,"potion_used":false,"timeofday":"DAY_TIME","invert_scaling":0,"reaction_offset":0.1,"reaction_max":1.4000000000000001,"reaction_mean":0.3,"reaction_stddev":0.06,"reaction_nu":0.25,"world_lag":0.1,"brain_lag":0.0,"brain_lag_stddev":0.0,"world_lag_override":false,"world_lag_stddev_override":false,"dbc":{"Live":{"build_level":27404,"wow_version":"8.0.1"},"version_used":"Live"},"base_focus_regen_per_second":2.999999999999999,"collected_data":{"fight_length":{"sum":311010.55700000003,"count":1037,"mean":299.91374831243974,"min":240.12800000000001,"max":359.962},"executed_foreground_actions":{"sum":207217.0,"count":1037,"mean":199.8235294117647,"min":162.0,"max":239.0},"dmg":{"sum":6267226088.421566,"count":1037,"mean":6043612.428564673,"min":4657299.69115709,"max":7492610.801754362},"compound_dmg":{"sum":6267226088.421566,"count":1037,"mean":6043612.428564673,"min":4657299.69115709,"max":7492610.801754362},"timeline_dmg":{"mean":20753.314769812194,"mean_std_dev":9775.816173806688,"min":0.0,"max":129077.65940607454,