{"results":[["Trait","325","340","355","370","385"],["Laser Matrix",294,550,809,1122,1436],["Archive of the Titans",336,596,793,1090,1389],["Relational Normalization Gizmo",302,502,776,1012,1333],["Synaptic Spark Capacitor",622,880,1185,1528,1941],["Gutripper",97,286,495,731,1019],["Sylvanas' Resolve / Anduin's Dedication",323,586,812,1126,1458],["Swirling Sands",433,643,878,1152,1468],["Tradewinds",408,637,867,1123,1426],["Ricocheting Inflatable Pyrosaw",251,500,764,1039,1356],["Heed My Call",179,377,579,854,1176],["Barrage Of Many Bombs",506,734,1071,1365,1739],["Fan of Blades",295,511,742,1018,1349],["Twist the Knife",168,324,539,786,1077],["Meticulous Scheming",227,403,620,897,1152],["Poisoned Wire",-32,129,339,567,805],["Tidal Surge",223,489,706,967,1340],["Collective Will / Stand As One",103,284,538,786,1060],["Combined Might / Stronger Together",82,222,439,672,972],["Battlefield Focus / Battlefield Precision",28,229,427,616,898],["Retaliatory Fury / Last Gift",204,394,618,870,1155],["Glory in Battle / Liberator's Might",267,417,634,860,1169],["Blood Rite",174,347,559,803,1114],["Incite the Pack",352,568,790,1067,1382],["Unstable Flames",100,312,496,746,1041],["Unstable Catalyst",377,631,858,1180,1570],["Azerite Globules",206,395,650,931,1212],["Dagger in the Back",290,550,769,1073,1380],["Scent of Blood",662,948,1259,1666,2058],["Earthlink",123,308,537,794,1067],["Rezan's Fury",294,498,761,1058,1335],["Double Dose",-2,147,366,582,808],["Secrets of the Deep",358,596,845,1163,1492],["Blood Siphon",127,306,552,755,1051],["Ruinous Bolt",139,355,562,827,1114],["Sharpened Blades",-31,163,397,694,1004],["Overwhelming Power",86,305,512,755,1039],["Thunderous Blast",400,572,850,1157,1491],["Shrouded Suffocation",619,888,1215,1542,1929],["Champion of Azeroth",452,656,941,1158,1459],["Filthy Transfusion",211,418,683,929,1266],["Blightborne Infusion",514,667,940,1227,1549],["Elemental Whirl",130,294,545,768,1038]],"metas":{"build_date":"Aug 26 2018","build_time":"17:25:12","git_revision":"82a50ef53a","options":{"debug":false,"max_time":300.0,"expected_iteration_time":345.65000000000003,"vary_combat_length":0.2,"iterations":441,"target_error":0.2,"threads":32,"seed":4955578248090077207,"single_actor_batch":false,"queue_lag":0.005,"queue_lag_stddev":0.001,"gcd_lag":0.15,"gcd_lag_stddev":0.037,"channel_lag":0.25,"channel_lag_stddev":0.062,"queue_gcd_reduction":0.1,"strict_gcd_queue":0,"confidence":0.95,"confidence_estimator":1.9599639854089754,"world_lag":0.1,"world_lag_stddev":0.01,"travel_variance":0.0,"default_skill":1.0,"reaction_time":0.5,"regen_periodicity":0.25,"ignite_sampling_delta":0.2,"fixed_time":true,"optimize_expressions":true,"optimal_raid":1,"log":0,"debug_each":0,"stat_cache":1,"max_aoe_enemies":20,"show_etmi":false,"tmi_window_global":0.0,"tmi_bin_size":0.5,"enemy_death_pct":0.0,"challenge_mode":false,"timewalk":-1,"pvp_crit":false,"rng":{"name":"sse2-sfmt"},"deterministic":0,"average_range":1,"average_gauss":0,"fight_style":"Patchwerk","default_aura_delay":0.03,"default_aura_delay_stddev":0.005,"dbc":{"Live":{"build_level":27404,"wow_version":"8.0.1"},"version_used":"Live"}},"overrides":{"arcane_intellect":1,"battle_shout":1,"power_word_fortitude":1,"chaos_brand":1,"mystic_touch":1,"mortal_wounds":1,"bleeding":1,"bloodlust":1,"bloodlust_percent":25,"bloodlust_time":0.5},"statistics":{"elapsed_cpu_seconds":15138.374207000004,"elapsed_time_seconds":16.469663,"init_time_seconds":3.2522388900000028,"merge_time_seconds":0.007470422999999999,"analyze_time_seconds":0.10545546400000003,"simulation_length":{"sum":123415.737,"count":409,"mean":301.7499682151589,"min":240.524,"max":359.897,"median":301.472,"variance":1165.6886011261295,"std_dev":34.14218213773293,"mean_variance":2.85009437928149,"mean_std_dev":1.6882222541127367},"raid_dps":{"sum":7111109.4687353475,"count":409,"mean":17386.575718179334},"total_dmg":{"sum":2144422350.5136616,"count":409,"mean":5243086.431573745},"total_iterations":85910,"total_actors":211,"total_iterations_mean":407.1563981042654,"total_iterations_variance":563741.8388625591,"total_iterations_stddev":750.8274361413274,"total_mean_dps_stddev":18.471442595887748,"total_mean_dps_variance":341.1941915731763},"player":{"name":"Template","race":"human","level":120,"role":"attack","specialization":"Assassination Rogue","profile_source":"default","talents":[{"tier":1,"id":22338,"spell_id":193640,"name":"Elaborate Planning"},{"tier":2,"id":22332,"spell_id":108208,"name":"Subterfuge"},{"tier":3,"id":19239,"spell_id":14983,"name":"Vigor"},{"tier":6,"id":22344,"spell_id":200806,"name":"Exsanguinate"},{"tier":7,"id":21186,"spell_id":255544,"name":"Poison Bomb"}],"party":0,"ready_type":1,"bugs":true,"scale_player":true,"potion_used":false,"timeofday":"DAY_TIME","invert_scaling":0,"reaction_offset":0.1,"reaction_max":1.4000000000000001,"reaction_mean":0.3,"reaction_stddev":0.06,"reaction_nu":0.25,"world_lag":0.1,"brain_lag":0.0,"brain_lag_stddev":0.0,"world_lag_override":false,"world_lag_stddev_override":false,"dbc":{"Live":{"build_level":27404,"wow_version":"8.0.1"},"version_used":"Live"},"base_energy_regen_per_second":11.0,"collected_data":{"fight_length":{"sum":123415.73700000001,"count":409,"mean":301.74996821515896,"min":240.524,"max":359.897},"executed_foreground_actions":{"sum":126827.0,"count":409,"mean":310.09046454767724,"min":247.0,"max":369.0},"dmg":{"sum":2144422350.5136616,"count":409,"mean":5243086.431573745,"min":4138268.0223871144,"max":6351614.864786995},"compound_dmg":{"sum":2144422350.5136616,"count":409,"mean":5243086.431573745,"min":4138268.0223871144,"max":6351614.864786995},"timeline_dmg":{"mean":18296.510543331693,"mean_std_dev":3749.399763040568,"min":2908.772333237076,"max":35927.882025506,