{"results":[["Trait","325","340","355","370","385"],["Laser Matrix",291,427,583,776,964],["Archive of the Titans",172,287,411,569,721],["Relational Normalization Gizmo",193,287,413,590,751],["Synaptic Spark Capacitor",156,276,402,571,736],["Swirling Sands",193,330,448,609,761],["Tradewinds",126,236,356,492,677],["Ancestral Resonance",186,295,420,541,719],["Ricocheting Inflatable Pyrosaw",62,185,300,442,592],["Barrage Of Many Bombs",132,251,381,558,735],["Rumbling Tremors",130,251,402,510,701],["Synapse Shock",153,255,366,549,724],["Tidal Surge",218,366,490,673,839],["Collective Will / Stand As One",51,154,279,415,555],["On My Way",51,159,242,377,519],["Combined Might / Stronger Together",7,104,213,349,501],["Sylvanas' Resolve / Anduin's Dedication",194,285,428,585,784],["Battlefield Focus / Battlefield Precision",215,332,488,640,846],["Gutripper",71,157,306,445,600],["Retaliatory Fury / Last Gift",68,157,300,394,553],["Lava Shock",161,281,417,580,722],["Echo of the Elementals",233,364,476,689,872],["Glory in Battle / Liberator's Might",137,234,360,493,640],["Blood Rite",124,245,342,490,636],["Heed My Call",89,193,323,473,644],["Meticulous Scheming",123,212,340,471,630],["Incite the Pack",123,205,349,465,646],["Natural Harmony",134,219,345,472,633],["Unstable Flames",50,197,296,412,561],["Unstable Catalyst",192,333,457,646,812],["Azerite Globules",63,159,260,409,569],["Earthlink",67,155,301,429,577],["Rezan's Fury",214,360,498,666,873],["Igneous Potential",355,474,628,787,986],["Filthy Transfusion",227,346,495,664,844],["Thunderous Blast",325,474,643,849,1069],["Secrets of the Deep",167,295,441,576,772],["Dagger in the Back",279,385,575,740,946],["Blood Siphon",34,122,230,373,527],["Champion of Azeroth",203,328,461,576,755],["Overwhelming Power",70,193,302,436,588],["Elemental Whirl",60,157,284,390,548],["Blightborne Infusion",260,366,494,662,801],["Ruinous Bolt",133,251,360,512,710]],"metas":{"build_date":"Aug 25 2018","build_time":"09:42:16","git_revision":"d4b8c45266","options":{"debug":false,"max_time":300.0,"expected_iteration_time":254.45000000000002,"vary_combat_length":0.2,"iterations":959,"target_error":0.2,"threads":32,"seed":7992175695769973590,"single_actor_batch":false,"queue_lag":0.005,"queue_lag_stddev":0.001,"gcd_lag":0.15,"gcd_lag_stddev":0.037,"channel_lag":0.25,"channel_lag_stddev":0.062,"queue_gcd_reduction":0.1,"strict_gcd_queue":0,"confidence":0.95,"confidence_estimator":1.9599639854089754,"world_lag":0.1,"world_lag_stddev":0.01,"travel_variance":0.0,"default_skill":1.0,"reaction_time":0.5,"regen_periodicity":0.25,"ignite_sampling_delta":0.2,"fixed_time":true,"optimize_expressions":true,"optimal_raid":1,"log":0,"debug_each":0,"stat_cache":1,"max_aoe_enemies":20,"show_etmi":false,"tmi_window_global":0.0,"tmi_bin_size":0.5,"enemy_death_pct":0.0,"challenge_mode":false,"timewalk":-1,"pvp_crit":false,"rng":{"name":"sse2-sfmt"},"deterministic":0,"average_range":1,"average_gauss":0,"fight_style":"Patchwerk","default_aura_delay":0.03,"default_aura_delay_stddev":0.005,"dbc":{"Live":{"build_level":27404,"wow_version":"8.0.1"},"version_used":"Live"}},"overrides":{"arcane_intellect":1,"battle_shout":1,"power_word_fortitude":1,"chaos_brand":1,"mystic_touch":1,"mortal_wounds":1,"bleeding":1,"bloodlust":1,"bloodlust_percent":25,"bloodlust_time":0.5},"statistics":{"elapsed_cpu_seconds":8843.600652000008,"elapsed_time_seconds":9.427691000000001,"init_time_seconds":2.9482102420000014,"merge_time_seconds":0.00625666,"analyze_time_seconds":0.18904436000000002,"simulation_length":{"sum":278091.6970000001,"count":927,"mean":299.99104314994617,"min":240.107,"max":359.979,"median":300.562,"variance":1244.7566911351387,"std_dev":35.281109550794156,"mean_variance":1.3427796020875282,"mean_std_dev":1.1587836735506452},"raid_dps":{"sum":9246513.906844506,"count":927,"mean":9974.664408678},"total_dmg":{"sum":2770155954.9050946,"count":927,"mean":2988302.0009763697},"total_iterations":194071,"total_actors":216,"total_iterations_mean":898.4768518518518,"total_iterations_variance":738967.8842592592,"total_iterations_stddev":859.6324122898457,"total_mean_dps_stddev":10.592184463752766,"total_mean_dps_variance":112.19437171416546},"player":{"name":"Template","race":"troll","level":120,"role":"spell","specialization":"Elemental Shaman","profile_source":"default","talents":[{"tier":1,"id":22357,"spell_id":108283,"name":"Echo of the Elements"},{"tier":2,"id":23190,"spell_id":210643,"name":"Totem Mastery"},{"tier":4,"id":19273,"spell_id":192222,"name":"Liquid Magma Totem"},{"tier":6,"id":19266,"spell_id":117013,"name":"Primal Elementalist"},{"tier":7,"id":21675,"spell_id":114050,"name":"Ascendance"}],"party":0,"ready_type":0,"bugs":true,"scale_player":true,"potion_used":false,"timeofday":"DAY_TIME","invert_scaling":0,"reaction_offset":0.1,"reaction_max":1.4000000000000001,"reaction_mean":0.3,"reaction_stddev":0.06,"reaction_nu":0.25,"world_lag":0.1,"brain_lag":0.0,"brain_lag_stddev":0.0,"world_lag_override":false,"world_lag_stddev_override":false,"dbc":{"Live":{"build_level":27404,"wow_version":"8.0.1"},"version_used":"Live"},"base_mana_regen_per_second":640.0,"collected_data":{"fight_length":{"sum":278091.697,"count":927,"mean":299.99104314994605,"min":240.107,"max":359.979},"executed_foreground_actions":{"sum":212554.0,"count":927,"mean":229.2923408845739,"min":184.0,"max":276.0},"dmg":{"sum":2263579572.6906943,"count":927,"mean":2441833.4117483217,"min":1889080.0471840566,"max":3096476.1913983584},"compound_dmg":{"sum":2770155954.9050946,"count":927,"mean":2988302.0009763697,"min":2377927.831854733,"max":3745379.563540077},"timeline_dmg":{"mean":10041.956389767702,"mean_std_dev":5336.690834385383,"min":2664.2741479881843,"max":48982.795604309096,