{"results":[["Trait","325","340","355","370","385"],["Laser Matrix",416,642,848,1139,1372],["Archive of the Titans",285,424,607,805,1089],["Relational Normalization Gizmo",382,565,744,965,1220],["Synaptic Spark Capacitor",503,735,976,1230,1537],["Swirling Sands",443,582,768,938,1176],["Tradewinds",423,563,801,977,1242],["Ricocheting Inflatable Pyrosaw",341,493,686,861,1143],["Heed My Call",230,407,557,763,1007],["Reckless Flurry",866,1082,1308,1609,1846],["Barrage Of Many Bombs",565,789,1026,1252,1633],["Tidal Surge",284,402,665,842,1135],["Collective Will / Stand As One",146,301,427,591,831],["Combined Might / Stronger Together",113,226,364,574,737],["Sylvanas' Resolve / Anduin's Dedication",262,469,575,836,1105],["Trample the Weak",264,477,635,844,1118],["Battlefield Focus / Battlefield Precision",168,311,472,722,931],["Gutripper",137,279,451,668,904],["Retaliatory Fury / Last Gift",197,442,537,739,919],["Glory in Battle / Liberator's Might",356,519,662,876,1093],["Simmering Rage",586,720,914,1124,1354],["Meticulous Scheming",502,656,841,1059,1254],["Infinite Fury",360,491,675,910,1143],["Blood Rite",392,486,721,879,1144],["Unstable Flames",107,326,413,640,842],["Incite the Pack",383,604,744,924,1186],["Unstable Catalyst",356,464,678,906,1187],["Azerite Globules",154,315,500,643,951],["Bloodcraze",288,458,578,782,1010],["Gathering Storm",19,119,278,462,643],["Earthlink",130,246,405,604,826],["Dagger in the Back",275,438,648,892,1158],["Secrets of the Deep",291,450,653,871,1137],["Blood Siphon",298,430,649,814,1038],["Ruinous Bolt",150,320,483,727,942],["Pulverizing Blows",309,490,678,875,1185],["Thunderous Blast",482,713,920,1180,1449],["Champion of Azeroth",688,799,989,1223,1479],["Overwhelming Power",318,467,637,844,1045],["Filthy Transfusion",266,451,622,841,1074],["Elemental Whirl",195,330,535,697,909],["Lifespeed",195,413,560,735,941],["Blightborne Infusion",432,611,789,1032,1248],["Rezan's Fury",375,500,681,958,1195]],"metas":{"build_date":"Aug 26 2018","build_time":"00:47:51","git_revision":"91e454c877","options":{"debug":false,"max_time":300.0,"expected_iteration_time":254.43200000000002,"vary_combat_length":0.2,"iterations":947,"target_error":0.2,"threads":32,"seed":4013504112821031441,"single_actor_batch":false,"queue_lag":0.005,"queue_lag_stddev":0.001,"gcd_lag":0.15,"gcd_lag_stddev":0.037,"channel_lag":0.25,"channel_lag_stddev":0.062,"queue_gcd_reduction":0.1,"strict_gcd_queue":0,"confidence":0.95,"confidence_estimator":1.9599639854089754,"world_lag":0.1,"world_lag_stddev":0.01,"travel_variance":0.0,"default_skill":1.0,"reaction_time":0.5,"regen_periodicity":0.25,"ignite_sampling_delta":0.2,"fixed_time":true,"optimize_expressions":true,"optimal_raid":1,"log":0,"debug_each":0,"stat_cache":1,"max_aoe_enemies":20,"show_etmi":false,"tmi_window_global":0.0,"tmi_bin_size":0.5,"enemy_death_pct":0.0,"challenge_mode":false,"timewalk":-1,"pvp_crit":false,"rng":{"name":"sse2-sfmt"},"deterministic":0,"average_range":1,"average_gauss":0,"fight_style":"Patchwerk","default_aura_delay":0.03,"default_aura_delay_stddev":0.005,"dbc":{"Live":{"build_level":27404,"wow_version":"8.0.1"},"version_used":"Live"}},"overrides":{"arcane_intellect":1,"battle_shout":1,"power_word_fortitude":1,"chaos_brand":1,"mystic_touch":1,"mortal_wounds":1,"bleeding":1,"bloodlust":1,"bloodlust_percent":25,"bloodlust_time":0.5},"statistics":{"elapsed_cpu_seconds":19396.22742200002,"elapsed_time_seconds":20.542743,"init_time_seconds":2.673621769,"merge_time_seconds":0.007174783,"analyze_time_seconds":0.1667792360000001,"simulation_length":{"sum":275393.7590000001,"count":915,"mean":300.9767857923498,"min":240.36700000000002,"max":359.94,"median":300.67,"variance":1198.426557278705,"std_dev":34.61829801244863,"mean_variance":1.3097558003045957,"mean_std_dev":1.144445630121674},"raid_dps":{"sum":18256973.84487161,"count":915,"mean":19952.976879641104},"total_dmg":{"sum":5491607383.174238,"count":915,"mean":6001756.702922665},"total_iterations":177476,"total_actors":216,"total_iterations_mean":821.6481481481482,"total_iterations_variance":695863.2592592596,"total_iterations_stddev":834.1841878501771,"total_mean_dps_stddev":21.0555965689746,"total_mean_dps_variance":443.33814687541496},"player":{"name":"Template","race":"gnome","level":120,"role":"attack","specialization":"Fury Warrior","profile_source":"default","talents":[{"tier":1,"id":22633,"spell_id":202296,"name":"Endless Rage"},{"tier":2,"id":23093,"spell_id":107570,"name":"Storm Bolt"},{"tier":3,"id":23372,"spell_id":100130,"name":"Furious Slash"},{"tier":4,"id":22627,"spell_id":202163,"name":"Bounding Stride"},{"tier":5,"id":22383,"spell_id":202922,"name":"Carnage"},{"tier":6,"id":22398,"spell_id":118000,"name":"Dragon Roar"},{"tier":7,"id":16037,"spell_id":280772,"name":"Siegebreaker"}],"party":0,"ready_type":0,"bugs":true,"scale_player":true,"potion_used":false,"timeofday":"DAY_TIME","invert_scaling":0,"reaction_offset":0.1,"reaction_max":1.4000000000000001,"reaction_mean":0.3,"reaction_stddev":0.06,"reaction_nu":0.25,"world_lag":0.1,"brain_lag":0.0,"brain_lag_stddev":0.0,"world_lag_override":false,"world_lag_stddev_override":false,"dbc":{"Live":{"build_level":27404,"wow_version":"8.0.1"},"version_used":"Live"},"collected_data":{"fight_length":{"sum":275393.759,"count":915,"mean":300.97678579234974,"min":240.36700000000002,"max":359.94},"executed_foreground_actions":{"sum":298423.0,"count":915,"mean":326.14535519125684,"min":261.0,"max":391.0},"dmg":{"sum":5491607383.174238,"count":915,"mean":6001756.702922665,"min":4443751.324255294,"max":7444207.539085469},"compound_dmg":{"sum":5491607383.174238,"count":915,"mean":6001756.702922665,"min":4443751.324255294,"max":7444207.539085469},"timeline_dmg":{"mean":20481.641398664804,"mean_std_dev":8753.685650921789,"min":0.0,"max":49959.80669601019,