{"results":[["Trait","325","340","355","370","385"],["Thunderous Blast",316,511,752,1007,1291],["Azerite Globules",145,276,444,653,934],["Tidal Surge",211,382,591,821,1106],["Dagger in the Back",317,509,718,949,1247],["Unstable Flames",128,274,437,641,861],["Secrets of the Deep",279,456,715,940,1225],["Heed My Call",145,300,491,713,945],["Blood Rite",205,364,560,783,1019],["Supreme Commander",426,639,858,1100,1409],["Relational Normalization Gizmo",326,501,697,939,1178],["Synaptic Spark Capacitor",450,664,911,1190,1514],["Shadow's Bite",38,206,378,572,787],["Gutripper",100,209,411,649,878],["Sylvanas' Resolve / Anduin's Dedication",288,487,674,920,1228],["Swirling Sands",227,425,584,829,1062],["Meticulous Scheming",226,414,558,786,1054],["Ricocheting Inflatable Pyrosaw",162,336,524,758,1023],["Laser Matrix",291,485,699,958,1228],["Tradewinds",286,480,644,865,1143],["Umbral Blaze",85,260,426,634,857],["Collective Will / Stand As One",91,243,408,581,857],["Barrage Of Many Bombs",324,520,776,1009,1349],["Filthy Transfusion",174,377,583,790,1062],["Explosive Potential",105,269,419,623,864],["Incite the Pack",295,455,625,831,1101],["Combined Might / Stronger Together",32,193,367,565,781],["Battlefield Focus / Battlefield Precision",-8,145,313,488,721],["Retaliatory Fury / Last Gift",141,283,496,689,931],["Glory in Battle / Liberator's Might",212,378,552,783,998],["Ruinous Bolt",128,266,488,666,925],["Unstable Catalyst",296,506,719,1010,1302],["Forbidden Knowledge",-85,8,221,421,695],["Blood Siphon",98,242,425,618,835],["Overwhelming Power",66,216,418,618,830],["Champion of Azeroth",357,563,796,970,1245],["Demonic Meteor",306,464,667,856,1086],["Earthlink",66,244,446,644,915],["Rezan's Fury",200,403,609,849,1079],["Blightborne Infusion",352,505,713,923,1177],["Elemental Whirl",101,283,424,654,868]],"metas":{"build_date":"Aug 17 2018","build_time":"18:41:44","git_revision":"d045f58118","options":{"debug":false,"max_time":300.0,"expected_iteration_time":286.69100000000003,"vary_combat_length":0.2,"iterations":1115,"target_error":0.2,"threads":32,"seed":2659424203466164955,"single_actor_batch":false,"queue_lag":0.005,"queue_lag_stddev":0.001,"gcd_lag":0.15,"gcd_lag_stddev":0.037,"channel_lag":0.25,"channel_lag_stddev":0.062,"queue_gcd_reduction":0.1,"strict_gcd_queue":0,"confidence":0.95,"confidence_estimator":1.9599639854089754,"world_lag":0.1,"world_lag_stddev":0.01,"travel_variance":0.0,"default_skill":1.0,"reaction_time":0.5,"regen_periodicity":0.25,"ignite_sampling_delta":0.2,"fixed_time":true,"optimize_expressions":true,"optimal_raid":1,"log":0,"debug_each":0,"stat_cache":1,"max_aoe_enemies":20,"show_etmi":false,"tmi_window_global":0.0,"tmi_bin_size":0.5,"enemy_death_pct":0.0,"challenge_mode":false,"timewalk":-1,"pvp_crit":false,"rng":{"name":"sse2-sfmt"},"deterministic":0,"average_range":1,"average_gauss":0,"fight_style":"Patchwerk","default_aura_delay":0.03,"default_aura_delay_stddev":0.005,"dbc":{"bfa-BETA":{"build_level":26095,"wow_version":"8.0.1"},"version_used":"bfa-BETA"}},"overrides":{"arcane_intellect":1,"battle_shout":1,"power_word_fortitude":1,"chaos_brand":1,"mystic_touch":1,"mortal_wounds":1,"bleeding":1,"bloodlust":1,"bloodlust_percent":25,"bloodlust_time":0.5},"statistics":{"elapsed_cpu_seconds":30325.680353,"elapsed_time_seconds":32.210204,"init_time_seconds":2.7510039559999995,"merge_time_seconds":0.027404338,"analyze_time_seconds":0.2255486130000001,"simulation_length":{"sum":325235.3460000001,"count":1083,"mean":300.30964542936294,"min":240.298,"max":359.975,"median":301.524,"variance":1162.935615126357,"std_dev":34.10184181428266,"mean_variance":1.0738094322496372,"mean_std_dev":1.0362477658599014},"raid_dps":{"sum":16110449.125953823,"count":1083,"mean":14875.760965793004},"total_dmg":{"sum":4836716357.577341,"count":1083,"mean":4466035.417892282},"total_iterations":199311,"total_actors":201,"total_iterations_mean":991.5970149253732,"total_iterations_variance":774970.3582089556,"total_iterations_stddev":880.3240075159575,"total_mean_dps_stddev":15.772195902965919,"total_mean_dps_variance":248.76216360153492},"player":{"name":"Template","race":"troll","level":120,"role":"spell","specialization":"Demonology Warlock","profile_source":"default","talents":[{"tier":1,"id":19290,"spell_id":264078,"name":"Dreadlash"},{"tier":2,"id":22045,"spell_id":205145,"name":"Demonic Calling"},{"tier":4,"id":23160,"spell_id":264119,"name":"Summon Vilefiend"},{"tier":6,"id":23146,"spell_id":267216,"name":"Inner Demons"},{"tier":7,"id":23161,"spell_id":267214,"name":"Sacrificed Souls"}],"party":0,"ready_type":0,"bugs":true,"scale_player":true,"potion_used":false,"timeofday":"DAY_TIME","invert_scaling":0,"reaction_offset":0.1,"reaction_max":1.4000000000000001,"reaction_mean":0.3,"reaction_stddev":0.06,"reaction_nu":0.25,"world_lag":0.1,"brain_lag":0.0,"brain_lag_stddev":0.0,"world_lag_override":false,"world_lag_stddev_override":false,"dbc":{"bfa-BETA":{"build_level":26095,"wow_version":"8.0.1"},"version_used":"bfa-BETA"},"base_mana_regen_per_second":1000.0,"collected_data":{"fight_length":{"sum":325235.34599999996,"count":1083,"mean":300.30964542936283,"min":240.298,"max":359.975},"executed_foreground_actions":{"sum":243826.0,"count":1083,"mean":225.1394275161588,"min":180.0,"max":269.0},"dmg":{"sum":2343754939.882395,"count":1083,"mean":2164131.9851176315,"min":1519255.3584325307,"max":2843232.0742513323},"compound_dmg":{"sum":4836716357.577341,"count":1083,"mean":4466035.417892282,"min":3314310.685319219,"max":5645716.137093861},"timeline_dmg":{"mean":14939.057691679684,"mean_std_dev":9638.813027872591,"min":1493.9764560619383,"max":80827.19504553755,