{"results":[["Trait","325","340","355","370","385"],["Laser Matrix",232,449,651,906,1146],["Archive of the Titans",226,386,612,836,1082],["Relational Normalization Gizmo",294,440,664,877,1150],["Synaptic Spark Capacitor",519,738,967,1283,1633],["Gutripper",26,225,369,575,810],["Sylvanas' Resolve / Anduin's Dedication",252,439,640,896,1180],["Swirling Sands",290,467,655,863,1092],["Heed My Call",124,278,436,688,946],["Ricocheting Inflatable Pyrosaw",210,407,601,862,1107],["Barrage Of Many Bombs",429,621,860,1099,1436],["Tidal Surge",178,366,588,775,1099],["Collective Will / Stand As One",32,209,413,615,831],["Rolling Havoc",331,564,748,1048,1340],["Combined Might / Stronger Together",16,168,334,521,783],["Battlefield Focus / Battlefield Precision",-25,153,302,454,731],["Retaliatory Fury / Last Gift",133,264,466,663,852],["Glory in Battle / Liberator's Might",209,392,553,732,985],["Unstable Flames",85,236,400,585,806],["Blood Rite",180,367,516,767,1012],["Crashing Chaos",187,365,549,792,1058],["Accelerant",173,349,525,718,971],["Ruinous Bolt",85,248,468,682,867],["Meticulous Scheming",227,434,613,812,992],["Blood Siphon",162,313,522,719,937],["Earthlink",82,262,414,591,869],["Bursting Flare",227,409,605,817,1021],["Incite the Pack",248,365,578,797,1039],["Unstable Catalyst",302,493,707,955,1249],["Azerite Globules",169,319,509,688,1023],["Tradewinds",233,405,616,845,1080],["Rezan's Fury",211,390,589,825,1096],["Dagger in the Back",247,406,638,874,1162],["Secrets of the Deep",252,450,649,895,1157],["Thunderous Blast",302,480,678,939,1220],["Flashpoint",165,336,540,708,935],["Filthy Transfusion",176,380,577,769,1036],["Chaotic Inferno",100,263,453,667,875],["Blightborne Infusion",355,543,708,918,1179],["Champion of Azeroth",317,477,679,916,1155],["Elemental Whirl",91,239,424,608,844],["Overwhelming Power",130,245,440,657,893]],"metas":{"build_date":"Aug 27 2018","build_time":"13:50:42","git_revision":"4aa7462e31","options":{"debug":false,"max_time":300.0,"expected_iteration_time":255.57500000000002,"vary_combat_length":0.2,"iterations":1141,"target_error":0.2,"threads":32,"seed":10209416528454592697,"single_actor_batch":false,"queue_lag":0.005,"queue_lag_stddev":0.001,"gcd_lag":0.15,"gcd_lag_stddev":0.037,"channel_lag":0.25,"channel_lag_stddev":0.062,"queue_gcd_reduction":0.1,"strict_gcd_queue":0,"confidence":0.95,"confidence_estimator":1.9599639854089754,"world_lag":0.1,"world_lag_stddev":0.01,"travel_variance":0.0,"default_skill":1.0,"reaction_time":0.5,"regen_periodicity":0.25,"ignite_sampling_delta":0.2,"fixed_time":true,"optimize_expressions":true,"optimal_raid":1,"log":0,"debug_each":0,"stat_cache":1,"max_aoe_enemies":20,"show_etmi":false,"tmi_window_global":0.0,"tmi_bin_size":0.5,"enemy_death_pct":0.0,"challenge_mode":false,"timewalk":-1,"pvp_crit":false,"rng":{"name":"sse2-sfmt"},"deterministic":0,"average_range":1,"average_gauss":0,"fight_style":"Patchwerk","default_aura_delay":0.03,"default_aura_delay_stddev":0.005,"dbc":{"Live":{"build_level":27404,"wow_version":"8.0.1"},"version_used":"Live"}},"overrides":{"arcane_intellect":1,"battle_shout":1,"power_word_fortitude":1,"chaos_brand":1,"mystic_touch":1,"mortal_wounds":1,"bleeding":1,"bloodlust":1,"bloodlust_percent":25,"bloodlust_time":0.5},"statistics":{"elapsed_cpu_seconds":17456.34162099999,"elapsed_time_seconds":19.035386999999997,"init_time_seconds":3.5941705259999983,"merge_time_seconds":0.007153270000000002,"analyze_time_seconds":0.2306023370000001,"simulation_length":{"sum":330261.318,"count":1109,"mean":297.80100811541934,"min":240.169,"max":359.942,"median":296.79200000000003,"variance":1162.2653803507005,"std_dev":34.09201343937757,"mean_variance":1.0480300995046894,"mean_std_dev":1.023733412322119},"raid_dps":{"sum":16533177.914797561,"count":1109,"mean":14908.1856761024},"total_dmg":{"sum":4907152101.52605,"count":1109,"mean":4424844.095154238},"total_iterations":216315,"total_actors":206,"total_iterations_mean":1050.0728155339805,"total_iterations_variance":1370625.9077669906,"total_iterations_stddev":1170.7373350871624,"total_mean_dps_stddev":15.80715357930708,"total_mean_dps_variance":249.86610427980062},"player":{"name":"Template","race":"troll","level":120,"role":"spell","specialization":"Destruction Warlock","profile_source":"default","talents":[{"tier":1,"id":22038,"spell_id":267115,"name":"Flashover"},{"tier":2,"id":21695,"spell_id":266134,"name":"Internal Combustion"},{"tier":4,"id":23143,"spell_id":152108,"name":"Cataclysm"},{"tier":6,"id":23156,"spell_id":266086,"name":"Grimoire of Supremacy"},{"tier":7,"id":23092,"spell_id":113858,"name":"Dark Soul: Instability"}],"party":0,"ready_type":0,"bugs":true,"scale_player":true,"potion_used":false,"timeofday":"DAY_TIME","invert_scaling":0,"reaction_offset":0.1,"reaction_max":1.4000000000000001,"reaction_mean":0.3,"reaction_stddev":0.06,"reaction_nu":0.25,"world_lag":0.1,"brain_lag":0.0,"brain_lag_stddev":0.0,"world_lag_override":false,"world_lag_stddev_override":false,"dbc":{"Live":{"build_level":27404,"wow_version":"8.0.1"},"version_used":"Live"},"base_mana_regen_per_second":1000.0,"collected_data":{"fight_length":{"sum":330261.318,"count":1109,"mean":297.80100811541934,"min":240.169,"max":359.942},"waiting_time":{"sum":482.30000000000007,"count":1109,"mean":0.4348963029756538,"min":0.0,"max":12.1},"executed_foreground_actions":{"sum":257464.0,"count":1109,"mean":232.15870153291254,"min":189.0,"max":278.0},"dmg":{"sum":3986082965.262483,"count":1109,"mean":3594303.846043718,"min":2927000.580242903,"max":4294393.708484221},"compound_dmg":{"sum":4907152101.52605,"count":1109,"mean":4424844.095154238,"min":3715905.4326975034,"max":5189799.564593536},"timeline_dmg":{"mean":14626.222727914057,"mean_std_dev":11768.361557029355,"min":0.0,"max":127139.35655262037,