{"results":[["Trait","325","340","355","370","385"],["Laser Matrix",321,495,713,921,1177],["Archive of the Titans",272,413,573,781,1028],["Relational Normalization Gizmo",190,339,516,707,916],["Arcane Pummeling",70,194,362,554,747],["Synaptic Spark Capacitor",531,709,951,1240,1544],["Gutripper",78,170,402,577,774],["Sylvanas' Resolve / Anduin's Dedication",273,429,616,811,1094],["Swirling Sands",240,325,496,746,912],["Tradewinds",233,384,554,743,927],["Ricocheting Inflatable Pyrosaw",168,333,535,721,992],["Heed My Call",173,317,475,668,884],["Barrage Of Many Bombs",349,555,751,1004,1321],["Tidal Surge",276,436,617,833,1093],["Collective Will / Stand As One",55,208,367,516,761],["Combined Might / Stronger Together",51,174,326,478,670],["Battlefield Focus / Battlefield Precision",101,242,422,594,809],["Anomalous Impact",43,164,315,522,711],["Retaliatory Fury / Last Gift",143,276,453,646,811],["Galvanizing Spark",305,492,683,891,1201],["Glory in Battle / Liberator's Might",114,268,425,592,827],["Unstable Flames",120,207,364,561,747],["Blood Rite",66,204,361,513,745],["Meticulous Scheming",32,165,304,368,646],["Incite the Pack",224,367,540,691,925],["Brain Storm",136,298,424,653,892],["Explosive Echo",458,632,862,1104,1443],["Unstable Catalyst",280,455,620,860,1114],["Azerite Globules",122,245,352,613,848],["Arcane Pressure",394,555,781,985,1263],["Earthlink",87,234,400,567,821],["Rezan's Fury",180,399,587,797,1070],["Dagger in the Back",322,428,655,837,1087],["Secrets of the Deep",234,413,614,802,1069],["Blood Siphon",99,233,382,550,736],["Ruinous Bolt",146,321,465,685,911],["Thunderous Blast",344,516,726,969,1259],["Champion of Azeroth",271,399,579,787,1000],["Overwhelming Power",53,197,348,506,721],["Filthy Transfusion",209,380,587,783,1042],["Elemental Whirl",100,194,298,545,755],["Blightborne Infusion",311,460,612,827,1057]],"metas":{"build_date":"Aug 25 2018","build_time":"09:42:16","git_revision":"d4b8c45266","options":{"debug":false,"max_time":300.0,"expected_iteration_time":265.01300000000003,"vary_combat_length":0.2,"iterations":2327,"target_error":0.2,"threads":32,"seed":16811140604405671964,"single_actor_batch":false,"queue_lag":0.005,"queue_lag_stddev":0.001,"gcd_lag":0.15,"gcd_lag_stddev":0.037,"channel_lag":0.25,"channel_lag_stddev":0.062,"queue_gcd_reduction":0.1,"strict_gcd_queue":0,"confidence":0.95,"confidence_estimator":1.9599639854089754,"world_lag":0.1,"world_lag_stddev":0.01,"travel_variance":0.0,"default_skill":1.0,"reaction_time":0.5,"regen_periodicity":0.25,"ignite_sampling_delta":0.2,"fixed_time":true,"optimize_expressions":true,"optimal_raid":1,"log":0,"debug_each":0,"stat_cache":1,"max_aoe_enemies":20,"show_etmi":false,"tmi_window_global":0.0,"tmi_bin_size":0.5,"enemy_death_pct":0.0,"challenge_mode":false,"timewalk":-1,"pvp_crit":false,"rng":{"name":"sse2-sfmt"},"deterministic":0,"average_range":1,"average_gauss":0,"fight_style":"Patchwerk","default_aura_delay":0.03,"default_aura_delay_stddev":0.005,"dbc":{"Live":{"build_level":27404,"wow_version":"8.0.1"},"version_used":"Live"}},"overrides":{"arcane_intellect":1,"battle_shout":1,"power_word_fortitude":1,"chaos_brand":1,"mystic_touch":1,"mortal_wounds":1,"bleeding":1,"bloodlust":1,"bloodlust_percent":25,"bloodlust_time":0.5},"statistics":{"elapsed_cpu_seconds":20026.176268,"elapsed_time_seconds":21.292551,"init_time_seconds":2.8139672519999976,"merge_time_seconds":0.006787291000000001,"analyze_time_seconds":0.54620706,"simulation_length":{"sum":688981.8590000003,"count":2295,"mean":300.209960348584,"min":240.019,"max":359.906,"median":300.274,"variance":1219.3460109034388,"std_dev":34.919135311508484,"mean_variance":0.5313054513740474,"mean_std_dev":0.7289070251918603},"raid_dps":{"sum":30500144.306056246,"count":2295,"mean":13289.823227039758},"total_dmg":{"sum":9143863772.52763,"count":2295,"mean":3984254.367114436},"total_iterations":437100,"total_actors":206,"total_iterations_mean":2121.8446601941746,"total_iterations_variance":1738243.0291262134,"total_iterations_stddev":1318.4244495329315,"total_mean_dps_stddev":14.115844445607097,"total_mean_dps_variance":199.25706441257674},"player":{"name":"Template","race":"troll","level":120,"role":"spell","specialization":"Arcane Mage","profile_source":"default","talents":[{"tier":1,"id":22461,"spell_id":264354,"name":"Rule of Threes"},{"tier":3,"id":22447,"spell_id":116011,"name":"Rune of Power"},{"tier":4,"id":22467,"spell_id":205032,"name":"Charged Up"},{"tier":6,"id":22449,"spell_id":210725,"name":"Touch of the Magi"},{"tier":7,"id":21630,"spell_id":155147,"name":"Overpowered"}],"party":0,"ready_type":0,"bugs":true,"scale_player":true,"potion_used":false,"timeofday":"DAY_TIME","invert_scaling":0,"reaction_offset":0.1,"reaction_max":1.4000000000000001,"reaction_mean":0.3,"reaction_stddev":0.06,"reaction_nu":0.25,"world_lag":0.1,"brain_lag":0.0,"brain_lag_stddev":0.0,"world_lag_override":false,"world_lag_stddev_override":false,"dbc":{"Live":{"build_level":27404,"wow_version":"8.0.1"},"version_used":"Live"},"base_mana_regen_per_second":2000.0,"collected_data":{"fight_length":{"sum":688981.859,"count":2295,"mean":300.2099603485839,"min":240.019,"max":359.906},"executed_foreground_actions":{"sum":500493.0,"count":2295,"mean":218.0797385620915,"min":174.0,"max":262.0},"dmg":{"sum":9143863772.52763,"count":2295,"mean":3984254.367114436,"min":2802867.688389921,"max":5147914.738147696},"compound_dmg":{"sum":9143863772.52763,"count":2295,"mean":3984254.367114436,"min":2802867.688389921,"max":5147914.738147696},"timeline_dmg":{"mean":13371.858975166162,"mean_std_dev":10381.363939024146,"min":0.0,"max":87516.64934922129,