{"results":[["Trait","325","340","355","370","385"],["Laser Matrix",318,491,632,820,1056],["Archive of the Titans",163,299,422,594,751],["Relational Normalization Gizmo",260,400,513,676,852],["Synaptic Spark Capacitor",177,301,440,571,796],["Ricocheting Inflatable Pyrosaw",90,228,305,468,664],["Heed My Call",109,214,337,478,642],["Barrage Of Many Bombs",157,289,421,555,749],["Power of the Moon",34,126,264,405,537],["Streaking Stars",393,557,729,933,1160],["Thunderous Blast",361,525,679,879,1125],["Tidal Surge",249,377,531,666,911],["Collective Will / Stand As One",88,172,291,405,561],["Lively Spirit",171,322,453,664,867],["On My Way",76,184,294,425,571],["Combined Might / Stronger Together",21,115,245,377,542],["Sylvanas' Resolve / Anduin's Dedication",170,290,430,604,817],["High Noon",83,192,327,464,644],["Battlefield Focus / Battlefield Precision",263,391,546,707,936],["Gutripper",128,215,322,467,655],["Retaliatory Fury / Last Gift",97,212,321,450,597],["Unstable Flames",95,210,317,449,583],["Glory in Battle / Liberator's Might",205,324,461,588,765],["Blood Rite",237,328,443,615,750],["Swirling Sands",306,428,534,685,877],["Incite the Pack",193,304,407,534,727],["Sunblaze",108,208,335,479,621],["Unstable Catalyst",209,365,500,673,867],["Azerite Globules",68,145,296,423,586],["Tradewinds",186,323,431,567,764],["Meticulous Scheming",296,426,545,678,849],["Dawning Sun",146,244,361,513,703],["Earthlink",69,176,283,422,607],["Lifespeed",134,197,342,440,609],["Rezan's Fury",250,408,538,718,915],["Dagger in the Back",325,457,622,793,995],["Secrets of the Deep",184,311,461,595,800],["Blood Siphon",133,236,348,491,679],["Ruinous Bolt",128,270,411,537,729],["Lunar Shrapnel",18,82,194,314,451],["Filthy Transfusion",200,345,517,702,860],["Champion of Azeroth",337,453,615,767,933],["Overwhelming Power",118,196,320,484,631],["Blightborne Infusion",338,458,604,734,926],["Elemental Whirl",106,212,310,467,589]],"metas":{"build_date":"Aug 27 2018","build_time":"13:50:42","git_revision":"4aa7462e31","options":{"debug":false,"max_time":300.0,"expected_iteration_time":252.31900000000002,"vary_combat_length":0.2,"iterations":749,"target_error":0.2,"threads":32,"seed":7012470302962852296,"single_actor_batch":false,"queue_lag":0.005,"queue_lag_stddev":0.001,"gcd_lag":0.15,"gcd_lag_stddev":0.037,"channel_lag":0.25,"channel_lag_stddev":0.062,"queue_gcd_reduction":0.1,"strict_gcd_queue":0,"confidence":0.95,"confidence_estimator":1.9599639854089754,"world_lag":0.1,"world_lag_stddev":0.01,"travel_variance":0.0,"default_skill":1.0,"reaction_time":0.5,"regen_periodicity":0.25,"ignite_sampling_delta":0.2,"fixed_time":true,"optimize_expressions":true,"optimal_raid":1,"log":0,"debug_each":0,"stat_cache":1,"max_aoe_enemies":20,"show_etmi":false,"tmi_window_global":0.0,"tmi_bin_size":0.5,"enemy_death_pct":0.0,"challenge_mode":false,"timewalk":-1,"pvp_crit":false,"rng":{"name":"sse2-sfmt"},"deterministic":0,"average_range":1,"average_gauss":0,"fight_style":"Patchwerk","default_aura_delay":0.03,"default_aura_delay_stddev":0.005,"dbc":{"Live":{"build_level":27404,"wow_version":"8.0.1"},"version_used":"Live"}},"overrides":{"arcane_intellect":1,"battle_shout":1,"power_word_fortitude":1,"chaos_brand":1,"mystic_touch":1,"mortal_wounds":1,"bleeding":1,"bloodlust":1,"bloodlust_percent":25,"bloodlust_time":0.5},"statistics":{"elapsed_cpu_seconds":9635.169600999994,"elapsed_time_seconds":10.167940999999999,"init_time_seconds":2.6630118869999997,"merge_time_seconds":0.006045534000000002,"analyze_time_seconds":0.14447801899999999,"simulation_length":{"sum":215066.418,"count":717,"mean":299.9531631799163,"min":240.141,"max":359.995,"median":300.053,"variance":1240.0942235981984,"std_dev":35.21497158309514,"mean_variance":1.729559586608366,"mean_std_dev":1.315127213089428},"raid_dps":{"sum":9502314.058815049,"count":717,"mean":13252.878743117222},"total_dmg":{"sum":2845670146.6440167,"count":717,"mean":3968856.5504100653},"total_iterations":146255,"total_actors":221,"total_iterations_mean":661.7873303167421,"total_iterations_variance":385251.00452488684,"total_iterations_stddev":620.6859145533165,"total_mean_dps_stddev":13.965076758868097,"total_mean_dps_variance":195.0233688810779},"player":{"name":"Template","race":"troll","level":120,"role":"spell","specialization":"Balance Druid","profile_source":"default","talents":[{"tier":1,"id":22387,"spell_id":205636,"name":"Force of Nature"},{"tier":5,"id":21706,"spell_id":202345,"name":"Starlord"},{"tier":6,"id":22165,"spell_id":202347,"name":"Stellar Flare"},{"tier":7,"id":21648,"spell_id":202342,"name":"Shooting Stars"}],"party":0,"ready_type":0,"bugs":true,"scale_player":true,"potion_used":false,"timeofday":"DAY_TIME","invert_scaling":0,"reaction_offset":0.1,"reaction_max":1.4000000000000001,"reaction_mean":0.3,"reaction_stddev":0.06,"reaction_nu":0.25,"world_lag":0.1,"brain_lag":0.0,"brain_lag_stddev":0.0,"world_lag_override":false,"world_lag_stddev_override":false,"dbc":{"Live":{"build_level":27404,"wow_version":"8.0.1"},"version_used":"Live"},"base_mana_regen_per_second":640.0,"base_energy_regen_per_second":10.0,"collected_data":{"fight_length":{"sum":215066.41799999998,"count":717,"mean":299.95316317991626,"min":240.141,"max":359.995},"executed_foreground_actions":{"sum":191283.0,"count":717,"mean":266.78242677824267,"min":217.0,"max":319.0},"dmg":{"sum":2728663533.935667,"count":717,"mean":3805667.411346816,"min":2990493.2117352667,"max":4701485.136689617},"compound_dmg":{"sum":2845670146.6440167,"count":717,"mean":3968856.5504100653,"min":3127690.000523381,"max":4885650.195513302},"timeline_dmg":{"mean":13444.297966244796,"mean_std_dev":4450.361094085888,"min":3879.7890465735927,"max":39257.97322038016,