{"results":[["Trait","325","340","355","370","385"],["Laser Matrix",308,461,698,925,1243],["Archive of the Titans",277,451,652,859,1141],["Relational Normalization Gizmo",324,508,710,941,1169],["Synaptic Spark Capacitor",561,793,1042,1318,1670],["Gutripper",96,230,398,617,859],["Sylvanas' Resolve / Anduin's Dedication",317,468,667,960,1233],["Swirling Sands",311,505,699,927,1165],["Heed My Call",185,307,505,736,946],["Ricocheting Inflatable Pyrosaw",289,417,625,871,1173],["Barrage Of Many Bombs",450,667,881,1166,1491],["Tidal Surge",269,413,630,844,1135],["Collective Will / Stand As One",115,254,414,637,860],["Rolling Havoc",394,592,813,1082,1382],["Combined Might / Stronger Together",70,220,371,557,802],["Battlefield Focus / Battlefield Precision",24,172,317,497,764],["Retaliatory Fury / Last Gift",154,321,461,691,944],["Glory in Battle / Liberator's Might",228,385,606,796,1008],["Unstable Flames",105,270,467,631,857],["Blood Rite",246,426,584,793,995],["Crashing Chaos",253,396,615,815,1081],["Accelerant",255,353,520,731,986],["Ruinous Bolt",146,310,469,694,932],["Meticulous Scheming",280,436,630,836,1060],["Blood Siphon",206,383,548,735,981],["Earthlink",115,309,457,639,895],["Bursting Flare",285,447,646,870,1060],["Incite the Pack",274,460,623,839,1061],["Unstable Catalyst",316,517,746,993,1264],["Azerite Globules",195,360,541,750,1012],["Tradewinds",289,489,644,850,1099],["Rezan's Fury",231,432,625,867,1132],["Dagger in the Back",284,493,684,884,1190],["Secrets of the Deep",277,506,678,931,1211],["Thunderous Blast",326,486,717,971,1303],["Flashpoint",210,374,520,769,955],["Filthy Transfusion",200,417,603,827,1078],["Chaotic Inferno",157,298,501,704,944],["Blightborne Infusion",401,557,758,952,1229],["Champion of Azeroth",364,534,760,943,1174],["Elemental Whirl",128,273,452,634,893],["Overwhelming Power",138,336,488,688,934]],"metas":{"build_date":"Aug 25 2018","build_time":"09:42:16","git_revision":"d4b8c45266","options":{"debug":false,"max_time":300.0,"expected_iteration_time":253.09300000000002,"vary_combat_length":0.2,"iterations":1124,"target_error":0.2,"threads":32,"seed":7660670452931505566,"single_actor_batch":false,"queue_lag":0.005,"queue_lag_stddev":0.001,"gcd_lag":0.15,"gcd_lag_stddev":0.037,"channel_lag":0.25,"channel_lag_stddev":0.062,"queue_gcd_reduction":0.1,"strict_gcd_queue":0,"confidence":0.95,"confidence_estimator":1.9599639854089754,"world_lag":0.1,"world_lag_stddev":0.01,"travel_variance":0.0,"default_skill":1.0,"reaction_time":0.5,"regen_periodicity":0.25,"ignite_sampling_delta":0.2,"fixed_time":true,"optimize_expressions":true,"optimal_raid":1,"log":0,"debug_each":0,"stat_cache":1,"max_aoe_enemies":20,"show_etmi":false,"tmi_window_global":0.0,"tmi_bin_size":0.5,"enemy_death_pct":0.0,"challenge_mode":false,"timewalk":-1,"pvp_crit":false,"rng":{"name":"sse2-sfmt"},"deterministic":0,"average_range":1,"average_gauss":0,"fight_style":"Patchwerk","default_aura_delay":0.03,"default_aura_delay_stddev":0.005,"dbc":{"Live":{"build_level":27404,"wow_version":"8.0.1"},"version_used":"Live"}},"overrides":{"arcane_intellect":1,"battle_shout":1,"power_word_fortitude":1,"chaos_brand":1,"mystic_touch":1,"mortal_wounds":1,"bleeding":1,"bloodlust":1,"bloodlust_percent":25,"bloodlust_time":0.5},"statistics":{"elapsed_cpu_seconds":16852.684715999996,"elapsed_time_seconds":18.22985,"init_time_seconds":3.5367644490000028,"merge_time_seconds":0.007113594000000002,"analyze_time_seconds":0.22348217399999995,"simulation_length":{"sum":328117.89300000004,"count":1092,"mean":300.47426098901104,"min":240.43800000000002,"max":359.956,"median":302.017,"variance":1227.6354212441559,"std_dev":35.037628647557696,"mean_variance":1.124208261212597,"mean_std_dev":1.0602868768463547},"raid_dps":{"sum":16238288.955733955,"count":1092,"mean":14870.22798144135},"total_dmg":{"sum":4862873756.640722,"count":1092,"mean":4453181.095824838},"total_iterations":215857,"total_actors":206,"total_iterations_mean":1047.8495145631068,"total_iterations_variance":1126978.3349514564,"total_iterations_stddev":1061.5923581824882,"total_mean_dps_stddev":15.809709791046835,"total_mean_dps_variance":249.94692367712216},"player":{"name":"Template","race":"troll","level":120,"role":"spell","specialization":"Destruction Warlock","profile_source":"default","talents":[{"tier":1,"id":22038,"spell_id":267115,"name":"Flashover"},{"tier":2,"id":21695,"spell_id":266134,"name":"Internal Combustion"},{"tier":4,"id":23143,"spell_id":152108,"name":"Cataclysm"},{"tier":6,"id":23156,"spell_id":266086,"name":"Grimoire of Supremacy"},{"tier":7,"id":23092,"spell_id":113858,"name":"Dark Soul: Instability"}],"party":0,"ready_type":0,"bugs":true,"scale_player":true,"potion_used":false,"timeofday":"DAY_TIME","invert_scaling":0,"reaction_offset":0.1,"reaction_max":1.4000000000000001,"reaction_mean":0.3,"reaction_stddev":0.06,"reaction_nu":0.25,"world_lag":0.1,"brain_lag":0.0,"brain_lag_stddev":0.0,"world_lag_override":false,"world_lag_stddev_override":false,"dbc":{"Live":{"build_level":27404,"wow_version":"8.0.1"},"version_used":"Live"},"base_mana_regen_per_second":1000.0,"collected_data":{"fight_length":{"sum":328117.8929999999,"count":1092,"mean":300.47426098901093,"min":240.43800000000002,"max":359.956},"waiting_time":{"sum":509.90000000000003,"count":1092,"mean":0.46694139194139195,"min":0.0,"max":15.200000000000001},"executed_foreground_actions":{"sum":255561.0,"count":1092,"mean":234.03021978021977,"min":188.0,"max":277.0},"dmg":{"sum":3952237555.9819508,"count":1092,"mean":3619265.1611556327,"min":2905112.433882172,"max":4320499.892324338},"compound_dmg":{"sum":4862873756.640722,"count":1092,"mean":4453181.095824838,"min":3714545.6884162566,"max":5207472.720428144},"timeline_dmg":{"mean":14582.119938910724,"mean_std_dev":11846.412828118373,"min":0.0,"max":127536.45909532811,