{"results":[["Trait","325","340","355","370","385"],["Thunderous Blast",438,579,827,1078,1404],["Azerite Globules",168,341,500,720,973],["Tidal Surge",280,460,653,860,1142],["Dagger in the Back",482,680,905,1117,1450],["Unstable Flames",183,291,458,628,845],["Secrets of the Deep",297,475,647,896,1106],["Gutripper",112,271,417,667,875],["Blood Rite",311,526,713,935,1123],["Heed My Call",182,312,537,731,933],["Filthy Transfusion",290,458,647,882,1089],["Relational Normalization Gizmo",389,550,747,982,1241],["Synaptic Spark Capacitor",465,635,856,1105,1417],["Sylvanas' Resolve / Anduin's Dedication",333,428,622,886,1160],["Swirling Sands",445,634,765,997,1254],["Meticulous Scheming",447,595,740,1020,1196],["Ricocheting Inflatable Pyrosaw",253,390,583,767,1055],["Laser Matrix",387,594,794,1006,1308],["Tradewinds",529,733,903,1119,1359],["Collective Will / Stand As One",112,253,449,617,838],["Barrage Of Many Bombs",392,580,781,1039,1296],["Inevitable Demise",304,521,707,1015,1323],["Cascading Calamity",284,459,683,823,1061],["Combined Might / Stronger Together",88,259,367,562,794],["Wracking Brilliance",480,722,964,1247,1499],["Incite the Pack",498,674,877,1088,1343],["Battlefield Focus / Battlefield Precision",53,207,346,504,716],["Dreadful Calling",-67,77,280,453,745],["Retaliatory Fury / Last Gift",259,427,603,811,1061],["Glory in Battle / Liberator's Might",274,417,638,851,1041],["Ruinous Bolt",206,332,558,730,930],["Unstable Catalyst",356,513,717,967,1248],["Champion of Azeroth",518,722,912,1138,1345],["Blood Siphon",315,567,732,966,1154],["Overwhelming Power",278,389,566,800,994],["Blightborne Infusion",473,642,840,1038,1265],["Earthlink",157,281,458,636,855],["Rezan's Fury",291,502,733,924,1237],["Deathbloom",31,112,275,479,650],["Sudden Onset",129,309,470,688,884],["Elemental Whirl",154,339,502,653,923]],"metas":{"build_date":"Aug 18 2018","build_time":"08:59:09","git_revision":"7948886e6d","options":{"debug":false,"max_time":300.0,"expected_iteration_time":344.15500000000003,"vary_combat_length":0.2,"iterations":898,"target_error":0.2,"threads":32,"seed":1955713147827355592,"single_actor_batch":false,"queue_lag":0.005,"queue_lag_stddev":0.001,"gcd_lag":0.15,"gcd_lag_stddev":0.037,"channel_lag":0.25,"channel_lag_stddev":0.062,"queue_gcd_reduction":0.1,"strict_gcd_queue":0,"confidence":0.95,"confidence_estimator":1.9599639854089754,"world_lag":0.1,"world_lag_stddev":0.01,"travel_variance":0.0,"default_skill":1.0,"reaction_time":0.5,"regen_periodicity":0.25,"ignite_sampling_delta":0.2,"fixed_time":true,"optimize_expressions":true,"optimal_raid":1,"log":0,"debug_each":0,"stat_cache":1,"max_aoe_enemies":20,"show_etmi":false,"tmi_window_global":0.0,"tmi_bin_size":0.5,"enemy_death_pct":0.0,"challenge_mode":false,"timewalk":-1,"pvp_crit":false,"rng":{"name":"sse2-sfmt"},"deterministic":0,"average_range":1,"average_gauss":0,"fight_style":"Patchwerk","default_aura_delay":0.03,"default_aura_delay_stddev":0.005,"dbc":{"bfa-BETA":{"build_level":26095,"wow_version":"8.0.1"},"version_used":"bfa-BETA"}},"overrides":{"arcane_intellect":1,"battle_shout":1,"power_word_fortitude":1,"chaos_brand":1,"mystic_touch":1,"mortal_wounds":1,"bleeding":1,"bloodlust":1,"bloodlust_percent":25,"bloodlust_time":0.5},"statistics":{"elapsed_cpu_seconds":17603.366617000007,"elapsed_time_seconds":18.872262999999997,"init_time_seconds":2.997619087000001,"merge_time_seconds":0.006589842,"analyze_time_seconds":0.16890120600000003,"simulation_length":{"sum":261077.349,"count":866,"mean":301.4749988452656,"min":240.21,"max":359.774,"median":302.719,"variance":1166.6189545323314,"std_dev":34.15580411192703,"mean_variance":1.3471350514230154,"mean_std_dev":1.1606614714993408},"raid_dps":{"sum":15769667.228634385,"count":866,"mean":18209.777400270654},"total_dmg":{"sum":4741579848.195752,"count":866,"mean":5475265.413620961},"total_iterations":170519,"total_actors":201,"total_iterations_mean":848.3532338308457,"total_iterations_variance":593271.9203980099,"total_iterations_stddev":770.2414688901201,"total_mean_dps_stddev":19.251132334299214,"total_mean_dps_variance":370.60609615270073},"player":{"name":"Template","race":"troll","level":120,"role":"spell","specialization":"Affliction Warlock","profile_source":"default","talents":[{"tier":1,"id":23141,"spell_id":264106,"name":"Deathbolt"},{"tier":2,"id":22089,"spell_id":63106,"name":"Siphon Life"},{"tier":4,"id":19292,"spell_id":205179,"name":"Phantom Singularity"},{"tier":6,"id":23159,"spell_id":48181,"name":"Haunt"},{"tier":7,"id":19293,"spell_id":113860,"name":"Dark Soul: Misery"}],"party":0,"ready_type":0,"bugs":true,"scale_player":true,"potion_used":false,"timeofday":"DAY_TIME","invert_scaling":0,"reaction_offset":0.1,"reaction_max":1.4000000000000001,"reaction_mean":0.3,"reaction_stddev":0.06,"reaction_nu":0.25,"world_lag":0.1,"brain_lag":0.0,"brain_lag_stddev":0.0,"world_lag_override":false,"world_lag_stddev_override":false,"dbc":{"bfa-BETA":{"build_level":26095,"wow_version":"8.0.1"},"version_used":"bfa-BETA"},"base_mana_regen_per_second":1000.0,"collected_data":{"fight_length":{"sum":261077.34900000002,"count":866,"mean":301.4749988452656,"min":240.21,"max":359.774},"executed_foreground_actions":{"sum":221300.0,"count":866,"mean":255.54272517321016,"min":205.0,"max":301.0},"dmg":{"sum":4000798460.349436,"count":866,"mean":4619859.653983182,"min":3675961.195728087,"max":5499029.849391976},"compound_dmg":{"sum":4741579848.195753,"count":866,"mean":5475265.413620962,"min":4442685.127068793,"max":6472547.402299506},"timeline_dmg":{"mean":18018.14065106295,"mean_std_dev":12690.986177877738,"min":0.0,"max":148563.50458209266,