{"results":[["Trait","325","340","355","370","385"],["Thunderous Blast",294,468,623,839,1070],["Night's Vengeance",180,276,425,577,798],["Azerite Globules",59,145,312,449,618],["Tidal Surge",278,407,598,753,978],["Dagger in the Back",321,460,625,857,1056],["Unstable Flames",50,167,306,433,619],["Secrets of the Deep",213,351,501,683,895],["Gutripper",91,204,327,495,656],["Blood Rite",152,270,375,539,706],["Heed My Call",85,212,347,491,680],["Filthy Transfusion",182,327,490,637,849],["Relational Normalization Gizmo",234,332,486,659,846],["Synaptic Spark Capacitor",185,315,458,656,852],["Sylvanas' Resolve / Anduin's Dedication",229,336,506,668,870],["Swirling Sands",209,339,464,624,830],["Meticulous Scheming",125,268,362,539,710],["Ricocheting Inflatable Pyrosaw",68,201,312,502,652],["Laser Matrix",276,437,604,782,993],["Tradewinds",176,306,427,569,755],["Collective Will / Stand As One",48,169,297,439,614],["Barrage Of Many Bombs",131,257,410,553,746],["Sharpened Blades",-17,93,228,351,509],["Blade In The Shadows",395,574,750,975,1244],["Overwhelming Power",64,157,300,423,585],["Blightborne Infusion",243,354,498,650,852],["Perforate",111,235,363,534,713],["Champion of Azeroth",251,366,541,697,866],["Incite the Pack",157,285,430,563,728],["The First Dance",151,272,397,552,714],["Inevitability",335,461,636,818,1020],["Combined Might / Stronger Together",32,135,262,423,557],["Battlefield Focus / Battlefield Precision",20,132,229,377,549],["Glory in Battle / Liberator's Might",139,263,393,551,711],["Ruinous Bolt",156,293,440,598,785],["Unstable Catalyst",234,383,525,702,916],["Blood Siphon",71,166,274,442,611],["Earthlink",87,193,314,490,659],["Retaliatory Fury / Last Gift",101,208,312,466,629],["Rezan's Fury",247,370,518,679,915],["Elemental Whirl",69,198,302,438,589]],"metas":{"build_date":"Aug 18 2018","build_time":"08:59:09","git_revision":"7948886e6d","options":{"debug":false,"max_time":300.0,"expected_iteration_time":279.20300000000003,"vary_combat_length":0.2,"iterations":1296,"target_error":0.2,"threads":32,"seed":16414547505257900418,"single_actor_batch":false,"queue_lag":0.005,"queue_lag_stddev":0.001,"gcd_lag":0.15,"gcd_lag_stddev":0.037,"channel_lag":0.25,"channel_lag_stddev":0.062,"queue_gcd_reduction":0.1,"strict_gcd_queue":0,"confidence":0.95,"confidence_estimator":1.9599639854089754,"world_lag":0.1,"world_lag_stddev":0.01,"travel_variance":0.0,"default_skill":1.0,"reaction_time":0.5,"regen_periodicity":0.25,"ignite_sampling_delta":0.2,"fixed_time":true,"optimize_expressions":true,"optimal_raid":1,"log":0,"debug_each":0,"stat_cache":1,"max_aoe_enemies":20,"show_etmi":false,"tmi_window_global":0.0,"tmi_bin_size":0.5,"enemy_death_pct":0.0,"challenge_mode":false,"timewalk":-1,"pvp_crit":false,"rng":{"name":"sse2-sfmt"},"deterministic":0,"average_range":1,"average_gauss":0,"fight_style":"Patchwerk","default_aura_delay":0.03,"default_aura_delay_stddev":0.005,"dbc":{"bfa-BETA":{"build_level":26095,"wow_version":"8.0.1"},"version_used":"bfa-BETA"}},"overrides":{"arcane_intellect":1,"battle_shout":1,"power_word_fortitude":1,"chaos_brand":1,"mystic_touch":1,"mortal_wounds":1,"bleeding":1,"bloodlust":1,"bloodlust_percent":25,"bloodlust_time":0.5},"statistics":{"elapsed_cpu_seconds":13702.390629,"elapsed_time_seconds":14.722366000000001,"init_time_seconds":2.7309824660000004,"merge_time_seconds":0.005194042,"analyze_time_seconds":0.21434958900000006,"simulation_length":{"sum":377979.684,"count":1264,"mean":299.0345601265823,"min":240.24200000000002,"max":359.961,"median":297.92,"variance":1189.5354638634733,"std_dev":34.48964284917246,"mean_variance":0.9410881834362922,"mean_std_dev":0.9700969969215925},"raid_dps":{"sum":13399635.790799215,"count":1264,"mean":10600.977682594315},"total_dmg":{"sum":3999181068.2912498,"count":1264,"mean":3163909.0730152293},"total_iterations":230523,"total_actors":201,"total_iterations_mean":1146.8805970149253,"total_iterations_variance":696585.1343283579,"total_iterations_stddev":834.6167589548858,"total_mean_dps_stddev":11.266021649501683,"total_mean_dps_variance":126.92324380704062},"player":{"name":"Template","race":"blood_elf","level":120,"role":"attack","specialization":"Subtlety Rogue","profile_source":"default","talents":[{"tier":1,"id":19234,"spell_id":91023,"name":"Find Weakness"},{"tier":2,"id":22333,"spell_id":108209,"name":"Shadow Focus"},{"tier":3,"id":19241,"spell_id":137619,"name":"Marked for Death"},{"tier":6,"id":22336,"spell_id":238104,"name":"Enveloping Shadows"},{"tier":7,"id":22132,"spell_id":196976,"name":"Master of Shadows"}],"party":0,"ready_type":1,"bugs":true,"scale_player":true,"potion_used":false,"timeofday":"DAY_TIME","invert_scaling":0,"reaction_offset":0.1,"reaction_max":1.4000000000000001,"reaction_mean":0.3,"reaction_stddev":0.06,"reaction_nu":0.25,"world_lag":0.1,"brain_lag":0.0,"brain_lag_stddev":0.0,"world_lag_override":false,"world_lag_stddev_override":false,"dbc":{"bfa-BETA":{"build_level":26095,"wow_version":"8.0.1"},"version_used":"bfa-BETA"},"base_energy_regen_per_second":10.0,"collected_data":{"fight_length":{"sum":377979.68399999995,"count":1264,"mean":299.0345601265822,"min":240.24200000000002,"max":359.961},"waiting_time":{"sum":80055.35800000002,"count":1264,"mean":63.334935126582295,"min":45.271,"max":80.233},"executed_foreground_actions":{"sum":333363.0,"count":1264,"mean":263.7365506329114,"min":214.0,"max":319.0},"dmg":{"sum":3999181068.2912498,"count":1264,"mean":3163909.0730152293,"min":2405697.0243163635,"max":3927629.8781692805},"compound_dmg":{"sum":3999181068.2912498,"count":1264,"mean":3163909.0730152293,"min":2405697.0243163635,"max":3927629.8781692805},"timeline_dmg":{"mean":10662.89121986771,"mean_std_dev":4664.215040833081,"min":1960.463434238877,"max":30894.42603645667,