{"results":[["Trait","325","340","355","370","385"],["Thunderous Blast",316,537,720,977,1215],["Azerite Globules",138,298,405,644,833],["Tidal Surge",309,409,658,829,1059],["Secrets of the Deep",263,433,616,838,1100],["Gutripper",113,247,428,592,828],["Unstable Flames",145,332,429,583,834],["Blood Rite",208,359,521,711,893],["Heed My Call",158,327,464,679,924],["Relational Normalization Gizmo",285,452,621,844,1066],["Arcane Pummeling",100,220,347,542,755],["Synaptic Spark Capacitor",521,733,939,1230,1547],["Sylvanas' Resolve / Anduin's Dedication",258,446,638,852,1075],["Swirling Sands",339,504,679,903,1078],["Meticulous Scheming",76,225,336,555,748],["Ricocheting Inflatable Pyrosaw",164,361,552,731,1001],["Laser Matrix",319,488,708,953,1194],["Tradewinds",213,343,573,741,1034],["Collective Will / Stand As One",80,221,392,563,783],["Barrage Of Many Bombs",366,557,744,999,1291],["Incite the Pack",189,371,611,683,986],["Brain Storm",144,288,476,647,912],["Arcane Pressure",365,556,714,996,1286],["Glory in Battle / Liberator's Might",231,369,521,749,943],["Explosive Echo",563,732,963,1207,1499],["Ruinous Bolt",173,288,474,691,914],["Dagger in the Back",340,489,723,997,1222],["Galvanizing Spark",314,500,684,907,1185],["Filthy Transfusion",198,412,582,762,1003],["Combined Might / Stronger Together",70,183,337,536,734],["Battlefield Focus / Battlefield Precision",55,148,325,458,704],["Anomalous Impact",67,187,376,557,706],["Retaliatory Fury / Last Gift",179,275,421,677,802],["Unstable Catalyst",278,486,664,885,1160],["Blood Siphon",61,246,413,542,758],["Overwhelming Power",163,310,455,632,785],["Champion of Azeroth",348,526,723,913,1139],["Blightborne Infusion",454,607,772,981,1240],["Earthlink",121,251,413,611,829],["Rezan's Fury",242,390,623,808,1073],["Elemental Whirl",118,265,422,570,809]],"metas":{"build_date":"Aug 18 2018","build_time":"19:28:46","git_revision":"4b57bdcdae","options":{"debug":false,"max_time":300.0,"expected_iteration_time":330.57800000000003,"vary_combat_length":0.2,"iterations":1602,"target_error":0.2,"threads":32,"seed":6289799564907720513,"single_actor_batch":false,"queue_lag":0.005,"queue_lag_stddev":0.001,"gcd_lag":0.15,"gcd_lag_stddev":0.037,"channel_lag":0.25,"channel_lag_stddev":0.062,"queue_gcd_reduction":0.1,"strict_gcd_queue":0,"confidence":0.95,"confidence_estimator":1.9599639854089754,"world_lag":0.1,"world_lag_stddev":0.01,"travel_variance":0.0,"default_skill":1.0,"reaction_time":0.5,"regen_periodicity":0.25,"ignite_sampling_delta":0.2,"fixed_time":true,"optimize_expressions":true,"optimal_raid":1,"log":0,"debug_each":0,"stat_cache":1,"max_aoe_enemies":20,"show_etmi":false,"tmi_window_global":0.0,"tmi_bin_size":0.5,"enemy_death_pct":0.0,"challenge_mode":false,"timewalk":-1,"pvp_crit":false,"rng":{"name":"sse2-sfmt"},"deterministic":0,"average_range":1,"average_gauss":0,"fight_style":"Patchwerk","default_aura_delay":0.03,"default_aura_delay_stddev":0.005,"dbc":{"bfa-BETA":{"build_level":26095,"wow_version":"8.0.1"},"version_used":"bfa-BETA"}},"overrides":{"arcane_intellect":1,"battle_shout":1,"power_word_fortitude":1,"chaos_brand":1,"mystic_touch":1,"mortal_wounds":1,"bleeding":1,"bloodlust":1,"bloodlust_percent":25,"bloodlust_time":0.5},"statistics":{"elapsed_cpu_seconds":15338.102711000005,"elapsed_time_seconds":16.472911000000003,"init_time_seconds":2.6128388510000007,"merge_time_seconds":0.006854076000000002,"analyze_time_seconds":0.3997152520000001,"simulation_length":{"sum":471115.50599999994,"count":1570,"mean":300.0735707006369,"min":240.13400000000001,"max":359.981,"median":298.318,"variance":1224.4618100169762,"std_dev":34.99231072702939,"mean_variance":0.7799119809025326,"mean_std_dev":0.8831262542255963},"raid_dps":{"sum":27922233.179747213,"count":1570,"mean":17784.86189792816},"total_dmg":{"sum":8369590864.812916,"count":1570,"mean":5330949.595422239},"total_iterations":304727,"total_actors":201,"total_iterations_mean":1516.0547263681592,"total_iterations_variance":1775980.3980099503,"total_iterations_stddev":1332.6591454719207,"total_mean_dps_stddev":18.738338265099692,"total_mean_dps_variance":351.12532093729936},"player":{"name":"Template","race":"troll","level":120,"role":"spell","specialization":"Arcane Mage","profile_source":"default","talents":[{"tier":1,"id":22461,"spell_id":264354,"name":"Rule of Threes"},{"tier":3,"id":22447,"spell_id":116011,"name":"Rune of Power"},{"tier":4,"id":22467,"spell_id":205032,"name":"Charged Up"},{"tier":6,"id":22449,"spell_id":210725,"name":"Touch of the Magi"},{"tier":7,"id":21630,"spell_id":155147,"name":"Overpowered"}],"party":0,"ready_type":0,"bugs":true,"scale_player":true,"potion_used":false,"timeofday":"DAY_TIME","invert_scaling":0,"reaction_offset":0.1,"reaction_max":1.4000000000000001,"reaction_mean":0.3,"reaction_stddev":0.06,"reaction_nu":0.25,"world_lag":0.1,"brain_lag":0.0,"brain_lag_stddev":0.0,"world_lag_override":false,"world_lag_stddev_override":false,"dbc":{"bfa-BETA":{"build_level":26095,"wow_version":"8.0.1"},"version_used":"bfa-BETA"},"base_mana_regen_per_second":2000.0,"collected_data":{"fight_length":{"sum":471115.5060000001,"count":1570,"mean":300.073570700637,"min":240.13400000000001,"max":359.981},"executed_foreground_actions":{"sum":338086.0,"count":1570,"mean":215.34140127388534,"min":172.0,"max":258.0},"dmg":{"sum":8369590864.812916,"count":1570,"mean":5330949.595422239,"min":3971395.5893877065,"max":6796174.425955617},"compound_dmg":{"sum":8369590864.812916,"count":1570,"mean":5330949.595422239,"min":3971395.5893877065,"max":6796174.425955617},"timeline_dmg":{"mean":17945.191031343682,"mean_std_dev":11913.627417648568,"min":0.0,"max":98958.6114029747,