{"results":[["Trait","325","340","355","370","385"],["Thunderous Blast",374,525,712,926,1185],["Azerite Globules",144,271,450,604,848],["Packed Ice",157,254,420,627,821],["Tidal Surge",250,449,603,825,1045],["Dagger in the Back",366,513,759,968,1246],["Unstable Flames",105,233,366,553,736],["Secrets of the Deep",267,415,598,817,1028],["Gutripper",94,227,361,554,748],["Blood Rite",177,320,447,620,831],["Tunnel of Ice",162,298,475,613,870],["Filthy Transfusion",213,370,553,742,982],["Relational Normalization Gizmo",228,385,569,746,984],["Synaptic Spark Capacitor",419,557,785,1044,1293],["Sylvanas' Resolve / Anduin's Dedication",254,418,601,782,1028],["Swirling Sands",301,450,591,764,977],["Meticulous Scheming",178,322,485,651,857],["Ricocheting Inflatable Pyrosaw",189,338,514,677,934],["Laser Matrix",306,462,672,884,1147],["Tradewinds",181,302,488,622,836],["Heed My Call",183,285,426,616,839],["Collective Will / Stand As One",73,238,368,533,723],["Barrage Of Many Bombs",327,473,674,909,1122],["Frigid Grasp",119,285,422,572,811],["Retaliatory Fury / Last Gift",102,244,349,531,727],["Earthlink",110,244,394,572,748],["Winter's Reach",80,229,375,604,797],["Whiteout",277,403,570,777,978],["Incite the Pack",173,301,458,627,821],["Combined Might / Stronger Together",46,157,310,441,658],["Battlefield Focus / Battlefield Precision",33,146,308,461,628],["Glory in Battle / Liberator's Might",168,269,430,601,757],["Ruinous Bolt",139,310,448,662,859],["Unstable Catalyst",262,461,657,828,1079],["Blood Siphon",82,198,354,489,655],["Overwhelming Power",-4,153,272,429,620],["Champion of Azeroth",304,429,609,792,1001],["Blightborne Infusion",332,467,647,826,992],["Elemental Whirl",89,196,345,533,693],["Glacial Assault",123,248,441,572,777],["Rezan's Fury",274,408,616,800,1047]],"metas":{"build_date":"Aug 18 2018","build_time":"19:28:46","git_revision":"4b57bdcdae","options":{"debug":false,"max_time":300.0,"expected_iteration_time":246.84300000000002,"vary_combat_length":0.2,"iterations":737,"target_error":0.2,"threads":32,"seed":2217162556438150278,"single_actor_batch":false,"queue_lag":0.005,"queue_lag_stddev":0.001,"gcd_lag":0.15,"gcd_lag_stddev":0.037,"channel_lag":0.25,"channel_lag_stddev":0.062,"queue_gcd_reduction":0.1,"strict_gcd_queue":0,"confidence":0.95,"confidence_estimator":1.9599639854089754,"world_lag":0.1,"world_lag_stddev":0.01,"travel_variance":0.0,"default_skill":1.0,"reaction_time":0.5,"regen_periodicity":0.25,"ignite_sampling_delta":0.2,"fixed_time":true,"optimize_expressions":true,"optimal_raid":1,"log":0,"debug_each":0,"stat_cache":1,"max_aoe_enemies":20,"show_etmi":false,"tmi_window_global":0.0,"tmi_bin_size":0.5,"enemy_death_pct":0.0,"challenge_mode":false,"timewalk":-1,"pvp_crit":false,"rng":{"name":"sse2-sfmt"},"deterministic":0,"average_range":1,"average_gauss":0,"fight_style":"Patchwerk","default_aura_delay":0.03,"default_aura_delay_stddev":0.005,"dbc":{"bfa-BETA":{"build_level":26095,"wow_version":"8.0.1"},"version_used":"bfa-BETA"}},"overrides":{"arcane_intellect":1,"battle_shout":1,"power_word_fortitude":1,"chaos_brand":1,"mystic_touch":1,"mortal_wounds":1,"bleeding":1,"bloodlust":1,"bloodlust_percent":25,"bloodlust_time":0.5},"statistics":{"elapsed_cpu_seconds":9579.162660000002,"elapsed_time_seconds":10.29188,"init_time_seconds":2.691618167,"merge_time_seconds":0.0060316729999999995,"analyze_time_seconds":0.15803969199999998,"simulation_length":{"sum":211166.207,"count":705,"mean":299.52653475177306,"min":240.005,"max":359.913,"median":298.3,"variance":1114.1863371764518,"std_dev":33.379429850979356,"mean_variance":1.580406152023336,"mean_std_dev":1.257142057216819},"raid_dps":{"sum":9081200.139734568,"count":705,"mean":12881.13494997811},"total_dmg":{"sum":2716605928.7417917,"count":705,"mean":3853341.7428961582},"total_iterations":145371,"total_actors":201,"total_iterations_mean":723.2388059701492,"total_iterations_variance":402118.5373134328,"total_iterations_stddev":634.1281710454384,"total_mean_dps_stddev":13.66141562996922,"total_mean_dps_variance":186.6342770147673},"player":{"name":"Template","race":"pandaren","level":120,"role":"spell","specialization":"Frost Mage","profile_source":"default","talents":[{"tier":1,"id":22457,"spell_id":205027,"name":"Bone Chilling"},{"tier":3,"id":22444,"spell_id":1463,"name":"Incanter's Flow"},{"tier":4,"id":22469,"spell_id":257537,"name":"Ebonbolt"},{"tier":6,"id":22473,"spell_id":153595,"name":"Comet Storm"},{"tier":7,"id":21634,"spell_id":199786,"name":"Glacial Spike"}],"party":0,"ready_type":0,"bugs":true,"scale_player":true,"potion_used":false,"timeofday":"DAY_TIME","invert_scaling":0,"reaction_offset":0.1,"reaction_max":1.4000000000000001,"reaction_mean":0.3,"reaction_stddev":0.06,"reaction_nu":0.25,"world_lag":0.1,"brain_lag":0.0,"brain_lag_stddev":0.0,"world_lag_override":false,"world_lag_stddev_override":false,"dbc":{"bfa-BETA":{"build_level":26095,"wow_version":"8.0.1"},"version_used":"bfa-BETA"},"base_mana_regen_per_second":2000.0,"collected_data":{"fight_length":{"sum":211166.207,"count":705,"mean":299.52653475177306,"min":240.005,"max":359.913},"executed_foreground_actions":{"sum":139514.0,"count":705,"mean":197.89219858156028,"min":160.0,"max":235.0},"dmg":{"sum":2550141054.903069,"count":705,"mean":3617221.3544724383,"min":2769776.482206154,"max":4455597.911188239},"compound_dmg":{"sum":2716605928.7417917,"count":705,"mean":3853341.7428961582,"min":2969288.660909487,"max":4734260.9774366245},"timeline_dmg":{"mean":13084.726270905641,"mean_std_dev":5013.047604452618,"min":2861.5792997647077,"max":59924.76462593376,