{"results":[["Trait","325","340","355","370","385"],["Laser Matrix",271,418,605,844,1083],["Archive of the Titans",145,327,492,662,909],["Relational Normalization Gizmo",241,392,552,756,994],["Synaptic Spark Capacitor",17,158,299,484,677],["Swirling Sands",255,423,576,754,995],["Heed My Call",126,284,444,600,849],["Ricocheting Inflatable Pyrosaw",115,235,422,607,810],["Barrage Of Many Bombs",176,334,531,695,931],["Meridian Strikes",363,511,686,907,1166],["Tidal Surge",308,440,662,853,1125],["Collective Will / Stand As One",120,218,388,553,798],["Swift Roundhouse",458,662,878,1150,1468],["On My Way",102,262,380,575,776],["Combined Might / Stronger Together",51,180,346,518,713],["Pressure Point",227,383,564,765,984],["Sunrise Technique",221,369,567,779,1015],["Sylvanas' Resolve / Anduin's Dedication",195,360,509,715,935],["Battlefield Focus / Battlefield Precision",260,408,628,823,1104],["Gutripper",141,263,423,624,811],["Retaliatory Fury / Last Gift",144,261,404,575,793],["Glory in Battle / Liberator's Might",186,317,475,673,841],["Blood Rite",185,327,466,640,868],["Unstable Flames",99,249,397,557,789],["Blightborne Infusion",289,417,586,808,1015],["Meticulous Scheming",177,320,450,644,832],["Incite the Pack",222,361,528,733,921],["Open Palm Strikes",190,395,526,746,1001],["Unstable Catalyst",218,388,540,755,981],["Azerite Globules",100,214,376,565,768],["Tradewinds",203,356,520,720,931],["Earthlink",76,199,388,561,745],["Secrets of the Deep",174,347,517,723,932],["Dagger in the Back",309,509,682,894,1189],["Blood Siphon",188,311,470,637,867],["Filthy Transfusion",247,382,593,798,1056],["Ruinous Bolt",201,325,506,671,888],["Elemental Whirl",123,240,382,588,775],["Thunderous Blast",372,540,764,996,1270],["Champion of Azeroth",296,463,623,827,1044],["Overwhelming Power",149,256,410,564,789],["Iron Fists",6,146,282,435,647],["Rezan's Fury",281,421,624,846,1076],["Lifespeed",89,201,365,507,740]],"metas":{"build_date":"Aug 28 2018","build_time":"05:59:50","git_revision":"6deede5a59","options":{"debug":false,"max_time":300.0,"expected_iteration_time":281.03000000000003,"vary_combat_length":0.2,"iterations":699,"target_error":0.2,"threads":32,"seed":14573522647224546791,"single_actor_batch":false,"queue_lag":0.005,"queue_lag_stddev":0.001,"gcd_lag":0.15,"gcd_lag_stddev":0.037,"channel_lag":0.25,"channel_lag_stddev":0.062,"queue_gcd_reduction":0.1,"strict_gcd_queue":0,"confidence":0.95,"confidence_estimator":1.9599639854089754,"world_lag":0.1,"world_lag_stddev":0.01,"travel_variance":0.0,"default_skill":1.0,"reaction_time":0.5,"regen_periodicity":0.25,"ignite_sampling_delta":0.2,"fixed_time":true,"optimize_expressions":true,"optimal_raid":1,"log":0,"debug_each":0,"stat_cache":1,"max_aoe_enemies":20,"show_etmi":false,"tmi_window_global":0.0,"tmi_bin_size":0.5,"enemy_death_pct":0.0,"challenge_mode":false,"timewalk":-1,"pvp_crit":false,"rng":{"name":"sse2-sfmt"},"deterministic":0,"average_range":1,"average_gauss":0,"fight_style":"Patchwerk","default_aura_delay":0.03,"default_aura_delay_stddev":0.005,"dbc":{"Live":{"build_level":27404,"wow_version":"8.0.1"},"version_used":"Live"}},"overrides":{"arcane_intellect":1,"battle_shout":1,"power_word_fortitude":1,"chaos_brand":1,"mystic_touch":1,"mortal_wounds":1,"bleeding":1,"bloodlust":1,"bloodlust_percent":25,"bloodlust_time":0.5},"statistics":{"elapsed_cpu_seconds":13897.799373999998,"elapsed_time_seconds":15.434061,"init_time_seconds":4.7698255540000005,"merge_time_seconds":0.008861510000000001,"analyze_time_seconds":0.17874247499999996,"simulation_length":{"sum":200010.96899999995,"count":667,"mean":299.86652023988,"min":240.229,"max":359.84000000000003,"median":301.482,"variance":1227.9364159347476,"std_dev":35.04192369055597,"mean_variance":1.8409841318362032,"mean_std_dev":1.3568287039402591},"raid_dps":{"sum":9737366.812403938,"count":667,"mean":14598.750843184314},"total_dmg":{"sum":2915675890.85599,"count":667,"mean":4371328.172197886},"total_iterations":145943,"total_actors":216,"total_iterations_mean":675.6620370370371,"total_iterations_variance":4616538.328703706,"total_iterations_stddev":2148.6131175024752,"total_mean_dps_stddev":15.427084889600378,"total_mean_dps_variance":237.9949481909363},"player":{"name":"Template","race":"pandaren","level":120,"role":"dps","specialization":"Windwalker Monk","profile_source":"default","talents":[{"tier":1,"id":19820,"spell_id":115098,"name":"Chi Wave"},{"tier":3,"id":19771,"spell_id":261947,"name":"Fist of the White Tiger"},{"tier":4,"id":23364,"spell_id":280195,"name":"Good Karma"},{"tier":6,"id":22102,"spell_id":123904,"name":"Invoke Xuen, the White Tiger"},{"tier":7,"id":21191,"spell_id":152173,"name":"Serenity"}],"party":0,"ready_type":0,"bugs":true,"scale_player":true,"potion_used":false,"timeofday":"DAY_TIME","invert_scaling":0,"reaction_offset":0.1,"reaction_max":1.4000000000000001,"reaction_mean":0.3,"reaction_stddev":0.06,"reaction_nu":0.25,"world_lag":0.1,"brain_lag":0.0,"brain_lag_stddev":0.0,"world_lag_override":false,"world_lag_stddev_override":false,"dbc":{"Live":{"build_level":27404,"wow_version":"8.0.1"},"version_used":"Live"},"base_energy_regen_per_second":10.0,"collected_data":{"fight_length":{"sum":200010.96899999995,"count":667,"mean":299.86652023988,"min":240.229,"max":359.84000000000003},"waiting_time":{"sum":19196.000000000004,"count":667,"mean":28.779610194902553,"min":17.5,"max":44.300000000000004},"executed_foreground_actions":{"sum":152261.0,"count":667,"mean":228.27736131934034,"min":179.0,"max":277.0},"dmg":{"sum":2738764191.8265815,"count":667,"mean":4106093.2411193126,"min":3200998.7346121604,"max":4969702.33474969},"compound_dmg":{"sum":2915675890.85599,"count":667,"mean":4371328.172197886,"min":3382602.7309419173,"max":5247904.314138894},"timeline_dmg":{"mean":14563.103341247786,"mean_std_dev":14895.527002502979,"min":906.9876925739283,"max":195158.41860625,