{"results":[["Trait","325","340","355","370","385"],["Laser Matrix",331,529,743,907,1174],["Archive of the Titans",243,378,556,737,974],["Relational Normalization Gizmo",277,382,580,760,977],["Synaptic Spark Capacitor",381,566,756,991,1257],["Ricocheting Inflatable Pyrosaw",188,375,524,709,958],["Heed My Call",170,279,458,646,851],["Barrage Of Many Bombs",365,521,708,937,1205],["Power of the Moon",101,224,366,541,727],["Streaking Stars",376,550,742,958,1230],["Thunderous Blast",389,558,763,987,1246],["Tidal Surge",266,372,575,750,1009],["Collective Will / Stand As One",77,227,367,537,736],["Lively Spirit",318,451,649,845,1134],["On My Way",85,237,354,493,667],["Combined Might / Stronger Together",48,175,316,482,648],["Sylvanas' Resolve / Anduin's Dedication",214,384,543,765,988],["High Noon",91,221,382,514,728],["Battlefield Focus / Battlefield Precision",103,230,396,557,742],["Gutripper",108,229,358,579,779],["Retaliatory Fury / Last Gift",138,265,432,568,766],["Unstable Flames",84,216,352,507,715],["Glory in Battle / Liberator's Might",159,324,469,653,826],["Blood Rite",197,342,488,676,846],["Swirling Sands",266,422,566,749,960],["Incite the Pack",229,358,550,697,870],["Sunblaze",130,235,366,560,772],["Unstable Catalyst",272,434,625,819,1044],["Azerite Globules",166,291,460,628,851],["Tradewinds",268,395,558,726,920],["Meticulous Scheming",253,398,533,726,910],["Dawning Sun",124,267,421,611,811],["Earthlink",90,228,371,523,745],["Lifespeed",164,309,438,639,845],["Rezan's Fury",291,435,646,847,1098],["Dagger in the Back",325,500,696,909,1165],["Secrets of the Deep",252,400,598,776,1026],["Blood Siphon",77,208,386,526,691],["Ruinous Bolt",129,291,443,612,838],["Lunar Shrapnel",-6,106,231,397,609],["Filthy Transfusion",262,418,585,774,990],["Champion of Azeroth",338,466,625,826,1014],["Overwhelming Power",88,196,378,503,701],["Blightborne Infusion",302,427,604,781,1001],["Elemental Whirl",114,216,374,534,709]],"metas":{"build_date":"Aug 25 2018","build_time":"09:42:16","git_revision":"d4b8c45266","options":{"debug":false,"max_time":300.0,"expected_iteration_time":251.49200000000002,"vary_combat_length":0.2,"iterations":683,"target_error":0.2,"threads":32,"seed":16571030725206251842,"single_actor_batch":false,"queue_lag":0.005,"queue_lag_stddev":0.001,"gcd_lag":0.15,"gcd_lag_stddev":0.037,"channel_lag":0.25,"channel_lag_stddev":0.062,"queue_gcd_reduction":0.1,"strict_gcd_queue":0,"confidence":0.95,"confidence_estimator":1.9599639854089754,"world_lag":0.1,"world_lag_stddev":0.01,"travel_variance":0.0,"default_skill":1.0,"reaction_time":0.5,"regen_periodicity":0.25,"ignite_sampling_delta":0.2,"fixed_time":true,"optimize_expressions":true,"optimal_raid":1,"log":0,"debug_each":0,"stat_cache":1,"max_aoe_enemies":20,"show_etmi":false,"tmi_window_global":0.0,"tmi_bin_size":0.5,"enemy_death_pct":0.0,"challenge_mode":false,"timewalk":-1,"pvp_crit":false,"rng":{"name":"sse2-sfmt"},"deterministic":0,"average_range":1,"average_gauss":0,"fight_style":"Patchwerk","default_aura_delay":0.03,"default_aura_delay_stddev":0.005,"dbc":{"Live":{"build_level":27404,"wow_version":"8.0.1"},"version_used":"Live"}},"overrides":{"arcane_intellect":1,"battle_shout":1,"power_word_fortitude":1,"chaos_brand":1,"mystic_touch":1,"mortal_wounds":1,"bleeding":1,"bloodlust":1,"bloodlust_percent":25,"bloodlust_time":0.5},"statistics":{"elapsed_cpu_seconds":13015.670246999993,"elapsed_time_seconds":13.716375,"init_time_seconds":2.663095286000001,"merge_time_seconds":0.006038275,"analyze_time_seconds":0.14578337199999986,"simulation_length":{"sum":194633.35,"count":651,"mean":298.9759600614439,"min":240.06900000000002,"max":359.386,"median":298.689,"variance":1220.9249108524757,"std_dev":34.941735945033926,"mean_variance":1.875460692553726,"mean_std_dev":1.3694746045669215},"raid_dps":{"sum":7850401.819639424,"count":651,"mean":12058.988970260252},"total_dmg":{"sum":2343610456.9368253,"count":651,"mean":3600016.0628829882},"total_iterations":142460,"total_actors":221,"total_iterations_mean":644.6153846153846,"total_iterations_variance":552778.3076923076,"total_iterations_stddev":743.4906238092768,"total_mean_dps_stddev":12.829995102190045,"total_mean_dps_variance":164.60877432222054},"player":{"name":"Template","race":"troll","level":120,"role":"spell","specialization":"Balance Druid","profile_source":"default","talents":[{"tier":1,"id":22386,"spell_id":202425,"name":"Warrior of Elune"},{"tier":5,"id":21706,"spell_id":202345,"name":"Starlord"},{"tier":6,"id":22165,"spell_id":202347,"name":"Stellar Flare"},{"tier":7,"id":21648,"spell_id":202342,"name":"Shooting Stars"}],"party":0,"ready_type":0,"bugs":true,"scale_player":true,"potion_used":false,"timeofday":"DAY_TIME","invert_scaling":0,"reaction_offset":0.1,"reaction_max":1.4000000000000001,"reaction_mean":0.3,"reaction_stddev":0.06,"reaction_nu":0.25,"world_lag":0.1,"brain_lag":0.0,"brain_lag_stddev":0.0,"world_lag_override":false,"world_lag_stddev_override":false,"dbc":{"Live":{"build_level":27404,"wow_version":"8.0.1"},"version_used":"Live"},"base_mana_regen_per_second":640.0,"base_energy_regen_per_second":10.0,"collected_data":{"fight_length":{"sum":194633.35000000003,"count":651,"mean":298.97596006144397,"min":240.06900000000002,"max":359.386},"executed_foreground_actions":{"sum":188039.0,"count":651,"mean":288.8463901689708,"min":234.0,"max":348.0},"dmg":{"sum":2343610456.9368253,"count":651,"mean":3600016.0628829882,"min":2902603.328385232,"max":4446711.561119802},"compound_dmg":{"sum":2343610456.9368253,"count":651,"mean":3600016.0628829882,"min":2902603.328385232,"max":4446711.561119802},"timeline_dmg":{"mean":12285.105265185912,"mean_std_dev":4082.9912314409285,"min":1665.8684434621941,"max":37880.25827612456,