{"results":[["Trait","325","340","355","370","385"],["Thunderous Blast",440,709,942,1252,1609],["Dagger in the Back",408,689,937,1264,1619],["Unstable Flames",136,320,534,795,1064],["Secrets of the Deep",321,577,873,1134,1490],["Gutripper",121,287,500,772,1077],["Blood Rite",175,316,569,845,1083],["Heed My Call",194,402,631,915,1182],["Tidal Surge",280,496,734,1031,1374],["Filthy Transfusion",273,467,708,983,1347],["Relational Normalization Gizmo",297,500,755,1007,1353],["Synaptic Spark Capacitor",544,815,1080,1383,1811],["Sylvanas' Resolve / Anduin's Dedication",345,576,822,1144,1460],["Swirling Sands",402,662,819,1108,1407],["Meticulous Scheming",209,389,591,855,1098],["Ricocheting Inflatable Pyrosaw",264,486,719,992,1350],["Laser Matrix",405,588,869,1161,1540],["Tradewinds",312,513,728,998,1314],["Collective Will / Stand As One",98,301,526,776,1068],["Barrage Of Many Bombs",511,745,1045,1388,1749],["Snake Eyes",129,315,543,781,1061],["Overwhelming Power",67,209,450,668,976],["Paradise Lost",388,638,890,1172,1593],["Brigand's Blitz",181,367,564,803,1058],["Azerite Globules",219,401,650,944,1229],["Ace Up Your Sleeve",-21,172,379,651,950],["Deadshot",479,711,1044,1405,1798],["Incite the Pack",304,477,709,935,1258],["Combined Might / Stronger Together",59,214,442,693,924],["Storm of Steel",408,684,853,1188,1543],["Battlefield Focus / Battlefield Precision",308,494,791,1063,1366],["Retaliatory Fury / Last Gift",181,381,586,824,1107],["Glory in Battle / Liberator's Might",240,427,606,873,1157],["Ruinous Bolt",184,346,559,813,1136],["Unstable Catalyst",409,621,922,1186,1562],["Blood Siphon",136,269,498,716,978],["Champion of Azeroth",414,625,860,1151,1447],["Blightborne Infusion",478,656,909,1174,1456],["Earthlink",136,328,551,780,1104],["Rezan's Fury",307,532,755,1060,1400],["Elemental Whirl",150,310,552,785,1038]],"metas":{"build_date":"Aug 23 2018","build_time":"08:35:52","git_revision":"0f9699d9e7","options":{"debug":false,"max_time":300.0,"expected_iteration_time":255.58100000000002,"vary_combat_length":0.2,"iterations":2243,"target_error":0.2,"threads":32,"seed":16628952998080251393,"single_actor_batch":false,"queue_lag":0.005,"queue_lag_stddev":0.001,"gcd_lag":0.15,"gcd_lag_stddev":0.037,"channel_lag":0.25,"channel_lag_stddev":0.062,"queue_gcd_reduction":0.1,"strict_gcd_queue":0,"confidence":0.95,"confidence_estimator":1.9599639854089754,"world_lag":0.1,"world_lag_stddev":0.01,"travel_variance":0.0,"default_skill":1.0,"reaction_time":0.5,"regen_periodicity":0.25,"ignite_sampling_delta":0.2,"fixed_time":true,"optimize_expressions":true,"optimal_raid":1,"log":0,"debug_each":0,"stat_cache":1,"max_aoe_enemies":20,"show_etmi":false,"tmi_window_global":0.0,"tmi_bin_size":0.5,"enemy_death_pct":0.0,"challenge_mode":false,"timewalk":-1,"pvp_crit":false,"rng":{"name":"sse2-sfmt"},"deterministic":0,"average_range":1,"average_gauss":0,"fight_style":"Patchwerk","default_aura_delay":0.03,"default_aura_delay_stddev":0.005,"dbc":{"Live":{"build_level":27404,"wow_version":"8.0.1"},"version_used":"Live"}},"overrides":{"arcane_intellect":1,"battle_shout":1,"power_word_fortitude":1,"chaos_brand":1,"mystic_touch":1,"mortal_wounds":1,"bleeding":1,"bloodlust":1,"bloodlust_percent":25,"bloodlust_time":0.5},"statistics":{"elapsed_cpu_seconds":52207.50449300003,"elapsed_time_seconds":55.258472,"init_time_seconds":2.870239886,"merge_time_seconds":0.007537094000000001,"analyze_time_seconds":0.402171233,"simulation_length":{"sum":664155.0709999999,"count":2211,"mean":300.3867349615558,"min":240.012,"max":359.952,"median":300.902,"variance":1181.5279634051053,"std_dev":34.37336124683045,"mean_variance":0.5343862340140685,"mean_std_dev":0.7310172597237827},"raid_dps":{"sum":38344908.00279297,"count":2211,"mean":17342.789689187233},"total_dmg":{"sum":11514411428.253832,"count":2211,"mean":5207784.4542079745},"total_iterations":445069,"total_actors":201,"total_iterations_mean":2214.273631840796,"total_iterations_variance":2451883.9502487546,"total_iterations_stddev":1565.8492744350442,"total_mean_dps_stddev":18.454664214467304,"total_mean_dps_variance":340.5746312687401},"player":{"name":"Template","race":"dwarf","level":120,"role":"attack","specialization":"Outlaw Rogue","profile_source":"default","talents":[{"tier":1,"id":22119,"spell_id":196938,"name":"Quick Draw"},{"tier":2,"id":19238,"spell_id":196922,"name":"Hit and Run"},{"tier":3,"id":19239,"spell_id":14983,"name":"Vigor"},{"tier":6,"id":23128,"spell_id":193539,"name":"Alacrity"},{"tier":7,"id":23075,"spell_id":271877,"name":"Blade Rush"}],"party":0,"ready_type":1,"bugs":true,"scale_player":true,"potion_used":false,"timeofday":"DAY_TIME","invert_scaling":0,"reaction_offset":0.1,"reaction_max":1.4000000000000001,"reaction_mean":0.3,"reaction_stddev":0.06,"reaction_nu":0.25,"world_lag":0.1,"brain_lag":0.0,"brain_lag_stddev":0.0,"world_lag_override":false,"world_lag_stddev_override":false,"dbc":{"Live":{"build_level":27404,"wow_version":"8.0.1"},"version_used":"Live"},"base_energy_regen_per_second":14.85,"collected_data":{"fight_length":{"sum":664155.0710000001,"count":2211,"mean":300.38673496155593,"min":240.012,"max":359.952},"waiting_time":{"sum":39073.77199999999,"count":2211,"mean":17.672443238353683,"min":4.704,"max":34.465},"executed_foreground_actions":{"sum":676456.0,"count":2211,"mean":305.9502487562189,"min":233.0,"max":380.0},"dmg":{"sum":11514411428.253832,"count":2211,"mean":5207784.4542079745,"min":3602886.8392417976,"max":6825704.420788222},"compound_dmg":{"sum":11514411428.253832,"count":2211,"mean":5207784.4542079745,"min":3602886.8392417976,"max":6825704.420788222},"timeline_dmg":{"mean":17233.509898975077,"mean_std_dev":11513.52437041435,"min":4793.345208245715,"max":67264.73630203817,