{"results":[["Trait","325","340","355","370","385"],["Thunderous Blast",361,549,770,1022,1335],["Tidal Surge",279,433,605,854,1108],["Azerite Globules",122,261,460,620,875],["Secrets of the Deep",294,431,633,926,1184],["Filthy Transfusion",214,366,539,821,1040],["Blood Rite",272,442,610,794,1054],["Relational Normalization Gizmo",344,491,722,925,1156],["Synaptic Spark Capacitor",498,700,929,1173,1555],["Gutripper",111,225,453,619,850],["Sylvanas' Resolve / Anduin's Dedication",287,437,633,874,1115],["Swirling Sands",505,663,932,1102,1381],["Meticulous Scheming",310,471,606,826,1070],["Ricocheting Inflatable Pyrosaw",227,441,558,831,1116],["Laser Matrix",353,497,734,977,1256],["Tradewinds",318,501,697,897,1134],["Heed My Call",144,298,485,695,955],["Collective Will / Stand As One",104,250,443,606,870],["Barrage Of Many Bombs",432,661,855,1156,1482],["Dagger in the Back",300,524,714,986,1269],["Unstable Flames",164,321,498,678,943],["Shrouded Suffocation",563,710,977,1269,1572],["Fan of Blades",159,307,485,722,940],["Twist the Knife",182,364,557,790,1025],["Scent of Blood",238,472,666,910,1151],["Sharpened Blades",-180,-9,171,430,659],["Poisoned Wire",128,315,449,598,854],["Double Dose",-1,154,290,464,665],["Overwhelming Power",205,363,506,747,957],["Unstable Catalyst",341,490,711,955,1235],["Earthlink",98,244,446,621,869],["Incite the Pack",277,495,661,895,1089],["Combined Might / Stronger Together",60,211,342,560,783],["Battlefield Focus / Battlefield Precision",104,250,479,693,864],["Retaliatory Fury / Last Gift",160,335,508,665,926],["Glory in Battle / Liberator's Might",245,447,649,893,1110],["Ruinous Bolt",138,312,511,702,936],["Blood Siphon",128,252,433,626,880],["Champion of Azeroth",477,661,901,1101,1338],["Blightborne Infusion",600,758,929,1189,1469],["Rezan's Fury",219,404,606,848,1084],["Elemental Whirl",116,290,445,649,882]],"metas":{"build_date":"Aug 23 2018","build_time":"08:35:52","git_revision":"0f9699d9e7","options":{"debug":false,"max_time":300.0,"expected_iteration_time":295.35200000000003,"vary_combat_length":0.2,"iterations":1094,"target_error":0.2,"threads":32,"seed":202387788805406019,"single_actor_batch":false,"queue_lag":0.005,"queue_lag_stddev":0.001,"gcd_lag":0.15,"gcd_lag_stddev":0.037,"channel_lag":0.25,"channel_lag_stddev":0.062,"queue_gcd_reduction":0.1,"strict_gcd_queue":0,"confidence":0.95,"confidence_estimator":1.9599639854089754,"world_lag":0.1,"world_lag_stddev":0.01,"travel_variance":0.0,"default_skill":1.0,"reaction_time":0.5,"regen_periodicity":0.25,"ignite_sampling_delta":0.2,"fixed_time":true,"optimize_expressions":true,"optimal_raid":1,"log":0,"debug_each":0,"stat_cache":1,"max_aoe_enemies":20,"show_etmi":false,"tmi_window_global":0.0,"tmi_bin_size":0.5,"enemy_death_pct":0.0,"challenge_mode":false,"timewalk":-1,"pvp_crit":false,"rng":{"name":"sse2-sfmt"},"deterministic":0,"average_range":1,"average_gauss":0,"fight_style":"Patchwerk","default_aura_delay":0.03,"default_aura_delay_stddev":0.005,"dbc":{"Live":{"build_level":27404,"wow_version":"8.0.1"},"version_used":"Live"}},"overrides":{"arcane_intellect":1,"battle_shout":1,"power_word_fortitude":1,"chaos_brand":1,"mystic_touch":1,"mortal_wounds":1,"bleeding":1,"bloodlust":1,"bloodlust_percent":25,"bloodlust_time":0.5},"statistics":{"elapsed_cpu_seconds":33261.48359800001,"elapsed_time_seconds":35.320412999999995,"init_time_seconds":3.332072077000001,"merge_time_seconds":0.007929382000000002,"analyze_time_seconds":0.188672042,"simulation_length":{"sum":317256.862,"count":1062,"mean":298.73527495291904,"min":240.103,"max":359.90500000000003,"median":298.286,"variance":1193.019168302932,"std_dev":34.54010955835161,"mean_variance":1.1233702149745122,"mean_std_dev":1.0598916052948586},"raid_dps":{"sum":19039155.64792886,"count":1062,"mean":17927.641853040357},"total_dmg":{"sum":5680903404.819624,"count":1062,"mean":5349249.910376294},"total_iterations":201782,"total_actors":206,"total_iterations_mean":979.5242718446602,"total_iterations_variance":758173.3786407766,"total_iterations_stddev":870.7315192645644,"total_mean_dps_stddev":18.92346007414974,"total_mean_dps_variance":358.0973411779393},"player":{"name":"Template","race":"troll","level":120,"role":"attack","specialization":"Assassination Rogue","profile_source":"default","talents":[{"tier":1,"id":22338,"spell_id":193640,"name":"Elaborate Planning"},{"tier":2,"id":22332,"spell_id":108208,"name":"Subterfuge"},{"tier":3,"id":19239,"spell_id":14983,"name":"Vigor"},{"tier":6,"id":23015,"spell_id":245388,"name":"Toxic Blade"},{"tier":7,"id":21186,"spell_id":255544,"name":"Poison Bomb"}],"party":0,"ready_type":1,"bugs":true,"scale_player":true,"potion_used":false,"timeofday":"DAY_TIME","invert_scaling":0,"reaction_offset":0.1,"reaction_max":1.4000000000000001,"reaction_mean":0.3,"reaction_stddev":0.06,"reaction_nu":0.25,"world_lag":0.1,"brain_lag":0.0,"brain_lag_stddev":0.0,"world_lag_override":false,"world_lag_stddev_override":false,"dbc":{"Live":{"build_level":27404,"wow_version":"8.0.1"},"version_used":"Live"},"base_energy_regen_per_second":11.0,"collected_data":{"fight_length":{"sum":317256.86199999996,"count":1062,"mean":298.735274952919,"min":240.103,"max":359.90500000000003},"waiting_time":{"sum":49493.60199999999,"count":1062,"mean":46.604145009416186,"min":32.328,"max":64.598},"executed_foreground_actions":{"sum":256187.0,"count":1062,"mean":241.2306967984934,"min":188.0,"max":292.0},"dmg":{"sum":5680903404.819624,"count":1062,"mean":5349249.910376294,"min":4043597.087607612,"max":6713887.27247482},"compound_dmg":{"sum":5680903404.819624,"count":1062,"mean":5349249.910376294,"min":4043597.087607612,"max":6713887.27247482},"timeline_dmg":{"mean":17862.003090630005,"mean_std_dev":7476.783922460869,"min":3433.8230130021407,"max":43515.87451064749,