{"results":[["Trait","325","340","355","370","385"],["Laser Matrix",351,511,745,943,1229],["Archive of the Titans",256,391,558,743,978],["Relational Normalization Gizmo",300,474,601,858,1049],["Synaptic Spark Capacitor",432,598,837,1068,1339],["Swirling Sands",329,468,641,836,1042],["Tradewinds",283,460,588,784,990],["Ricocheting Inflatable Pyrosaw",242,384,566,791,1020],["Heed My Call",204,318,488,694,873],["Reckless Flurry",418,595,779,1018,1271],["Barrage Of Many Bombs",475,653,874,1099,1375],["Tidal Surge",239,363,560,767,994],["Collective Will / Stand As One",120,243,415,544,757],["Combined Might / Stronger Together",74,202,321,483,677],["Sylvanas' Resolve / Anduin's Dedication",206,393,580,755,1031],["Trample the Weak",259,406,613,767,1017],["Battlefield Focus / Battlefield Precision",136,272,440,633,831],["Gutripper",117,278,452,583,815],["Retaliatory Fury / Last Gift",145,280,434,607,811],["Glory in Battle / Liberator's Might",227,402,539,700,910],["Simmering Rage",454,605,744,933,1142],["Meticulous Scheming",363,529,670,828,1075],["Infinite Fury",291,411,591,753,960],["Blood Rite",258,412,552,741,960],["Unstable Flames",113,251,385,580,747],["Incite the Pack",283,429,573,759,951],["Unstable Catalyst",302,419,621,847,1093],["Azerite Globules",137,279,396,577,791],["Bloodcraze",248,399,523,714,938],["Gathering Storm",-8,84,272,397,601],["Earthlink",93,223,377,569,727],["Dagger in the Back",249,399,572,781,985],["Secrets of the Deep",229,397,585,799,1049],["Blood Siphon",130,225,376,547,740],["Ruinous Bolt",144,261,424,632,832],["Pulverizing Blows",262,445,631,806,1033],["Thunderous Blast",390,567,793,1024,1310],["Champion of Azeroth",448,567,775,956,1165],["Overwhelming Power",125,262,385,534,760],["Filthy Transfusion",246,413,582,774,1031],["Elemental Whirl",105,252,422,544,769],["Lifespeed",133,264,396,583,738],["Blightborne Infusion",373,533,688,878,1084],["Rezan's Fury",280,429,589,782,1019]],"metas":{"build_date":"Aug 29 2018","build_time":"06:51:22","git_revision":"744e4aaddc","options":{"debug":false,"max_time":300.0,"expected_iteration_time":241.96800000000002,"vary_combat_length":0.2,"iterations":825,"target_error":0.2,"threads":32,"seed":16635497491572057432,"single_actor_batch":false,"queue_lag":0.005,"queue_lag_stddev":0.001,"gcd_lag":0.15,"gcd_lag_stddev":0.037,"channel_lag":0.25,"channel_lag_stddev":0.062,"queue_gcd_reduction":0.1,"strict_gcd_queue":0,"confidence":0.95,"confidence_estimator":1.9599639854089754,"world_lag":0.1,"world_lag_stddev":0.01,"travel_variance":0.0,"default_skill":1.0,"reaction_time":0.5,"regen_periodicity":0.25,"ignite_sampling_delta":0.2,"fixed_time":true,"optimize_expressions":true,"optimal_raid":1,"log":0,"debug_each":0,"stat_cache":1,"max_aoe_enemies":20,"show_etmi":false,"tmi_window_global":0.0,"tmi_bin_size":0.5,"enemy_death_pct":0.0,"challenge_mode":false,"timewalk":-1,"pvp_crit":false,"rng":{"name":"sse2-sfmt"},"deterministic":0,"average_range":1,"average_gauss":0,"fight_style":"Patchwerk","default_aura_delay":0.03,"default_aura_delay_stddev":0.005,"dbc":{"Live":{"build_level":27481,"wow_version":"8.0.1"},"version_used":"Live"}},"overrides":{"arcane_intellect":1,"battle_shout":1,"power_word_fortitude":1,"chaos_brand":1,"mystic_touch":1,"mortal_wounds":1,"bleeding":1,"bloodlust":1,"bloodlust_percent":25,"bloodlust_time":0.5},"statistics":{"elapsed_cpu_seconds":17911.39376199999,"elapsed_time_seconds":18.944898,"init_time_seconds":2.748190022,"merge_time_seconds":0.007213474000000001,"analyze_time_seconds":0.14771831399999996,"simulation_length":{"sum":237564.77500000005,"count":793,"mean":299.5772698612863,"min":240.573,"max":359.862,"median":298.29200000000003,"variance":1233.8830250646276,"std_dev":35.12667113554354,"mean_variance":1.555968505756151,"mean_std_dev":1.2473846663143455},"raid_dps":{"sum":10860424.990311464,"count":793,"mean":13695.365687656324},"total_dmg":{"sum":3251408726.2152715,"count":793,"mean":4100137.107459359},"total_iterations":151022,"total_actors":216,"total_iterations_mean":699.175925925926,"total_iterations_variance":715047.3148148153,"total_iterations_stddev":845.6047036380623,"total_mean_dps_stddev":14.553305127041492,"total_mean_dps_variance":211.79869012077216},"player":{"name":"Template","race":"human","level":120,"role":"attack","specialization":"Fury Warrior","profile_source":"default","talents":[{"tier":1,"id":22633,"spell_id":202296,"name":"Endless Rage"},{"tier":2,"id":19676,"spell_id":103827,"name":"Double Time"},{"tier":3,"id":22381,"spell_id":280721,"name":"Sudden Death"},{"tier":4,"id":22627,"spell_id":202163,"name":"Bounding Stride"},{"tier":5,"id":22383,"spell_id":202922,"name":"Carnage"},{"tier":6,"id":22398,"spell_id":118000,"name":"Dragon Roar"},{"tier":7,"id":16037,"spell_id":280772,"name":"Siegebreaker"}],"party":0,"ready_type":0,"bugs":true,"scale_player":true,"potion_used":false,"timeofday":"DAY_TIME","invert_scaling":0,"reaction_offset":0.1,"reaction_max":1.4000000000000001,"reaction_mean":0.3,"reaction_stddev":0.06,"reaction_nu":0.25,"world_lag":0.1,"brain_lag":0.0,"brain_lag_stddev":0.0,"world_lag_override":false,"world_lag_stddev_override":false,"dbc":{"Live":{"build_level":27481,"wow_version":"8.0.1"},"version_used":"Live"},"collected_data":{"fight_length":{"sum":237564.77499999997,"count":793,"mean":299.5772698612862,"min":240.573,"max":359.862},"executed_foreground_actions":{"sum":251892.0,"count":793,"mean":317.64438839848674,"min":255.0,"max":384.0},"dmg":{"sum":3251408726.2152715,"count":793,"mean":4100137.107459359,"min":3142878.6363433404,"max":5103455.863575685},"compound_dmg":{"sum":3251408726.2152715,"count":793,"mean":4100137.107459359,"min":3142878.6363433404,"max":5103455.863575685},"timeline_dmg":{"mean":14026.381597442922,"mean_std_dev":6153.144071874309,"min":6561.873909216672,"max":30876.597180344408,