{"results":[["Trait","325","340","355","370","385"],["Laser Matrix",330,507,716,939,1195],["Archive of the Titans",175,339,502,676,901],["Relational Normalization Gizmo",216,403,542,744,963],["Synaptic Spark Capacitor",229,382,583,784,1024],["Swirling Sands",191,346,536,706,928],["Heed My Call",121,248,448,611,861],["Ricocheting Inflatable Pyrosaw",124,256,432,590,815],["Barrage Of Many Bombs",182,339,496,700,936],["Meridian Strikes",297,430,642,837,1087],["Tidal Surge",304,477,687,915,1204],["Collective Will / Stand As One",74,221,371,568,763],["Swift Roundhouse",632,838,1036,1314,1651],["On My Way",146,304,455,661,853],["Combined Might / Stronger Together",51,181,335,508,713],["Pressure Point",227,387,571,732,988],["Sunrise Technique",233,408,573,816,1051],["Sylvanas' Resolve / Anduin's Dedication",195,359,521,705,922],["Battlefield Focus / Battlefield Precision",239,417,629,789,1089],["Gutripper",110,287,410,611,817],["Retaliatory Fury / Last Gift",95,251,382,574,784],["Glory in Battle / Liberator's Might",146,300,418,597,816],["Blood Rite",143,263,442,595,835],["Unstable Flames",100,232,373,571,759],["Blightborne Infusion",243,356,565,738,949],["Meticulous Scheming",140,289,471,626,820],["Incite the Pack",160,325,493,676,862],["Open Palm Strikes",198,378,571,750,1011],["Unstable Catalyst",216,354,558,747,985],["Azerite Globules",94,230,382,564,795],["Tradewinds",186,341,481,689,896],["Earthlink",88,246,386,570,754],["Secrets of the Deep",184,343,517,713,951],["Dagger in the Back",314,466,691,905,1180],["Blood Siphon",139,286,415,620,831],["Filthy Transfusion",234,388,579,777,1024],["Ruinous Bolt",211,346,521,731,964],["Elemental Whirl",106,242,373,557,779],["Thunderous Blast",370,533,737,977,1233],["Champion of Azeroth",261,383,551,752,957],["Overwhelming Power",87,186,349,528,728],["Iron Fists",17,153,302,457,655],["Rezan's Fury",272,454,624,848,1107],["Lifespeed",77,195,339,530,717]],"metas":{"build_date":"Aug 27 2018","build_time":"13:50:42","git_revision":"4aa7462e31","options":{"debug":false,"max_time":300.0,"expected_iteration_time":338.98900000000003,"vary_combat_length":0.2,"iterations":830,"target_error":0.2,"threads":32,"seed":7342731693569887371,"single_actor_batch":false,"queue_lag":0.005,"queue_lag_stddev":0.001,"gcd_lag":0.15,"gcd_lag_stddev":0.037,"channel_lag":0.25,"channel_lag_stddev":0.062,"queue_gcd_reduction":0.1,"strict_gcd_queue":0,"confidence":0.95,"confidence_estimator":1.9599639854089754,"world_lag":0.1,"world_lag_stddev":0.01,"travel_variance":0.0,"default_skill":1.0,"reaction_time":0.5,"regen_periodicity":0.25,"ignite_sampling_delta":0.2,"fixed_time":true,"optimize_expressions":true,"optimal_raid":1,"log":0,"debug_each":0,"stat_cache":1,"max_aoe_enemies":20,"show_etmi":false,"tmi_window_global":0.0,"tmi_bin_size":0.5,"enemy_death_pct":0.0,"challenge_mode":false,"timewalk":-1,"pvp_crit":false,"rng":{"name":"sse2-sfmt"},"deterministic":0,"average_range":1,"average_gauss":0,"fight_style":"Patchwerk","default_aura_delay":0.03,"default_aura_delay_stddev":0.005,"dbc":{"Live":{"build_level":27404,"wow_version":"8.0.1"},"version_used":"Live"}},"overrides":{"arcane_intellect":1,"battle_shout":1,"power_word_fortitude":1,"chaos_brand":1,"mystic_touch":1,"mortal_wounds":1,"bleeding":1,"bloodlust":1,"bloodlust_percent":25,"bloodlust_time":0.5},"statistics":{"elapsed_cpu_seconds":14140.872395000008,"elapsed_time_seconds":15.106484,"init_time_seconds":4.587482134000003,"merge_time_seconds":0.008835606000000001,"analyze_time_seconds":0.1666902550000001,"simulation_length":{"sum":240730.663,"count":798,"mean":301.66749749373434,"min":240.153,"max":359.925,"median":302.456,"variance":1261.6202879392165,"std_dev":35.519294586734354,"mean_variance":1.5809778044351084,"mean_std_dev":1.257369398559989},"raid_dps":{"sum":8822529.399323067,"count":798,"mean":11055.801252284546},"total_dmg":{"sum":2656628990.702481,"count":798,"mean":3329109.0109053645},"total_iterations":160357,"total_actors":216,"total_iterations_mean":742.3935185185185,"total_iterations_variance":837425.5509259263,"total_iterations_stddev":915.1095841077866,"total_mean_dps_stddev":11.818654840480953,"total_mean_dps_variance":139.68060223842386},"player":{"name":"Template","race":"pandaren","level":120,"role":"dps","specialization":"Windwalker Monk","profile_source":"default","talents":[{"tier":1,"id":20185,"spell_id":123986,"name":"Chi Burst"},{"tier":3,"id":19771,"spell_id":261947,"name":"Fist of the White Tiger"},{"tier":4,"id":23364,"spell_id":280195,"name":"Good Karma"},{"tier":6,"id":22102,"spell_id":123904,"name":"Invoke Xuen, the White Tiger"},{"tier":7,"id":21191,"spell_id":152173,"name":"Serenity"}],"party":0,"ready_type":0,"bugs":true,"scale_player":true,"potion_used":false,"timeofday":"DAY_TIME","invert_scaling":0,"reaction_offset":0.1,"reaction_max":1.4000000000000001,"reaction_mean":0.3,"reaction_stddev":0.06,"reaction_nu":0.25,"world_lag":0.1,"brain_lag":0.0,"brain_lag_stddev":0.0,"world_lag_override":false,"world_lag_stddev_override":false,"dbc":{"Live":{"build_level":27404,"wow_version":"8.0.1"},"version_used":"Live"},"base_energy_regen_per_second":10.0,"collected_data":{"fight_length":{"sum":240730.66300000006,"count":798,"mean":301.6674974937344,"min":240.153,"max":359.925},"waiting_time":{"sum":32184.800000000007,"count":798,"mean":40.33182957393485,"min":24.0,"max":55.9},"executed_foreground_actions":{"sum":171682.0,"count":798,"mean":215.140350877193,"min":168.0,"max":264.0},"dmg":{"sum":2475868291.9668984,"count":798,"mean":3102591.844570048,"min":2411024.2340039928,"max":3676704.682059962},"compound_dmg":{"sum":2656628990.702481,"count":798,"mean":3329109.0109053645,"min":2573213.731810192,"max":3891722.028418001},"timeline_dmg":{"mean":10908.319055565456,"mean_std_dev":11504.243035032196,"min":504.2712594125611,"max":131062.09922772784,