{"results":[["Trait","325","340","355","370","385"],["Laser Matrix",336,486,738,970,1237],["Archive of the Titans",310,486,697,901,1133],["Relational Normalization Gizmo",333,527,694,896,1163],["Synaptic Spark Capacitor",432,679,877,1151,1457],["Swirling Sands",444,591,815,984,1231],["Tradewinds",266,456,644,830,1051],["Ancestral Resonance",372,555,699,931,1146],["Ricocheting Inflatable Pyrosaw",235,393,593,798,1036],["Barrage Of Many Bombs",399,581,813,1047,1352],["Rumbling Tremors",287,503,691,887,1200],["Synapse Shock",267,437,619,869,1162],["Tidal Surge",233,392,584,839,1056],["Collective Will / Stand As One",119,262,460,648,866],["On My Way",110,253,423,626,831],["Combined Might / Stronger Together",87,243,400,583,767],["Sylvanas' Resolve / Anduin's Dedication",318,444,690,909,1173],["Battlefield Focus / Battlefield Precision",127,279,439,619,844],["Gutripper",154,270,477,649,920],["Retaliatory Fury / Last Gift",178,322,497,644,886],["Lava Shock",166,335,510,743,946],["Echo of the Elementals",250,431,626,849,1099],["Glory in Battle / Liberator's Might",274,437,610,822,986],["Blood Rite",270,388,581,778,1003],["Heed My Call",190,354,520,730,1007],["Meticulous Scheming",256,392,544,763,1010],["Incite the Pack",266,426,601,763,1007],["Natural Harmony",245,393,587,754,994],["Unstable Flames",163,341,468,667,899],["Unstable Catalyst",364,486,728,961,1246],["Azerite Globules",139,264,448,644,873],["Earthlink",116,278,464,640,881],["Rezan's Fury",234,410,603,814,1078],["Igneous Potential",262,414,620,809,1074],["Filthy Transfusion",225,387,576,814,1089],["Thunderous Blast",374,572,778,1020,1324],["Secrets of the Deep",326,510,674,929,1215],["Dagger in the Back",262,428,636,845,1091],["Blood Siphon",133,233,427,598,792],["Champion of Azeroth",433,550,785,958,1212],["Overwhelming Power",182,335,481,684,917],["Elemental Whirl",131,313,485,649,869],["Blightborne Infusion",489,675,834,1065,1338],["Ruinous Bolt",144,326,468,674,926]],"metas":{"build_date":"Aug 25 2018","build_time":"09:42:16","git_revision":"d4b8c45266","options":{"debug":false,"max_time":300.0,"expected_iteration_time":252.17000000000002,"vary_combat_length":0.2,"iterations":862,"target_error":0.2,"threads":32,"seed":4100561651303692108,"single_actor_batch":false,"queue_lag":0.005,"queue_lag_stddev":0.001,"gcd_lag":0.15,"gcd_lag_stddev":0.037,"channel_lag":0.25,"channel_lag_stddev":0.062,"queue_gcd_reduction":0.1,"strict_gcd_queue":0,"confidence":0.95,"confidence_estimator":1.9599639854089754,"world_lag":0.1,"world_lag_stddev":0.01,"travel_variance":0.0,"default_skill":1.0,"reaction_time":0.5,"regen_periodicity":0.25,"ignite_sampling_delta":0.2,"fixed_time":true,"optimize_expressions":true,"optimal_raid":1,"log":0,"debug_each":0,"stat_cache":1,"max_aoe_enemies":20,"show_etmi":false,"tmi_window_global":0.0,"tmi_bin_size":0.5,"enemy_death_pct":0.0,"challenge_mode":false,"timewalk":-1,"pvp_crit":false,"rng":{"name":"sse2-sfmt"},"deterministic":0,"average_range":1,"average_gauss":0,"fight_style":"Patchwerk","default_aura_delay":0.03,"default_aura_delay_stddev":0.005,"dbc":{"Live":{"build_level":27404,"wow_version":"8.0.1"},"version_used":"Live"}},"overrides":{"arcane_intellect":1,"battle_shout":1,"power_word_fortitude":1,"chaos_brand":1,"mystic_touch":1,"mortal_wounds":1,"bleeding":1,"bloodlust":1,"bloodlust_percent":25,"bloodlust_time":0.5},"statistics":{"elapsed_cpu_seconds":14624.607832000005,"elapsed_time_seconds":15.548375,"init_time_seconds":3.183250491999999,"merge_time_seconds":0.008579954,"analyze_time_seconds":0.15784193700000018,"simulation_length":{"sum":249908.29299999998,"count":830,"mean":301.09432891566263,"min":240.143,"max":359.796,"median":300.987,"variance":1204.6107703749472,"std_dev":34.70750308470702,"mean_variance":1.4513382775601773,"mean_std_dev":1.2047150192307627},"raid_dps":{"sum":11817659.493319435,"count":830,"mean":14238.143967854741},"total_dmg":{"sum":3556022373.62085,"count":830,"mean":4284364.30556729},"total_iterations":157198,"total_actors":216,"total_iterations_mean":727.7685185185185,"total_iterations_variance":735886.4259259257,"total_iterations_stddev":857.8382282959449,"total_mean_dps_stddev":15.153777264380562,"total_mean_dps_variance":229.63696537845723},"player":{"name":"Template","race":"troll","level":120,"role":"spell","specialization":"Elemental Shaman","profile_source":"default","talents":[{"tier":1,"id":22357,"spell_id":108283,"name":"Echo of the Elements"},{"tier":2,"id":23190,"spell_id":210643,"name":"Totem Mastery"},{"tier":4,"id":19273,"spell_id":192222,"name":"Liquid Magma Totem"},{"tier":6,"id":19266,"spell_id":117013,"name":"Primal Elementalist"},{"tier":7,"id":21675,"spell_id":114050,"name":"Ascendance"}],"party":0,"ready_type":0,"bugs":true,"scale_player":true,"potion_used":false,"timeofday":"DAY_TIME","invert_scaling":0,"reaction_offset":0.1,"reaction_max":1.4000000000000001,"reaction_mean":0.3,"reaction_stddev":0.06,"reaction_nu":0.25,"world_lag":0.1,"brain_lag":0.0,"brain_lag_stddev":0.0,"world_lag_override":false,"world_lag_stddev_override":false,"dbc":{"Live":{"build_level":27404,"wow_version":"8.0.1"},"version_used":"Live"},"base_mana_regen_per_second":640.0,"collected_data":{"fight_length":{"sum":249908.29300000006,"count":830,"mean":301.09432891566274,"min":240.143,"max":359.796},"executed_foreground_actions":{"sum":190700.0,"count":830,"mean":229.75903614457832,"min":185.0,"max":273.0},"dmg":{"sum":2942225968.924486,"count":830,"mean":3544850.5649692602,"min":2738325.656689131,"max":4419397.172051719},"compound_dmg":{"sum":3556022373.62085,"count":830,"mean":4284364.30556729,"min":3374234.7642205083,"max":5376250.553240989},"timeline_dmg":{"mean":14469.639216571948,"mean_std_dev":8191.894357610718,"min":1953.3252200429122,"max":52285.6927821579,