{"results":[["Trait","325","340","355","370","385"],["In The Rhythm",59,150,274,410,560],["Relational Normalization Gizmo",190,323,456,636,804],["Thunderous Blast",358,504,662,879,1087],["Azerite Globules",122,251,386,530,724],["Tidal Surge",259,385,519,683,922],["Dagger in the Back",335,511,656,857,1088],["Unstable Flames",56,135,248,401,543],["Secrets of the Deep",187,293,446,630,801],["Heed My Call",143,242,381,545,709],["Blood Rite",164,258,373,509,663],["Filthy Transfusion",221,351,487,668,887],["Synaptic Spark Capacitor",378,524,690,910,1127],["Gutripper",94,197,322,466,629],["Sylvanas' Resolve / Anduin's Dedication",197,306,444,625,797],["Swirling Sands",157,279,382,547,723],["Meticulous Scheming",393,496,639,825,1000],["Ricocheting Inflatable Pyrosaw",174,279,452,628,794],["Laser Matrix",322,444,614,815,1011],["Tradewinds",151,273,392,533,696],["Collective Will / Stand As One",58,151,284,425,573],["Focused Fire",67,169,322,452,608],["Barrage Of Many Bombs",305,460,627,810,1036],["Elemental Whirl",56,161,274,405,555],["Unerring Vision",103,213,317,449,610],["Arcane Flurry",51,165,299,403,563],["Overwhelming Power",106,214,325,437,602],["Unstable Catalyst",212,336,490,684,849],["Rapid Reload",-16,88,181,309,450],["Steady Aim",278,431,588,777,998],["Incite the Pack",167,267,375,526,684],["Combined Might / Stronger Together",36,105,258,370,521],["Battlefield Focus / Battlefield Precision",17,119,221,352,508],["Retaliatory Fury / Last Gift",84,178,286,426,615],["Glory in Battle / Liberator's Might",124,235,347,492,657],["Ruinous Bolt",132,273,379,556,733],["Blood Siphon",114,215,352,474,627],["Champion of Azeroth",222,321,471,615,758],["Blightborne Infusion",199,292,432,548,745],["Earthlink",67,195,272,429,603],["Rezan's Fury",259,399,538,730,925]],"metas":{"build_date":"Aug 17 2018","build_time":"14:03:13","git_revision":"f3206853b5","options":{"debug":false,"max_time":300.0,"expected_iteration_time":255.95000000000002,"vary_combat_length":0.2,"iterations":1077,"target_error":0.2,"threads":32,"seed":12536681563663423993,"single_actor_batch":false,"queue_lag":0.005,"queue_lag_stddev":0.001,"gcd_lag":0.15,"gcd_lag_stddev":0.037,"channel_lag":0.25,"channel_lag_stddev":0.062,"queue_gcd_reduction":0.1,"strict_gcd_queue":0,"confidence":0.95,"confidence_estimator":1.9599639854089754,"world_lag":0.1,"world_lag_stddev":0.01,"travel_variance":0.0,"default_skill":1.0,"reaction_time":0.5,"regen_periodicity":0.25,"ignite_sampling_delta":0.2,"fixed_time":true,"optimize_expressions":true,"optimal_raid":1,"log":0,"debug_each":0,"stat_cache":1,"max_aoe_enemies":20,"show_etmi":false,"tmi_window_global":0.0,"tmi_bin_size":0.5,"enemy_death_pct":0.0,"challenge_mode":false,"timewalk":-1,"pvp_crit":false,"rng":{"name":"sse2-sfmt"},"deterministic":0,"average_range":1,"average_gauss":0,"fight_style":"Patchwerk","default_aura_delay":0.03,"default_aura_delay_stddev":0.005,"dbc":{"bfa-BETA":{"build_level":26095,"wow_version":"8.0.1"},"version_used":"bfa-BETA"}},"overrides":{"arcane_intellect":1,"battle_shout":1,"power_word_fortitude":1,"chaos_brand":1,"mystic_touch":1,"mortal_wounds":1,"bleeding":1,"bloodlust":1,"bloodlust_percent":25,"bloodlust_time":0.5},"statistics":{"elapsed_cpu_seconds":9291.962818,"elapsed_time_seconds":10.08627,"init_time_seconds":2.5870187629999988,"merge_time_seconds":0.005600236,"analyze_time_seconds":0.20214643600000007,"simulation_length":{"sum":311799.5719999999,"count":1045,"mean":298.37279617224874,"min":240.068,"max":359.948,"median":299.646,"variance":1126.302485917306,"std_dev":33.5604303595366,"mean_variance":1.0778014219304364,"mean_std_dev":1.038172154283882},"raid_dps":{"sum":10677182.22396564,"count":1045,"mean":10217.399257383388},"total_dmg":{"sum":3181139995.3035383,"count":1045,"mean":3044153.105553625},"total_iterations":202121,"total_actors":201,"total_iterations_mean":1005.5771144278607,"total_iterations_variance":750231.0547263683,"total_iterations_stddev":866.1587930202916,"total_mean_dps_stddev":10.859891319301074,"total_mean_dps_variance":117.93723946703082},"player":{"name":"Template","race":"lightforged_draenei","level":120,"role":"attack","specialization":"Marksmanship Hunter","profile_source":"default","talents":[{"tier":1,"id":22501,"spell_id":271788,"name":"Serpent Sting"},{"tier":2,"id":22495,"spell_id":260228,"name":"Careful Aim"},{"tier":4,"id":21998,"spell_id":257284,"name":"Hunter's Mark"},{"tier":6,"id":23063,"spell_id":260393,"name":"Lethal Shots"},{"tier":7,"id":22308,"spell_id":194595,"name":"Lock and Load"}],"party":0,"ready_type":0,"bugs":true,"scale_player":true,"potion_used":false,"timeofday":"DAY_TIME","invert_scaling":0,"reaction_offset":0.1,"reaction_max":1.4000000000000001,"reaction_mean":0.3,"reaction_stddev":0.06,"reaction_nu":0.25,"world_lag":0.1,"brain_lag":0.0,"brain_lag_stddev":0.0,"world_lag_override":false,"world_lag_stddev_override":false,"dbc":{"bfa-BETA":{"build_level":26095,"wow_version":"8.0.1"},"version_used":"bfa-BETA"},"base_focus_regen_per_second":2.999999999999999,"collected_data":{"fight_length":{"sum":311799.572,"count":1045,"mean":298.3727961722488,"min":240.068,"max":359.948},"executed_foreground_actions":{"sum":230016.0,"count":1045,"mean":220.111004784689,"min":177.0,"max":267.0},"dmg":{"sum":2884755566.7375,"count":1045,"mean":2760531.642811005,"min":2072855.3717691824,"max":3409599.018992597},"compound_dmg":{"sum":3181139995.3035383,"count":1045,"mean":3044153.105553625,"min":2301693.8949527224,"max":3731017.391213824},"timeline_dmg":{"mean":10513.614897099285,"mean_std_dev":4987.748546121457,"min":1705.6001524512747,"max":66198.42639879498,