{"results":[["Trait","325","340","355","370","385"],["Laser Matrix",460,640,903,1095,1422],["Archive of the Titans",305,450,683,812,1098],["Relational Normalization Gizmo",443,589,771,984,1247],["Synaptic Spark Capacitor",547,728,990,1251,1566],["Swirling Sands",452,574,802,959,1201],["Tradewinds",439,588,779,1003,1238],["Ricocheting Inflatable Pyrosaw",332,465,679,882,1178],["Heed My Call",223,389,579,780,1027],["Reckless Flurry",899,1083,1342,1560,1833],["Barrage Of Many Bombs",556,796,1059,1304,1631],["Tidal Surge",284,449,667,847,1146],["Collective Will / Stand As One",134,261,439,673,859],["Combined Might / Stronger Together",102,215,411,596,783],["Sylvanas' Resolve / Anduin's Dedication",309,493,659,837,1116],["Trample the Weak",326,442,644,940,1111],["Battlefield Focus / Battlefield Precision",177,325,496,677,898],["Gutripper",138,312,495,687,944],["Retaliatory Fury / Last Gift",208,370,530,766,965],["Glory in Battle / Liberator's Might",379,516,685,870,1122],["Simmering Rage",572,747,944,1128,1375],["Meticulous Scheming",516,675,854,1074,1322],["Infinite Fury",386,545,750,863,1115],["Blood Rite",415,497,763,918,1151],["Unstable Flames",144,294,455,609,809],["Incite the Pack",430,593,768,1027,1172],["Unstable Catalyst",334,485,700,922,1163],["Azerite Globules",162,297,449,654,919],["Bloodcraze",274,445,569,814,1009],["Gathering Storm",54,178,270,440,652],["Earthlink",119,258,425,618,832],["Dagger in the Back",340,480,658,920,1160],["Secrets of the Deep",287,462,670,886,1139],["Blood Siphon",321,514,662,838,1082],["Ruinous Bolt",130,348,518,712,965],["Pulverizing Blows",325,530,673,939,1209],["Thunderous Blast",470,650,969,1182,1445],["Champion of Azeroth",687,821,1067,1289,1507],["Overwhelming Power",345,479,667,849,1085],["Filthy Transfusion",254,408,661,838,1131],["Elemental Whirl",187,345,555,680,895],["Lifespeed",226,380,567,737,1002],["Blightborne Infusion",458,686,796,1045,1273],["Rezan's Fury",328,526,683,960,1233]],"metas":{"build_date":"Aug 25 2018","build_time":"09:42:16","git_revision":"d4b8c45266","options":{"debug":false,"max_time":300.0,"expected_iteration_time":242.13400000000001,"vary_combat_length":0.2,"iterations":829,"target_error":0.2,"threads":32,"seed":13401079145514139448,"single_actor_batch":false,"queue_lag":0.005,"queue_lag_stddev":0.001,"gcd_lag":0.15,"gcd_lag_stddev":0.037,"channel_lag":0.25,"channel_lag_stddev":0.062,"queue_gcd_reduction":0.1,"strict_gcd_queue":0,"confidence":0.95,"confidence_estimator":1.9599639854089754,"world_lag":0.1,"world_lag_stddev":0.01,"travel_variance":0.0,"default_skill":1.0,"reaction_time":0.5,"regen_periodicity":0.25,"ignite_sampling_delta":0.2,"fixed_time":true,"optimize_expressions":true,"optimal_raid":1,"log":0,"debug_each":0,"stat_cache":1,"max_aoe_enemies":20,"show_etmi":false,"tmi_window_global":0.0,"tmi_bin_size":0.5,"enemy_death_pct":0.0,"challenge_mode":false,"timewalk":-1,"pvp_crit":false,"rng":{"name":"sse2-sfmt"},"deterministic":0,"average_range":1,"average_gauss":0,"fight_style":"Patchwerk","default_aura_delay":0.03,"default_aura_delay_stddev":0.005,"dbc":{"Live":{"build_level":27404,"wow_version":"8.0.1"},"version_used":"Live"}},"overrides":{"arcane_intellect":1,"battle_shout":1,"power_word_fortitude":1,"chaos_brand":1,"mystic_touch":1,"mortal_wounds":1,"bleeding":1,"bloodlust":1,"bloodlust_percent":25,"bloodlust_time":0.5},"statistics":{"elapsed_cpu_seconds":20254.490497999992,"elapsed_time_seconds":21.476298,"init_time_seconds":2.659311909000001,"merge_time_seconds":0.007494434999999999,"analyze_time_seconds":0.177490198,"simulation_length":{"sum":239842.373,"count":797,"mean":300.9314592220828,"min":240.30100000000002,"max":359.98900000000003,"median":300.63100000000003,"variance":1193.2365885268819,"std_dev":34.543256773600284,"mean_variance":1.4971600859810312,"mean_std_dev":1.2235849320668473},"raid_dps":{"sum":15893004.855650296,"count":797,"mean":19941.034950627723},"total_dmg":{"sum":4780968138.453406,"count":797,"mean":5998705.318009293},"total_iterations":178045,"total_actors":216,"total_iterations_mean":824.2824074074074,"total_iterations_variance":589139.7731481481,"total_iterations_stddev":767.5544105456942,"total_mean_dps_stddev":21.058773836338144,"total_mean_dps_variance":443.47195549003993},"player":{"name":"Template","race":"gnome","level":120,"role":"attack","specialization":"Fury Warrior","profile_source":"default","talents":[{"tier":1,"id":22633,"spell_id":202296,"name":"Endless Rage"},{"tier":2,"id":23093,"spell_id":107570,"name":"Storm Bolt"},{"tier":3,"id":23372,"spell_id":100130,"name":"Furious Slash"},{"tier":4,"id":22627,"spell_id":202163,"name":"Bounding Stride"},{"tier":5,"id":22383,"spell_id":202922,"name":"Carnage"},{"tier":6,"id":22398,"spell_id":118000,"name":"Dragon Roar"},{"tier":7,"id":16037,"spell_id":280772,"name":"Siegebreaker"}],"party":0,"ready_type":0,"bugs":true,"scale_player":true,"potion_used":false,"timeofday":"DAY_TIME","invert_scaling":0,"reaction_offset":0.1,"reaction_max":1.4000000000000001,"reaction_mean":0.3,"reaction_stddev":0.06,"reaction_nu":0.25,"world_lag":0.1,"brain_lag":0.0,"brain_lag_stddev":0.0,"world_lag_override":false,"world_lag_stddev_override":false,"dbc":{"Live":{"build_level":27404,"wow_version":"8.0.1"},"version_used":"Live"},"collected_data":{"fight_length":{"sum":239842.373,"count":797,"mean":300.9314592220828,"min":240.30100000000002,"max":359.98900000000003},"executed_foreground_actions":{"sum":259950.0,"count":797,"mean":326.1606022584693,"min":260.0,"max":389.0},"dmg":{"sum":4780968138.453406,"count":797,"mean":5998705.318009293,"min":4506886.513037153,"max":7454896.414181736},"compound_dmg":{"sum":4780968138.453406,"count":797,"mean":5998705.318009293,"min":4506886.513037153,"max":7454896.414181736},"timeline_dmg":{"mean":20601.205356490238,"mean_std_dev":8727.31712476489,"min":0.0,"max":50385.38416594154,