{"results":[["Trait","325","340","355","370","385"],["Laser Matrix",330,561,790,1110,1475],["Archive of the Titans",355,577,848,1145,1448],["Relational Normalization Gizmo",287,539,762,1056,1407],["Synaptic Spark Capacitor",627,882,1219,1538,1960],["Gutripper",104,283,506,741,1030],["Sylvanas' Resolve / Anduin's Dedication",383,566,856,1178,1497],["Swirling Sands",469,731,934,1220,1539],["Tradewinds",464,642,898,1176,1487],["Ricocheting Inflatable Pyrosaw",290,529,789,1100,1385],["Heed My Call",158,387,660,882,1171],["Barrage Of Many Bombs",544,782,1090,1405,1796],["Fan of Blades",292,545,748,1033,1405],["Twist the Knife",212,411,605,866,1169],["Meticulous Scheming",205,434,634,904,1147],["Poisoned Wire",24,188,357,630,863],["Tidal Surge",233,458,747,1005,1334],["Collective Will / Stand As One",148,306,537,799,1091],["Combined Might / Stronger Together",73,311,457,724,985],["Battlefield Focus / Battlefield Precision",27,223,406,651,897],["Retaliatory Fury / Last Gift",255,424,658,911,1186],["Glory in Battle / Liberator's Might",258,488,681,930,1240],["Blood Rite",200,373,561,861,1132],["Incite the Pack",407,613,900,1119,1439],["Unstable Flames",157,340,560,825,1109],["Unstable Catalyst",419,642,939,1237,1612],["Azerite Globules",232,420,639,942,1241],["Dagger in the Back",416,680,973,1281,1615],["Scent of Blood",744,1004,1322,1706,2176],["Earthlink",143,329,568,823,1176],["Rezan's Fury",296,497,734,1076,1391],["Double Dose",20,174,365,614,885],["Secrets of the Deep",382,604,845,1164,1538],["Blood Siphon",174,350,563,835,1073],["Ruinous Bolt",174,345,569,846,1166],["Sharpened Blades",-19,203,440,711,1038],["Overwhelming Power",77,254,481,718,991],["Thunderous Blast",378,614,870,1226,1526],["Shrouded Suffocation",584,819,1144,1509,1968],["Champion of Azeroth",464,689,960,1217,1514],["Filthy Transfusion",203,433,702,957,1301],["Blightborne Infusion",513,755,1015,1293,1632],["Elemental Whirl",133,321,537,782,1064]],"metas":{"build_date":"Aug 24 2018","build_time":"16:25:12","git_revision":"54b1c51bc4","options":{"debug":false,"max_time":300.0,"expected_iteration_time":348.72700000000003,"vary_combat_length":0.2,"iterations":474,"target_error":0.2,"threads":32,"seed":714868781702437135,"single_actor_batch":false,"queue_lag":0.005,"queue_lag_stddev":0.001,"gcd_lag":0.15,"gcd_lag_stddev":0.037,"channel_lag":0.25,"channel_lag_stddev":0.062,"queue_gcd_reduction":0.1,"strict_gcd_queue":0,"confidence":0.95,"confidence_estimator":1.9599639854089754,"world_lag":0.1,"world_lag_stddev":0.01,"travel_variance":0.0,"default_skill":1.0,"reaction_time":0.5,"regen_periodicity":0.25,"ignite_sampling_delta":0.2,"fixed_time":true,"optimize_expressions":true,"optimal_raid":1,"log":0,"debug_each":0,"stat_cache":1,"max_aoe_enemies":20,"show_etmi":false,"tmi_window_global":0.0,"tmi_bin_size":0.5,"enemy_death_pct":0.0,"challenge_mode":false,"timewalk":-1,"pvp_crit":false,"rng":{"name":"sse2-sfmt"},"deterministic":0,"average_range":1,"average_gauss":0,"fight_style":"Patchwerk","default_aura_delay":0.03,"default_aura_delay_stddev":0.005,"dbc":{"Live":{"build_level":27404,"wow_version":"8.0.1"},"version_used":"Live"}},"overrides":{"arcane_intellect":1,"battle_shout":1,"power_word_fortitude":1,"chaos_brand":1,"mystic_touch":1,"mortal_wounds":1,"bleeding":1,"bloodlust":1,"bloodlust_percent":25,"bloodlust_time":0.5},"statistics":{"elapsed_cpu_seconds":14723.090782999996,"elapsed_time_seconds":15.761622,"init_time_seconds":3.3497782649999994,"merge_time_seconds":0.0071599939999999985,"analyze_time_seconds":0.099389129,"simulation_length":{"sum":132736.48300000004,"count":442,"mean":300.3087850678734,"min":240.324,"max":359.879,"median":298.73900000000003,"variance":1194.8629063587814,"std_dev":34.566789066368045,"mean_variance":2.7033097428931705,"mean_std_dev":1.644174486754119},"raid_dps":{"sum":7957167.6335683,"count":442,"mean":18002.641704905654},"total_dmg":{"sum":2387686415.667477,"count":442,"mean":5402005.465311035},"total_iterations":88024,"total_actors":211,"total_iterations_mean":417.17535545023696,"total_iterations_variance":426632.51184834156,"total_iterations_stddev":653.1711198823334,"total_mean_dps_stddev":19.135183826943013,"total_mean_dps_variance":366.15526009090144},"player":{"name":"Template","race":"troll","level":120,"role":"attack","specialization":"Assassination Rogue","profile_source":"default","talents":[{"tier":1,"id":22338,"spell_id":193640,"name":"Elaborate Planning"},{"tier":2,"id":22332,"spell_id":108208,"name":"Subterfuge"},{"tier":3,"id":19239,"spell_id":14983,"name":"Vigor"},{"tier":6,"id":23015,"spell_id":245388,"name":"Toxic Blade"},{"tier":7,"id":21186,"spell_id":255544,"name":"Poison Bomb"}],"party":0,"ready_type":1,"bugs":true,"scale_player":true,"potion_used":false,"timeofday":"DAY_TIME","invert_scaling":0,"reaction_offset":0.1,"reaction_max":1.4000000000000001,"reaction_mean":0.3,"reaction_stddev":0.06,"reaction_nu":0.25,"world_lag":0.1,"brain_lag":0.0,"brain_lag_stddev":0.0,"world_lag_override":false,"world_lag_stddev_override":false,"dbc":{"Live":{"build_level":27404,"wow_version":"8.0.1"},"version_used":"Live"},"base_energy_regen_per_second":11.0,"collected_data":{"fight_length":{"sum":132736.48299999998,"count":442,"mean":300.30878506787326,"min":240.324,"max":359.879},"executed_foreground_actions":{"sum":137245.0,"count":442,"mean":310.50904977375563,"min":248.0,"max":371.0},"dmg":{"sum":2387686415.667477,"count":442,"mean":5402005.465311035,"min":4230653.7939200625,"max":6596146.108695254},"compound_dmg":{"sum":2387686415.667477,"count":442,"mean":5402005.465311035,"min":4230653.7939200625,"max":6596146.108695254},"timeline_dmg":{"mean":18901.08226977994,"mean_std_dev":4276.832994795287,"min":2797.80294308714,"max":38439.22707057724,