{"results":[["Trait","325","340","355","370","385"],["Thunderous Blast",357,551,764,1029,1288],["Tidal Surge",259,407,609,835,1110],["Azerite Globules",163,307,501,692,924],["Dagger in the Back",365,514,743,970,1259],["Unstable Flames",117,226,402,575,805],["Secrets of the Deep",279,462,663,890,1155],["Gutripper",112,253,436,611,860],["Blood Rite",185,337,497,711,914],["Heed My Call",165,342,495,704,965],["Filthy Transfusion",227,392,566,787,1048],["Relational Normalization Gizmo",276,450,624,866,1094],["Synaptic Spark Capacitor",462,680,910,1194,1512],["Sylvanas' Resolve / Anduin's Dedication",277,449,623,899,1133],["Swirling Sands",283,454,626,830,1037],["Laser Matrix",347,499,751,963,1230],["Tradewinds",106,263,444,618,847],["Ricocheting Inflatable Pyrosaw",223,383,566,812,1054],["Barrage Of Many Bombs",451,639,883,1131,1419],["Blur of Talons",153,287,424,651,901],["Up Close And Personal",104,254,399,606,820],["Serrated Jaws",122,242,415,608,832],["Glory in Battle / Liberator's Might",184,356,486,682,924],["Latent Poison",273,418,631,865,1137],["Venomous Fangs",167,359,531,722,980],["Combined Might / Stronger Together",42,187,331,525,741],["Meticulous Scheming",152,314,494,651,853],["Wilderness Survival",192,332,493,664,938],["Retaliatory Fury / Last Gift",70,194,369,547,764],["Wildfire Cluster",452,683,882,1156,1460],["Incite the Pack",116,283,402,613,812],["Collective Will / Stand As One",100,243,403,618,790],["Battlefield Focus / Battlefield Precision",-1,152,320,490,697],["Overwhelming Power",127,273,466,628,826],["Ruinous Bolt",156,323,471,686,904],["Unstable Catalyst",297,470,717,983,1183],["Blood Siphon",112,230,368,594,807],["Champion of Azeroth",306,461,654,821,1041],["Blightborne Infusion",329,481,664,861,1095],["Earthlink",90,282,417,633,860],["Rezan's Fury",236,427,628,827,1082],["Elemental Whirl",86,238,364,577,789]],"metas":{"build_date":"Aug 18 2018","build_time":"08:59:09","git_revision":"7948886e6d","options":{"debug":false,"max_time":300.0,"expected_iteration_time":310.30400000000003,"vary_combat_length":0.2,"iterations":949,"target_error":0.2,"threads":32,"seed":7542487126660923448,"single_actor_batch":false,"queue_lag":0.005,"queue_lag_stddev":0.001,"gcd_lag":0.15,"gcd_lag_stddev":0.037,"channel_lag":0.25,"channel_lag_stddev":0.062,"queue_gcd_reduction":0.1,"strict_gcd_queue":0,"confidence":0.95,"confidence_estimator":1.9599639854089754,"world_lag":0.1,"world_lag_stddev":0.01,"travel_variance":0.0,"default_skill":1.0,"reaction_time":0.5,"regen_periodicity":0.25,"ignite_sampling_delta":0.2,"fixed_time":true,"optimize_expressions":true,"optimal_raid":1,"log":0,"debug_each":0,"stat_cache":1,"max_aoe_enemies":20,"show_etmi":false,"tmi_window_global":0.0,"tmi_bin_size":0.5,"enemy_death_pct":0.0,"challenge_mode":false,"timewalk":-1,"pvp_crit":false,"rng":{"name":"sse2-sfmt"},"deterministic":0,"average_range":1,"average_gauss":0,"fight_style":"Patchwerk","default_aura_delay":0.03,"default_aura_delay_stddev":0.005,"dbc":{"bfa-BETA":{"build_level":26095,"wow_version":"8.0.1"},"version_used":"bfa-BETA"}},"overrides":{"arcane_intellect":1,"battle_shout":1,"power_word_fortitude":1,"chaos_brand":1,"mystic_touch":1,"mortal_wounds":1,"bleeding":1,"bloodlust":1,"bloodlust_percent":25,"bloodlust_time":0.5},"statistics":{"elapsed_cpu_seconds":21552.927417,"elapsed_time_seconds":22.817523,"init_time_seconds":3.0318856839999992,"merge_time_seconds":0.008295576,"analyze_time_seconds":0.1733466799999999,"simulation_length":{"sum":275461.142,"count":917,"mean":300.3938298800436,"min":240.803,"max":359.819,"median":299.645,"variance":1233.521920666806,"std_dev":35.1215307278428,"mean_variance":1.3451711239550774,"mean_std_dev":1.1598151249035673},"raid_dps":{"sum":12568416.125964902,"count":917,"mean":13706.015404541879},"total_dmg":{"sum":3773281159.358631,"count":917,"mean":4114810.4246004703},"total_iterations":183351,"total_actors":206,"total_iterations_mean":890.0533980582525,"total_iterations_variance":822364.4126213595,"total_iterations_stddev":906.8431025383385,"total_mean_dps_stddev":14.561769658171572,"total_mean_dps_variance":212.04513557764622},"player":{"name":"Template","race":"lightforged_draenei","level":120,"role":"attack","specialization":"Survival Hunter","profile_source":"default","talents":[{"tier":1,"id":22275,"spell_id":268501,"name":"Viper's Venom"},{"tier":2,"id":21997,"spell_id":264332,"name":"Guerrilla Tactics"},{"tier":4,"id":22277,"spell_id":260248,"name":"Bloodseeker"},{"tier":6,"id":22278,"spell_id":259387,"name":"Mongoose Bite"},{"tier":7,"id":22272,"spell_id":260331,"name":"Birds of Prey"}],"party":0,"ready_type":0,"bugs":true,"scale_player":true,"potion_used":false,"timeofday":"DAY_TIME","invert_scaling":0,"reaction_offset":0.1,"reaction_max":1.4000000000000001,"reaction_mean":0.3,"reaction_stddev":0.06,"reaction_nu":0.25,"world_lag":0.1,"brain_lag":0.0,"brain_lag_stddev":0.0,"world_lag_override":false,"world_lag_stddev_override":false,"dbc":{"bfa-BETA":{"build_level":26095,"wow_version":"8.0.1"},"version_used":"bfa-BETA"},"base_focus_regen_per_second":5.0,"collected_data":{"fight_length":{"sum":275461.142,"count":917,"mean":300.3938298800436,"min":240.803,"max":359.819},"waiting_time":{"sum":60328.200000000004,"count":917,"mean":65.7886586695747,"min":27.2,"max":105.0},"executed_foreground_actions":{"sum":196746.0,"count":917,"mean":214.55398037077427,"min":161.0,"max":279.0},"dmg":{"sum":2966865431.964181,"count":917,"mean":3235403.9607024873,"min":2433963.324280205,"max":4014030.1579317534},"compound_dmg":{"sum":3773281159.358631,"count":917,"mean":4114810.4246004703,"min":3127285.943613262,"max":5045642.66029485},"timeline_dmg":{"mean":13702.860583432785,"mean_std_dev":12002.548565486673,"min":1291.7712977096332,"max":162549.29621173957,