{"results":[["Trait","325","340","355","370","385"],["Thunderous Blast",360,527,710,951,1219],["Azerite Globules",123,250,439,620,813],["Tidal Surge",264,447,641,829,1062],["Secrets of the Deep",279,439,629,817,1024],["Gutripper",128,241,425,595,821],["Unstable Flames",129,281,445,579,819],["Blood Rite",226,367,522,666,929],["Heed My Call",163,327,478,673,912],["Relational Normalization Gizmo",268,449,633,824,1051],["Arcane Pummeling",132,247,411,606,805],["Synaptic Spark Capacitor",516,715,950,1249,1512],["Sylvanas' Resolve / Anduin's Dedication",293,439,619,836,1082],["Swirling Sands",349,536,676,830,1041],["Meticulous Scheming",97,217,365,541,776],["Ricocheting Inflatable Pyrosaw",188,347,541,725,984],["Laser Matrix",329,517,709,907,1127],["Tradewinds",239,365,565,774,969],["Collective Will / Stand As One",68,226,385,554,742],["Barrage Of Many Bombs",394,567,735,984,1258],["Incite the Pack",239,372,536,712,941],["Brain Storm",205,360,493,723,958],["Arcane Pressure",738,933,1204,1510,1874],["Glory in Battle / Liberator's Might",194,349,560,717,958],["Explosive Echo",488,709,922,1192,1467],["Ruinous Bolt",159,293,480,662,886],["Dagger in the Back",311,512,681,943,1170],["Galvanizing Spark",283,467,673,864,1123],["Filthy Transfusion",226,386,596,744,1019],["Combined Might / Stronger Together",78,210,341,523,733],["Battlefield Focus / Battlefield Precision",30,187,316,476,676],["Anomalous Impact",101,231,382,568,751],["Retaliatory Fury / Last Gift",126,281,402,629,796],["Unstable Catalyst",280,436,651,886,1095],["Blood Siphon",111,243,383,555,732],["Overwhelming Power",148,311,447,638,833],["Champion of Azeroth",363,557,721,864,1130],["Blightborne Infusion",429,579,753,938,1174],["Earthlink",104,245,392,607,796],["Rezan's Fury",251,405,616,792,1052],["Elemental Whirl",137,254,420,605,788]],"metas":{"build_date":"Aug 18 2018","build_time":"08:59:09","git_revision":"7948886e6d","options":{"debug":false,"max_time":300.0,"expected_iteration_time":340.07800000000003,"vary_combat_length":0.2,"iterations":1594,"target_error":0.2,"threads":32,"seed":11922876777832832410,"single_actor_batch":false,"queue_lag":0.005,"queue_lag_stddev":0.001,"gcd_lag":0.15,"gcd_lag_stddev":0.037,"channel_lag":0.25,"channel_lag_stddev":0.062,"queue_gcd_reduction":0.1,"strict_gcd_queue":0,"confidence":0.95,"confidence_estimator":1.9599639854089754,"world_lag":0.1,"world_lag_stddev":0.01,"travel_variance":0.0,"default_skill":1.0,"reaction_time":0.5,"regen_periodicity":0.25,"ignite_sampling_delta":0.2,"fixed_time":true,"optimize_expressions":true,"optimal_raid":1,"log":0,"debug_each":0,"stat_cache":1,"max_aoe_enemies":20,"show_etmi":false,"tmi_window_global":0.0,"tmi_bin_size":0.5,"enemy_death_pct":0.0,"challenge_mode":false,"timewalk":-1,"pvp_crit":false,"rng":{"name":"sse2-sfmt"},"deterministic":0,"average_range":1,"average_gauss":0,"fight_style":"Patchwerk","default_aura_delay":0.03,"default_aura_delay_stddev":0.005,"dbc":{"bfa-BETA":{"build_level":26095,"wow_version":"8.0.1"},"version_used":"bfa-BETA"}},"overrides":{"arcane_intellect":1,"battle_shout":1,"power_word_fortitude":1,"chaos_brand":1,"mystic_touch":1,"mortal_wounds":1,"bleeding":1,"bloodlust":1,"bloodlust_percent":25,"bloodlust_time":0.5},"statistics":{"elapsed_cpu_seconds":14099.648259000005,"elapsed_time_seconds":15.000932,"init_time_seconds":2.7331025269999976,"merge_time_seconds":0.006690753999999999,"analyze_time_seconds":0.38618164099999985,"simulation_length":{"sum":468682.04899999994,"count":1562,"mean":300.05252816901407,"min":240.115,"max":359.841,"median":301.175,"variance":1238.5758964886436,"std_dev":35.19340700313972,"mean_variance":0.7929423152936259,"mean_std_dev":0.890473085103433},"raid_dps":{"sum":26286639.455090843,"count":1562,"mean":16828.83447829119},"total_dmg":{"sum":7876829491.67434,"count":1562,"mean":5042784.565732612},"total_iterations":306009,"total_actors":201,"total_iterations_mean":1522.4328358208954,"total_iterations_variance":1562841.3432835815,"total_iterations_stddev":1250.1365298572719,"total_mean_dps_stddev":17.77064050032829,"total_mean_dps_variance":315.7956637919081},"player":{"name":"Template","race":"troll","level":120,"role":"spell","specialization":"Arcane Mage","profile_source":"default","talents":[{"tier":1,"id":22461,"spell_id":264354,"name":"Rule of Threes"},{"tier":3,"id":22447,"spell_id":116011,"name":"Rune of Power"},{"tier":4,"id":22467,"spell_id":205032,"name":"Charged Up"},{"tier":6,"id":22449,"spell_id":210725,"name":"Touch of the Magi"},{"tier":7,"id":21630,"spell_id":155147,"name":"Overpowered"}],"party":0,"ready_type":0,"bugs":true,"scale_player":true,"potion_used":false,"timeofday":"DAY_TIME","invert_scaling":0,"reaction_offset":0.1,"reaction_max":1.4000000000000001,"reaction_mean":0.3,"reaction_stddev":0.06,"reaction_nu":0.25,"world_lag":0.1,"brain_lag":0.0,"brain_lag_stddev":0.0,"world_lag_override":false,"world_lag_stddev_override":false,"dbc":{"bfa-BETA":{"build_level":26095,"wow_version":"8.0.1"},"version_used":"bfa-BETA"},"base_mana_regen_per_second":2000.0,"collected_data":{"fight_length":{"sum":468682.0489999999,"count":1562,"mean":300.052528169014,"min":240.115,"max":359.841},"executed_foreground_actions":{"sum":329915.0,"count":1562,"mean":211.21318822023048,"min":168.0,"max":253.0},"dmg":{"sum":7876829491.67434,"count":1562,"mean":5042784.565732612,"min":3745896.070141743,"max":6401198.586140383},"compound_dmg":{"sum":7876829491.67434,"count":1562,"mean":5042784.565732612,"min":3745896.070141743,"max":6401198.586140383},"timeline_dmg":{"mean":16869.715802909257,"mean_std_dev":10172.6145659665,"min":0.0,"max":81326.97644215952,