{"results":[["Trait","325","340","355","370","385"],["Thunderous Blast",330,482,656,857,1073],["Azerite Globules",101,243,361,523,765],["Tidal Surge",243,406,537,743,1002],["Secrets of the Deep",184,308,476,656,858],["Gutripper",98,207,337,475,662],["Unstable Flames",57,209,347,448,639],["Blood Rite",198,334,490,622,796],["Heed My Call",111,236,398,516,761],["Filthy Transfusion",197,319,461,614,828],["Relational Normalization Gizmo",238,390,561,731,908],["Synaptic Spark Capacitor",424,587,780,984,1232],["Flames of Alacrity",184,286,470,593,811],["Sylvanas' Resolve / Anduin's Dedication",172,332,486,639,874],["Swirling Sands",309,469,628,791,971],["Meticulous Scheming",219,358,471,625,792],["Ricocheting Inflatable Pyrosaw",195,345,475,659,826],["Laser Matrix",297,498,606,842,1077],["Tradewinds",435,529,687,886,1063],["Collective Will / Stand As One",24,180,298,427,568],["Barrage Of Many Bombs",318,429,642,848,1081],["Preheat",-53,68,200,399,614],["Blood Siphon",143,274,372,543,680],["Firemind",198,305,468,645,829],["Incite the Pack",365,517,689,822,1047],["Combined Might / Stronger Together",49,142,254,408,609],["Blaster Master",510,646,821,1012,1242],["Duplicative Incineration",660,798,991,1214,1490],["Battlefield Focus / Battlefield Precision",-14,116,226,373,523],["Blightborne Infusion",351,465,629,865,1024],["Trailing Embers",163,293,454,623,813],["Retaliatory Fury / Last Gift",225,339,446,653,777],["Glory in Battle / Liberator's Might",174,328,455,641,778],["Ruinous Bolt",141,301,426,585,797],["Overwhelming Power",133,231,356,516,724],["Unstable Catalyst",235,382,509,706,926],["Champion of Azeroth",389,527,676,851,1027],["Dagger in the Back",332,516,653,869,1114],["Earthlink",62,168,343,452,631],["Rezan's Fury",214,376,544,737,940],["Elemental Whirl",95,234,339,516,658]],"metas":{"build_date":"Aug 17 2018","build_time":"14:03:13","git_revision":"f3206853b5","options":{"debug":false,"max_time":300.0,"expected_iteration_time":291.45300000000003,"vary_combat_length":0.2,"iterations":1904,"target_error":0.2,"threads":32,"seed":6323642312773781383,"single_actor_batch":false,"queue_lag":0.005,"queue_lag_stddev":0.001,"gcd_lag":0.15,"gcd_lag_stddev":0.037,"channel_lag":0.25,"channel_lag_stddev":0.062,"queue_gcd_reduction":0.1,"strict_gcd_queue":0,"confidence":0.95,"confidence_estimator":1.9599639854089754,"world_lag":0.1,"world_lag_stddev":0.01,"travel_variance":0.0,"default_skill":1.0,"reaction_time":0.5,"regen_periodicity":0.25,"ignite_sampling_delta":0.2,"fixed_time":true,"optimize_expressions":true,"optimal_raid":1,"log":0,"debug_each":0,"stat_cache":1,"max_aoe_enemies":20,"show_etmi":false,"tmi_window_global":0.0,"tmi_bin_size":0.5,"enemy_death_pct":0.0,"challenge_mode":false,"timewalk":-1,"pvp_crit":false,"rng":{"name":"sse2-sfmt"},"deterministic":0,"average_range":1,"average_gauss":0,"fight_style":"Patchwerk","default_aura_delay":0.03,"default_aura_delay_stddev":0.005,"dbc":{"bfa-BETA":{"build_level":26095,"wow_version":"8.0.1"},"version_used":"bfa-BETA"}},"overrides":{"arcane_intellect":1,"battle_shout":1,"power_word_fortitude":1,"chaos_brand":1,"mystic_touch":1,"mortal_wounds":1,"bleeding":1,"bloodlust":1,"bloodlust_percent":25,"bloodlust_time":0.5},"statistics":{"elapsed_cpu_seconds":18405.731578000003,"elapsed_time_seconds":19.679644,"init_time_seconds":3.091490515999999,"merge_time_seconds":0.005227291,"analyze_time_seconds":0.33828582500000004,"simulation_length":{"sum":560400.4500000002,"count":1872,"mean":299.35921474358986,"min":240.067,"max":359.943,"median":299.874,"variance":1195.3027206686284,"std_dev":34.57315028557028,"mean_variance":0.6385164106135836,"mean_std_dev":0.7990722186470904},"raid_dps":{"sum":27761275.105827656,"count":1872,"mean":14829.740975335286},"total_dmg":{"sum":8304762830.163502,"count":1872,"mean":4436304.930642896},"total_iterations":348730,"total_actors":201,"total_iterations_mean":1734.9751243781095,"total_iterations_variance":1912104.8756218923,"total_iterations_stddev":1382.7888036941476,"total_mean_dps_stddev":15.65927923536647,"total_mean_dps_variance":245.21302617117948},"player":{"name":"Template","race":"dark_iron_dwarf","level":120,"role":"spell","specialization":"Fire Mage","profile_source":"default","talents":[{"tier":1,"id":22456,"spell_id":205026,"name":"Firestarter"},{"tier":3,"id":22444,"spell_id":1463,"name":"Incanter's Flow"},{"tier":4,"id":22450,"spell_id":205029,"name":"Flame On"},{"tier":6,"id":23362,"spell_id":205023,"name":"Conflagration"},{"tier":7,"id":22220,"spell_id":269650,"name":"Pyroclasm"}],"party":0,"ready_type":0,"bugs":true,"scale_player":true,"potion_used":false,"timeofday":"DAY_TIME","invert_scaling":0,"reaction_offset":0.1,"reaction_max":1.4000000000000001,"reaction_mean":0.3,"reaction_stddev":0.06,"reaction_nu":0.25,"world_lag":0.1,"brain_lag":0.0,"brain_lag_stddev":0.0,"world_lag_override":false,"world_lag_stddev_override":false,"dbc":{"bfa-BETA":{"build_level":26095,"wow_version":"8.0.1"},"version_used":"bfa-BETA"},"base_mana_regen_per_second":2000.0,"collected_data":{"fight_length":{"sum":560400.4500000002,"count":1872,"mean":299.35921474358986,"min":240.067,"max":359.943},"executed_foreground_actions":{"sum":394599.0,"count":1872,"mean":210.79006410256412,"min":165.0,"max":255.0},"dmg":{"sum":8304762830.163502,"count":1872,"mean":4436304.930642896,"min":3246299.5381536884,"max":5574499.912411754},"compound_dmg":{"sum":8304762830.163502,"count":1872,"mean":4436304.930642896,"min":3246299.5381536884,"max":5574499.912411754},"timeline_dmg":{"mean":14549.708771368496,"mean_std_dev":7481.156654016075,"min":899.5469544592995,"max":50254.20406107952,