{"results":[["Trait","325","340","355","370","385"],["Thunderous Blast",400,595,864,1173,1509],["Tidal Surge",304,495,745,1018,1339],["Azerite Globules",237,442,670,901,1234],["Secrets of the Deep",399,597,882,1154,1479],["Filthy Transfusion",253,477,673,923,1269],["Blood Rite",191,364,615,831,1076],["Relational Normalization Gizmo",366,508,763,1074,1396],["Synaptic Spark Capacitor",653,903,1226,1577,1978],["Gutripper",156,311,517,750,1043],["Sylvanas' Resolve / Anduin's Dedication",367,566,860,1151,1474],["Swirling Sands",480,662,887,1180,1518],["Meticulous Scheming",245,442,635,895,1196],["Ricocheting Inflatable Pyrosaw",353,531,800,1081,1407],["Laser Matrix",364,587,800,1114,1448],["Tradewinds",464,654,881,1169,1443],["Heed My Call",214,400,653,888,1192],["Collective Will / Stand As One",144,336,538,798,1058],["Barrage Of Many Bombs",571,758,1050,1395,1776],["Dagger in the Back",418,681,921,1239,1599],["Unstable Flames",193,381,584,820,1071],["Shrouded Suffocation",689,948,1231,1629,2014],["Fan of Blades",309,537,779,1082,1356],["Twist the Knife",166,366,575,804,1102],["Scent of Blood",729,998,1324,1657,2071],["Sharpened Blades",28,233,423,723,1053],["Poisoned Wire",20,179,376,573,827],["Double Dose",13,194,381,606,827],["Overwhelming Power",98,271,477,707,976],["Unstable Catalyst",430,649,898,1214,1531],["Earthlink",112,313,562,815,1111],["Incite the Pack",400,652,845,1129,1362],["Combined Might / Stronger Together",77,259,474,715,990],["Battlefield Focus / Battlefield Precision",34,208,416,631,894],["Retaliatory Fury / Last Gift",262,408,636,848,1164],["Glory in Battle / Liberator's Might",240,438,700,926,1217],["Ruinous Bolt",165,399,580,873,1162],["Blood Siphon",157,367,584,806,1079],["Champion of Azeroth",470,707,949,1197,1528],["Blightborne Infusion",529,711,943,1254,1529],["Rezan's Fury",349,554,772,1082,1424],["Elemental Whirl",144,347,542,798,1073]],"metas":{"build_date":"Aug 17 2018","build_time":"14:03:13","git_revision":"f3206853b5","options":{"debug":false,"max_time":300.0,"expected_iteration_time":303.38800000000003,"vary_combat_length":0.2,"iterations":455,"target_error":0.2,"threads":32,"seed":11593896462238616015,"single_actor_batch":false,"queue_lag":0.005,"queue_lag_stddev":0.001,"gcd_lag":0.15,"gcd_lag_stddev":0.037,"channel_lag":0.25,"channel_lag_stddev":0.062,"queue_gcd_reduction":0.1,"strict_gcd_queue":0,"confidence":0.95,"confidence_estimator":1.9599639854089754,"world_lag":0.1,"world_lag_stddev":0.01,"travel_variance":0.0,"default_skill":1.0,"reaction_time":0.5,"regen_periodicity":0.25,"ignite_sampling_delta":0.2,"fixed_time":true,"optimize_expressions":true,"optimal_raid":1,"log":0,"debug_each":0,"stat_cache":1,"max_aoe_enemies":20,"show_etmi":false,"tmi_window_global":0.0,"tmi_bin_size":0.5,"enemy_death_pct":0.0,"challenge_mode":false,"timewalk":-1,"pvp_crit":false,"rng":{"name":"sse2-sfmt"},"deterministic":0,"average_range":1,"average_gauss":0,"fight_style":"Patchwerk","default_aura_delay":0.03,"default_aura_delay_stddev":0.005,"dbc":{"bfa-BETA":{"build_level":26095,"wow_version":"8.0.1"},"version_used":"bfa-BETA"}},"overrides":{"arcane_intellect":1,"battle_shout":1,"power_word_fortitude":1,"chaos_brand":1,"mystic_touch":1,"mortal_wounds":1,"bleeding":1,"bloodlust":1,"bloodlust_percent":25,"bloodlust_time":0.5},"statistics":{"elapsed_cpu_seconds":14462.630841999999,"elapsed_time_seconds":15.413965999999999,"init_time_seconds":3.260783191999999,"merge_time_seconds":0.007129009000000001,"analyze_time_seconds":0.09398366000000004,"simulation_length":{"sum":126804.755,"count":423,"mean":299.7748345153664,"min":240.78900000000002,"max":359.997,"median":298.051,"variance":1224.5521557929458,"std_dev":34.99360164077064,"mean_variance":2.894922354120439,"mean_std_dev":1.701447135270573},"raid_dps":{"sum":7341755.900883523,"count":423,"mean":17356.396928802653},"total_dmg":{"sum":2199353049.1923537,"count":423,"mean":5199416.191944099},"total_iterations":84102,"total_actors":206,"total_iterations_mean":408.2621359223301,"total_iterations_variance":462031.8446601943,"total_iterations_stddev":679.7292436405795,"total_mean_dps_stddev":18.467280766261045,"total_mean_dps_variance":341.0404588999151},"player":{"name":"Template","race":"human","level":120,"role":"attack","specialization":"Assassination Rogue","profile_source":"default","talents":[{"tier":1,"id":22338,"spell_id":193640,"name":"Elaborate Planning"},{"tier":2,"id":22332,"spell_id":108208,"name":"Subterfuge"},{"tier":3,"id":19239,"spell_id":14983,"name":"Vigor"},{"tier":6,"id":22344,"spell_id":200806,"name":"Exsanguinate"},{"tier":7,"id":21186,"spell_id":255544,"name":"Poison Bomb"}],"party":0,"ready_type":1,"bugs":true,"scale_player":true,"potion_used":false,"timeofday":"DAY_TIME","invert_scaling":0,"reaction_offset":0.1,"reaction_max":1.4000000000000001,"reaction_mean":0.3,"reaction_stddev":0.06,"reaction_nu":0.25,"world_lag":0.1,"brain_lag":0.0,"brain_lag_stddev":0.0,"world_lag_override":false,"world_lag_stddev_override":false,"dbc":{"bfa-BETA":{"build_level":26095,"wow_version":"8.0.1"},"version_used":"bfa-BETA"},"base_energy_regen_per_second":11.0,"collected_data":{"fight_length":{"sum":126804.75499999996,"count":423,"mean":299.77483451536636,"min":240.78900000000002,"max":359.997},"executed_foreground_actions":{"sum":130305.0,"count":423,"mean":308.0496453900709,"min":247.0,"max":369.0},"dmg":{"sum":2199353049.1923537,"count":423,"mean":5199416.191944099,"min":4054946.1354369777,"max":6382483.437812851},"compound_dmg":{"sum":2199353049.1923537,"count":423,"mean":5199416.191944099,"min":4054946.1354369777,"max":6382483.437812851},"timeline_dmg":{"mean":18264.15904875414,"mean_std_dev":3679.7835336589787,"min":2756.4399278151195,"max":34507.107765408706,