{"results":[["Trait","325","340","355","370","385"],["Thunderous Blast",371,532,768,1064,1335],["Azerite Globules",130,282,459,666,914],["Packed Ice",117,307,480,697,974],["Tidal Surge",251,420,626,892,1152],["Dagger in the Back",317,503,693,954,1218],["Unstable Flames",111,276,456,661,898],["Secrets of the Deep",309,497,737,981,1259],["Gutripper",120,296,463,654,900],["Blood Rite",167,345,539,771,950],["Tunnel of Ice",159,305,512,778,1006],["Filthy Transfusion",212,378,569,806,1088],["Relational Normalization Gizmo",296,431,690,926,1163],["Synaptic Spark Capacitor",496,731,953,1240,1593],["Sylvanas' Resolve / Anduin's Dedication",318,481,726,965,1235],["Swirling Sands",333,511,714,949,1195],["Meticulous Scheming",200,369,553,765,1028],["Ricocheting Inflatable Pyrosaw",215,389,572,823,1050],["Laser Matrix",341,495,716,967,1276],["Tradewinds",213,351,548,772,958],["Heed My Call",156,314,480,739,997],["Collective Will / Stand As One",96,227,401,657,889],["Barrage Of Many Bombs",379,598,834,1095,1374],["Frigid Grasp",-194,-39,165,370,609],["Retaliatory Fury / Last Gift",72,263,426,641,875],["Earthlink",116,275,458,647,949],["Winter's Reach",69,252,426,679,901],["Whiteout",-67,88,302,513,759],["Incite the Pack",174,352,516,734,984],["Combined Might / Stronger Together",38,168,385,567,777],["Battlefield Focus / Battlefield Precision",18,197,348,528,746],["Glory in Battle / Liberator's Might",49,246,413,620,854],["Ruinous Bolt",156,303,474,742,972],["Unstable Catalyst",352,592,766,1015,1319],["Blood Siphon",65,214,412,591,811],["Overwhelming Power",-66,100,242,446,651],["Champion of Azeroth",264,441,684,923,1170],["Blightborne Infusion",393,555,772,992,1226],["Elemental Whirl",59,234,380,608,850],["Glacial Assault",166,264,488,704,926],["Rezan's Fury",216,396,589,853,1103]],"metas":{"build_date":"Aug 18 2018","build_time":"19:28:46","git_revision":"4b57bdcdae","options":{"debug":false,"max_time":300.0,"expected_iteration_time":355.06100000000004,"vary_combat_length":0.2,"iterations":1738,"target_error":0.2,"threads":32,"seed":16190694235431904320,"single_actor_batch":false,"queue_lag":0.005,"queue_lag_stddev":0.001,"gcd_lag":0.15,"gcd_lag_stddev":0.037,"channel_lag":0.25,"channel_lag_stddev":0.062,"queue_gcd_reduction":0.1,"strict_gcd_queue":0,"confidence":0.95,"confidence_estimator":1.9599639854089754,"world_lag":0.1,"world_lag_stddev":0.01,"travel_variance":0.0,"default_skill":1.0,"reaction_time":0.5,"regen_periodicity":0.25,"ignite_sampling_delta":0.2,"fixed_time":true,"optimize_expressions":true,"optimal_raid":1,"log":0,"debug_each":0,"stat_cache":1,"max_aoe_enemies":20,"show_etmi":false,"tmi_window_global":0.0,"tmi_bin_size":0.5,"enemy_death_pct":0.0,"challenge_mode":false,"timewalk":-1,"pvp_crit":false,"rng":{"name":"sse2-sfmt"},"deterministic":0,"average_range":1,"average_gauss":0,"fight_style":"Patchwerk","default_aura_delay":0.03,"default_aura_delay_stddev":0.005,"dbc":{"bfa-BETA":{"build_level":26095,"wow_version":"8.0.1"},"version_used":"bfa-BETA"}},"overrides":{"arcane_intellect":1,"battle_shout":1,"power_word_fortitude":1,"chaos_brand":1,"mystic_touch":1,"mortal_wounds":1,"bleeding":1,"bloodlust":1,"bloodlust_percent":25,"bloodlust_time":0.5},"statistics":{"elapsed_cpu_seconds":30436.421509000018,"elapsed_time_seconds":32.51301,"init_time_seconds":2.770505256999999,"merge_time_seconds":0.006804273,"analyze_time_seconds":0.34355246900000025,"simulation_length":{"sum":511505.9030000001,"count":1706,"mean":299.82761019929666,"min":240.02700000000002,"max":359.986,"median":300.51,"variance":1182.138798719685,"std_dev":34.38224539961992,"mean_variance":0.692930128206146,"mean_std_dev":0.832424247728372},"raid_dps":{"sum":26576176.121075615,"count":1706,"mean":15578.063376949363},"total_dmg":{"sum":7951085603.492928,"count":1706,"mean":4660659.791027508},"total_iterations":348598,"total_actors":201,"total_iterations_mean":1734.318407960199,"total_iterations_variance":2144321.621890547,"total_iterations_stddev":1464.3502388057807,"total_mean_dps_stddev":16.473518462698983,"total_mean_dps_variance":271.37681054088426},"player":{"name":"Template","race":"pandaren","level":120,"role":"spell","specialization":"Frost Mage","profile_source":"default","talents":[{"tier":1,"id":22457,"spell_id":205027,"name":"Bone Chilling"},{"tier":3,"id":22444,"spell_id":1463,"name":"Incanter's Flow"},{"tier":4,"id":22469,"spell_id":257537,"name":"Ebonbolt"},{"tier":6,"id":22473,"spell_id":153595,"name":"Comet Storm"},{"tier":7,"id":21634,"spell_id":199786,"name":"Glacial Spike"}],"party":0,"ready_type":0,"bugs":true,"scale_player":true,"potion_used":false,"timeofday":"DAY_TIME","invert_scaling":0,"reaction_offset":0.1,"reaction_max":1.4000000000000001,"reaction_mean":0.3,"reaction_stddev":0.06,"reaction_nu":0.25,"world_lag":0.1,"brain_lag":0.0,"brain_lag_stddev":0.0,"world_lag_override":false,"world_lag_stddev_override":false,"dbc":{"bfa-BETA":{"build_level":26095,"wow_version":"8.0.1"},"version_used":"bfa-BETA"},"base_mana_regen_per_second":2000.0,"collected_data":{"fight_length":{"sum":511505.903,"count":1706,"mean":299.8276101992966,"min":240.02700000000002,"max":359.986},"executed_foreground_actions":{"sum":340099.0,"count":1706,"mean":199.3546307151231,"min":161.0,"max":237.0},"dmg":{"sum":7547848678.491846,"count":1706,"mean":4424295.825610695,"min":3334214.715356561,"max":5602693.241153212},"compound_dmg":{"sum":7951085603.492928,"count":1706,"mean":4660659.791027508,"min":3520891.5958168944,"max":5872762.299858081},"timeline_dmg":{"mean":15141.093084265865,"mean_std_dev":11761.337491005817,"min":2773.8545962678445,"max":76830.84618211706,