{"results":[["Trait","325","340","355","370","385"],["Laser Matrix",354,504,669,875,1101],["Archive of the Titans",220,342,477,636,816],["Relational Normalization Gizmo",226,373,506,667,864],["Synaptic Spark Capacitor",214,344,470,640,828],["Gutripper",111,223,362,519,688],["Sylvanas' Resolve / Anduin's Dedication",235,354,485,672,879],["Swirling Sands",257,390,498,673,839],["Tradewinds",250,371,508,640,819],["Ricocheting Inflatable Pyrosaw",112,218,341,500,680],["Heed My Call",141,263,365,539,718],["Barrage Of Many Bombs",196,304,437,619,831],["Fan of Blades",-1,114,231,323,528],["Twist the Knife",223,376,508,705,896],["Meticulous Scheming",183,293,407,554,737],["Poisoned Wire",141,242,374,500,656],["Tidal Surge",254,386,604,737,986],["Collective Will / Stand As One",90,190,318,457,642],["Combined Might / Stronger Together",47,180,286,417,578],["Battlefield Focus / Battlefield Precision",283,407,575,782,993],["Retaliatory Fury / Last Gift",110,227,368,505,674],["Glory in Battle / Liberator's Might",168,298,422,567,730],["Blood Rite",182,312,429,582,745],["Incite the Pack",215,335,476,614,791],["Unstable Flames",92,212,313,457,625],["Unstable Catalyst",270,391,539,717,938],["Azerite Globules",102,213,310,479,645],["Dagger in the Back",329,456,637,840,1067],["Scent of Blood",143,257,416,582,753],["Earthlink",103,202,340,475,647],["Rezan's Fury",303,418,595,756,968],["Double Dose",312,458,626,833,1055],["Secrets of the Deep",209,352,513,676,880],["Blood Siphon",76,186,334,467,613],["Ruinous Bolt",179,298,453,597,804],["Sharpened Blades",53,188,335,518,733],["Overwhelming Power",133,238,370,518,672],["Thunderous Blast",387,525,709,920,1146],["Shrouded Suffocation",429,593,790,977,1248],["Champion of Azeroth",291,411,547,716,881],["Filthy Transfusion",227,379,507,677,898],["Blightborne Infusion",275,416,539,719,906],["Elemental Whirl",89,205,336,483,629]],"metas":{"build_date":"Aug 25 2018","build_time":"17:36:54","git_revision":"81398f5484","options":{"debug":false,"max_time":300.0,"expected_iteration_time":330.60200000000003,"vary_combat_length":0.2,"iterations":773,"target_error":0.2,"threads":32,"seed":3038756265881101310,"single_actor_batch":false,"queue_lag":0.005,"queue_lag_stddev":0.001,"gcd_lag":0.15,"gcd_lag_stddev":0.037,"channel_lag":0.25,"channel_lag_stddev":0.062,"queue_gcd_reduction":0.1,"strict_gcd_queue":0,"confidence":0.95,"confidence_estimator":1.9599639854089754,"world_lag":0.1,"world_lag_stddev":0.01,"travel_variance":0.0,"default_skill":1.0,"reaction_time":0.5,"regen_periodicity":0.25,"ignite_sampling_delta":0.2,"fixed_time":true,"optimize_expressions":true,"optimal_raid":1,"log":0,"debug_each":0,"stat_cache":1,"max_aoe_enemies":20,"show_etmi":false,"tmi_window_global":0.0,"tmi_bin_size":0.5,"enemy_death_pct":0.0,"challenge_mode":false,"timewalk":-1,"pvp_crit":false,"rng":{"name":"sse2-sfmt"},"deterministic":0,"average_range":1,"average_gauss":0,"fight_style":"Patchwerk","default_aura_delay":0.03,"default_aura_delay_stddev":0.005,"dbc":{"Live":{"build_level":27404,"wow_version":"8.0.1"},"version_used":"Live"}},"overrides":{"arcane_intellect":1,"battle_shout":1,"power_word_fortitude":1,"chaos_brand":1,"mystic_touch":1,"mortal_wounds":1,"bleeding":1,"bloodlust":1,"bloodlust_percent":25,"bloodlust_time":0.5},"statistics":{"elapsed_cpu_seconds":19365.559957,"elapsed_time_seconds":20.596004,"init_time_seconds":3.229631508999999,"merge_time_seconds":0.005861865000000001,"analyze_time_seconds":0.13831450299999995,"simulation_length":{"sum":223343.453,"count":741,"mean":301.4081686909582,"min":240.054,"max":359.908,"median":301.984,"variance":1163.3271534735677,"std_dev":34.10758205258132,"mean_variance":1.5699421774272169,"mean_std_dev":1.2529733346832312},"raid_dps":{"sum":7574014.080246928,"count":741,"mean":10221.341538794775},"total_dmg":{"sum":2278710603.473794,"count":741,"mean":3075183.000639398},"total_iterations":142020,"total_actors":211,"total_iterations_mean":673.0805687203791,"total_iterations_variance":524653.6303317539,"total_iterations_stddev":724.3297800945049,"total_mean_dps_stddev":10.91090686173526,"total_mean_dps_variance":119.04788854546157},"player":{"name":"Template","race":"troll","level":120,"role":"attack","specialization":"Assassination Rogue","profile_source":"default","talents":[{"tier":1,"id":22338,"spell_id":193640,"name":"Elaborate Planning"},{"tier":2,"id":22332,"spell_id":108208,"name":"Subterfuge"},{"tier":3,"id":19239,"spell_id":14983,"name":"Vigor"},{"tier":6,"id":23015,"spell_id":245388,"name":"Toxic Blade"},{"tier":7,"id":21186,"spell_id":255544,"name":"Poison Bomb"}],"party":0,"ready_type":1,"bugs":true,"scale_player":true,"potion_used":false,"timeofday":"DAY_TIME","invert_scaling":0,"reaction_offset":0.1,"reaction_max":1.4000000000000001,"reaction_mean":0.3,"reaction_stddev":0.06,"reaction_nu":0.25,"world_lag":0.1,"brain_lag":0.0,"brain_lag_stddev":0.0,"world_lag_override":false,"world_lag_stddev_override":false,"dbc":{"Live":{"build_level":27404,"wow_version":"8.0.1"},"version_used":"Live"},"base_energy_regen_per_second":11.0,"collected_data":{"fight_length":{"sum":223343.453,"count":741,"mean":301.4081686909582,"min":240.054,"max":359.908},"waiting_time":{"sum":61969.172000000006,"count":741,"mean":83.62911201079623,"min":62.051,"max":108.785},"executed_foreground_actions":{"sum":140050.0,"count":741,"mean":189.00134952766533,"min":150.0,"max":222.0},"dmg":{"sum":2278710603.473794,"count":741,"mean":3075183.000639398,"min":2365478.654463381,"max":3692172.697266306},"compound_dmg":{"sum":2278710603.473794,"count":741,"mean":3075183.000639398,"min":2365478.654463381,"max":3692172.697266306},"timeline_dmg":{"mean":10289.549302647627,"mean_std_dev":4637.995605579496,"min":2701.6115966137854,"max":32259.88860167542,