{"results":[["Trait","325","340","355","370","385"],["Laser Matrix",373,532,702,985,1239],["Archive of the Titans",286,439,637,860,1065],["Relational Normalization Gizmo",289,444,648,887,1108],["Synaptic Spark Capacitor",400,626,833,1071,1380],["Gutripper",126,240,429,612,843],["Sylvanas' Resolve / Anduin's Dedication",255,432,635,860,1143],["Swirling Sands",339,520,706,927,1159],["Tradewinds",314,461,664,844,1107],["Ricocheting Inflatable Pyrosaw",204,363,540,769,1018],["Heed My Call",163,307,484,689,944],["Barrage Of Many Bombs",341,529,736,1000,1257],["Fan of Blades",-24,122,274,478,639],["Twist the Knife",175,322,512,698,928],["Meticulous Scheming",255,400,560,771,1040],["Poisoned Wire",11,163,296,498,685],["Tidal Surge",285,468,644,841,1090],["Collective Will / Stand As One",64,240,401,589,822],["Combined Might / Stronger Together",43,187,330,560,774],["Battlefield Focus / Battlefield Precision",92,241,409,588,824],["Retaliatory Fury / Last Gift",141,297,503,670,874],["Glory in Battle / Liberator's Might",231,357,533,735,957],["Blood Rite",211,354,523,699,938],["Incite the Pack",261,440,607,808,1062],["Unstable Flames",98,276,428,592,841],["Unstable Catalyst",315,503,682,925,1221],["Azerite Globules",141,296,476,676,899],["Dagger in the Back",310,506,736,968,1250],["Scent of Blood",352,552,726,1010,1308],["Earthlink",97,253,425,615,849],["Rezan's Fury",288,439,663,896,1163],["Double Dose",2,153,271,458,665],["Secrets of the Deep",255,441,656,873,1151],["Blood Siphon",101,264,412,583,832],["Ruinous Bolt",164,316,496,679,936],["Sharpened Blades",269,436,654,931,1218],["Overwhelming Power",137,278,420,637,860],["Thunderous Blast",364,528,780,1014,1298],["Shrouded Suffocation",492,702,928,1169,1480],["Champion of Azeroth",383,536,784,966,1212],["Filthy Transfusion",238,378,575,797,1069],["Blightborne Infusion",407,565,787,993,1205],["Elemental Whirl",112,276,400,618,812]],"metas":{"build_date":"Aug 28 2018","build_time":"07:33:45","git_revision":"0be56b9506","options":{"debug":false,"max_time":300.0,"expected_iteration_time":357.67900000000003,"vary_combat_length":0.2,"iterations":583,"target_error":0.2,"threads":32,"seed":13679489984461942611,"single_actor_batch":false,"queue_lag":0.005,"queue_lag_stddev":0.001,"gcd_lag":0.15,"gcd_lag_stddev":0.037,"channel_lag":0.25,"channel_lag_stddev":0.062,"queue_gcd_reduction":0.1,"strict_gcd_queue":0,"confidence":0.95,"confidence_estimator":1.9599639854089754,"world_lag":0.1,"world_lag_stddev":0.01,"travel_variance":0.0,"default_skill":1.0,"reaction_time":0.5,"regen_periodicity":0.25,"ignite_sampling_delta":0.2,"fixed_time":true,"optimize_expressions":true,"optimal_raid":1,"log":0,"debug_each":0,"stat_cache":1,"max_aoe_enemies":20,"show_etmi":false,"tmi_window_global":0.0,"tmi_bin_size":0.5,"enemy_death_pct":0.0,"challenge_mode":false,"timewalk":-1,"pvp_crit":false,"rng":{"name":"sse2-sfmt"},"deterministic":0,"average_range":1,"average_gauss":0,"fight_style":"Patchwerk","default_aura_delay":0.03,"default_aura_delay_stddev":0.005,"dbc":{"Live":{"build_level":27404,"wow_version":"8.0.1"},"version_used":"Live"}},"overrides":{"arcane_intellect":1,"battle_shout":1,"power_word_fortitude":1,"chaos_brand":1,"mystic_touch":1,"mortal_wounds":1,"bleeding":1,"bloodlust":1,"bloodlust_percent":25,"bloodlust_time":0.5},"statistics":{"elapsed_cpu_seconds":14791.841204999993,"elapsed_time_seconds":15.838954000000001,"init_time_seconds":3.2160471109999995,"merge_time_seconds":0.006236710000000003,"analyze_time_seconds":0.10361341099999997,"simulation_length":{"sum":166030.972,"count":551,"mean":301.3266279491833,"min":240.286,"max":359.951,"median":302.645,"variance":1226.2480520848085,"std_dev":35.01782477660211,"mean_variance":2.2254955573227013,"mean_std_dev":1.4918094909614636},"raid_dps":{"sum":7488523.068252951,"count":551,"mean":13590.7859677912},"total_dmg":{"sum":2254035616.2016115,"count":551,"mean":4090808.7408377705},"total_iterations":98525,"total_actors":211,"total_iterations_mean":466.9431279620853,"total_iterations_variance":583249.3175355451,"total_iterations_stddev":763.7076125949937,"total_mean_dps_stddev":14.458094730189565,"total_mean_dps_variance":209.03650322713526},"player":{"name":"Template","race":"human","level":120,"role":"attack","specialization":"Assassination Rogue","profile_source":"default","talents":[{"tier":1,"id":22338,"spell_id":193640,"name":"Elaborate Planning"},{"tier":2,"id":22332,"spell_id":108208,"name":"Subterfuge"},{"tier":3,"id":19239,"spell_id":14983,"name":"Vigor"},{"tier":6,"id":22344,"spell_id":200806,"name":"Exsanguinate"},{"tier":7,"id":21186,"spell_id":255544,"name":"Poison Bomb"}],"party":0,"ready_type":1,"bugs":true,"scale_player":true,"potion_used":false,"timeofday":"DAY_TIME","invert_scaling":0,"reaction_offset":0.1,"reaction_max":1.4000000000000001,"reaction_mean":0.3,"reaction_stddev":0.06,"reaction_nu":0.25,"world_lag":0.1,"brain_lag":0.0,"brain_lag_stddev":0.0,"world_lag_override":false,"world_lag_stddev_override":false,"dbc":{"Live":{"build_level":27404,"wow_version":"8.0.1"},"version_used":"Live"},"base_energy_regen_per_second":11.0,"collected_data":{"fight_length":{"sum":166030.97200000004,"count":551,"mean":301.3266279491834,"min":240.286,"max":359.951},"waiting_time":{"sum":1431.311,"count":551,"mean":2.597660617059891,"min":0.808,"max":6.331},"executed_foreground_actions":{"sum":166696.0,"count":551,"mean":302.53357531760435,"min":241.0,"max":361.0},"dmg":{"sum":2254035616.2016115,"count":551,"mean":4090808.7408377705,"min":3188855.6423708154,"max":4990301.832601462},"compound_dmg":{"sum":2254035616.2016115,"count":551,"mean":4090808.7408377705,"min":3188855.6423708154,"max":4990301.832601462},"timeline_dmg":{"mean":13956.183591623672,"mean_std_dev":3312.8069216043505,"min":2789.9068712650824,"max":29397.75394467115,