{"results":[["Trait","325","340","355","370","385"],["In The Rhythm",294,486,680,908,1146],["Relational Normalization Gizmo",332,512,676,928,1180],["Thunderous Blast",360,566,758,1053,1323],["Azerite Globules",203,392,598,821,1056],["Tidal Surge",252,437,665,904,1135],["Dagger in the Back",418,586,841,1090,1378],["Unstable Flames",96,243,436,639,805],["Secrets of the Deep",302,524,722,958,1228],["Heed My Call",191,365,557,793,1043],["Blood Rite",246,416,571,794,1017],["Filthy Transfusion",247,413,601,861,1128],["Synaptic Spark Capacitor",600,818,1090,1393,1722],["Gutripper",129,281,450,638,865],["Sylvanas' Resolve / Anduin's Dedication",309,493,719,957,1205],["Swirling Sands",297,431,590,812,1056],["Meticulous Scheming",529,706,905,1154,1401],["Ricocheting Inflatable Pyrosaw",314,461,701,946,1192],["Laser Matrix",314,528,746,989,1264],["Tradewinds",311,468,650,900,1143],["Collective Will / Stand As One",103,291,425,657,888],["Focused Fire",451,601,822,1088,1350],["Barrage Of Many Bombs",469,711,937,1229,1573],["Elemental Whirl",148,273,439,655,877],["Unerring Vision",162,329,485,678,889],["Arcane Flurry",18,188,309,499,709],["Overwhelming Power",180,335,509,712,956],["Unstable Catalyst",337,547,728,992,1325],["Rapid Reload",176,327,522,704,988],["Steady Aim",263,475,667,886,1145],["Incite the Pack",317,465,646,846,1105],["Combined Might / Stronger Together",83,219,418,578,802],["Battlefield Focus / Battlefield Precision",102,264,436,617,856],["Retaliatory Fury / Last Gift",195,361,497,660,945],["Glory in Battle / Liberator's Might",220,349,510,730,941],["Ruinous Bolt",164,330,504,732,975],["Blood Siphon",231,405,573,767,1008],["Champion of Azeroth",395,527,747,950,1160],["Blightborne Infusion",297,473,638,851,1100],["Earthlink",158,318,451,707,908],["Rezan's Fury",299,457,688,925,1199]],"metas":{"build_date":"Aug 21 2018","build_time":"06:51:36","git_revision":"57250019bf","options":{"debug":false,"max_time":300.0,"expected_iteration_time":263.30400000000003,"vary_combat_length":0.2,"iterations":927,"target_error":0.2,"threads":32,"seed":10074230125280407584,"single_actor_batch":false,"queue_lag":0.005,"queue_lag_stddev":0.001,"gcd_lag":0.15,"gcd_lag_stddev":0.037,"channel_lag":0.25,"channel_lag_stddev":0.062,"queue_gcd_reduction":0.1,"strict_gcd_queue":0,"confidence":0.95,"confidence_estimator":1.9599639854089754,"world_lag":0.1,"world_lag_stddev":0.01,"travel_variance":0.0,"default_skill":1.0,"reaction_time":0.5,"regen_periodicity":0.25,"ignite_sampling_delta":0.2,"fixed_time":true,"optimize_expressions":true,"optimal_raid":1,"log":0,"debug_each":0,"stat_cache":1,"max_aoe_enemies":20,"show_etmi":false,"tmi_window_global":0.0,"tmi_bin_size":0.5,"enemy_death_pct":0.0,"challenge_mode":false,"timewalk":-1,"pvp_crit":false,"rng":{"name":"sse2-sfmt"},"deterministic":0,"average_range":1,"average_gauss":0,"fight_style":"Patchwerk","default_aura_delay":0.03,"default_aura_delay_stddev":0.005,"dbc":{"bfa-BETA":{"build_level":26095,"wow_version":"8.0.1"},"version_used":"bfa-BETA"}},"overrides":{"arcane_intellect":1,"battle_shout":1,"power_word_fortitude":1,"chaos_brand":1,"mystic_touch":1,"mortal_wounds":1,"bleeding":1,"bloodlust":1,"bloodlust_percent":25,"bloodlust_time":0.5},"statistics":{"elapsed_cpu_seconds":9124.569125999999,"elapsed_time_seconds":9.780725,"init_time_seconds":2.6989795229999998,"merge_time_seconds":0.006275346000000001,"analyze_time_seconds":0.20070490199999985,"simulation_length":{"sum":267750.36799999996,"count":895,"mean":299.16242234636866,"min":240.014,"max":359.866,"median":298.432,"variance":1199.899062422741,"std_dev":34.63955921230438,"mean_variance":1.3406693434890962,"mean_std_dev":1.1578727665374535},"raid_dps":{"sum":13233507.06235418,"count":895,"mean":14786.041410451597},"total_dmg":{"sum":3954839814.1620307,"count":895,"mean":4418815.434817911},"total_iterations":189328,"total_actors":201,"total_iterations_mean":941.9303482587064,"total_iterations_variance":626937.0248756218,"total_iterations_stddev":791.7935494026342,"total_mean_dps_stddev":15.74270013771993,"total_mean_dps_variance":247.83260762616712},"player":{"name":"Template","race":"lightforged_draenei","level":120,"role":"attack","specialization":"Marksmanship Hunter","profile_source":"default","talents":[{"tier":1,"id":22501,"spell_id":271788,"name":"Serpent Sting"},{"tier":2,"id":22495,"spell_id":260228,"name":"Careful Aim"},{"tier":4,"id":21998,"spell_id":257284,"name":"Hunter's Mark"},{"tier":6,"id":23063,"spell_id":260393,"name":"Lethal Shots"},{"tier":7,"id":22308,"spell_id":194595,"name":"Lock and Load"}],"party":0,"ready_type":0,"bugs":true,"scale_player":true,"potion_used":false,"timeofday":"DAY_TIME","invert_scaling":0,"reaction_offset":0.1,"reaction_max":1.4000000000000001,"reaction_mean":0.3,"reaction_stddev":0.06,"reaction_nu":0.25,"world_lag":0.1,"brain_lag":0.0,"brain_lag_stddev":0.0,"world_lag_override":false,"world_lag_stddev_override":false,"dbc":{"bfa-BETA":{"build_level":26095,"wow_version":"8.0.1"},"version_used":"bfa-BETA"},"base_focus_regen_per_second":2.999999999999999,"collected_data":{"fight_length":{"sum":267750.368,"count":895,"mean":299.1624223463687,"min":240.014,"max":359.866},"executed_foreground_actions":{"sum":191017.0,"count":895,"mean":213.4268156424581,"min":172.0,"max":254.0},"dmg":{"sum":3954839814.1620307,"count":895,"mean":4418815.434817911,"min":3495320.8301215754,"max":5493646.192952308},"compound_dmg":{"sum":3954839814.1620307,"count":895,"mean":4418815.434817911,"min":3495320.8301215754,"max":5493646.192952308},"timeline_dmg":{"mean":15297.487080025021,"mean_std_dev":8058.975283729541,"min":0.0,"max":109692.50313674875,