{"results":[["Trait","325","340","355","370","385"],["Thunderous Blast",343,491,686,867,1095],["Azerite Globules",171,272,432,582,766],["Tidal Surge",265,417,575,750,929],["Secrets of the Deep",175,309,466,630,799],["Gutripper",116,230,350,460,656],["Unstable Flames",105,198,326,434,609],["Blood Rite",212,286,400,570,748],["Heed My Call",166,274,384,569,735],["Filthy Transfusion",193,340,417,652,809],["Relational Normalization Gizmo",239,376,509,664,812],["Synaptic Spark Capacitor",552,709,905,1156,1411],["Flames of Alacrity",199,309,437,589,757],["Sylvanas' Resolve / Anduin's Dedication",208,316,453,607,776],["Swirling Sands",279,431,568,704,854],["Meticulous Scheming",189,326,451,590,712],["Ricocheting Inflatable Pyrosaw",215,336,499,622,810],["Laser Matrix",311,469,631,828,1040],["Tradewinds",212,321,453,595,763],["Collective Will / Stand As One",48,181,278,403,572],["Barrage Of Many Bombs",373,539,705,895,1142],["Preheat",-5,100,229,396,547],["Blood Siphon",68,187,273,413,552],["Firemind",196,305,467,620,768],["Incite the Pack",211,322,422,581,745],["Combined Might / Stronger Together",36,157,254,385,536],["Blaster Master",307,430,553,693,892],["Duplicative Incineration",604,762,946,1160,1398],["Battlefield Focus / Battlefield Precision",195,329,446,610,810],["Blightborne Infusion",334,452,578,722,906],["Trailing Embers",123,237,396,525,681],["Retaliatory Fury / Last Gift",127,218,321,454,597],["Glory in Battle / Liberator's Might",169,291,403,549,706],["Ruinous Bolt",159,273,423,592,725],["Overwhelming Power",116,254,330,483,622],["Unstable Catalyst",229,348,496,636,861],["Champion of Azeroth",315,412,594,715,862],["Dagger in the Back",342,484,653,848,1117],["Earthlink",69,187,292,427,591],["Rezan's Fury",240,368,554,694,898],["Elemental Whirl",88,213,322,445,611]],"metas":{"build_date":"Aug 21 2018","build_time":"06:51:36","git_revision":"57250019bf","options":{"debug":false,"max_time":300.0,"expected_iteration_time":287.91700000000003,"vary_combat_length":0.2,"iterations":1865,"target_error":0.2,"threads":32,"seed":2008568686056065804,"single_actor_batch":false,"queue_lag":0.005,"queue_lag_stddev":0.001,"gcd_lag":0.15,"gcd_lag_stddev":0.037,"channel_lag":0.25,"channel_lag_stddev":0.062,"queue_gcd_reduction":0.1,"strict_gcd_queue":0,"confidence":0.95,"confidence_estimator":1.9599639854089754,"world_lag":0.1,"world_lag_stddev":0.01,"travel_variance":0.0,"default_skill":1.0,"reaction_time":0.5,"regen_periodicity":0.25,"ignite_sampling_delta":0.2,"fixed_time":true,"optimize_expressions":true,"optimal_raid":1,"log":0,"debug_each":0,"stat_cache":1,"max_aoe_enemies":20,"show_etmi":false,"tmi_window_global":0.0,"tmi_bin_size":0.5,"enemy_death_pct":0.0,"challenge_mode":false,"timewalk":-1,"pvp_crit":false,"rng":{"name":"sse2-sfmt"},"deterministic":0,"average_range":1,"average_gauss":0,"fight_style":"Patchwerk","default_aura_delay":0.03,"default_aura_delay_stddev":0.005,"dbc":{"bfa-BETA":{"build_level":26095,"wow_version":"8.0.1"},"version_used":"bfa-BETA"}},"overrides":{"arcane_intellect":1,"battle_shout":1,"power_word_fortitude":1,"chaos_brand":1,"mystic_touch":1,"mortal_wounds":1,"bleeding":1,"bloodlust":1,"bloodlust_percent":25,"bloodlust_time":0.5},"statistics":{"elapsed_cpu_seconds":22645.19053699999,"elapsed_time_seconds":24.218014,"init_time_seconds":3.1400502540000006,"merge_time_seconds":0.005950779999999999,"analyze_time_seconds":0.321911218,"simulation_length":{"sum":546296.8720000002,"count":1833,"mean":298.0343000545555,"min":240.032,"max":359.88800000000003,"median":296.882,"variance":1225.116338678107,"std_dev":35.00166194165796,"mean_variance":0.6683667968784,"mean_std_dev":0.8175370308912007},"raid_dps":{"sum":24208172.15737526,"count":1833,"mean":13206.858787438769},"total_dmg":{"sum":7207465360.95807,"count":1833,"mean":3932059.6622793614},"total_iterations":349472,"total_actors":201,"total_iterations_mean":1738.6666666666667,"total_iterations_variance":1242832.6666666665,"total_iterations_stddev":1114.8240518874118,"total_mean_dps_stddev":13.970861425216235,"total_mean_dps_variance":195.184968962595},"player":{"name":"Template","race":"dark_iron_dwarf","level":120,"role":"spell","specialization":"Fire Mage","profile_source":"default","talents":[{"tier":1,"id":22456,"spell_id":205026,"name":"Firestarter"},{"tier":3,"id":22444,"spell_id":1463,"name":"Incanter's Flow"},{"tier":4,"id":22450,"spell_id":205029,"name":"Flame On"},{"tier":6,"id":23362,"spell_id":205023,"name":"Conflagration"},{"tier":7,"id":22220,"spell_id":269650,"name":"Pyroclasm"}],"party":0,"ready_type":0,"bugs":true,"scale_player":true,"potion_used":false,"timeofday":"DAY_TIME","invert_scaling":0,"reaction_offset":0.1,"reaction_max":1.4000000000000001,"reaction_mean":0.3,"reaction_stddev":0.06,"reaction_nu":0.25,"world_lag":0.1,"brain_lag":0.0,"brain_lag_stddev":0.0,"world_lag_override":false,"world_lag_stddev_override":false,"dbc":{"bfa-BETA":{"build_level":26095,"wow_version":"8.0.1"},"version_used":"bfa-BETA"},"base_mana_regen_per_second":2000.0,"collected_data":{"fight_length":{"sum":546296.8719999999,"count":1833,"mean":298.0343000545553,"min":240.032,"max":359.88800000000003},"executed_foreground_actions":{"sum":383877.0,"count":1833,"mean":209.4255319148936,"min":163.0,"max":257.0},"dmg":{"sum":7207465360.95807,"count":1833,"mean":3932059.6622793614,"min":2909437.621886493,"max":5140883.318633162},"compound_dmg":{"sum":7207465360.95807,"count":1833,"mean":3932059.6622793614,"min":2909437.621886493,"max":5140883.318633162},"timeline_dmg":{"mean":12948.115025111436,"mean_std_dev":7140.7189012818635,"min":509.75087756126476,"max":49496.293029699715,