{"results":[["Trait","325","340","355","370","385"],["Thunderous Blast",320,518,783,1063,1355],["Azerite Globules",203,385,580,859,1075],["Packed Ice",135,309,544,770,1005],["Tidal Surge",218,461,639,914,1226],["Dagger in the Back",368,544,813,1068,1403],["Unstable Flames",95,317,497,681,989],["Secrets of the Deep",313,518,722,1045,1334],["Gutripper",117,262,469,658,901],["Blood Rite",245,400,599,809,1098],["Tunnel of Ice",118,308,529,713,975],["Filthy Transfusion",175,407,546,856,1170],["Relational Normalization Gizmo",314,471,738,972,1259],["Synaptic Spark Capacitor",614,848,1169,1446,1827],["Sylvanas' Resolve / Anduin's Dedication",291,495,755,1076,1401],["Swirling Sands",443,632,861,1092,1381],["Meticulous Scheming",277,489,695,906,1202],["Ricocheting Inflatable Pyrosaw",221,448,711,942,1249],["Laser Matrix",351,487,741,1016,1331],["Tradewinds",307,441,637,870,1164],["Heed My Call",148,355,562,777,1042],["Collective Will / Stand As One",67,284,434,687,935],["Barrage Of Many Bombs",500,655,954,1225,1580],["Frigid Grasp",135,293,530,766,1020],["Retaliatory Fury / Last Gift",88,262,511,717,990],["Earthlink",80,303,487,728,1025],["Winter's Reach",18,241,422,673,881],["Whiteout",337,502,718,981,1271],["Incite the Pack",296,441,625,850,1126],["Combined Might / Stronger Together",12,148,379,643,897],["Battlefield Focus / Battlefield Precision",-20,139,368,542,793],["Glory in Battle / Liberator's Might",164,322,544,766,1014],["Ruinous Bolt",135,318,491,785,1011],["Unstable Catalyst",356,554,832,1119,1410],["Blood Siphon",80,278,407,670,896],["Overwhelming Power",-67,61,342,547,740],["Champion of Azeroth",479,642,916,1177,1465],["Blightborne Infusion",502,676,872,1123,1412],["Elemental Whirl",114,257,463,710,958],["Glacial Assault",144,309,475,772,1019],["Rezan's Fury",229,441,661,973,1209]],"metas":{"build_date":"Aug 18 2018","build_time":"19:28:46","git_revision":"4b57bdcdae","options":{"debug":false,"max_time":300.0,"expected_iteration_time":329.03700000000003,"vary_combat_length":0.2,"iterations":595,"target_error":0.2,"threads":32,"seed":5727346736814122413,"single_actor_batch":false,"queue_lag":0.005,"queue_lag_stddev":0.001,"gcd_lag":0.15,"gcd_lag_stddev":0.037,"channel_lag":0.25,"channel_lag_stddev":0.062,"queue_gcd_reduction":0.1,"strict_gcd_queue":0,"confidence":0.95,"confidence_estimator":1.9599639854089754,"world_lag":0.1,"world_lag_stddev":0.01,"travel_variance":0.0,"default_skill":1.0,"reaction_time":0.5,"regen_periodicity":0.25,"ignite_sampling_delta":0.2,"fixed_time":true,"optimize_expressions":true,"optimal_raid":1,"log":0,"debug_each":0,"stat_cache":1,"max_aoe_enemies":20,"show_etmi":false,"tmi_window_global":0.0,"tmi_bin_size":0.5,"enemy_death_pct":0.0,"challenge_mode":false,"timewalk":-1,"pvp_crit":false,"rng":{"name":"sse2-sfmt"},"deterministic":0,"average_range":1,"average_gauss":0,"fight_style":"Patchwerk","default_aura_delay":0.03,"default_aura_delay_stddev":0.005,"dbc":{"bfa-BETA":{"build_level":26095,"wow_version":"8.0.1"},"version_used":"bfa-BETA"}},"overrides":{"arcane_intellect":1,"battle_shout":1,"power_word_fortitude":1,"chaos_brand":1,"mystic_touch":1,"mortal_wounds":1,"bleeding":1,"bloodlust":1,"bloodlust_percent":25,"bloodlust_time":0.5},"statistics":{"elapsed_cpu_seconds":7812.719286999996,"elapsed_time_seconds":8.624628,"init_time_seconds":2.6820844489999995,"merge_time_seconds":0.006289897,"analyze_time_seconds":0.12015238900000001,"simulation_length":{"sum":167586.743,"count":563,"mean":297.6673943161634,"min":240.066,"max":359.641,"median":297.766,"variance":1178.6587440505537,"std_dev":34.33159978868672,"mean_variance":2.0935324050631503,"mean_std_dev":1.446904421536941},"raid_dps":{"sum":12283828.04465771,"count":563,"mean":21818.522281807655},"total_dmg":{"sum":3652167709.9111094,"count":563,"mean":6486976.394158276},"total_iterations":97785,"total_actors":201,"total_iterations_mean":486.4925373134328,"total_iterations_variance":259472.23880597012,"total_iterations_stddev":509.3841760459095,"total_mean_dps_stddev":22.90713334784323,"total_mean_dps_variance":524.7367582158714},"player":{"name":"Template","race":"pandaren","level":120,"role":"spell","specialization":"Frost Mage","profile_source":"default","talents":[{"tier":1,"id":22457,"spell_id":205027,"name":"Bone Chilling"},{"tier":3,"id":22444,"spell_id":1463,"name":"Incanter's Flow"},{"tier":4,"id":22469,"spell_id":257537,"name":"Ebonbolt"},{"tier":6,"id":22473,"spell_id":153595,"name":"Comet Storm"},{"tier":7,"id":21634,"spell_id":199786,"name":"Glacial Spike"}],"party":0,"ready_type":0,"bugs":true,"scale_player":true,"potion_used":false,"timeofday":"DAY_TIME","invert_scaling":0,"reaction_offset":0.1,"reaction_max":1.4000000000000001,"reaction_mean":0.3,"reaction_stddev":0.06,"reaction_nu":0.25,"world_lag":0.1,"brain_lag":0.0,"brain_lag_stddev":0.0,"world_lag_override":false,"world_lag_stddev_override":false,"dbc":{"bfa-BETA":{"build_level":26095,"wow_version":"8.0.1"},"version_used":"bfa-BETA"},"base_mana_regen_per_second":2000.0,"collected_data":{"fight_length":{"sum":167586.74300000002,"count":563,"mean":297.66739431616344,"min":240.066,"max":359.641},"executed_foreground_actions":{"sum":110830.0,"count":563,"mean":196.85612788632326,"min":160.0,"max":234.0},"dmg":{"sum":3482480665.7059083,"count":563,"mean":6185578.447079766,"min":4749904.514995704,"max":7591694.190222049},"compound_dmg":{"sum":3652167709.9111094,"count":563,"mean":6486976.394158276,"min":5003913.901761384,"max":7941823.589560697},"timeline_dmg":{"mean":22426.414502942138,"mean_std_dev":7788.527149326384,"min":3787.231150707346,"max":86327.87032393004,