{"results":[["Trait","325","340","355","370","385"],["Laser Matrix",283,581,778,975,1310],["Archive of the Titans",279,478,675,951,1171],["Relational Normalization Gizmo",401,581,839,1050,1337],["Synaptic Spark Capacitor",607,884,1105,1393,1810],["Gutripper",90,278,439,642,906],["Sylvanas' Resolve / Anduin's Dedication",303,491,693,962,1268],["Swirling Sands",423,621,823,1043,1330],["Tradewinds",202,322,506,710,982],["Ricocheting Inflatable Pyrosaw",244,480,735,939,1283],["Heed My Call",177,323,536,766,1020],["Barrage Of Many Bombs",493,714,986,1300,1623],["Glory in Battle / Liberator's Might",310,486,641,902,1083],["Serrated Jaws",166,327,499,710,964],["Latent Poison",-26,179,332,500,762],["Tidal Surge",241,448,632,892,1180],["Collective Will / Stand As One",113,272,422,662,881],["Combined Might / Stronger Together",59,196,379,606,839],["Battlefield Focus / Battlefield Precision",31,187,376,561,784],["Retaliatory Fury / Last Gift",76,195,433,577,835],["Blood Rite",312,496,734,946,1199],["Unstable Flames",169,292,464,699,945],["Wilderness Survival",-19,151,314,509,703],["Blur of Talons",-1,167,302,477,657],["Meticulous Scheming",339,526,712,995,1266],["Incite the Pack",140,334,525,704,989],["Unstable Catalyst",335,546,773,1069,1327],["Azerite Globules",168,388,552,798,1072],["Earthlink",97,295,424,655,917],["Rezan's Fury",271,462,639,907,1194],["Up Close And Personal",-26,146,280,523,710],["Dagger in the Back",391,598,842,1119,1424],["Secrets of the Deep",274,455,684,1008,1253],["Blood Siphon",49,196,390,540,807],["Wildfire Cluster",465,701,882,1240,1561],["Venomous Fangs",185,346,590,806,1079],["Thunderous Blast",336,562,783,1049,1374],["Champion of Azeroth",465,671,832,1043,1337],["Overwhelming Power",142,279,477,719,943],["Filthy Transfusion",212,397,628,840,1131],["Blightborne Infusion",480,659,879,1148,1375],["Ruinous Bolt",173,314,515,731,1009],["Elemental Whirl",137,283,464,709,939]],"metas":{"build_date":"Aug 24 2018","build_time":"06:29:59","git_revision":"d11d257b76","options":{"debug":false,"max_time":300.0,"expected_iteration_time":270.19100000000003,"vary_combat_length":0.2,"iterations":336,"target_error":0.2,"threads":32,"seed":4002422016780038251,"single_actor_batch":false,"queue_lag":0.005,"queue_lag_stddev":0.001,"gcd_lag":0.15,"gcd_lag_stddev":0.037,"channel_lag":0.25,"channel_lag_stddev":0.062,"queue_gcd_reduction":0.1,"strict_gcd_queue":0,"confidence":0.95,"confidence_estimator":1.9599639854089754,"world_lag":0.1,"world_lag_stddev":0.01,"travel_variance":0.0,"default_skill":1.0,"reaction_time":0.5,"regen_periodicity":0.25,"ignite_sampling_delta":0.2,"fixed_time":true,"optimize_expressions":true,"optimal_raid":1,"log":0,"debug_each":0,"stat_cache":1,"max_aoe_enemies":20,"show_etmi":false,"tmi_window_global":0.0,"tmi_bin_size":0.5,"enemy_death_pct":0.0,"challenge_mode":false,"timewalk":-1,"pvp_crit":false,"rng":{"name":"sse2-sfmt"},"deterministic":0,"average_range":1,"average_gauss":0,"fight_style":"Patchwerk","default_aura_delay":0.03,"default_aura_delay_stddev":0.005,"dbc":{"Live":{"build_level":27404,"wow_version":"8.0.1"},"version_used":"Live"}},"overrides":{"arcane_intellect":1,"battle_shout":1,"power_word_fortitude":1,"chaos_brand":1,"mystic_touch":1,"mortal_wounds":1,"bleeding":1,"bloodlust":1,"bloodlust_percent":25,"bloodlust_time":0.5},"statistics":{"elapsed_cpu_seconds":6452.714311,"elapsed_time_seconds":6.970550000000001,"init_time_seconds":3.037101187,"merge_time_seconds":0.007187938000000001,"analyze_time_seconds":0.08183853399999999,"simulation_length":{"sum":90607.95699999997,"count":304,"mean":298.05249013157885,"min":240.03,"max":359.621,"median":295.943,"variance":1184.804450361745,"std_dev":34.420988515174066,"mean_variance":3.897383060400477,"mean_std_dev":1.9741790851897092},"raid_dps":{"sum":6121537.428847239,"count":304,"mean":20136.63627910276},"total_dmg":{"sum":1822341274.1558437,"count":304,"mean":5994543.664986328},"total_iterations":67568,"total_actors":211,"total_iterations_mean":320.22748815165875,"total_iterations_variance":294983.0805687207,"total_iterations_stddev":543.1234487376886,"total_mean_dps_stddev":21.168102498408448,"total_mean_dps_variance":448.088563383126},"player":{"name":"Template","race":"pandaren","level":120,"role":"attack","specialization":"Survival Hunter","profile_source":"default","talents":[{"tier":1,"id":22275,"spell_id":268501,"name":"Viper's Venom"},{"tier":2,"id":21997,"spell_id":264332,"name":"Guerrilla Tactics"},{"tier":4,"id":22277,"spell_id":260248,"name":"Bloodseeker"},{"tier":6,"id":22271,"spell_id":269751,"name":"Flanking Strike"},{"tier":7,"id":22272,"spell_id":260331,"name":"Birds of Prey"}],"party":0,"ready_type":0,"bugs":true,"scale_player":true,"potion_used":false,"timeofday":"DAY_TIME","invert_scaling":0,"reaction_offset":0.1,"reaction_max":1.4000000000000001,"reaction_mean":0.3,"reaction_stddev":0.06,"reaction_nu":0.25,"world_lag":0.1,"brain_lag":0.0,"brain_lag_stddev":0.0,"world_lag_override":false,"world_lag_stddev_override":false,"dbc":{"Live":{"build_level":27404,"wow_version":"8.0.1"},"version_used":"Live"},"base_focus_regen_per_second":5.0,"collected_data":{"fight_length":{"sum":90607.95699999998,"count":304,"mean":298.0524901315789,"min":240.03,"max":359.621},"waiting_time":{"sum":4386.899999999999,"count":304,"mean":14.430592105263154,"min":1.4000000000000001,"max":29.400000000000002},"executed_foreground_actions":{"sum":76424.0,"count":304,"mean":251.39473684210526,"min":195.0,"max":310.0},"dmg":{"sum":1357420722.2569528,"count":304,"mean":4465199.744266292,"min":3610111.602329385,"max":5363034.218186887},"compound_dmg":{"sum":1822341274.1558437,"count":304,"mean":5994543.664986328,"min":4820039.531416162,"max":7174510.48519907},"timeline_dmg":{"mean":21502.99673008151,"mean_std_dev":5871.782079742748,"min":9267.010002738634,"max":59473.78580353513,