{"results":[["Trait","325","340","355","370","385"],["Laser Matrix",341,477,637,817,1042],["Archive of the Titans",196,328,471,612,765],["Relational Normalization Gizmo",264,405,559,724,895],["Synaptic Spark Capacitor",394,532,739,943,1155],["Gutripper",121,223,351,495,662],["Sylvanas' Resolve / Anduin's Dedication",177,311,481,634,843],["Swirling Sands",263,356,501,660,780],["Tradewinds",199,315,481,630,772],["Ricocheting Inflatable Pyrosaw",203,354,480,639,837],["Heed My Call",166,268,422,562,727],["Elemental Whirl",95,218,329,469,637],["Unerring Vision",153,259,385,522,678],["Arcane Flurry",50,184,326,436,617],["Tidal Surge",272,397,532,738,969],["Collective Will / Stand As One",79,164,299,422,591],["Combined Might / Stronger Together",20,171,275,395,571],["Barrage Of Many Bombs",344,498,649,820,1047],["Battlefield Focus / Battlefield Precision",239,373,537,683,913],["Retaliatory Fury / Last Gift",121,235,360,492,645],["Glory in Battle / Liberator's Might",192,319,433,592,732],["Blood Rite",254,367,492,629,851],["Unstable Flames",67,178,329,440,628],["Meticulous Scheming",270,397,546,700,864],["Incite the Pack",218,346,497,632,796],["In The Rhythm",134,241,320,477,629],["Unstable Catalyst",236,349,519,701,903],["Azerite Globules",151,274,420,587,712],["Steady Aim",356,504,627,817,1064],["Earthlink",75,211,318,475,654],["Focused Fire",85,211,317,493,657],["Rezan's Fury",261,405,554,756,952],["Secrets of the Deep",207,341,485,649,864],["Dagger in the Back",284,441,626,789,1004],["Blood Siphon",64,212,298,462,637],["Ruinous Bolt",170,281,394,582,781],["Thunderous Blast",362,542,676,898,1087],["Rapid Reload",10,119,209,336,497],["Overwhelming Power",179,292,416,548,692],["Champion of Azeroth",326,435,606,772,935],["Filthy Transfusion",246,372,521,705,904],["Blightborne Infusion",302,404,532,707,863]],"metas":{"build_date":"Aug 27 2018","build_time":"13:50:42","git_revision":"4aa7462e31","options":{"debug":false,"max_time":300.0,"expected_iteration_time":359.30400000000003,"vary_combat_length":0.2,"iterations":1004,"target_error":0.2,"threads":32,"seed":16738454623229614744,"single_actor_batch":false,"queue_lag":0.005,"queue_lag_stddev":0.001,"gcd_lag":0.15,"gcd_lag_stddev":0.037,"channel_lag":0.25,"channel_lag_stddev":0.062,"queue_gcd_reduction":0.1,"strict_gcd_queue":0,"confidence":0.95,"confidence_estimator":1.9599639854089754,"world_lag":0.1,"world_lag_stddev":0.01,"travel_variance":0.0,"default_skill":1.0,"reaction_time":0.5,"regen_periodicity":0.25,"ignite_sampling_delta":0.2,"fixed_time":true,"optimize_expressions":true,"optimal_raid":1,"log":0,"debug_each":0,"stat_cache":1,"max_aoe_enemies":20,"show_etmi":false,"tmi_window_global":0.0,"tmi_bin_size":0.5,"enemy_death_pct":0.0,"challenge_mode":false,"timewalk":-1,"pvp_crit":false,"rng":{"name":"sse2-sfmt"},"deterministic":0,"average_range":1,"average_gauss":0,"fight_style":"Patchwerk","default_aura_delay":0.03,"default_aura_delay_stddev":0.005,"dbc":{"Live":{"build_level":27404,"wow_version":"8.0.1"},"version_used":"Live"}},"overrides":{"arcane_intellect":1,"battle_shout":1,"power_word_fortitude":1,"chaos_brand":1,"mystic_touch":1,"mortal_wounds":1,"bleeding":1,"bloodlust":1,"bloodlust_percent":25,"bloodlust_time":0.5},"statistics":{"elapsed_cpu_seconds":9643.261856,"elapsed_time_seconds":10.347206,"init_time_seconds":2.6012766010000012,"merge_time_seconds":0.005510633,"analyze_time_seconds":0.19100339500000002,"simulation_length":{"sum":291388.56600000005,"count":972,"mean":299.782475308642,"min":240.082,"max":359.95300000000003,"median":299.938,"variance":1188.6070771773736,"std_dev":34.47618130213051,"mean_variance":1.2228467872195201,"mean_std_dev":1.1058240308564107},"raid_dps":{"sum":13565686.82910805,"count":972,"mean":13956.467931181121},"total_dmg":{"sum":4061791119.7619977,"count":972,"mean":4178797.4483148125},"total_iterations":193985,"total_actors":206,"total_iterations_mean":941.6747572815534,"total_iterations_variance":497045.20873786416,"total_iterations_stddev":705.0143322925175,"total_mean_dps_stddev":14.72182930690781,"total_mean_dps_variance":216.73225814172972},"player":{"name":"Template","race":"lightforged_draenei","level":120,"role":"attack","specialization":"Marksmanship Hunter","profile_source":"default","talents":[{"tier":1,"id":22501,"spell_id":271788,"name":"Serpent Sting"},{"tier":2,"id":22495,"spell_id":260228,"name":"Careful Aim"},{"tier":4,"id":21998,"spell_id":257284,"name":"Hunter's Mark"},{"tier":6,"id":23063,"spell_id":260393,"name":"Lethal Shots"},{"tier":7,"id":22308,"spell_id":194595,"name":"Lock and Load"}],"party":0,"ready_type":0,"bugs":true,"scale_player":true,"potion_used":false,"timeofday":"DAY_TIME","invert_scaling":0,"reaction_offset":0.1,"reaction_max":1.4000000000000001,"reaction_mean":0.3,"reaction_stddev":0.06,"reaction_nu":0.25,"world_lag":0.1,"brain_lag":0.0,"brain_lag_stddev":0.0,"world_lag_override":false,"world_lag_stddev_override":false,"dbc":{"Live":{"build_level":27404,"wow_version":"8.0.1"},"version_used":"Live"},"base_focus_regen_per_second":2.999999999999999,"collected_data":{"fight_length":{"sum":291388.566,"count":972,"mean":299.78247530864195,"min":240.082,"max":359.95300000000003},"executed_foreground_actions":{"sum":201366.0,"count":972,"mean":207.16666666666666,"min":166.0,"max":250.0},"dmg":{"sum":3705000247.852918,"count":972,"mean":3811728.6500544427,"min":2904787.3140151436,"max":4660326.12493882},"compound_dmg":{"sum":4061791119.7619977,"count":972,"mean":4178797.4483148125,"min":3214950.791140497,"max":5101747.184942254},"timeline_dmg":{"mean":14310.68666428567,"mean_std_dev":6161.561837729852,"min":0.0,"max":83141.62668833653,