{"results":[["Trait","325","340","355","370","385"],["Laser Matrix",385,566,794,1072,1384],["Archive of the Titans",283,490,700,936,1238],["Relational Normalization Gizmo",308,502,654,922,1211],["Synaptic Spark Capacitor",622,905,1197,1509,1884],["Sylvanas' Resolve / Anduin's Dedication",278,492,724,953,1262],["Gutripper",93,293,482,670,942],["Swirling Sands",310,522,701,929,1243],["Tradewinds",263,426,635,823,1079],["Ricocheting Inflatable Pyrosaw",345,528,762,1023,1339],["Heed My Call",193,406,555,817,1068],["Barrage Of Many Bombs",551,802,1057,1372,1747],["Snake Eyes",316,506,721,989,1324],["Tidal Surge",289,482,724,952,1252],["Collective Will / Stand As One",84,262,437,648,912],["Combined Might / Stronger Together",78,193,349,574,830],["Battlefield Focus / Battlefield Precision",289,453,669,918,1224],["Retaliatory Fury / Last Gift",156,276,490,689,900],["Glory in Battle / Liberator's Might",230,379,569,771,1029],["Blood Rite",203,379,546,762,1014],["Unstable Flames",130,289,446,673,873],["Meticulous Scheming",245,402,600,816,1061],["Incite the Pack",227,435,601,831,1075],["Unstable Catalyst",340,538,762,1027,1352],["Deadshot",504,726,1026,1314,1670],["Azerite Globules",251,463,659,905,1182],["Storm of Steel",334,577,755,1014,1371],["Earthlink",125,280,485,722,953],["Dagger in the Back",349,517,760,1018,1351],["Secrets of the Deep",317,527,700,997,1285],["Blood Siphon",90,259,419,588,808],["Brigand's Blitz",222,407,592,796,1046],["Ruinous Bolt",164,352,541,793,1064],["Blightborne Infusion",376,539,749,991,1282],["Overwhelming Power",130,289,490,663,936],["Rezan's Fury",285,484,695,972,1264],["Paradise Lost",243,416,627,916,1145],["Thunderous Blast",422,620,844,1117,1440],["Champion of Azeroth",361,532,769,1005,1237],["Filthy Transfusion",250,410,646,872,1173],["Ace Up Your Sleeve",111,261,455,664,920],["Elemental Whirl",128,266,435,658,901]],"metas":{"build_date":"Aug 25 2018","build_time":"17:36:54","git_revision":"81398f5484","options":{"debug":false,"max_time":300.0,"expected_iteration_time":321.41200000000003,"vary_combat_length":0.2,"iterations":2173,"target_error":0.2,"threads":32,"seed":13818994346423998730,"single_actor_batch":false,"queue_lag":0.005,"queue_lag_stddev":0.001,"gcd_lag":0.15,"gcd_lag_stddev":0.037,"channel_lag":0.25,"channel_lag_stddev":0.062,"queue_gcd_reduction":0.1,"strict_gcd_queue":0,"confidence":0.95,"confidence_estimator":1.9599639854089754,"world_lag":0.1,"world_lag_stddev":0.01,"travel_variance":0.0,"default_skill":1.0,"reaction_time":0.5,"regen_periodicity":0.25,"ignite_sampling_delta":0.2,"fixed_time":true,"optimize_expressions":true,"optimal_raid":1,"log":0,"debug_each":0,"stat_cache":1,"max_aoe_enemies":20,"show_etmi":false,"tmi_window_global":0.0,"tmi_bin_size":0.5,"enemy_death_pct":0.0,"challenge_mode":false,"timewalk":-1,"pvp_crit":false,"rng":{"name":"sse2-sfmt"},"deterministic":0,"average_range":1,"average_gauss":0,"fight_style":"Patchwerk","default_aura_delay":0.03,"default_aura_delay_stddev":0.005,"dbc":{"Live":{"build_level":27404,"wow_version":"8.0.1"},"version_used":"Live"}},"overrides":{"arcane_intellect":1,"battle_shout":1,"power_word_fortitude":1,"chaos_brand":1,"mystic_touch":1,"mortal_wounds":1,"bleeding":1,"bloodlust":1,"bloodlust_percent":25,"bloodlust_time":0.5},"statistics":{"elapsed_cpu_seconds":40382.790145,"elapsed_time_seconds":43.10496800000001,"init_time_seconds":2.655977721,"merge_time_seconds":0.0074746809999999995,"analyze_time_seconds":0.48721959099999995,"simulation_length":{"sum":643138.0650000002,"count":2141,"mean":300.39143624474553,"min":240.01500000000001,"max":359.963,"median":301.273,"variance":1183.5379931483178,"std_dev":34.40258701243727,"mean_variance":0.5527968207138336,"mean_std_dev":0.743503073775646},"raid_dps":{"sum":34364317.138846375,"count":2141,"mean":16050.59184439345},"total_dmg":{"sum":10309688260.547096,"count":2141,"mean":4815361.167934188},"total_iterations":451579,"total_actors":206,"total_iterations_mean":2192.131067961165,"total_iterations_variance":2246719.4611650477,"total_iterations_stddev":1498.906088173988,"total_mean_dps_stddev":17.07385642504866,"total_mean_dps_variance":291.51657322317544},"player":{"name":"Template","race":"dwarf","level":120,"role":"attack","specialization":"Outlaw Rogue","profile_source":"default","talents":[{"tier":1,"id":22119,"spell_id":196938,"name":"Quick Draw"},{"tier":2,"id":19238,"spell_id":196922,"name":"Hit and Run"},{"tier":3,"id":19239,"spell_id":14983,"name":"Vigor"},{"tier":6,"id":23128,"spell_id":193539,"name":"Alacrity"},{"tier":7,"id":23075,"spell_id":271877,"name":"Blade Rush"}],"party":0,"ready_type":1,"bugs":true,"scale_player":true,"potion_used":false,"timeofday":"DAY_TIME","invert_scaling":0,"reaction_offset":0.1,"reaction_max":1.4000000000000001,"reaction_mean":0.3,"reaction_stddev":0.06,"reaction_nu":0.25,"world_lag":0.1,"brain_lag":0.0,"brain_lag_stddev":0.0,"world_lag_override":false,"world_lag_stddev_override":false,"dbc":{"Live":{"build_level":27404,"wow_version":"8.0.1"},"version_used":"Live"},"base_energy_regen_per_second":14.85,"collected_data":{"fight_length":{"sum":643138.0650000001,"count":2141,"mean":300.3914362447455,"min":240.01500000000001,"max":359.963},"waiting_time":{"sum":57823.971999999994,"count":2141,"mean":27.007927136851936,"min":7.635,"max":44.336},"executed_foreground_actions":{"sum":608972.0,"count":2141,"mean":284.4334423166745,"min":217.0,"max":358.0},"dmg":{"sum":10309688260.547096,"count":2141,"mean":4815361.167934188,"min":3585407.109484532,"max":6292314.617856538},"compound_dmg":{"sum":10309688260.547096,"count":2141,"mean":4815361.167934188,"min":3585407.109484532,"max":6292314.617856538},"timeline_dmg":{"mean":15938.700667323923,"mean_std_dev":8075.091024027565,"min":4697.135227756393,"max":48583.81019879704,