{"results":[["Trait","325","340","355","370","385"],["Laser Matrix",307,529,707,911,1194],["Archive of the Titans",249,416,584,781,1016],["Relational Normalization Gizmo",193,356,520,693,946],["Arcane Pummeling",81,200,383,552,741],["Synaptic Spark Capacitor",523,713,994,1252,1568],["Gutripper",107,188,408,578,811],["Sylvanas' Resolve / Anduin's Dedication",251,413,616,799,1067],["Swirling Sands",237,383,562,760,968],["Tradewinds",256,383,533,714,954],["Ricocheting Inflatable Pyrosaw",185,321,528,735,972],["Heed My Call",174,295,485,654,891],["Barrage Of Many Bombs",379,563,760,1031,1266],["Tidal Surge",259,458,646,839,1111],["Collective Will / Stand As One",12,198,388,529,744],["Combined Might / Stronger Together",38,164,320,492,686],["Battlefield Focus / Battlefield Precision",108,241,429,595,826],["Anomalous Impact",50,185,326,480,693],["Retaliatory Fury / Last Gift",142,284,444,559,814],["Galvanizing Spark",252,486,701,911,1165],["Glory in Battle / Liberator's Might",146,292,422,615,797],["Unstable Flames",125,172,398,570,778],["Blood Rite",101,223,347,565,729],["Meticulous Scheming",24,142,289,462,651],["Incite the Pack",220,369,523,687,891],["Brain Storm",151,289,447,650,888],["Explosive Echo",453,650,882,1123,1388],["Unstable Catalyst",276,483,654,868,1109],["Azerite Globules",131,270,452,636,819],["Arcane Pressure",391,556,744,940,1268],["Earthlink",95,247,394,581,788],["Rezan's Fury",259,403,615,821,1055],["Dagger in the Back",347,520,722,940,1201],["Secrets of the Deep",262,405,539,832,1068],["Blood Siphon",83,225,328,551,748],["Ruinous Bolt",142,314,475,672,898],["Thunderous Blast",354,542,753,977,1235],["Champion of Azeroth",256,423,602,792,1010],["Overwhelming Power",89,218,354,477,710],["Filthy Transfusion",227,375,545,771,1032],["Elemental Whirl",68,222,366,519,741],["Blightborne Infusion",263,464,671,847,1055]],"metas":{"build_date":"Aug 24 2018","build_time":"06:29:59","git_revision":"d11d257b76","options":{"debug":false,"max_time":300.0,"expected_iteration_time":265.89300000000003,"vary_combat_length":0.2,"iterations":2280,"target_error":0.2,"threads":32,"seed":11052721164906679750,"single_actor_batch":false,"queue_lag":0.005,"queue_lag_stddev":0.001,"gcd_lag":0.15,"gcd_lag_stddev":0.037,"channel_lag":0.25,"channel_lag_stddev":0.062,"queue_gcd_reduction":0.1,"strict_gcd_queue":0,"confidence":0.95,"confidence_estimator":1.9599639854089754,"world_lag":0.1,"world_lag_stddev":0.01,"travel_variance":0.0,"default_skill":1.0,"reaction_time":0.5,"regen_periodicity":0.25,"ignite_sampling_delta":0.2,"fixed_time":true,"optimize_expressions":true,"optimal_raid":1,"log":0,"debug_each":0,"stat_cache":1,"max_aoe_enemies":20,"show_etmi":false,"tmi_window_global":0.0,"tmi_bin_size":0.5,"enemy_death_pct":0.0,"challenge_mode":false,"timewalk":-1,"pvp_crit":false,"rng":{"name":"sse2-sfmt"},"deterministic":0,"average_range":1,"average_gauss":0,"fight_style":"Patchwerk","default_aura_delay":0.03,"default_aura_delay_stddev":0.005,"dbc":{"Live":{"build_level":27404,"wow_version":"8.0.1"},"version_used":"Live"}},"overrides":{"arcane_intellect":1,"battle_shout":1,"power_word_fortitude":1,"chaos_brand":1,"mystic_touch":1,"mortal_wounds":1,"bleeding":1,"bloodlust":1,"bloodlust_percent":25,"bloodlust_time":0.5},"statistics":{"elapsed_cpu_seconds":19814.85682300001,"elapsed_time_seconds":21.016783,"init_time_seconds":2.888037841000002,"merge_time_seconds":0.006846156,"analyze_time_seconds":0.5344371850000003,"simulation_length":{"sum":674928.0620000003,"count":2248,"mean":300.23490302491115,"min":240.05,"max":359.891,"median":301.26300000000003,"variance":1191.6299813010944,"std_dev":34.51999393541509,"mean_variance":0.5300845112549353,"mean_std_dev":0.7280690291826286},"raid_dps":{"sum":29866869.41608045,"count":2248,"mean":13285.973939537565},"total_dmg":{"sum":8954405670.563915,"count":2248,"mean":3983276.543845158},"total_iterations":437954,"total_actors":206,"total_iterations_mean":2125.990291262136,"total_iterations_variance":1892893.9805825246,"total_iterations_stddev":1375.8248364463132,"total_mean_dps_stddev":14.117202773271021,"total_mean_dps_variance":199.295414141651},"player":{"name":"Template","race":"troll","level":120,"role":"spell","specialization":"Arcane Mage","profile_source":"default","talents":[{"tier":1,"id":22461,"spell_id":264354,"name":"Rule of Threes"},{"tier":3,"id":22447,"spell_id":116011,"name":"Rune of Power"},{"tier":4,"id":22467,"spell_id":205032,"name":"Charged Up"},{"tier":6,"id":22449,"spell_id":210725,"name":"Touch of the Magi"},{"tier":7,"id":21630,"spell_id":155147,"name":"Overpowered"}],"party":0,"ready_type":0,"bugs":true,"scale_player":true,"potion_used":false,"timeofday":"DAY_TIME","invert_scaling":0,"reaction_offset":0.1,"reaction_max":1.4000000000000001,"reaction_mean":0.3,"reaction_stddev":0.06,"reaction_nu":0.25,"world_lag":0.1,"brain_lag":0.0,"brain_lag_stddev":0.0,"world_lag_override":false,"world_lag_stddev_override":false,"dbc":{"Live":{"build_level":27404,"wow_version":"8.0.1"},"version_used":"Live"},"base_mana_regen_per_second":2000.0,"collected_data":{"fight_length":{"sum":674928.0619999998,"count":2248,"mean":300.2349030249109,"min":240.05,"max":359.891},"executed_foreground_actions":{"sum":490186.0,"count":2248,"mean":218.05427046263344,"min":175.0,"max":260.0},"dmg":{"sum":8954405670.563915,"count":2248,"mean":3983276.543845158,"min":2674968.993675048,"max":5329403.552758106},"compound_dmg":{"sum":8954405670.563915,"count":2248,"mean":3983276.543845158,"min":2674968.993675048,"max":5329403.552758106},"timeline_dmg":{"mean":13401.872725218645,"mean_std_dev":10439.793721533253,"min":0.0,"max":88363.87136521518,