{"results":[["Trait","325","340","355","370","385"],["Thunderous Blast",386,545,706,915,1142],["Tidal Surge",279,412,554,735,973],["Azerite Globules",63,197,296,456,631],["Secrets of the Deep",230,358,502,649,856],["Filthy Transfusion",233,364,501,682,855],["Blood Rite",192,279,421,594,736],["Relational Normalization Gizmo",241,389,485,680,857],["Synaptic Spark Capacitor",189,314,472,649,824],["Gutripper",112,214,360,492,642],["Sylvanas' Resolve / Anduin's Dedication",206,336,481,642,867],["Swirling Sands",227,365,488,646,813],["Meticulous Scheming",179,295,426,570,731],["Ricocheting Inflatable Pyrosaw",105,212,355,497,682],["Laser Matrix",349,504,661,843,1083],["Tradewinds",234,340,473,627,781],["Heed My Call",118,242,382,530,694],["Collective Will / Stand As One",86,163,313,459,605],["Barrage Of Many Bombs",159,295,437,606,786],["Dagger in the Back",389,520,728,938,1159],["Unstable Flames",76,193,312,428,596],["Shrouded Suffocation",348,479,654,834,1078],["Fan of Blades",20,83,206,332,493],["Twist the Knife",196,310,435,615,801],["Scent of Blood",154,257,387,552,725],["Sharpened Blades",54,191,324,519,721],["Poisoned Wire",65,168,282,407,579],["Double Dose",48,154,288,418,558],["Overwhelming Power",77,189,315,440,581],["Unstable Catalyst",242,373,516,709,898],["Earthlink",85,195,323,455,636],["Incite the Pack",207,343,452,589,757],["Combined Might / Stronger Together",46,141,254,422,549],["Battlefield Focus / Battlefield Precision",257,401,588,759,959],["Retaliatory Fury / Last Gift",132,223,360,489,647],["Glory in Battle / Liberator's Might",171,279,373,544,709],["Ruinous Bolt",160,268,423,587,762],["Blood Siphon",88,175,322,436,605],["Champion of Azeroth",272,387,532,685,863],["Blightborne Infusion",276,384,528,691,853],["Rezan's Fury",280,418,580,750,965],["Elemental Whirl",98,194,315,438,599]],"metas":{"build_date":"Aug 21 2018","build_time":"06:51:36","git_revision":"57250019bf","options":{"debug":false,"max_time":300.0,"expected_iteration_time":330.67400000000004,"vary_combat_length":0.2,"iterations":775,"target_error":0.2,"threads":32,"seed":6983459533575659672,"single_actor_batch":false,"queue_lag":0.005,"queue_lag_stddev":0.001,"gcd_lag":0.15,"gcd_lag_stddev":0.037,"channel_lag":0.25,"channel_lag_stddev":0.062,"queue_gcd_reduction":0.1,"strict_gcd_queue":0,"confidence":0.95,"confidence_estimator":1.9599639854089754,"world_lag":0.1,"world_lag_stddev":0.01,"travel_variance":0.0,"default_skill":1.0,"reaction_time":0.5,"regen_periodicity":0.25,"ignite_sampling_delta":0.2,"fixed_time":true,"optimize_expressions":true,"optimal_raid":1,"log":0,"debug_each":0,"stat_cache":1,"max_aoe_enemies":20,"show_etmi":false,"tmi_window_global":0.0,"tmi_bin_size":0.5,"enemy_death_pct":0.0,"challenge_mode":false,"timewalk":-1,"pvp_crit":false,"rng":{"name":"sse2-sfmt"},"deterministic":0,"average_range":1,"average_gauss":0,"fight_style":"Patchwerk","default_aura_delay":0.03,"default_aura_delay_stddev":0.005,"dbc":{"bfa-BETA":{"build_level":26095,"wow_version":"8.0.1"},"version_used":"bfa-BETA"}},"overrides":{"arcane_intellect":1,"battle_shout":1,"power_word_fortitude":1,"chaos_brand":1,"mystic_touch":1,"mortal_wounds":1,"bleeding":1,"bloodlust":1,"bloodlust_percent":25,"bloodlust_time":0.5},"statistics":{"elapsed_cpu_seconds":18363.420507999996,"elapsed_time_seconds":19.672032,"init_time_seconds":3.149255173,"merge_time_seconds":0.005236608000000002,"analyze_time_seconds":0.127983085,"simulation_length":{"sum":223331.05800000002,"count":743,"mean":300.58015881561244,"min":240.001,"max":359.848,"median":301.149,"variance":1262.1744550757196,"std_dev":35.52709466133869,"mean_variance":1.6987543136954504,"mean_std_dev":1.3033626946078556},"raid_dps":{"sum":7470458.941245392,"count":743,"mean":10054.45348754427},"total_dmg":{"sum":2240758515.806024,"count":743,"mean":3015825.7278681346},"total_iterations":139889,"total_actors":206,"total_iterations_mean":679.0728155339806,"total_iterations_variance":528715.90776699,"total_iterations_stddev":727.1285359322587,"total_mean_dps_stddev":10.713779343509671,"total_mean_dps_variance":114.78506782141451},"player":{"name":"Template","race":"human","level":120,"role":"attack","specialization":"Assassination Rogue","profile_source":"default","talents":[{"tier":1,"id":22338,"spell_id":193640,"name":"Elaborate Planning"},{"tier":2,"id":22332,"spell_id":108208,"name":"Subterfuge"},{"tier":3,"id":19239,"spell_id":14983,"name":"Vigor"},{"tier":6,"id":22344,"spell_id":200806,"name":"Exsanguinate"},{"tier":7,"id":21186,"spell_id":255544,"name":"Poison Bomb"}],"party":0,"ready_type":1,"bugs":true,"scale_player":true,"potion_used":false,"timeofday":"DAY_TIME","invert_scaling":0,"reaction_offset":0.1,"reaction_max":1.4000000000000001,"reaction_mean":0.3,"reaction_stddev":0.06,"reaction_nu":0.25,"world_lag":0.1,"brain_lag":0.0,"brain_lag_stddev":0.0,"world_lag_override":false,"world_lag_stddev_override":false,"dbc":{"bfa-BETA":{"build_level":26095,"wow_version":"8.0.1"},"version_used":"bfa-BETA"},"base_energy_regen_per_second":11.0,"collected_data":{"fight_length":{"sum":223331.05800000005,"count":743,"mean":300.58015881561244,"min":240.001,"max":359.848},"waiting_time":{"sum":59637.706000000006,"count":743,"mean":80.26609152086138,"min":61.453,"max":101.403},"executed_foreground_actions":{"sum":146516.0,"count":743,"mean":197.1951547779273,"min":157.0,"max":233.0},"dmg":{"sum":2240758515.806024,"count":743,"mean":3015825.7278681346,"min":2369768.378096477,"max":3675571.281684118},"compound_dmg":{"sum":2240758515.806024,"count":743,"mean":3015825.7278681346,"min":2369768.378096477,"max":3675571.281684118},"timeline_dmg":{"mean":10101.2356291321,"mean_std_dev":4630.187971779303,"min":2752.8571514971036,"max":33207.5215694855,