{"results":[["Trait","325","340","355","370","385"],["Thunderous Blast",337,519,749,1022,1351],["Tidal Surge",255,439,663,908,1191],["Azerite Globules",213,378,585,842,1077],["Secrets of the Deep",311,541,768,1063,1355],["Gutripper",111,259,453,651,957],["Unstable Flames",161,339,500,740,959],["Blood Rite",216,428,630,848,1118],["Heed My Call",167,325,565,789,1034],["Filthy Transfusion",236,418,642,888,1142],["Relational Normalization Gizmo",334,536,775,1008,1304],["Synaptic Spark Capacitor",562,824,1090,1398,1769],["Sylvanas' Resolve / Anduin's Dedication",302,541,740,1005,1367],["Feeding Frenzy",280,443,647,866,1107],["Swirling Sands",371,547,781,1044,1296],["Meticulous Scheming",95,234,433,599,865],["Ricocheting Inflatable Pyrosaw",277,463,707,982,1264],["Laser Matrix",299,482,740,1020,1313],["Tradewinds",351,552,751,981,1287],["Collective Will / Stand As One",122,250,481,692,951],["Barrage Of Many Bombs",453,701,932,1214,1548],["Serrated Jaws",119,289,503,703,1008],["Primal Instincts",575,768,984,1228,1501],["Overwhelming Power",117,299,457,701,929],["Unstable Catalyst",380,573,854,1068,1457],["Rapid Reload",214,429,658,874,1158],["Pack Alpha",-19,187,317,546,763],["Dance of Death",160,343,537,793,1074],["Haze of Rage",355,551,765,1017,1355],["Dagger in the Back",367,575,814,1058,1387],["Incite the Pack",322,533,725,942,1252],["Combined Might / Stronger Together",58,246,432,613,898],["Battlefield Focus / Battlefield Precision",19,212,353,560,815],["Retaliatory Fury / Last Gift",208,362,522,759,1038],["Glory in Battle / Liberator's Might",272,422,631,879,1151],["Ruinous Bolt",148,335,544,736,1050],["Blood Siphon",114,277,491,705,966],["Blightborne Infusion",465,671,879,1111,1387],["Champion of Azeroth",451,615,882,1112,1395],["Earthlink",132,333,490,733,978],["Rezan's Fury",264,448,664,942,1187],["Elemental Whirl",150,315,500,702,962]],"metas":{"build_date":"Aug 19 2018","build_time":"01:32:03","git_revision":"08c89b7e98","options":{"debug":false,"max_time":300.0,"expected_iteration_time":260.91700000000003,"vary_combat_length":0.2,"iterations":775,"target_error":0.2,"threads":32,"seed":3696141079483879275,"single_actor_batch":false,"queue_lag":0.005,"queue_lag_stddev":0.001,"gcd_lag":0.15,"gcd_lag_stddev":0.037,"channel_lag":0.25,"channel_lag_stddev":0.062,"queue_gcd_reduction":0.1,"strict_gcd_queue":0,"confidence":0.95,"confidence_estimator":1.9599639854089754,"world_lag":0.1,"world_lag_stddev":0.01,"travel_variance":0.0,"default_skill":1.0,"reaction_time":0.5,"regen_periodicity":0.25,"ignite_sampling_delta":0.2,"fixed_time":true,"optimize_expressions":true,"optimal_raid":1,"log":0,"debug_each":0,"stat_cache":1,"max_aoe_enemies":20,"show_etmi":false,"tmi_window_global":0.0,"tmi_bin_size":0.5,"enemy_death_pct":0.0,"challenge_mode":false,"timewalk":-1,"pvp_crit":false,"rng":{"name":"sse2-sfmt"},"deterministic":0,"average_range":1,"average_gauss":0,"fight_style":"Patchwerk","default_aura_delay":0.03,"default_aura_delay_stddev":0.005,"dbc":{"bfa-BETA":{"build_level":26095,"wow_version":"8.0.1"},"version_used":"bfa-BETA"}},"overrides":{"arcane_intellect":1,"battle_shout":1,"power_word_fortitude":1,"chaos_brand":1,"mystic_touch":1,"mortal_wounds":1,"bleeding":1,"bloodlust":1,"bloodlust_percent":25,"bloodlust_time":0.5},"statistics":{"elapsed_cpu_seconds":11096.111555000003,"elapsed_time_seconds":11.865622,"init_time_seconds":2.214171793,"merge_time_seconds":0.006026145999999999,"analyze_time_seconds":0.14825208099999995,"simulation_length":{"sum":224084.979,"count":743,"mean":301.59485733512787,"min":240.61,"max":359.669,"median":301.872,"variance":1169.852694232675,"std_dev":34.203109423452645,"mean_variance":1.57449891552177,"mean_std_dev":1.254790387085337},"raid_dps":{"sum":11604753.925197765,"count":743,"mean":15618.780518435755},"total_dmg":{"sum":3495485090.205019,"count":743,"mean":4704555.976049824},"total_iterations":139771,"total_actors":206,"total_iterations_mean":678.5,"total_iterations_variance":616083.5,"total_iterations_stddev":784.9098674370198,"total_mean_dps_stddev":16.614698198114844,"total_mean_dps_variance":276.0481962144407},"player":{"name":"Template","race":"orc","level":120,"role":"attack","specialization":"Beast Mastery Hunter","profile_source":"default","talents":[{"tier":1,"id":22291,"spell_id":273887,"name":"Killer Instinct"},{"tier":2,"id":22290,"spell_id":53209,"name":"Chimaera Shot"},{"tier":4,"id":22269,"spell_id":131894,"name":"A Murder of Crows"},{"tier":6,"id":19357,"spell_id":199530,"name":"Stomp"},{"tier":7,"id":22273,"spell_id":191384,"name":"Aspect of the Beast"}],"party":0,"ready_type":0,"bugs":true,"scale_player":true,"potion_used":false,"timeofday":"DAY_TIME","invert_scaling":0,"reaction_offset":0.1,"reaction_max":1.4000000000000001,"reaction_mean":0.3,"reaction_stddev":0.06,"reaction_nu":0.25,"world_lag":0.1,"brain_lag":0.0,"brain_lag_stddev":0.0,"world_lag_override":false,"world_lag_stddev_override":false,"dbc":{"bfa-BETA":{"build_level":26095,"wow_version":"8.0.1"},"version_used":"bfa-BETA"},"base_focus_regen_per_second":10.0,"collected_data":{"fight_length":{"sum":224084.97899999996,"count":743,"mean":301.5948573351278,"min":240.61,"max":359.669},"waiting_time":{"sum":33910.70000000001,"count":743,"mean":45.64024226110365,"min":28.8,"max":62.9},"executed_foreground_actions":{"sum":167110.0,"count":743,"mean":224.91251682368775,"min":176.0,"max":268.0},"dmg":{"sum":975272303.4567509,"count":743,"mean":1312614.1365501357,"min":1020558.009154177,"max":1607654.480127509},"compound_dmg":{"sum":3495485090.205019,"count":743,"mean":4704555.976049824,"min":3522828.0370092774,"max":5688639.513447604},"timeline_dmg":{"mean":15851.699965613449,"mean_std_dev":5799.35362511035,"min":4287.985774150413,"max":55165.730933479404,