{"results":[["Trait","325","340","355","370","385"],["Laser Matrix",235,443,677,862,1230],["Archive of the Titans",263,457,615,894,1169],["Relational Normalization Gizmo",331,481,718,944,1242],["Synaptic Spark Capacitor",347,547,769,1069,1376],["Swirling Sands",377,533,785,963,1241],["Heed My Call",151,339,558,784,1069],["Ricocheting Inflatable Pyrosaw",223,426,652,864,1183],["Barrage Of Many Bombs",421,638,899,1236,1485],["Meridian Strikes",286,485,664,913,1199],["Tidal Surge",293,467,700,919,1256],["Collective Will / Stand As One",111,291,482,698,936],["Swift Roundhouse",-673,-469,-243,-8,337],["On My Way",153,274,453,747,986],["Combined Might / Stronger Together",80,251,416,712,940],["Pressure Point",233,418,625,877,1163],["Sunrise Technique",176,344,510,751,1059],["Sylvanas' Resolve / Anduin's Dedication",235,437,631,891,1212],["Battlefield Focus / Battlefield Precision",129,285,512,712,992],["Gutripper",113,255,492,750,1012],["Retaliatory Fury / Last Gift",110,321,492,724,986],["Glory in Battle / Liberator's Might",410,561,773,969,1215],["Blood Rite",209,407,616,813,1109],["Unstable Flames",122,265,490,677,959],["Blightborne Infusion",369,573,779,1023,1312],["Meticulous Scheming",168,350,510,711,999],["Incite the Pack",226,437,632,854,1126],["Open Palm Strikes",494,698,945,1277,1574],["Unstable Catalyst",289,452,682,933,1229],["Azerite Globules",105,279,470,683,928],["Tradewinds",290,471,651,853,1154],["Earthlink",114,263,454,707,964],["Secrets of the Deep",279,483,680,918,1191],["Dagger in the Back",286,449,659,939,1248],["Blood Siphon",197,383,552,794,1080],["Filthy Transfusion",228,401,599,850,1176],["Ruinous Bolt",177,364,547,793,1068],["Elemental Whirl",196,346,572,792,1025],["Thunderous Blast",390,600,818,1082,1442],["Champion of Azeroth",557,728,1003,1232,1427],["Overwhelming Power",142,302,465,703,951],["Iron Fists",359,554,740,992,1259],["Rezan's Fury",227,461,638,901,1229],["Lifespeed",275,467,635,851,1075]],"metas":{"build_date":"Aug 25 2018","build_time":"17:36:54","git_revision":"81398f5484","options":{"debug":false,"max_time":300.0,"expected_iteration_time":316.75600000000003,"vary_combat_length":0.2,"iterations":2619,"target_error":0.2,"threads":32,"seed":26653055903227649,"single_actor_batch":false,"queue_lag":0.005,"queue_lag_stddev":0.001,"gcd_lag":0.15,"gcd_lag_stddev":0.037,"channel_lag":0.25,"channel_lag_stddev":0.062,"queue_gcd_reduction":0.1,"strict_gcd_queue":0,"confidence":0.95,"confidence_estimator":1.9599639854089754,"world_lag":0.1,"world_lag_stddev":0.01,"travel_variance":0.0,"default_skill":1.0,"reaction_time":0.5,"regen_periodicity":0.25,"ignite_sampling_delta":0.2,"fixed_time":true,"optimize_expressions":true,"optimal_raid":1,"log":0,"debug_each":0,"stat_cache":1,"max_aoe_enemies":20,"show_etmi":false,"tmi_window_global":0.0,"tmi_bin_size":0.5,"enemy_death_pct":0.0,"challenge_mode":false,"timewalk":-1,"pvp_crit":false,"rng":{"name":"sse2-sfmt"},"deterministic":0,"average_range":1,"average_gauss":0,"fight_style":"Patchwerk","default_aura_delay":0.03,"default_aura_delay_stddev":0.005,"dbc":{"Live":{"build_level":27404,"wow_version":"8.0.1"},"version_used":"Live"}},"overrides":{"arcane_intellect":1,"battle_shout":1,"power_word_fortitude":1,"chaos_brand":1,"mystic_touch":1,"mortal_wounds":1,"bleeding":1,"bloodlust":1,"bloodlust_percent":25,"bloodlust_time":0.5},"statistics":{"elapsed_cpu_seconds":79804.55462299996,"elapsed_time_seconds":85.02786600000002,"init_time_seconds":4.906569351000002,"merge_time_seconds":0.011085232000000002,"analyze_time_seconds":0.5022719950000002,"simulation_length":{"sum":777654.0459999996,"count":2587,"mean":300.600713567839,"min":240.037,"max":359.963,"median":301.709,"variance":1199.4087546852547,"std_dev":34.6324812089064,"mean_variance":0.4636292055219384,"mean_std_dev":0.6809032277217801},"raid_dps":{"sum":48114995.157779336,"count":2587,"mean":18598.761174247906},"total_dmg":{"sum":14442561782.236345,"count":2587,"mean":5582745.180609333},"total_iterations":514038,"total_actors":216,"total_iterations_mean":2379.8055555555557,"total_iterations_variance":28623999.83333334,"total_iterations_stddev":5350.14016950335,"total_mean_dps_stddev":19.631299471775016,"total_mean_dps_variance":385.387918950514},"player":{"name":"Template","race":"pandaren","level":120,"role":"dps","specialization":"Windwalker Monk","profile_source":"default","talents":[{"tier":1,"id":19820,"spell_id":115098,"name":"Chi Wave"},{"tier":3,"id":19771,"spell_id":261947,"name":"Fist of the White Tiger"},{"tier":4,"id":23364,"spell_id":280195,"name":"Good Karma"},{"tier":6,"id":22102,"spell_id":123904,"name":"Invoke Xuen, the White Tiger"},{"tier":7,"id":21191,"spell_id":152173,"name":"Serenity"}],"party":0,"ready_type":0,"bugs":true,"scale_player":true,"potion_used":false,"timeofday":"DAY_TIME","invert_scaling":0,"reaction_offset":0.1,"reaction_max":1.4000000000000001,"reaction_mean":0.3,"reaction_stddev":0.06,"reaction_nu":0.25,"world_lag":0.1,"brain_lag":0.0,"brain_lag_stddev":0.0,"world_lag_override":false,"world_lag_stddev_override":false,"dbc":{"Live":{"build_level":27404,"wow_version":"8.0.1"},"version_used":"Live"},"base_energy_regen_per_second":10.0,"collected_data":{"fight_length":{"sum":777654.046,"count":2587,"mean":300.6007135678392,"min":240.037,"max":359.963},"waiting_time":{"sum":148138.30000000002,"count":2587,"mean":57.26258214147662,"min":23.900000000000002,"max":122.0},"executed_foreground_actions":{"sum":530563.0,"count":2587,"mean":205.0881329725551,"min":141.0,"max":265.0},"dmg":{"sum":13450845298.597504,"count":2587,"mean":5199399.033087554,"min":3498129.3937105974,"max":6538504.091607096},"compound_dmg":{"sum":14442561782.236345,"count":2587,"mean":5582745.180609333,"min":3754467.0862599434,"max":6933517.12293053},"timeline_dmg":{"mean":17835.519960308815,"mean_std_dev":17687.00043216594,"min":2016.7725341078678,"max":188056.47773204136,