{"results":[["Trait","325","340","355","370","385"],["Thunderous Blast",483,604,805,1033,1278],["Azerite Globules",93,218,322,484,669],["Tidal Surge",296,425,621,792,1037],["Dagger in the Back",424,598,780,1004,1274],["Unstable Flames",110,236,383,521,674],["Secrets of the Deep",241,374,479,740,922],["Gutripper",140,232,411,556,747],["Blood Rite",260,410,518,702,899],["Heed My Call",158,283,445,594,762],["Filthy Transfusion",276,438,628,789,981],["Relational Normalization Gizmo",316,434,605,790,1006],["Synaptic Spark Capacitor",250,348,508,700,918],["Sylvanas' Resolve / Anduin's Dedication",230,372,535,724,896],["Swirling Sands",365,457,609,777,1003],["Meticulous Scheming",336,435,577,731,970],["Ricocheting Inflatable Pyrosaw",127,236,385,547,737],["Laser Matrix",370,568,738,963,1211],["Tradewinds",337,503,642,839,1031],["Collective Will / Stand As One",85,205,372,490,682],["Barrage Of Many Bombs",216,345,490,637,858],["Inevitable Demise",204,325,463,678,909],["Cascading Calamity",338,471,632,822,995],["Combined Might / Stronger Together",75,186,328,454,648],["Wracking Brilliance",302,476,626,839,1114],["Incite the Pack",334,463,614,792,938],["Battlefield Focus / Battlefield Precision",64,130,306,410,591],["Dreadful Calling",89,195,350,511,695],["Retaliatory Fury / Last Gift",199,316,452,589,780],["Glory in Battle / Liberator's Might",226,351,488,674,842],["Ruinous Bolt",159,303,504,621,832],["Unstable Catalyst",242,417,571,738,961],["Champion of Azeroth",400,524,688,901,1079],["Blood Siphon",259,410,524,708,850],["Overwhelming Power",202,313,475,603,799],["Blightborne Infusion",400,530,699,853,1039],["Earthlink",105,232,365,482,674],["Rezan's Fury",337,463,634,830,1061],["Deathbloom",14,119,250,377,507],["Sudden Onset",74,182,330,481,637],["Elemental Whirl",133,250,370,550,711]],"metas":{"build_date":"Aug 17 2018","build_time":"18:41:44","git_revision":"d045f58118","options":{"debug":false,"max_time":300.0,"expected_iteration_time":329.37600000000003,"vary_combat_length":0.2,"iterations":1038,"target_error":0.2,"threads":32,"seed":11525584081571724577,"single_actor_batch":false,"queue_lag":0.005,"queue_lag_stddev":0.001,"gcd_lag":0.15,"gcd_lag_stddev":0.037,"channel_lag":0.25,"channel_lag_stddev":0.062,"queue_gcd_reduction":0.1,"strict_gcd_queue":0,"confidence":0.95,"confidence_estimator":1.9599639854089754,"world_lag":0.1,"world_lag_stddev":0.01,"travel_variance":0.0,"default_skill":1.0,"reaction_time":0.5,"regen_periodicity":0.25,"ignite_sampling_delta":0.2,"fixed_time":true,"optimize_expressions":true,"optimal_raid":1,"log":0,"debug_each":0,"stat_cache":1,"max_aoe_enemies":20,"show_etmi":false,"tmi_window_global":0.0,"tmi_bin_size":0.5,"enemy_death_pct":0.0,"challenge_mode":false,"timewalk":-1,"pvp_crit":false,"rng":{"name":"sse2-sfmt"},"deterministic":0,"average_range":1,"average_gauss":0,"fight_style":"Patchwerk","default_aura_delay":0.03,"default_aura_delay_stddev":0.005,"dbc":{"bfa-BETA":{"build_level":26095,"wow_version":"8.0.1"},"version_used":"bfa-BETA"}},"overrides":{"arcane_intellect":1,"battle_shout":1,"power_word_fortitude":1,"chaos_brand":1,"mystic_touch":1,"mortal_wounds":1,"bleeding":1,"bloodlust":1,"bloodlust_percent":25,"bloodlust_time":0.5},"statistics":{"elapsed_cpu_seconds":14457.112205000005,"elapsed_time_seconds":15.44422,"init_time_seconds":2.7535913340000007,"merge_time_seconds":0.005776964000000001,"analyze_time_seconds":0.19817233300000014,"simulation_length":{"sum":302719.70200000005,"count":1006,"mean":300.9142166998012,"min":240.046,"max":359.952,"median":301.562,"variance":1188.623405255228,"std_dev":34.47641810361436,"mean_variance":1.1815342000548985,"mean_std_dev":1.0869839925476816},"raid_dps":{"sum":15026252.607477833,"count":1006,"mean":14936.632810614148},"total_dmg":{"sum":4508310403.178729,"count":1006,"mean":4481421.871947046},"total_iterations":209086,"total_actors":201,"total_iterations_mean":1040.228855721393,"total_iterations_variance":645635.472636816,"total_iterations_stddev":803.5144507952648,"total_mean_dps_stddev":15.777440927854455,"total_mean_dps_variance":248.92764223193686},"player":{"name":"Template","race":"troll","level":120,"role":"spell","specialization":"Affliction Warlock","profile_source":"default","talents":[{"tier":1,"id":23141,"spell_id":264106,"name":"Deathbolt"},{"tier":2,"id":22089,"spell_id":63106,"name":"Siphon Life"},{"tier":4,"id":19292,"spell_id":205179,"name":"Phantom Singularity"},{"tier":6,"id":23159,"spell_id":48181,"name":"Haunt"},{"tier":7,"id":19293,"spell_id":113860,"name":"Dark Soul: Misery"}],"party":0,"ready_type":0,"bugs":true,"scale_player":true,"potion_used":false,"timeofday":"DAY_TIME","invert_scaling":0,"reaction_offset":0.1,"reaction_max":1.4000000000000001,"reaction_mean":0.3,"reaction_stddev":0.06,"reaction_nu":0.25,"world_lag":0.1,"brain_lag":0.0,"brain_lag_stddev":0.0,"world_lag_override":false,"world_lag_stddev_override":false,"dbc":{"bfa-BETA":{"build_level":26095,"wow_version":"8.0.1"},"version_used":"bfa-BETA"},"base_mana_regen_per_second":1000.0,"collected_data":{"fight_length":{"sum":302719.7020000001,"count":1006,"mean":300.9142166998013,"min":240.046,"max":359.952},"executed_foreground_actions":{"sum":241791.0,"count":1006,"mean":240.34890656063618,"min":192.0,"max":283.0},"dmg":{"sum":3692386788.8563657,"count":1006,"mean":3670364.6012488725,"min":2855363.3565337425,"max":4437271.96255426},"compound_dmg":{"sum":4508310403.178729,"count":1006,"mean":4481421.871947046,"min":3548528.3723497423,"max":5329848.187914494},"timeline_dmg":{"mean":14635.71376976294,"mean_std_dev":10585.41454246853,"min":0.0,"max":114725.72435898366,