{"results":[["Trait","325","340","355","370","385"],["Laser Matrix",324,485,720,952,1308],["Archive of the Titans",338,513,751,988,1299],["Relational Normalization Gizmo",78,258,492,730,1036],["Synaptic Spark Capacitor",488,694,958,1232,1608],["Shadow's Bite",13,226,380,578,843],["Gutripper",60,258,444,663,912],["Sylvanas' Resolve / Anduin's Dedication",297,541,770,1015,1325],["Swirling Sands",355,521,726,967,1321],["Tradewinds",408,651,850,1146,1348],["Ricocheting Inflatable Pyrosaw",181,332,537,761,1092],["Umbral Blaze",12,225,434,629,903],["Heed My Call",121,311,537,774,1064],["Barrage Of Many Bombs",319,532,740,1025,1338],["Tidal Surge",222,410,627,880,1097],["Collective Will / Stand As One",90,271,450,732,940],["Combined Might / Stronger Together",44,175,405,594,931],["Battlefield Focus / Battlefield Precision",45,204,443,591,885],["Retaliatory Fury / Last Gift",214,431,629,832,1071],["Glory in Battle / Liberator's Might",301,453,694,868,1114],["Blood Rite",-60,102,324,550,793],["Meticulous Scheming",224,435,632,852,1096],["Incite the Pack",383,614,844,1034,1342],["Explosive Potential",185,384,578,807,1032],["Unstable Flames",134,349,534,776,995],["Unstable Catalyst",345,588,823,1067,1407],["Forbidden Knowledge",-293,-146,52,294,575],["Supreme Commander",369,530,763,1032,1392],["Azerite Globules",74,249,428,676,945],["Earthlink",131,321,485,722,998],["Rezan's Fury",221,400,616,891,1161],["Dagger in the Back",251,407,638,948,1192],["Secrets of the Deep",326,527,736,1030,1359],["Blood Siphon",297,469,635,913,1151],["Excoriate",-67,115,317,551,766],["Demonic Meteor",153,321,514,695,1015],["Ruinous Bolt",121,315,486,718,1009],["Thunderous Blast",297,520,796,1052,1407],["Champion of Azeroth",597,803,1071,1316,1575],["Overwhelming Power",-170,-28,128,368,555],["Filthy Transfusion",184,394,593,854,1114],["Blightborne Infusion",525,708,975,1196,1540],["Elemental Whirl",181,373,523,757,985]],"metas":{"build_date":"Aug 29 2018","build_time":"06:51:22","git_revision":"744e4aaddc","options":{"debug":false,"max_time":300.0,"expected_iteration_time":250.78900000000002,"vary_combat_length":0.2,"iterations":1789,"target_error":0.2,"threads":32,"seed":18351744848101361192,"single_actor_batch":false,"queue_lag":0.005,"queue_lag_stddev":0.001,"gcd_lag":0.15,"gcd_lag_stddev":0.037,"channel_lag":0.25,"channel_lag_stddev":0.062,"queue_gcd_reduction":0.1,"strict_gcd_queue":0,"confidence":0.95,"confidence_estimator":1.9599639854089754,"world_lag":0.1,"world_lag_stddev":0.01,"travel_variance":0.0,"default_skill":1.0,"reaction_time":0.5,"regen_periodicity":0.25,"ignite_sampling_delta":0.2,"fixed_time":true,"optimize_expressions":true,"optimal_raid":1,"log":0,"debug_each":0,"stat_cache":1,"max_aoe_enemies":20,"show_etmi":false,"tmi_window_global":0.0,"tmi_bin_size":0.5,"enemy_death_pct":0.0,"challenge_mode":false,"timewalk":-1,"pvp_crit":false,"rng":{"name":"sse2-sfmt"},"deterministic":0,"average_range":1,"average_gauss":0,"fight_style":"Patchwerk","default_aura_delay":0.03,"default_aura_delay_stddev":0.005,"dbc":{"Live":{"build_level":27481,"wow_version":"8.0.1"},"version_used":"Live"}},"overrides":{"arcane_intellect":1,"battle_shout":1,"power_word_fortitude":1,"chaos_brand":1,"mystic_touch":1,"mortal_wounds":1,"bleeding":1,"bloodlust":1,"bloodlust_percent":25,"bloodlust_time":0.5},"statistics":{"elapsed_cpu_seconds":52452.057814,"elapsed_time_seconds":55.415384,"init_time_seconds":3.083287361,"merge_time_seconds":0.014292424000000005,"analyze_time_seconds":0.368937391,"simulation_length":{"sum":526425.874,"count":1757,"mean":299.6163198634035,"min":240.024,"max":359.92,"median":299.697,"variance":1215.2426234867592,"std_dev":34.86033022630106,"mean_variance":0.6916577253766415,"mean_std_dev":0.8316596211050777},"raid_dps":{"sum":37341782.77100597,"count":1757,"mean":21253.148987482058},"total_dmg":{"sum":11167995875.905643,"count":1757,"mean":6356286.781961095},"total_iterations":385038,"total_actors":211,"total_iterations_mean":1824.824644549763,"total_iterations_variance":3927114.5118483426,"total_iterations_stddev":1981.6948584099275,"total_mean_dps_stddev":22.3169519901169,"total_mean_dps_variance":498.0463461291826},"player":{"name":"Template","race":"troll","level":120,"role":"spell","specialization":"Demonology Warlock","profile_source":"default","talents":[{"tier":1,"id":22048,"spell_id":267171,"name":"Demonic Strength"},{"tier":2,"id":23158,"spell_id":265412,"name":"Doom"},{"tier":4,"id":23160,"spell_id":264119,"name":"Summon Vilefiend"},{"tier":6,"id":21717,"spell_id":111898,"name":"Grimoire: Felguard"},{"tier":7,"id":23161,"spell_id":267214,"name":"Sacrificed Souls"}],"party":0,"ready_type":0,"bugs":true,"scale_player":true,"potion_used":false,"timeofday":"DAY_TIME","invert_scaling":0,"reaction_offset":0.1,"reaction_max":1.4000000000000001,"reaction_mean":0.3,"reaction_stddev":0.06,"reaction_nu":0.25,"world_lag":0.1,"brain_lag":0.0,"brain_lag_stddev":0.0,"world_lag_override":false,"world_lag_stddev_override":false,"dbc":{"Live":{"build_level":27481,"wow_version":"8.0.1"},"version_used":"Live"},"base_mana_regen_per_second":1000.0,"collected_data":{"fight_length":{"sum":526425.874,"count":1757,"mean":299.6163198634035,"min":240.024,"max":359.92},"executed_foreground_actions":{"sum":402359.0,"count":1757,"mean":229.00341491178145,"min":184.0,"max":275.0},"dmg":{"sum":4028321457.861055,"count":1757,"mean":2292727.067650003,"min":1562930.7368703391,"max":3091397.249800834},"compound_dmg":{"sum":11167995875.905643,"count":1757,"mean":6356286.781961095,"min":4718726.640181945,"max":7936583.859765088},"timeline_dmg":{"mean":20679.442956675754,"mean_std_dev":17552.47632579969,"min":1812.161377421415,"max":150837.41104483898,