{"results":[["Trait","325","340","355","370","385"],["Thunderous Blast",353,489,645,848,1055],["Azerite Globules",84,172,286,407,592],["Packed Ice",102,194,301,428,600],["Tidal Surge",258,376,522,720,934],["Dagger in the Back",352,470,675,848,1057],["Unstable Flames",111,186,288,414,561],["Secrets of the Deep",198,313,470,601,797],["Gutripper",97,187,312,429,601],["Blood Rite",128,265,368,524,659],["Tunnel of Ice",223,338,464,639,817],["Filthy Transfusion",216,341,496,643,848],["Relational Normalization Gizmo",214,312,454,615,748],["Synaptic Spark Capacitor",198,298,443,625,770],["Sylvanas' Resolve / Anduin's Dedication",192,293,438,632,810],["Swirling Sands",225,336,456,584,762],["Meticulous Scheming",144,246,358,491,643],["Ricocheting Inflatable Pyrosaw",92,181,300,453,606],["Laser Matrix",301,439,597,806,995],["Tradewinds",176,266,405,524,682],["Heed My Call",124,221,327,495,653],["Collective Will / Stand As One",50,162,268,402,555],["Barrage Of Many Bombs",148,271,407,538,726],["Frigid Grasp",114,200,354,477,605],["Retaliatory Fury / Last Gift",91,203,285,407,568],["Earthlink",59,164,291,421,574],["Winter's Reach",114,249,417,589,768],["Whiteout",213,328,465,629,786],["Incite the Pack",165,268,379,504,658],["Combined Might / Stronger Together",55,125,241,381,501],["Battlefield Focus / Battlefield Precision",35,106,235,336,488],["Glory in Battle / Liberator's Might",139,254,362,527,668],["Ruinous Bolt",165,259,405,531,737],["Unstable Catalyst",227,339,504,654,837],["Blood Siphon",48,160,265,399,516],["Overwhelming Power",47,152,259,388,539],["Champion of Azeroth",256,338,473,639,796],["Blightborne Infusion",233,368,468,611,784],["Elemental Whirl",77,173,282,394,575],["Glacial Assault",96,195,307,439,618],["Rezan's Fury",237,368,507,702,884]],"metas":{"build_date":"Aug 20 2018","build_time":"15:55:45","git_revision":"04f3f715c8","options":{"debug":false,"max_time":300.0,"expected_iteration_time":264.51800000000003,"vary_combat_length":0.2,"iterations":1261,"target_error":0.2,"threads":32,"seed":1776357113314829801,"single_actor_batch":false,"queue_lag":0.005,"queue_lag_stddev":0.001,"gcd_lag":0.15,"gcd_lag_stddev":0.037,"channel_lag":0.25,"channel_lag_stddev":0.062,"queue_gcd_reduction":0.1,"strict_gcd_queue":0,"confidence":0.95,"confidence_estimator":1.9599639854089754,"world_lag":0.1,"world_lag_stddev":0.01,"travel_variance":0.0,"default_skill":1.0,"reaction_time":0.5,"regen_periodicity":0.25,"ignite_sampling_delta":0.2,"fixed_time":true,"optimize_expressions":true,"optimal_raid":1,"log":0,"debug_each":0,"stat_cache":1,"max_aoe_enemies":20,"show_etmi":false,"tmi_window_global":0.0,"tmi_bin_size":0.5,"enemy_death_pct":0.0,"challenge_mode":false,"timewalk":-1,"pvp_crit":false,"rng":{"name":"sse2-sfmt"},"deterministic":0,"average_range":1,"average_gauss":0,"fight_style":"Patchwerk","default_aura_delay":0.03,"default_aura_delay_stddev":0.005,"dbc":{"bfa-BETA":{"build_level":26095,"wow_version":"8.0.1"},"version_used":"bfa-BETA"}},"overrides":{"arcane_intellect":1,"battle_shout":1,"power_word_fortitude":1,"chaos_brand":1,"mystic_touch":1,"mortal_wounds":1,"bleeding":1,"bloodlust":1,"bloodlust_percent":25,"bloodlust_time":0.5},"statistics":{"elapsed_cpu_seconds":9685.228000000003,"elapsed_time_seconds":10.408468,"init_time_seconds":2.6271619479999995,"merge_time_seconds":0.004940396999999999,"analyze_time_seconds":0.22766309399999993,"simulation_length":{"sum":367252.49999999994,"count":1229,"mean":298.82221318144826,"min":240.064,"max":359.948,"median":298.343,"variance":1138.9142607649687,"std_dev":33.74780379172797,"mean_variance":0.9266999680756458,"mean_std_dev":0.9626525687264569},"raid_dps":{"sum":12519691.384968597,"count":1229,"mean":10186.892908843447},"total_dmg":{"sum":3736563889.7894225,"count":1229,"mean":3040328.6328636473},"total_iterations":240569,"total_actors":201,"total_iterations_mean":1196.8606965174129,"total_iterations_variance":702932.0995024871,"total_iterations_stddev":838.4104600388089,"total_mean_dps_stddev":10.811062241497584,"total_mean_dps_variance":116.87906678953478},"player":{"name":"Template","race":"pandaren","level":120,"role":"spell","specialization":"Frost Mage","profile_source":"default","talents":[{"tier":1,"id":22457,"spell_id":205027,"name":"Bone Chilling"},{"tier":3,"id":22444,"spell_id":1463,"name":"Incanter's Flow"},{"tier":4,"id":22469,"spell_id":257537,"name":"Ebonbolt"},{"tier":6,"id":22473,"spell_id":153595,"name":"Comet Storm"},{"tier":7,"id":21634,"spell_id":199786,"name":"Glacial Spike"}],"party":0,"ready_type":0,"bugs":true,"scale_player":true,"potion_used":false,"timeofday":"DAY_TIME","invert_scaling":0,"reaction_offset":0.1,"reaction_max":1.4000000000000001,"reaction_mean":0.3,"reaction_stddev":0.06,"reaction_nu":0.25,"world_lag":0.1,"brain_lag":0.0,"brain_lag_stddev":0.0,"world_lag_override":false,"world_lag_stddev_override":false,"dbc":{"bfa-BETA":{"build_level":26095,"wow_version":"8.0.1"},"version_used":"bfa-BETA"},"base_mana_regen_per_second":2000.0,"collected_data":{"fight_length":{"sum":367252.49999999994,"count":1229,"mean":298.82221318144826,"min":240.064,"max":359.948},"executed_foreground_actions":{"sum":240089.0,"count":1229,"mean":195.35313262815296,"min":157.0,"max":234.0},"dmg":{"sum":3447074782.8281484,"count":1229,"mean":2804780.1324883224,"min":2095710.6472266766,"max":3552676.016405112},"compound_dmg":{"sum":3736563889.7894225,"count":1229,"mean":3040328.6328636473,"min":2293000.4539514873,"max":3833117.64264227},"timeline_dmg":{"mean":10142.485670493117,"mean_std_dev":4047.2542409250077,"min":2268.8123697503192,"max":42363.600838733204,