{"results":[["Trait","325","340","355","370","385"],["Laser Matrix",303,449,631,852,1049],["Archive of the Titans",219,343,492,665,853],["Relational Normalization Gizmo",260,450,556,724,919],["Synaptic Spark Capacitor",225,348,493,689,858],["Gutripper",101,216,337,513,724],["Sylvanas' Resolve / Anduin's Dedication",237,346,514,690,892],["Feeding Frenzy",233,340,466,627,757],["Swirling Sands",292,445,552,746,907],["Tradewinds",271,426,573,721,902],["Ricocheting Inflatable Pyrosaw",77,239,339,507,667],["Heed My Call",110,220,377,517,732],["Barrage Of Many Bombs",172,298,423,608,808],["Serrated Jaws",159,305,441,609,794],["Tidal Surge",247,420,580,753,997],["Collective Will / Stand As One",75,192,342,501,629],["Combined Might / Stronger Together",31,169,308,415,592],["Battlefield Focus / Battlefield Precision",253,397,569,715,960],["Retaliatory Fury / Last Gift",150,295,434,544,739],["Glory in Battle / Liberator's Might",201,338,479,638,808],["Blood Rite",217,367,491,654,837],["Unstable Flames",113,230,313,486,667],["Meticulous Scheming",-5,117,232,358,522],["Incite the Pack",230,360,500,686,848],["Unstable Catalyst",244,416,559,730,954],["Azerite Globules",70,196,319,463,637],["Earthlink",116,169,339,490,666],["Haze of Rage",222,381,534,711,928],["Dagger in the Back",305,438,626,813,1022],["Secrets of the Deep",233,359,512,716,922],["Blood Siphon",112,218,355,483,663],["Pack Alpha",2,84,228,371,524],["Dance of Death",144,250,406,592,753],["Ruinous Bolt",160,310,429,575,835],["Overwhelming Power",168,285,395,530,736],["Thunderous Blast",343,487,676,888,1098],["Champion of Azeroth",362,487,649,810,1006],["Rapid Reload",10,106,209,354,513],["Filthy Transfusion",221,376,517,681,863],["Primal Instincts",416,603,724,912,1116],["Elemental Whirl",123,223,374,521,657],["Rezan's Fury",236,403,591,749,962],["Blightborne Infusion",343,508,647,801,998]],"metas":{"build_date":"Aug 26 2018","build_time":"00:47:51","git_revision":"91e454c877","options":{"debug":false,"max_time":300.0,"expected_iteration_time":359.93600000000004,"vary_combat_length":0.2,"iterations":701,"target_error":0.2,"threads":32,"seed":11990100142530210886,"single_actor_batch":false,"queue_lag":0.005,"queue_lag_stddev":0.001,"gcd_lag":0.15,"gcd_lag_stddev":0.037,"channel_lag":0.25,"channel_lag_stddev":0.062,"queue_gcd_reduction":0.1,"strict_gcd_queue":0,"confidence":0.95,"confidence_estimator":1.9599639854089754,"world_lag":0.1,"world_lag_stddev":0.01,"travel_variance":0.0,"default_skill":1.0,"reaction_time":0.5,"regen_periodicity":0.25,"ignite_sampling_delta":0.2,"fixed_time":true,"optimize_expressions":true,"optimal_raid":1,"log":0,"debug_each":0,"stat_cache":1,"max_aoe_enemies":20,"show_etmi":false,"tmi_window_global":0.0,"tmi_bin_size":0.5,"enemy_death_pct":0.0,"challenge_mode":false,"timewalk":-1,"pvp_crit":false,"rng":{"name":"sse2-sfmt"},"deterministic":0,"average_range":1,"average_gauss":0,"fight_style":"Patchwerk","default_aura_delay":0.03,"default_aura_delay_stddev":0.005,"dbc":{"Live":{"build_level":27404,"wow_version":"8.0.1"},"version_used":"Live"}},"overrides":{"arcane_intellect":1,"battle_shout":1,"power_word_fortitude":1,"chaos_brand":1,"mystic_touch":1,"mortal_wounds":1,"bleeding":1,"bloodlust":1,"bloodlust_percent":25,"bloodlust_time":0.5},"statistics":{"elapsed_cpu_seconds":7411.046974000001,"elapsed_time_seconds":7.9711110000000005,"init_time_seconds":2.132741051999999,"merge_time_seconds":0.004800160999999999,"analyze_time_seconds":0.11992241000000005,"simulation_length":{"sum":199617.5619999999,"count":669,"mean":298.3820059790731,"min":240.096,"max":359.968,"median":296.774,"variance":1248.369092266033,"std_dev":35.33226701283167,"mean_variance":1.866022559441006,"mean_std_dev":1.3660243626820885},"raid_dps":{"sum":9262430.836489195,"count":669,"mean":13845.188096396405},"total_dmg":{"sum":2759802127.763433,"count":669,"mean":4125264.7649677624},"total_iterations":126945,"total_actors":211,"total_iterations_mean":601.6350710900474,"total_iterations_variance":339352.90047393367,"total_iterations_stddev":582.5400419489922,"total_mean_dps_stddev":14.606287659440625,"total_mean_dps_variance":213.34363919032748},"player":{"name":"Template","race":"orc","level":120,"role":"attack","specialization":"Beast Mastery Hunter","profile_source":"default","talents":[{"tier":1,"id":22291,"spell_id":273887,"name":"Killer Instinct"},{"tier":2,"id":22290,"spell_id":53209,"name":"Chimaera Shot"},{"tier":4,"id":22269,"spell_id":131894,"name":"A Murder of Crows"},{"tier":6,"id":19357,"spell_id":199530,"name":"Stomp"},{"tier":7,"id":22273,"spell_id":191384,"name":"Aspect of the Beast"}],"party":0,"ready_type":0,"bugs":true,"scale_player":true,"potion_used":false,"timeofday":"DAY_TIME","invert_scaling":0,"reaction_offset":0.1,"reaction_max":1.4000000000000001,"reaction_mean":0.3,"reaction_stddev":0.06,"reaction_nu":0.25,"world_lag":0.1,"brain_lag":0.0,"brain_lag_stddev":0.0,"world_lag_override":false,"world_lag_stddev_override":false,"dbc":{"Live":{"build_level":27404,"wow_version":"8.0.1"},"version_used":"Live"},"base_focus_regen_per_second":10.0,"collected_data":{"fight_length":{"sum":199617.56200000003,"count":669,"mean":298.3820059790733,"min":240.096,"max":359.968},"waiting_time":{"sum":21256.700000000004,"count":669,"mean":31.77384155455905,"min":19.3,"max":48.9},"executed_foreground_actions":{"sum":148460.0,"count":669,"mean":221.9133034379671,"min":176.0,"max":268.0},"dmg":{"sum":1162204411.0259771,"count":669,"mean":1737226.3244035533,"min":1302159.1156325496,"max":2135153.6429141816},"compound_dmg":{"sum":2759802127.763433,"count":669,"mean":4125264.7649677624,"min":3179707.5599486474,"max":5027329.364587128},"timeline_dmg":{"mean":14126.996554923926,"mean_std_dev":5433.143451058808,"min":1776.3671384921322,"max":54303.24047343357,