{"results":[["Trait","325","340","355","370","385"],["Thunderous Blast",376,543,721,927,1218],["Tidal Surge",271,382,582,762,984],["Azerite Globules",85,212,343,489,685],["Secrets of the Deep",225,345,531,716,933],["Filthy Transfusion",260,393,512,728,938],["Blood Rite",229,341,504,679,860],["Relational Normalization Gizmo",323,424,568,778,981],["Synaptic Spark Capacitor",184,314,490,668,849],["Gutripper",115,230,373,543,710],["Sylvanas' Resolve / Anduin's Dedication",215,364,528,739,912],["Swirling Sands",358,510,640,813,1023],["Meticulous Scheming",220,367,483,677,832],["Ricocheting Inflatable Pyrosaw",112,209,374,552,721],["Laser Matrix",342,536,699,883,1161],["Tradewinds",274,435,582,751,926],["Heed My Call",106,262,401,544,716],["Collective Will / Stand As One",97,210,352,506,684],["Barrage Of Many Bombs",176,299,482,619,857],["Dagger in the Back",365,559,734,957,1209],["Unstable Flames",138,264,391,535,715],["Shrouded Suffocation",515,695,840,1094,1386],["Fan of Blades",11,116,230,383,532],["Twist the Knife",246,400,559,772,976],["Scent of Blood",141,268,466,615,796],["Sharpened Blades",-17,108,270,487,681],["Poisoned Wire",117,236,330,476,653],["Double Dose",34,121,299,416,618],["Overwhelming Power",187,292,450,593,792],["Unstable Catalyst",269,396,574,760,1013],["Earthlink",105,243,343,499,703],["Incite the Pack",294,389,537,688,911],["Combined Might / Stronger Together",60,147,304,459,611],["Battlefield Focus / Battlefield Precision",294,433,599,804,1048],["Retaliatory Fury / Last Gift",172,260,413,579,741],["Glory in Battle / Liberator's Might",239,372,542,676,826],["Ruinous Bolt",150,288,436,620,818],["Blood Siphon",120,234,353,528,672],["Champion of Azeroth",411,512,675,861,1059],["Blightborne Infusion",401,553,714,900,1052],["Rezan's Fury",283,430,606,764,1010],["Elemental Whirl",127,240,407,508,710]],"metas":{"build_date":"Aug 23 2018","build_time":"08:35:52","git_revision":"0f9699d9e7","options":{"debug":false,"max_time":300.0,"expected_iteration_time":306.25600000000003,"vary_combat_length":0.2,"iterations":834,"target_error":0.2,"threads":32,"seed":18237816495052906612,"single_actor_batch":false,"queue_lag":0.005,"queue_lag_stddev":0.001,"gcd_lag":0.15,"gcd_lag_stddev":0.037,"channel_lag":0.25,"channel_lag_stddev":0.062,"queue_gcd_reduction":0.1,"strict_gcd_queue":0,"confidence":0.95,"confidence_estimator":1.9599639854089754,"world_lag":0.1,"world_lag_stddev":0.01,"travel_variance":0.0,"default_skill":1.0,"reaction_time":0.5,"regen_periodicity":0.25,"ignite_sampling_delta":0.2,"fixed_time":true,"optimize_expressions":true,"optimal_raid":1,"log":0,"debug_each":0,"stat_cache":1,"max_aoe_enemies":20,"show_etmi":false,"tmi_window_global":0.0,"tmi_bin_size":0.5,"enemy_death_pct":0.0,"challenge_mode":false,"timewalk":-1,"pvp_crit":false,"rng":{"name":"sse2-sfmt"},"deterministic":0,"average_range":1,"average_gauss":0,"fight_style":"Patchwerk","default_aura_delay":0.03,"default_aura_delay_stddev":0.005,"dbc":{"Live":{"build_level":27404,"wow_version":"8.0.1"},"version_used":"Live"}},"overrides":{"arcane_intellect":1,"battle_shout":1,"power_word_fortitude":1,"chaos_brand":1,"mystic_touch":1,"mortal_wounds":1,"bleeding":1,"bloodlust":1,"bloodlust_percent":25,"bloodlust_time":0.5},"statistics":{"elapsed_cpu_seconds":18422.577966000008,"elapsed_time_seconds":19.670843,"init_time_seconds":3.110272407999999,"merge_time_seconds":0.005708689000000001,"analyze_time_seconds":0.13570621599999996,"simulation_length":{"sum":240505.83699999997,"count":802,"mean":299.8825897755611,"min":240.55100000000002,"max":359.952,"median":300.08,"variance":1209.0004529476762,"std_dev":34.770683814783915,"mean_variance":1.5074818615307684,"mean_std_dev":1.2277955292029565},"raid_dps":{"sum":11293529.717492769,"count":802,"mean":14081.707877173028},"total_dmg":{"sum":3380734329.758912,"count":802,"mean":4215379.46353979},"total_iterations":146976,"total_actors":206,"total_iterations_mean":713.4757281553398,"total_iterations_variance":532145.3786407767,"total_iterations_stddev":729.4829529473438,"total_mean_dps_stddev":14.882369563542044,"total_mean_dps_variance":221.4849238258426},"player":{"name":"Template","race":"troll","level":120,"role":"attack","specialization":"Assassination Rogue","profile_source":"default","talents":[{"tier":1,"id":22338,"spell_id":193640,"name":"Elaborate Planning"},{"tier":2,"id":22332,"spell_id":108208,"name":"Subterfuge"},{"tier":3,"id":19239,"spell_id":14983,"name":"Vigor"},{"tier":6,"id":23015,"spell_id":245388,"name":"Toxic Blade"},{"tier":7,"id":21186,"spell_id":255544,"name":"Poison Bomb"}],"party":0,"ready_type":1,"bugs":true,"scale_player":true,"potion_used":false,"timeofday":"DAY_TIME","invert_scaling":0,"reaction_offset":0.1,"reaction_max":1.4000000000000001,"reaction_mean":0.3,"reaction_stddev":0.06,"reaction_nu":0.25,"world_lag":0.1,"brain_lag":0.0,"brain_lag_stddev":0.0,"world_lag_override":false,"world_lag_stddev_override":false,"dbc":{"Live":{"build_level":27404,"wow_version":"8.0.1"},"version_used":"Live"},"base_energy_regen_per_second":11.0,"collected_data":{"fight_length":{"sum":240505.837,"count":802,"mean":299.8825897755611,"min":240.55100000000002,"max":359.952},"waiting_time":{"sum":66605.16699999999,"count":802,"mean":83.0488366583541,"min":63.393,"max":109.099},"executed_foreground_actions":{"sum":152257.0,"count":802,"mean":189.84663341645884,"min":151.0,"max":225.0},"dmg":{"sum":3380734329.758912,"count":802,"mean":4215379.46353979,"min":3272367.981871122,"max":5103317.067835951},"compound_dmg":{"sum":3380734329.758912,"count":802,"mean":4215379.46353979,"min":3272367.981871122,"max":5103317.067835951},"timeline_dmg":{"mean":14140.362344794654,"mean_std_dev":6222.468363748179,"min":3352.9962165664997,"max":43997.77813719206,