{"results":[["Trait","325","340","355","370","385"],["Thunderous Blast",374,541,692,880,1141],["Dagger in the Back",380,529,713,895,1118],["Unstable Flames",76,190,284,438,573],["Secrets of the Deep",207,303,479,611,839],["Gutripper",89,211,333,463,659],["Blood Rite",126,215,351,479,635],["Heed My Call",108,204,354,496,679],["Tidal Surge",266,412,548,706,928],["Filthy Transfusion",247,362,541,714,894],["Relational Normalization Gizmo",184,289,440,594,747],["Synaptic Spark Capacitor",195,317,463,620,811],["Sylvanas' Resolve / Anduin's Dedication",195,313,456,605,786],["Swirling Sands",226,348,481,650,804],["Meticulous Scheming",155,240,364,513,659],["Ricocheting Inflatable Pyrosaw",108,188,332,459,639],["Laser Matrix",330,474,634,834,1056],["Tradewinds",190,263,398,530,672],["Collective Will / Stand As One",73,177,272,409,577],["Barrage Of Many Bombs",173,288,423,591,762],["Snake Eyes",45,168,284,427,580],["Overwhelming Power",35,132,255,382,542],["Paradise Lost",272,400,560,746,944],["Brigand's Blitz",106,205,317,476,625],["Azerite Globules",53,157,291,437,581],["Ace Up Your Sleeve",-75,34,141,260,423],["Deadshot",197,320,476,664,903],["Incite the Pack",146,255,395,525,673],["Combined Might / Stronger Together",36,130,249,378,519],["Storm of Steel",232,391,557,724,947],["Battlefield Focus / Battlefield Precision",-10,104,227,353,497],["Retaliatory Fury / Last Gift",69,186,307,424,594],["Glory in Battle / Liberator's Might",131,240,354,517,668],["Ruinous Bolt",167,276,414,559,748],["Unstable Catalyst",217,327,471,629,850],["Blood Siphon",53,157,274,390,535],["Champion of Azeroth",229,335,514,643,803],["Blightborne Infusion",254,388,499,666,840],["Earthlink",72,190,297,456,622],["Rezan's Fury",258,399,548,716,952],["Elemental Whirl",55,171,283,394,557]],"metas":{"build_date":"Aug 17 2018","build_time":"14:03:13","git_revision":"f3206853b5","options":{"debug":false,"max_time":300.0,"expected_iteration_time":291.01800000000003,"vary_combat_length":0.2,"iterations":1111,"target_error":0.2,"threads":32,"seed":10488908332461292541,"single_actor_batch":false,"queue_lag":0.005,"queue_lag_stddev":0.001,"gcd_lag":0.15,"gcd_lag_stddev":0.037,"channel_lag":0.25,"channel_lag_stddev":0.062,"queue_gcd_reduction":0.1,"strict_gcd_queue":0,"confidence":0.95,"confidence_estimator":1.9599639854089754,"world_lag":0.1,"world_lag_stddev":0.01,"travel_variance":0.0,"default_skill":1.0,"reaction_time":0.5,"regen_periodicity":0.25,"ignite_sampling_delta":0.2,"fixed_time":true,"optimize_expressions":true,"optimal_raid":1,"log":0,"debug_each":0,"stat_cache":1,"max_aoe_enemies":20,"show_etmi":false,"tmi_window_global":0.0,"tmi_bin_size":0.5,"enemy_death_pct":0.0,"challenge_mode":false,"timewalk":-1,"pvp_crit":false,"rng":{"name":"sse2-sfmt"},"deterministic":0,"average_range":1,"average_gauss":0,"fight_style":"Patchwerk","default_aura_delay":0.03,"default_aura_delay_stddev":0.005,"dbc":{"bfa-BETA":{"build_level":26095,"wow_version":"8.0.1"},"version_used":"bfa-BETA"}},"overrides":{"arcane_intellect":1,"battle_shout":1,"power_word_fortitude":1,"chaos_brand":1,"mystic_touch":1,"mortal_wounds":1,"bleeding":1,"bloodlust":1,"bloodlust_percent":25,"bloodlust_time":0.5},"statistics":{"elapsed_cpu_seconds":11855.421280999995,"elapsed_time_seconds":12.716871,"init_time_seconds":2.380300343999999,"merge_time_seconds":0.005456834000000001,"analyze_time_seconds":0.17671507400000003,"simulation_length":{"sum":325278.35199999996,"count":1079,"mean":301.4627914735866,"min":240.056,"max":359.949,"median":302.757,"variance":1198.1365044912716,"std_dev":34.614108460153524,"mean_variance":1.1104138132449226,"mean_std_dev":1.053761744060261},"raid_dps":{"sum":10353463.088469801,"count":1079,"mean":9595.424549091567},"total_dmg":{"sum":3118018319.792775,"count":1079,"mean":2889729.6754335267},"total_iterations":195205,"total_actors":201,"total_iterations_mean":971.1691542288557,"total_iterations_variance":857212.2487562195,"total_iterations_stddev":925.8575747685059,"total_mean_dps_stddev":10.21631595623929,"total_mean_dps_variance":104.37311171770952},"player":{"name":"Template","race":"dwarf","level":120,"role":"attack","specialization":"Outlaw Rogue","profile_source":"default","talents":[{"tier":1,"id":22119,"spell_id":196938,"name":"Quick Draw"},{"tier":2,"id":19238,"spell_id":196922,"name":"Hit and Run"},{"tier":3,"id":19239,"spell_id":14983,"name":"Vigor"},{"tier":6,"id":19250,"spell_id":5171,"name":"Slice and Dice"},{"tier":7,"id":23075,"spell_id":271877,"name":"Blade Rush"}],"party":0,"ready_type":1,"bugs":true,"scale_player":true,"potion_used":false,"timeofday":"DAY_TIME","invert_scaling":0,"reaction_offset":0.1,"reaction_max":1.4000000000000001,"reaction_mean":0.3,"reaction_stddev":0.06,"reaction_nu":0.25,"world_lag":0.1,"brain_lag":0.0,"brain_lag_stddev":0.0,"world_lag_override":false,"world_lag_stddev_override":false,"dbc":{"bfa-BETA":{"build_level":26095,"wow_version":"8.0.1"},"version_used":"bfa-BETA"},"base_energy_regen_per_second":14.85,"collected_data":{"fight_length":{"sum":325278.3520000001,"count":1079,"mean":301.4627914735867,"min":240.056,"max":359.949},"waiting_time":{"sum":22860.62400000001,"count":1079,"mean":21.18686190917517,"min":9.886000000000001,"max":34.866},"executed_foreground_actions":{"sum":321196.0,"count":1079,"mean":297.6793327154773,"min":232.0,"max":360.0},"dmg":{"sum":3118018319.792775,"count":1079,"mean":2889729.6754335267,"min":2211700.000686028,"max":3595684.0770831103},"compound_dmg":{"sum":3118018319.792775,"count":1079,"mean":2889729.6754335267,"min":2211700.000686028,"max":3595684.0770831103},"timeline_dmg":{"mean":9640.9980383018,"mean_std_dev":2077.3005352633863,"min":4316.838917418557,"max":21830.50835385043,