{"results":[["Trait","325","340","355","370","385"],["Thunderous Blast",337,532,787,973,1310],["Dagger in the Back",358,555,772,1012,1308],["Unstable Flames",147,312,437,589,879],["Secrets of the Deep",252,464,650,899,1173],["Gutripper",102,246,423,614,833],["Blood Rite",221,432,579,763,1016],["Heed My Call",160,335,522,766,970],["Tidal Surge",217,425,609,873,1143],["Filthy Transfusion",217,372,586,801,1036],["Relational Normalization Gizmo",293,509,713,900,1158],["Synaptic Spark Capacitor",593,798,1065,1389,1700],["Sylvanas' Resolve / Anduin's Dedication",243,418,656,857,1151],["Swirling Sands",399,597,768,991,1218],["Meticulous Scheming",276,449,627,829,1046],["Ricocheting Inflatable Pyrosaw",276,443,666,931,1171],["Laser Matrix",297,510,720,943,1235],["Tradewinds",284,446,599,851,1085],["Collective Will / Stand As One",79,203,388,547,797],["Barrage Of Many Bombs",521,731,947,1209,1545],["Snake Eyes",72,208,383,588,831],["Overwhelming Power",95,233,447,617,803],["Paradise Lost",379,605,753,1043,1346],["Brigand's Blitz",239,374,595,799,1030],["Azerite Globules",204,369,597,798,1067],["Ace Up Your Sleeve",-55,65,233,461,646],["Deadshot",291,484,738,1010,1336],["Incite the Pack",273,441,620,820,1042],["Combined Might / Stronger Together",26,170,389,556,742],["Storm of Steel",341,557,777,1007,1326],["Battlefield Focus / Battlefield Precision",10,197,313,494,706],["Retaliatory Fury / Last Gift",156,271,466,690,893],["Glory in Battle / Liberator's Might",237,362,581,777,1017],["Ruinous Bolt",164,293,448,656,899],["Unstable Catalyst",304,453,683,912,1167],["Blood Siphon",54,213,368,612,826],["Champion of Azeroth",433,587,794,1068,1257],["Blightborne Infusion",410,598,803,1017,1323],["Earthlink",89,248,396,635,831],["Rezan's Fury",264,426,626,824,1116],["Elemental Whirl",116,271,444,662,848]],"metas":{"build_date":"Aug 20 2018","build_time":"15:55:45","git_revision":"04f3f715c8","options":{"debug":false,"max_time":300.0,"expected_iteration_time":254.52700000000002,"vary_combat_length":0.2,"iterations":1333,"target_error":0.2,"threads":32,"seed":12332145009771913861,"single_actor_batch":false,"queue_lag":0.005,"queue_lag_stddev":0.001,"gcd_lag":0.15,"gcd_lag_stddev":0.037,"channel_lag":0.25,"channel_lag_stddev":0.062,"queue_gcd_reduction":0.1,"strict_gcd_queue":0,"confidence":0.95,"confidence_estimator":1.9599639854089754,"world_lag":0.1,"world_lag_stddev":0.01,"travel_variance":0.0,"default_skill":1.0,"reaction_time":0.5,"regen_periodicity":0.25,"ignite_sampling_delta":0.2,"fixed_time":true,"optimize_expressions":true,"optimal_raid":1,"log":0,"debug_each":0,"stat_cache":1,"max_aoe_enemies":20,"show_etmi":false,"tmi_window_global":0.0,"tmi_bin_size":0.5,"enemy_death_pct":0.0,"challenge_mode":false,"timewalk":-1,"pvp_crit":false,"rng":{"name":"sse2-sfmt"},"deterministic":0,"average_range":1,"average_gauss":0,"fight_style":"Patchwerk","default_aura_delay":0.03,"default_aura_delay_stddev":0.005,"dbc":{"bfa-BETA":{"build_level":26095,"wow_version":"8.0.1"},"version_used":"bfa-BETA"}},"overrides":{"arcane_intellect":1,"battle_shout":1,"power_word_fortitude":1,"chaos_brand":1,"mystic_touch":1,"mortal_wounds":1,"bleeding":1,"bloodlust":1,"bloodlust_percent":25,"bloodlust_time":0.5},"statistics":{"elapsed_cpu_seconds":20358.815775999992,"elapsed_time_seconds":21.756565,"init_time_seconds":2.362672793,"merge_time_seconds":0.006631748000000003,"analyze_time_seconds":0.27003081400000006,"simulation_length":{"sum":392036.96099999995,"count":1301,"mean":301.33509684857796,"min":240.25300000000001,"max":359.98900000000003,"median":300.278,"variance":1219.919752534817,"std_dev":34.927349635132884,"mean_variance":0.9376785184741099,"mean_std_dev":0.9683380187073675},"raid_dps":{"sum":23797304.02112805,"count":1301,"mean":18291.54805620911},"total_dmg":{"sum":7162690776.220324,"count":1301,"mean":5505527.114696636},"total_iterations":264718,"total_actors":201,"total_iterations_mean":1317.004975124378,"total_iterations_variance":940512.9950248756,"total_iterations_stddev":969.8004923822608,"total_mean_dps_stddev":19.293448121522086,"total_mean_dps_variance":372.2371404178641},"player":{"name":"Template","race":"dwarf","level":120,"role":"attack","specialization":"Outlaw Rogue","profile_source":"default","talents":[{"tier":1,"id":22119,"spell_id":196938,"name":"Quick Draw"},{"tier":2,"id":19238,"spell_id":196922,"name":"Hit and Run"},{"tier":3,"id":19239,"spell_id":14983,"name":"Vigor"},{"tier":6,"id":19250,"spell_id":5171,"name":"Slice and Dice"},{"tier":7,"id":23075,"spell_id":271877,"name":"Blade Rush"}],"party":0,"ready_type":1,"bugs":true,"scale_player":true,"potion_used":false,"timeofday":"DAY_TIME","invert_scaling":0,"reaction_offset":0.1,"reaction_max":1.4000000000000001,"reaction_mean":0.3,"reaction_stddev":0.06,"reaction_nu":0.25,"world_lag":0.1,"brain_lag":0.0,"brain_lag_stddev":0.0,"world_lag_override":false,"world_lag_stddev_override":false,"dbc":{"bfa-BETA":{"build_level":26095,"wow_version":"8.0.1"},"version_used":"bfa-BETA"},"base_energy_regen_per_second":14.85,"collected_data":{"fight_length":{"sum":392036.961,"count":1301,"mean":301.335096848578,"min":240.25300000000001,"max":359.98900000000003},"waiting_time":{"sum":41035.784999999996,"count":1301,"mean":31.541725595695617,"min":17.267,"max":48.555},"executed_foreground_actions":{"sum":351342.0,"count":1301,"mean":270.0553420445811,"min":211.0,"max":330.0},"dmg":{"sum":7162690776.220324,"count":1301,"mean":5505527.114696636,"min":4193982.1481905896,"max":7017242.994642158},"compound_dmg":{"sum":7162690776.220324,"count":1301,"mean":5505527.114696636,"min":4193982.1481905896,"max":7017242.994642158},"timeline_dmg":{"mean":18254.406182693154,"mean_std_dev":8162.776459801302,"min":5983.062729580048,"max":58356.08431433336,