{"results":[["Trait","325","340","355","370","385"],["Thunderous Blast",339,579,809,1095,1398],["Dagger in the Back",395,543,790,1058,1421],["Unstable Flames",185,368,546,717,972],["Secrets of the Deep",318,553,729,982,1267],["Gutripper",135,259,452,661,907],["Blood Rite",243,398,548,764,1067],["Heed My Call",190,351,521,807,1067],["Tidal Surge",292,448,694,938,1245],["Filthy Transfusion",194,405,607,867,1175],["Relational Normalization Gizmo",324,493,737,958,1231],["Synaptic Spark Capacitor",593,836,1168,1410,1800],["Sylvanas' Resolve / Anduin's Dedication",297,535,699,978,1300],["Swirling Sands",443,657,843,1111,1359],["Meticulous Scheming",269,449,664,825,1111],["Ricocheting Inflatable Pyrosaw",291,464,689,985,1257],["Laser Matrix",330,520,758,1031,1344],["Tradewinds",348,558,746,950,1220],["Collective Will / Stand As One",66,264,447,693,903],["Barrage Of Many Bombs",518,744,1036,1308,1653],["Snake Eyes",127,234,479,651,895],["Overwhelming Power",90,236,421,608,872],["Paradise Lost",443,671,882,1186,1534],["Brigand's Blitz",189,360,537,769,1036],["Azerite Globules",187,422,625,891,1151],["Ace Up Your Sleeve",-87,62,275,428,677],["Deadshot",268,502,745,1022,1432],["Incite the Pack",360,573,704,930,1211],["Combined Might / Stronger Together",35,240,400,603,848],["Storm of Steel",351,603,854,1073,1383],["Battlefield Focus / Battlefield Precision",30,214,354,575,762],["Retaliatory Fury / Last Gift",192,354,526,747,1032],["Glory in Battle / Liberator's Might",262,433,649,861,1123],["Ruinous Bolt",148,333,527,739,1057],["Unstable Catalyst",338,566,775,1077,1347],["Blood Siphon",67,254,462,669,929],["Champion of Azeroth",511,659,920,1098,1388],["Blightborne Infusion",498,700,946,1165,1458],["Earthlink",134,281,447,715,952],["Rezan's Fury",289,474,680,885,1172],["Elemental Whirl",137,303,485,712,966]],"metas":{"build_date":"Aug 17 2018","build_time":"18:41:44","git_revision":"d045f58118","options":{"debug":false,"max_time":300.0,"expected_iteration_time":327.76800000000003,"vary_combat_length":0.2,"iterations":1248,"target_error":0.2,"threads":32,"seed":14145793710371689343,"single_actor_batch":false,"queue_lag":0.005,"queue_lag_stddev":0.001,"gcd_lag":0.15,"gcd_lag_stddev":0.037,"channel_lag":0.25,"channel_lag_stddev":0.062,"queue_gcd_reduction":0.1,"strict_gcd_queue":0,"confidence":0.95,"confidence_estimator":1.9599639854089754,"world_lag":0.1,"world_lag_stddev":0.01,"travel_variance":0.0,"default_skill":1.0,"reaction_time":0.5,"regen_periodicity":0.25,"ignite_sampling_delta":0.2,"fixed_time":true,"optimize_expressions":true,"optimal_raid":1,"log":0,"debug_each":0,"stat_cache":1,"max_aoe_enemies":20,"show_etmi":false,"tmi_window_global":0.0,"tmi_bin_size":0.5,"enemy_death_pct":0.0,"challenge_mode":false,"timewalk":-1,"pvp_crit":false,"rng":{"name":"sse2-sfmt"},"deterministic":0,"average_range":1,"average_gauss":0,"fight_style":"Patchwerk","default_aura_delay":0.03,"default_aura_delay_stddev":0.005,"dbc":{"bfa-BETA":{"build_level":26095,"wow_version":"8.0.1"},"version_used":"bfa-BETA"}},"overrides":{"arcane_intellect":1,"battle_shout":1,"power_word_fortitude":1,"chaos_brand":1,"mystic_touch":1,"mortal_wounds":1,"bleeding":1,"bloodlust":1,"bloodlust_percent":25,"bloodlust_time":0.5},"statistics":{"elapsed_cpu_seconds":16462.779948999992,"elapsed_time_seconds":17.732681999999997,"init_time_seconds":2.422757887999999,"merge_time_seconds":0.006728882000000002,"analyze_time_seconds":0.22355767500000012,"simulation_length":{"sum":364004.20800000004,"count":1216,"mean":299.3455657894737,"min":240.106,"max":359.982,"median":298.928,"variance":1195.6349954085006,"std_dev":34.577955338748716,"mean_variance":0.983252463329359,"mean_std_dev":0.9915908749728181},"raid_dps":{"sum":24618765.278031304,"count":1216,"mean":20245.695129959953},"total_dmg":{"sum":7361738957.491636,"count":1216,"mean":6054061.642674043},"total_iterations":213461,"total_actors":201,"total_iterations_mean":1061.995024875622,"total_iterations_variance":738844.9950248762,"total_iterations_stddev":859.5609315370704,"total_mean_dps_stddev":21.344311224492394,"total_mean_dps_variance":455.579621647992},"player":{"name":"Template","race":"dwarf","level":120,"role":"attack","specialization":"Outlaw Rogue","profile_source":"default","talents":[{"tier":1,"id":22119,"spell_id":196938,"name":"Quick Draw"},{"tier":2,"id":19238,"spell_id":196922,"name":"Hit and Run"},{"tier":3,"id":19239,"spell_id":14983,"name":"Vigor"},{"tier":6,"id":19250,"spell_id":5171,"name":"Slice and Dice"},{"tier":7,"id":23075,"spell_id":271877,"name":"Blade Rush"}],"party":0,"ready_type":1,"bugs":true,"scale_player":true,"potion_used":false,"timeofday":"DAY_TIME","invert_scaling":0,"reaction_offset":0.1,"reaction_max":1.4000000000000001,"reaction_mean":0.3,"reaction_stddev":0.06,"reaction_nu":0.25,"world_lag":0.1,"brain_lag":0.0,"brain_lag_stddev":0.0,"world_lag_override":false,"world_lag_stddev_override":false,"dbc":{"bfa-BETA":{"build_level":26095,"wow_version":"8.0.1"},"version_used":"bfa-BETA"},"base_energy_regen_per_second":14.85,"collected_data":{"fight_length":{"sum":364004.208,"count":1216,"mean":299.34556578947365,"min":240.106,"max":359.982},"waiting_time":{"sum":23678.778000000002,"count":1216,"mean":19.47267927631579,"min":9.388,"max":31.087},"executed_foreground_actions":{"sum":349657.0,"count":1216,"mean":287.546875,"min":223.0,"max":350.0},"dmg":{"sum":7361738957.491636,"count":1216,"mean":6054061.642674043,"min":4536466.8134800885,"max":7732458.476647673},"compound_dmg":{"sum":7361738957.491636,"count":1216,"mean":6054061.642674043,"min":4536466.8134800885,"max":7732458.476647673},"timeline_dmg":{"mean":20378.730789235244,"mean_std_dev":9963.813472009131,"min":6308.412302834922,"max":55427.09940730843,