{"results":[["Trait","325","340","355","370","385"],["Thunderous Blast",367,534,752,993,1234],["Azerite Globules",216,360,558,786,987],["Tidal Surge",274,466,620,830,1126],["Secrets of the Deep",272,433,604,805,1067],["Gutripper",105,221,421,578,769],["Unstable Flames",95,271,391,561,764],["Blood Rite",150,319,441,617,818],["Heed My Call",176,318,523,667,915],["Filthy Transfusion",201,385,517,744,990],["Relational Normalization Gizmo",247,398,582,771,1046],["Synaptic Spark Capacitor",641,850,1077,1401,1717],["Flames of Alacrity",197,407,557,719,972],["Sylvanas' Resolve / Anduin's Dedication",258,411,608,813,1058],["Swirling Sands",309,472,620,815,1035],["Meticulous Scheming",138,273,412,602,797],["Ricocheting Inflatable Pyrosaw",286,449,667,888,1128],["Laser Matrix",337,490,699,923,1175],["Tradewinds",447,630,832,1033,1251],["Collective Will / Stand As One",64,228,390,544,760],["Barrage Of Many Bombs",506,684,914,1173,1468],["Preheat",97,243,451,653,882],["Blood Siphon",146,321,466,665,835],["Firemind",209,377,552,744,963],["Incite the Pack",412,606,770,953,1233],["Combined Might / Stronger Together",40,201,306,517,697],["Blaster Master",699,905,1109,1324,1596],["Duplicative Incineration",660,882,1092,1357,1724],["Battlefield Focus / Battlefield Precision",20,154,297,472,650],["Blightborne Infusion",350,508,669,867,1105],["Trailing Embers",217,368,573,759,1025],["Retaliatory Fury / Last Gift",250,418,574,748,952],["Glory in Battle / Liberator's Might",177,312,480,673,858],["Ruinous Bolt",154,310,454,688,905],["Overwhelming Power",63,194,359,503,710],["Unstable Catalyst",294,452,647,896,1165],["Champion of Azeroth",361,523,710,903,1133],["Dagger in the Back",328,497,732,923,1214],["Earthlink",84,255,389,570,785],["Rezan's Fury",237,427,635,800,1059],["Elemental Whirl",102,239,402,584,790]],"metas":{"build_date":"Aug 19 2018","build_time":"09:20:42","git_revision":"eba9238d5c","options":{"debug":false,"max_time":300.0,"expected_iteration_time":261.40500000000003,"vary_combat_length":0.2,"iterations":826,"target_error":0.2,"threads":32,"seed":12843838430415716947,"single_actor_batch":false,"queue_lag":0.005,"queue_lag_stddev":0.001,"gcd_lag":0.15,"gcd_lag_stddev":0.037,"channel_lag":0.25,"channel_lag_stddev":0.062,"queue_gcd_reduction":0.1,"strict_gcd_queue":0,"confidence":0.95,"confidence_estimator":1.9599639854089754,"world_lag":0.1,"world_lag_stddev":0.01,"travel_variance":0.0,"default_skill":1.0,"reaction_time":0.5,"regen_periodicity":0.25,"ignite_sampling_delta":0.2,"fixed_time":true,"optimize_expressions":true,"optimal_raid":1,"log":0,"debug_each":0,"stat_cache":1,"max_aoe_enemies":20,"show_etmi":false,"tmi_window_global":0.0,"tmi_bin_size":0.5,"enemy_death_pct":0.0,"challenge_mode":false,"timewalk":-1,"pvp_crit":false,"rng":{"name":"sse2-sfmt"},"deterministic":0,"average_range":1,"average_gauss":0,"fight_style":"Patchwerk","default_aura_delay":0.03,"default_aura_delay_stddev":0.005,"dbc":{"bfa-BETA":{"build_level":26095,"wow_version":"8.0.1"},"version_used":"bfa-BETA"}},"overrides":{"arcane_intellect":1,"battle_shout":1,"power_word_fortitude":1,"chaos_brand":1,"mystic_touch":1,"mortal_wounds":1,"bleeding":1,"bloodlust":1,"bloodlust_percent":25,"bloodlust_time":0.5},"statistics":{"elapsed_cpu_seconds":12898.704701,"elapsed_time_seconds":13.929806000000001,"init_time_seconds":3.0728252819999966,"merge_time_seconds":0.0058519620000000005,"analyze_time_seconds":0.17904068599999984,"simulation_length":{"sum":238232.44100000005,"count":794,"mean":300.04085768261973,"min":240.32,"max":359.694,"median":301.064,"variance":1131.0126342102244,"std_dev":33.63053128052283,"mean_variance":1.4244491614738342,"mean_std_dev":1.1935028954610183},"raid_dps":{"sum":11111485.73724587,"count":794,"mean":13994.314530536361},"total_dmg":{"sum":3330825746.624215,"count":794,"mean":4194994.6431035455},"total_iterations":170293,"total_actors":201,"total_iterations_mean":847.2288557213931,"total_iterations_variance":1405515.472636816,"total_iterations_stddev":1185.544378181102,"total_mean_dps_stddev":14.900270471707367,"total_mean_dps_variance":222.01806013003448},"player":{"name":"Template","race":"dark_iron_dwarf","level":120,"role":"spell","specialization":"Fire Mage","profile_source":"default","talents":[{"tier":1,"id":22456,"spell_id":205026,"name":"Firestarter"},{"tier":3,"id":22447,"spell_id":116011,"name":"Rune of Power"},{"tier":4,"id":22450,"spell_id":205029,"name":"Flame On"},{"tier":6,"id":23362,"spell_id":205023,"name":"Conflagration"},{"tier":7,"id":21633,"spell_id":153561,"name":"Meteor"}],"party":0,"ready_type":0,"bugs":true,"scale_player":true,"potion_used":false,"timeofday":"DAY_TIME","invert_scaling":0,"reaction_offset":0.1,"reaction_max":1.4000000000000001,"reaction_mean":0.3,"reaction_stddev":0.06,"reaction_nu":0.25,"world_lag":0.1,"brain_lag":0.0,"brain_lag_stddev":0.0,"world_lag_override":false,"world_lag_stddev_override":false,"dbc":{"bfa-BETA":{"build_level":26095,"wow_version":"8.0.1"},"version_used":"bfa-BETA"},"base_mana_regen_per_second":2000.0,"collected_data":{"fight_length":{"sum":238232.44100000005,"count":794,"mean":300.04085768261973,"min":240.32,"max":359.694},"executed_foreground_actions":{"sum":179097.0,"count":794,"mean":225.56297229219143,"min":180.0,"max":272.0},"dmg":{"sum":3330825746.624215,"count":794,"mean":4194994.6431035455,"min":3237923.8299656115,"max":4985448.474281586},"compound_dmg":{"sum":3330825746.624215,"count":794,"mean":4194994.6431035455,"min":3237923.8299656115,"max":4985448.474281586},"timeline_dmg":{"mean":14035.135752280483,"mean_std_dev":11086.59544309667,"min":1347.5113234686046,"max":75139.78645326615,