{"results":[["Trait","325","340","355","370","385"],["Thunderous Blast",418,555,684,887,1255],["Azerite Globules",147,407,457,778,1007],["Tidal Surge",343,493,563,879,1117],["Secrets of the Deep",310,365,501,844,1066],["Gutripper",63,268,464,623,716],["Unstable Flames",171,288,304,479,699],["Blood Rite",271,285,554,631,808],["Heed My Call",250,388,459,621,848],["Relational Normalization Gizmo",207,470,514,699,1031],["Arcane Pummeling",11,120,350,522,706],["Synaptic Spark Capacitor",585,891,1039,1414,1738],["Sylvanas' Resolve / Anduin's Dedication",187,346,650,821,947],["Swirling Sands",203,363,607,765,884],["Meticulous Scheming",112,154,263,552,629],["Ricocheting Inflatable Pyrosaw",352,506,703,908,1125],["Laser Matrix",367,555,751,847,1089],["Tradewinds",166,267,408,558,743],["Collective Will / Stand As One",110,172,402,594,670],["Barrage Of Many Bombs",541,623,957,1205,1497],["Incite the Pack",30,174,321,459,772],["Brain Storm",167,176,325,625,822],["Arcane Pressure",652,727,973,1251,1535],["Glory in Battle / Liberator's Might",230,307,458,705,911],["Explosive Echo",811,1182,1325,1794,2044],["Ruinous Bolt",127,364,398,627,930],["Dagger in the Back",431,589,805,1028,1439],["Galvanizing Spark",151,203,438,573,793],["Filthy Transfusion",189,372,609,805,1051],["Combined Might / Stronger Together",123,247,369,517,722],["Battlefield Focus / Battlefield Precision",102,109,322,396,703],["Anomalous Impact",96,105,345,402,666],["Retaliatory Fury / Last Gift",126,231,393,552,713],["Unstable Catalyst",312,380,545,765,976],["Blood Siphon",97,216,360,524,616],["Overwhelming Power",204,210,351,641,720],["Champion of Azeroth",315,450,483,769,867],["Blightborne Infusion",265,495,663,865,959],["Earthlink",41,275,419,525,801],["Rezan's Fury",331,382,654,844,1085],["Elemental Whirl",52,179,395,589,662]],"metas":{"build_date":"Aug 20 2018","build_time":"15:55:45","git_revision":"04f3f715c8","options":{"debug":false,"max_time":300.0,"expected_iteration_time":305.26800000000003,"vary_combat_length":0.2,"iterations":1385,"target_error":0.2,"threads":32,"seed":15937869867943912249,"single_actor_batch":false,"queue_lag":0.005,"queue_lag_stddev":0.001,"gcd_lag":0.15,"gcd_lag_stddev":0.037,"channel_lag":0.25,"channel_lag_stddev":0.062,"queue_gcd_reduction":0.1,"strict_gcd_queue":0,"confidence":0.95,"confidence_estimator":1.9599639854089754,"world_lag":0.1,"world_lag_stddev":0.01,"travel_variance":0.0,"default_skill":1.0,"reaction_time":0.5,"regen_periodicity":0.25,"ignite_sampling_delta":0.2,"fixed_time":true,"optimize_expressions":true,"optimal_raid":1,"log":0,"debug_each":0,"stat_cache":1,"max_aoe_enemies":20,"show_etmi":false,"tmi_window_global":0.0,"tmi_bin_size":0.5,"enemy_death_pct":0.0,"challenge_mode":false,"timewalk":-1,"pvp_crit":false,"rng":{"name":"sse2-sfmt"},"deterministic":0,"average_range":1,"average_gauss":0,"fight_style":"Patchwerk","default_aura_delay":0.03,"default_aura_delay_stddev":0.005,"dbc":{"bfa-BETA":{"build_level":26095,"wow_version":"8.0.1"},"version_used":"bfa-BETA"}},"overrides":{"arcane_intellect":1,"battle_shout":1,"power_word_fortitude":1,"chaos_brand":1,"mystic_touch":1,"mortal_wounds":1,"bleeding":1,"bloodlust":1,"bloodlust_percent":25,"bloodlust_time":0.5},"statistics":{"elapsed_cpu_seconds":7364.911400999997,"elapsed_time_seconds":7.9152070000000005,"init_time_seconds":2.717909539,"merge_time_seconds":0.006231332,"analyze_time_seconds":0.32616702800000014,"simulation_length":{"sum":408352.37999999995,"count":1353,"mean":301.8125498891352,"min":240.008,"max":359.779,"median":302.896,"variance":1243.112732581584,"std_dev":35.25780385363762,"mean_variance":0.9187825074512815,"mean_std_dev":0.9585314326881939},"raid_dps":{"sum":16587894.435697647,"count":1353,"mean":12260.084579229599},"total_dmg":{"sum":4995568759.508601,"count":1353,"mean":3692216.3780551376},"total_iterations":246157,"total_actors":201,"total_iterations_mean":1224.6616915422885,"total_iterations_variance":1155650.9950248755,"total_iterations_stddev":1075.0120906412521,"total_mean_dps_stddev":13.084232817383127,"total_mean_dps_variance":171.1971484194856},"player":{"name":"Template","race":"troll","level":120,"role":"spell","specialization":"Arcane Mage","profile_source":"default","talents":[{"tier":1,"id":22461,"spell_id":264354,"name":"Rule of Threes"},{"tier":3,"id":22447,"spell_id":116011,"name":"Rune of Power"},{"tier":4,"id":22467,"spell_id":205032,"name":"Charged Up"},{"tier":6,"id":22449,"spell_id":210725,"name":"Touch of the Magi"},{"tier":7,"id":21630,"spell_id":155147,"name":"Overpowered"}],"party":0,"ready_type":0,"bugs":true,"scale_player":true,"potion_used":false,"timeofday":"DAY_TIME","invert_scaling":0,"reaction_offset":0.1,"reaction_max":1.4000000000000001,"reaction_mean":0.3,"reaction_stddev":0.06,"reaction_nu":0.25,"world_lag":0.1,"brain_lag":0.0,"brain_lag_stddev":0.0,"world_lag_override":false,"world_lag_stddev_override":false,"dbc":{"bfa-BETA":{"build_level":26095,"wow_version":"8.0.1"},"version_used":"bfa-BETA"},"base_mana_regen_per_second":2000.0,"collected_data":{"fight_length":{"sum":408352.38000000006,"count":1353,"mean":301.8125498891353,"min":240.008,"max":359.779},"executed_foreground_actions":{"sum":310892.0,"count":1353,"mean":229.77974870657798,"min":187.0,"max":275.0},"dmg":{"sum":4995568759.508601,"count":1353,"mean":3692216.3780551376,"min":2843257.2386580324,"max":4569921.749258115},"compound_dmg":{"sum":4995568759.508601,"count":1353,"mean":3692216.3780551376,"min":2843257.2386580324,"max":4569921.749258115},"timeline_dmg":{"mean":12385.349566176264,"mean_std_dev":10155.346703326622,"min":0.0,"max":112270.15860396842,