{"results":[["Trait","325","340","355","370","385"],["In The Rhythm",473,624,870,1098,1357],["Relational Normalization Gizmo",417,602,766,1029,1306],["Thunderous Blast",351,587,792,1055,1350],["Azerite Globules",213,429,594,804,1103],["Tidal Surge",291,472,639,937,1178],["Dagger in the Back",425,599,782,1089,1396],["Unstable Flames",138,277,439,667,878],["Secrets of the Deep",325,485,700,996,1268],["Heed My Call",176,394,566,756,1047],["Blood Rite",365,521,708,952,1208],["Filthy Transfusion",232,385,613,876,1093],["Synaptic Spark Capacitor",607,887,1132,1432,1780],["Gutripper",105,264,489,671,878],["Sylvanas' Resolve / Anduin's Dedication",336,467,711,982,1247],["Swirling Sands",343,523,723,943,1184],["Meticulous Scheming",392,554,744,986,1274],["Ricocheting Inflatable Pyrosaw",301,486,706,941,1246],["Laser Matrix",339,529,716,1014,1253],["Tradewinds",388,612,780,1000,1252],["Collective Will / Stand As One",74,264,467,654,893],["Focused Fire",492,658,887,1186,1452],["Barrage Of Many Bombs",485,709,947,1158,1571],["Elemental Whirl",190,325,501,687,932],["Unerring Vision",176,348,519,762,935],["Arcane Flurry",13,177,293,512,763],["Overwhelming Power",224,433,557,790,1033],["Unstable Catalyst",392,517,783,1034,1311],["Rapid Reload",166,352,529,773,1023],["Steady Aim",302,452,677,901,1183],["Incite the Pack",398,589,757,965,1213],["Combined Might / Stronger Together",87,242,388,581,908],["Battlefield Focus / Battlefield Precision",19,142,339,556,774],["Retaliatory Fury / Last Gift",229,374,570,748,1002],["Glory in Battle / Liberator's Might",257,448,641,892,1074],["Ruinous Bolt",156,309,536,755,952],["Blood Siphon",175,311,499,708,905],["Champion of Azeroth",494,730,897,1162,1361],["Blightborne Infusion",378,578,819,991,1262],["Earthlink",109,337,477,663,994],["Rezan's Fury",291,427,667,948,1183]],"metas":{"build_date":"Aug 19 2018","build_time":"09:20:42","git_revision":"eba9238d5c","options":{"debug":false,"max_time":300.0,"expected_iteration_time":332.27500000000003,"vary_combat_length":0.2,"iterations":936,"target_error":0.2,"threads":32,"seed":2220350347190553727,"single_actor_batch":false,"queue_lag":0.005,"queue_lag_stddev":0.001,"gcd_lag":0.15,"gcd_lag_stddev":0.037,"channel_lag":0.25,"channel_lag_stddev":0.062,"queue_gcd_reduction":0.1,"strict_gcd_queue":0,"confidence":0.95,"confidence_estimator":1.9599639854089754,"world_lag":0.1,"world_lag_stddev":0.01,"travel_variance":0.0,"default_skill":1.0,"reaction_time":0.5,"regen_periodicity":0.25,"ignite_sampling_delta":0.2,"fixed_time":true,"optimize_expressions":true,"optimal_raid":1,"log":0,"debug_each":0,"stat_cache":1,"max_aoe_enemies":20,"show_etmi":false,"tmi_window_global":0.0,"tmi_bin_size":0.5,"enemy_death_pct":0.0,"challenge_mode":false,"timewalk":-1,"pvp_crit":false,"rng":{"name":"sse2-sfmt"},"deterministic":0,"average_range":1,"average_gauss":0,"fight_style":"Patchwerk","default_aura_delay":0.03,"default_aura_delay_stddev":0.005,"dbc":{"bfa-BETA":{"build_level":26095,"wow_version":"8.0.1"},"version_used":"bfa-BETA"}},"overrides":{"arcane_intellect":1,"battle_shout":1,"power_word_fortitude":1,"chaos_brand":1,"mystic_touch":1,"mortal_wounds":1,"bleeding":1,"bloodlust":1,"bloodlust_percent":25,"bloodlust_time":0.5},"statistics":{"elapsed_cpu_seconds":10476.961204000003,"elapsed_time_seconds":11.24538,"init_time_seconds":2.5631777220000007,"merge_time_seconds":0.006452499999999999,"analyze_time_seconds":0.19469451000000007,"simulation_length":{"sum":272061.77900000004,"count":904,"mean":300.95329535398236,"min":240.327,"max":359.577,"median":303.404,"variance":1224.7867861948457,"std_dev":34.99695395594945,"mean_variance":1.3548526395960683,"mean_std_dev":1.1639813742479166},"raid_dps":{"sum":18239982.44655747,"count":904,"mean":20176.971732917555},"total_dmg":{"sum":5485341885.167965,"count":904,"mean":6067856.067663678},"total_iterations":184243,"total_actors":201,"total_iterations_mean":916.6318407960199,"total_iterations_variance":435216.7562189056,"total_iterations_stddev":659.7095999141635,"total_mean_dps_stddev":21.276387160110225,"total_mean_dps_variance":452.6846505869033},"player":{"name":"Template","race":"lightforged_draenei","level":120,"role":"attack","specialization":"Marksmanship Hunter","profile_source":"default","talents":[{"tier":1,"id":22501,"spell_id":271788,"name":"Serpent Sting"},{"tier":2,"id":22495,"spell_id":260228,"name":"Careful Aim"},{"tier":4,"id":21998,"spell_id":257284,"name":"Hunter's Mark"},{"tier":6,"id":23063,"spell_id":260393,"name":"Lethal Shots"},{"tier":7,"id":22308,"spell_id":194595,"name":"Lock and Load"}],"party":0,"ready_type":0,"bugs":true,"scale_player":true,"potion_used":false,"timeofday":"DAY_TIME","invert_scaling":0,"reaction_offset":0.1,"reaction_max":1.4000000000000001,"reaction_mean":0.3,"reaction_stddev":0.06,"reaction_nu":0.25,"world_lag":0.1,"brain_lag":0.0,"brain_lag_stddev":0.0,"world_lag_override":false,"world_lag_stddev_override":false,"dbc":{"bfa-BETA":{"build_level":26095,"wow_version":"8.0.1"},"version_used":"bfa-BETA"},"base_focus_regen_per_second":2.999999999999999,"collected_data":{"fight_length":{"sum":272061.7790000001,"count":904,"mean":300.9532953539824,"min":240.327,"max":359.577},"executed_foreground_actions":{"sum":181250.0,"count":904,"mean":200.49778761061947,"min":161.0,"max":240.0},"dmg":{"sum":5485341885.167965,"count":904,"mean":6067856.067663678,"min":4627456.698872897,"max":7626640.328623336},"compound_dmg":{"sum":5485341885.167965,"count":904,"mean":6067856.067663678,"min":4627456.698872897,"max":7626640.328623336},"timeline_dmg":{"mean":20770.748825110277,"mean_std_dev":9927.934148774368,"min":0.0,"max":130020.68638867653,