{"results":[["Trait","325","340","355","370","385"],["Thunderous Blast",315,504,732,974,1287],["Dagger in the Back",326,537,728,1006,1313],["Unstable Flames",96,282,402,625,849],["Secrets of the Deep",271,460,675,895,1185],["Gutripper",66,209,399,627,899],["Blood Rite",215,386,561,758,1023],["Heed My Call",162,298,463,690,943],["Tidal Surge",214,393,562,828,1072],["Filthy Transfusion",209,361,557,794,1075],["Relational Normalization Gizmo",298,498,662,909,1183],["Synaptic Spark Capacitor",549,759,1031,1291,1664],["Sylvanas' Resolve / Anduin's Dedication",276,487,665,919,1177],["Swirling Sands",320,480,691,883,1117],["Meticulous Scheming",239,407,589,836,1060],["Ricocheting Inflatable Pyrosaw",265,429,618,872,1144],["Collective Will / Stand As One",54,229,415,602,850],["Barrage Of Many Bombs",460,628,872,1129,1456],["Crashing Chaos",214,374,585,819,1064],["Ruinous Bolt",131,281,481,681,904],["Accelerant",199,342,517,748,1009],["Rolling Havoc",368,556,802,1059,1350],["Laser Matrix",270,466,673,957,1198],["Tradewinds",283,419,633,839,1086],["Azerite Globules",150,338,546,724,1004],["Blood Siphon",202,352,557,751,949],["Earthlink",90,261,416,639,886],["Bursting Flare",282,445,639,833,1057],["Incite the Pack",263,432,601,829,1053],["Combined Might / Stronger Together",34,213,342,504,765],["Battlefield Focus / Battlefield Precision",61,163,353,558,816],["Retaliatory Fury / Last Gift",147,292,479,671,896],["Glory in Battle / Liberator's Might",237,392,552,799,991],["Unstable Catalyst",299,499,734,959,1252],["Overwhelming Power",114,304,460,681,927],["Champion of Azeroth",341,499,701,960,1171],["Chaotic Inferno",117,268,474,651,906],["Blightborne Infusion",358,553,738,979,1191],["Rezan's Fury",218,429,618,826,1117],["Elemental Whirl",112,241,444,635,869],["Flashpoint",206,375,510,745,955]],"metas":{"build_date":"Aug 21 2018","build_time":"06:51:36","git_revision":"57250019bf","options":{"debug":false,"max_time":300.0,"expected_iteration_time":338.32800000000003,"vary_combat_length":0.2,"iterations":1074,"target_error":0.2,"threads":32,"seed":842334007241051070,"single_actor_batch":false,"queue_lag":0.005,"queue_lag_stddev":0.001,"gcd_lag":0.15,"gcd_lag_stddev":0.037,"channel_lag":0.25,"channel_lag_stddev":0.062,"queue_gcd_reduction":0.1,"strict_gcd_queue":0,"confidence":0.95,"confidence_estimator":1.9599639854089754,"world_lag":0.1,"world_lag_stddev":0.01,"travel_variance":0.0,"default_skill":1.0,"reaction_time":0.5,"regen_periodicity":0.25,"ignite_sampling_delta":0.2,"fixed_time":true,"optimize_expressions":true,"optimal_raid":1,"log":0,"debug_each":0,"stat_cache":1,"max_aoe_enemies":20,"show_etmi":false,"tmi_window_global":0.0,"tmi_bin_size":0.5,"enemy_death_pct":0.0,"challenge_mode":false,"timewalk":-1,"pvp_crit":false,"rng":{"name":"sse2-sfmt"},"deterministic":0,"average_range":1,"average_gauss":0,"fight_style":"Patchwerk","default_aura_delay":0.03,"default_aura_delay_stddev":0.005,"dbc":{"bfa-BETA":{"build_level":26095,"wow_version":"8.0.1"},"version_used":"bfa-BETA"}},"overrides":{"arcane_intellect":1,"battle_shout":1,"power_word_fortitude":1,"chaos_brand":1,"mystic_touch":1,"mortal_wounds":1,"bleeding":1,"bloodlust":1,"bloodlust_percent":25,"bloodlust_time":0.5},"statistics":{"elapsed_cpu_seconds":16712.816750000005,"elapsed_time_seconds":17.783183,"init_time_seconds":3.4171174159999977,"merge_time_seconds":0.007321188000000001,"analyze_time_seconds":0.22064572199999988,"simulation_length":{"sum":309731.019,"count":1042,"mean":297.2466593090211,"min":240.071,"max":359.955,"median":294.432,"variance":1168.9775224856573,"std_dev":34.19031328440349,"mean_variance":1.1218594265697288,"mean_std_dev":1.0591786565871353},"raid_dps":{"sum":15512719.194976471,"count":1042,"mean":14887.446444315232},"total_dmg":{"sum":4596263595.375846,"count":1042,"mean":4411001.531070869},"total_iterations":212598,"total_actors":201,"total_iterations_mean":1057.7014925373135,"total_iterations_variance":1327182.0895522393,"total_iterations_stddev":1152.0338925362566,"total_mean_dps_stddev":15.809614348397233,"total_mean_dps_variance":249.94390584504765},"player":{"name":"Template","race":"troll","level":120,"role":"spell","specialization":"Destruction Warlock","profile_source":"default","talents":[{"tier":1,"id":22038,"spell_id":267115,"name":"Flashover"},{"tier":2,"id":21695,"spell_id":266134,"name":"Internal Combustion"},{"tier":4,"id":23143,"spell_id":152108,"name":"Cataclysm"},{"tier":6,"id":23156,"spell_id":266086,"name":"Grimoire of Supremacy"},{"tier":7,"id":23092,"spell_id":113858,"name":"Dark Soul: Instability"}],"party":0,"ready_type":0,"bugs":true,"scale_player":true,"potion_used":false,"timeofday":"DAY_TIME","invert_scaling":0,"reaction_offset":0.1,"reaction_max":1.4000000000000001,"reaction_mean":0.3,"reaction_stddev":0.06,"reaction_nu":0.25,"world_lag":0.1,"brain_lag":0.0,"brain_lag_stddev":0.0,"world_lag_override":false,"world_lag_stddev_override":false,"dbc":{"bfa-BETA":{"build_level":26095,"wow_version":"8.0.1"},"version_used":"bfa-BETA"},"base_mana_regen_per_second":1000.0,"collected_data":{"fight_length":{"sum":309731.019,"count":1042,"mean":297.2466593090211,"min":240.071,"max":359.955},"waiting_time":{"sum":478.5,"count":1042,"mean":0.4592130518234165,"min":0.0,"max":9.6},"executed_foreground_actions":{"sum":241427.0,"count":1042,"mean":231.6957773512476,"min":188.0,"max":278.0},"dmg":{"sum":3733712287.673449,"count":1042,"mean":3583217.1666731755,"min":2943036.775585923,"max":4380374.058135347},"compound_dmg":{"sum":4596263595.375846,"count":1042,"mean":4411001.531070869,"min":3707342.7317806664,"max":5297420.9590388695},"timeline_dmg":{"mean":14590.146298590933,"mean_std_dev":11808.382465246104,"min":0.0,"max":127255.4810446057,