{"results":[["Trait","325","340","355","370","385"],["Laser Matrix",272,496,697,996,1260],["Archive of the Titans",271,461,708,964,1157],["Relational Normalization Gizmo",377,540,769,1049,1316],["Synaptic Spark Capacitor",547,793,1048,1317,1722],["Gutripper",53,243,447,617,881],["Sylvanas' Resolve / Anduin's Dedication",286,475,722,941,1233],["Swirling Sands",339,547,771,984,1212],["Tradewinds",410,661,814,1046,1358],["Ricocheting Inflatable Pyrosaw",274,425,686,907,1226],["Heed My Call",132,319,549,768,1016],["Tidal Surge",234,400,597,849,1169],["Collective Will / Stand As One",84,259,428,683,940],["Wracking Brilliance",600,845,1125,1415,1829],["Combined Might / Stronger Together",58,197,384,583,853],["Cascading Calamity",129,263,454,649,881],["Barrage Of Many Bombs",448,671,935,1211,1554],["Battlefield Focus / Battlefield Precision",2,170,339,547,785],["Retaliatory Fury / Last Gift",220,365,584,770,1044],["Glory in Battle / Liberator's Might",234,422,620,821,1074],["Blood Rite",274,489,670,914,1147],["Unstable Flames",85,280,453,637,883],["Meticulous Scheming",366,514,718,1001,1237],["Incite the Pack",381,580,790,1025,1300],["Unstable Catalyst",319,540,796,1029,1338],["Dreadful Calling",10,188,381,589,868],["Azerite Globules",187,358,555,781,1078],["Dagger in the Back",270,496,735,980,1283],["Secrets of the Deep",322,517,718,1037,1245],["Blood Siphon",304,462,687,905,1189],["Earthlink",82,299,456,679,937],["Ruinous Bolt",124,292,463,713,989],["Inevitable Demise",437,655,912,1226,1586],["Thunderous Blast",340,544,779,1066,1411],["Overwhelming Power",204,395,575,769,1050],["Champion of Azeroth",482,619,875,1102,1398],["Filthy Transfusion",223,419,661,898,1184],["Deathbloom",-39,148,314,494,711],["Elemental Whirl",136,298,459,697,916],["Rezan's Fury",230,449,670,901,1204],["Blightborne Infusion",416,549,768,1025,1300],["Sudden Onset",163,350,520,732,1058]],"metas":{"build_date":"Aug 27 2018","build_time":"13:50:42","git_revision":"4aa7462e31","options":{"debug":false,"max_time":300.0,"expected_iteration_time":287.27500000000003,"vary_combat_length":0.2,"iterations":837,"target_error":0.2,"threads":32,"seed":10566908838355862305,"single_actor_batch":false,"queue_lag":0.005,"queue_lag_stddev":0.001,"gcd_lag":0.15,"gcd_lag_stddev":0.037,"channel_lag":0.25,"channel_lag_stddev":0.062,"queue_gcd_reduction":0.1,"strict_gcd_queue":0,"confidence":0.95,"confidence_estimator":1.9599639854089754,"world_lag":0.1,"world_lag_stddev":0.01,"travel_variance":0.0,"default_skill":1.0,"reaction_time":0.5,"regen_periodicity":0.25,"ignite_sampling_delta":0.2,"fixed_time":true,"optimize_expressions":true,"optimal_raid":1,"log":0,"debug_each":0,"stat_cache":1,"max_aoe_enemies":20,"show_etmi":false,"tmi_window_global":0.0,"tmi_bin_size":0.5,"enemy_death_pct":0.0,"challenge_mode":false,"timewalk":-1,"pvp_crit":false,"rng":{"name":"sse2-sfmt"},"deterministic":0,"average_range":1,"average_gauss":0,"fight_style":"Patchwerk","default_aura_delay":0.03,"default_aura_delay_stddev":0.005,"dbc":{"Live":{"build_level":27404,"wow_version":"8.0.1"},"version_used":"Live"}},"overrides":{"arcane_intellect":1,"battle_shout":1,"power_word_fortitude":1,"chaos_brand":1,"mystic_touch":1,"mortal_wounds":1,"bleeding":1,"bloodlust":1,"bloodlust_percent":25,"bloodlust_time":0.5},"statistics":{"elapsed_cpu_seconds":17115.592632,"elapsed_time_seconds":18.310319999999997,"init_time_seconds":3.191766067000001,"merge_time_seconds":0.007254404000000001,"analyze_time_seconds":0.1631666990000001,"simulation_length":{"sum":240732.943,"count":805,"mean":299.0471341614907,"min":240.14000000000001,"max":359.909,"median":299.238,"variance":1207.0282687670938,"std_dev":34.74231236931551,"mean_variance":1.4994139984684394,"mean_std_dev":1.2245056138982946},"raid_dps":{"sum":12800134.576556271,"count":805,"mean":15900.78829385872},"total_dmg":{"sum":3818120465.88021,"count":805,"mean":4743006.789913304},"total_iterations":153120,"total_actors":206,"total_iterations_mean":743.3009708737864,"total_iterations_variance":669835.339805825,"total_iterations_stddev":818.4346887845267,"total_mean_dps_stddev":16.90121876190783,"total_mean_dps_variance":285.65119563786527},"player":{"name":"Template","race":"troll","level":120,"role":"spell","specialization":"Affliction Warlock","profile_source":"default","talents":[{"tier":1,"id":23141,"spell_id":264106,"name":"Deathbolt"},{"tier":2,"id":22089,"spell_id":63106,"name":"Siphon Life"},{"tier":4,"id":19292,"spell_id":205179,"name":"Phantom Singularity"},{"tier":6,"id":23159,"spell_id":48181,"name":"Haunt"},{"tier":7,"id":19293,"spell_id":113860,"name":"Dark Soul: Misery"}],"party":0,"ready_type":0,"bugs":true,"scale_player":true,"potion_used":false,"timeofday":"DAY_TIME","invert_scaling":0,"reaction_offset":0.1,"reaction_max":1.4000000000000001,"reaction_mean":0.3,"reaction_stddev":0.06,"reaction_nu":0.25,"world_lag":0.1,"brain_lag":0.0,"brain_lag_stddev":0.0,"world_lag_override":false,"world_lag_stddev_override":false,"dbc":{"Live":{"build_level":27404,"wow_version":"8.0.1"},"version_used":"Live"},"base_mana_regen_per_second":1000.0,"collected_data":{"fight_length":{"sum":240732.94299999997,"count":805,"mean":299.04713416149065,"min":240.14000000000001,"max":359.909},"executed_foreground_actions":{"sum":190360.0,"count":805,"mean":236.472049689441,"min":191.0,"max":281.0},"dmg":{"sum":3309907900.734082,"count":805,"mean":4111686.83321004,"min":3272392.5097671,"max":4933830.61942652},"compound_dmg":{"sum":3818120465.88021,"count":805,"mean":4743006.789913304,"min":3849593.926335304,"max":5647823.400565344},"timeline_dmg":{"mean":15800.045966410285,"mean_std_dev":10328.7015531529,"min":0.0,"max":111583.93751236518,