{"results":[["Trait","325","340","355","370","385"],["In The Rhythm",99,190,337,455,621],["Relational Normalization Gizmo",264,414,546,713,891],["Thunderous Blast",328,465,679,862,1107],["Azerite Globules",130,269,371,540,709],["Tidal Surge",243,380,568,748,932],["Dagger in the Back",361,494,687,855,1116],["Unstable Flames",92,177,309,448,584],["Secrets of the Deep",182,331,471,644,826],["Heed My Call",142,242,383,527,726],["Blood Rite",208,356,473,616,790],["Filthy Transfusion",238,361,524,687,879],["Synaptic Spark Capacitor",375,539,725,911,1148],["Gutripper",85,191,349,472,659],["Sylvanas' Resolve / Anduin's Dedication",180,311,474,650,826],["Swirling Sands",251,325,474,644,802],["Meticulous Scheming",294,367,526,690,876],["Ricocheting Inflatable Pyrosaw",204,324,452,579,800],["Laser Matrix",330,470,605,797,1030],["Tradewinds",245,344,459,603,785],["Collective Will / Stand As One",60,143,274,439,582],["Focused Fire",102,180,326,494,657],["Barrage Of Many Bombs",320,461,620,807,1069],["Elemental Whirl",92,164,332,450,624],["Unerring Vision",128,236,330,503,680],["Arcane Flurry",38,163,270,429,591],["Overwhelming Power",186,264,416,541,723],["Unstable Catalyst",241,332,489,698,853],["Rapid Reload",15,94,214,321,468],["Steady Aim",307,448,607,817,1015],["Incite the Pack",196,313,460,596,758],["Combined Might / Stronger Together",33,147,268,411,560],["Battlefield Focus / Battlefield Precision",15,138,260,368,487],["Retaliatory Fury / Last Gift",108,210,320,473,598],["Glory in Battle / Liberator's Might",191,276,416,561,716],["Ruinous Bolt",121,265,410,572,703],["Blood Siphon",73,201,298,399,589],["Champion of Azeroth",307,437,573,751,939],["Blightborne Infusion",266,372,538,662,851],["Earthlink",61,217,312,452,606],["Rezan's Fury",268,396,533,729,911]],"metas":{"build_date":"Aug 17 2018","build_time":"18:41:44","git_revision":"d045f58118","options":{"debug":false,"max_time":300.0,"expected_iteration_time":333.53000000000003,"vary_combat_length":0.2,"iterations":1056,"target_error":0.2,"threads":32,"seed":10224097650109090383,"single_actor_batch":false,"queue_lag":0.005,"queue_lag_stddev":0.001,"gcd_lag":0.15,"gcd_lag_stddev":0.037,"channel_lag":0.25,"channel_lag_stddev":0.062,"queue_gcd_reduction":0.1,"strict_gcd_queue":0,"confidence":0.95,"confidence_estimator":1.9599639854089754,"world_lag":0.1,"world_lag_stddev":0.01,"travel_variance":0.0,"default_skill":1.0,"reaction_time":0.5,"regen_periodicity":0.25,"ignite_sampling_delta":0.2,"fixed_time":true,"optimize_expressions":true,"optimal_raid":1,"log":0,"debug_each":0,"stat_cache":1,"max_aoe_enemies":20,"show_etmi":false,"tmi_window_global":0.0,"tmi_bin_size":0.5,"enemy_death_pct":0.0,"challenge_mode":false,"timewalk":-1,"pvp_crit":false,"rng":{"name":"sse2-sfmt"},"deterministic":0,"average_range":1,"average_gauss":0,"fight_style":"Patchwerk","default_aura_delay":0.03,"default_aura_delay_stddev":0.005,"dbc":{"bfa-BETA":{"build_level":26095,"wow_version":"8.0.1"},"version_used":"bfa-BETA"}},"overrides":{"arcane_intellect":1,"battle_shout":1,"power_word_fortitude":1,"chaos_brand":1,"mystic_touch":1,"mortal_wounds":1,"bleeding":1,"bloodlust":1,"bloodlust_percent":25,"bloodlust_time":0.5},"statistics":{"elapsed_cpu_seconds":9161.057828000006,"elapsed_time_seconds":9.946129,"init_time_seconds":2.5640442949999986,"merge_time_seconds":0.005340475999999999,"analyze_time_seconds":0.1849762949999999,"simulation_length":{"sum":305719.13100000005,"count":1024,"mean":298.55383886718755,"min":240.18800000000002,"max":359.821,"median":297.932,"variance":1218.0722631136846,"std_dev":34.90089201028656,"mean_variance":1.1895236944469576,"mean_std_dev":1.090652875321455},"raid_dps":{"sum":14306689.697397912,"count":1024,"mean":13971.376657615148},"total_dmg":{"sum":4266410837.830001,"count":1024,"mean":4166416.83381836},"total_iterations":189079,"total_actors":201,"total_iterations_mean":940.6915422885572,"total_iterations_variance":498470.87562189106,"total_iterations_stddev":706.0246990168906,"total_mean_dps_stddev":14.716162394060555,"total_mean_dps_variance":216.5654356083621},"player":{"name":"Template","race":"lightforged_draenei","level":120,"role":"attack","specialization":"Marksmanship Hunter","profile_source":"default","talents":[{"tier":1,"id":22501,"spell_id":271788,"name":"Serpent Sting"},{"tier":2,"id":22495,"spell_id":260228,"name":"Careful Aim"},{"tier":4,"id":21998,"spell_id":257284,"name":"Hunter's Mark"},{"tier":6,"id":23063,"spell_id":260393,"name":"Lethal Shots"},{"tier":7,"id":22308,"spell_id":194595,"name":"Lock and Load"}],"party":0,"ready_type":0,"bugs":true,"scale_player":true,"potion_used":false,"timeofday":"DAY_TIME","invert_scaling":0,"reaction_offset":0.1,"reaction_max":1.4000000000000001,"reaction_mean":0.3,"reaction_stddev":0.06,"reaction_nu":0.25,"world_lag":0.1,"brain_lag":0.0,"brain_lag_stddev":0.0,"world_lag_override":false,"world_lag_stddev_override":false,"dbc":{"bfa-BETA":{"build_level":26095,"wow_version":"8.0.1"},"version_used":"bfa-BETA"},"base_focus_regen_per_second":2.999999999999999,"collected_data":{"fight_length":{"sum":305719.131,"count":1024,"mean":298.5538388671875,"min":240.18800000000002,"max":359.821},"executed_foreground_actions":{"sum":211207.0,"count":1024,"mean":206.2568359375,"min":165.0,"max":248.0},"dmg":{"sum":3892014623.204876,"count":1024,"mean":3800795.5304735117,"min":2959236.1702900585,"max":4734950.690219918},"compound_dmg":{"sum":4266410837.830001,"count":1024,"mean":4166416.83381836,"min":3266178.4901442607,"max":5175535.748402479},"timeline_dmg":{"mean":14356.641820111545,"mean_std_dev":6163.496210632596,"min":2173.2508202841,"max":83886.69922999133,