{"results":[["Trait","325","340","355","370","385"],["Laser Matrix",318,506,748,965,1286],["Archive of the Titans",314,527,685,953,1235],["Relational Normalization Gizmo",254,416,686,898,1179],["Synaptic Spark Capacitor",491,717,956,1288,1589],["Gutripper",131,279,455,642,932],["Sylvanas' Resolve / Anduin's Dedication",303,531,724,997,1259],["Swirling Sands",346,510,717,960,1176],["Tradewinds",204,386,552,740,999],["Ricocheting Inflatable Pyrosaw",212,404,602,820,1056],["Heed My Call",162,324,518,746,991],["Barrage Of Many Bombs",407,578,817,1064,1380],["Collective Will / Stand As One",123,266,440,647,908],["Combined Might / Stronger Together",33,192,327,567,775],["Battlefield Focus / Battlefield Precision",97,242,437,654,902],["Retaliatory Fury / Last Gift",118,262,427,650,872],["Tunnel of Ice",195,332,527,769,1039],["Glory in Battle / Liberator's Might",73,206,393,626,873],["Blood Rite",181,341,542,730,945],["Unstable Flames",118,267,479,701,869],["Meticulous Scheming",212,376,574,808,1003],["Winter's Reach",86,232,462,663,874],["Azerite Globules",116,289,477,672,904],["Incite the Pack",177,354,533,729,975],["Tidal Surge",227,429,647,840,1144],["Unstable Catalyst",331,543,778,1038,1371],["Packed Ice",142,323,510,701,950],["Glacial Assault",145,270,505,711,948],["Rezan's Fury",244,436,616,853,1101],["Earthlink",116,305,490,672,930],["Dagger in the Back",226,425,644,863,1157],["Secrets of the Deep",334,526,736,986,1266],["Blood Siphon",69,227,391,581,829],["Thunderous Blast",346,568,786,1016,1298],["Champion of Azeroth",279,471,678,944,1199],["Overwhelming Power",-75,76,228,429,645],["Frigid Grasp",-180,-22,132,390,587],["Filthy Transfusion",186,394,592,818,1108],["Ruinous Bolt",156,311,491,737,985],["Elemental Whirl",38,218,386,615,810],["Whiteout",-56,116,311,533,768],["Blightborne Infusion",372,578,800,1007,1255]],"metas":{"build_date":"Aug 27 2018","build_time":"13:50:42","git_revision":"4aa7462e31","options":{"debug":false,"max_time":300.0,"expected_iteration_time":267.15500000000003,"vary_combat_length":0.2,"iterations":1740,"target_error":0.2,"threads":32,"seed":15910908988566587984,"single_actor_batch":false,"queue_lag":0.005,"queue_lag_stddev":0.001,"gcd_lag":0.15,"gcd_lag_stddev":0.037,"channel_lag":0.25,"channel_lag_stddev":0.062,"queue_gcd_reduction":0.1,"strict_gcd_queue":0,"confidence":0.95,"confidence_estimator":1.9599639854089754,"world_lag":0.1,"world_lag_stddev":0.01,"travel_variance":0.0,"default_skill":1.0,"reaction_time":0.5,"regen_periodicity":0.25,"ignite_sampling_delta":0.2,"fixed_time":true,"optimize_expressions":true,"optimal_raid":1,"log":0,"debug_each":0,"stat_cache":1,"max_aoe_enemies":20,"show_etmi":false,"tmi_window_global":0.0,"tmi_bin_size":0.5,"enemy_death_pct":0.0,"challenge_mode":false,"timewalk":-1,"pvp_crit":false,"rng":{"name":"sse2-sfmt"},"deterministic":0,"average_range":1,"average_gauss":0,"fight_style":"Patchwerk","default_aura_delay":0.03,"default_aura_delay_stddev":0.005,"dbc":{"Live":{"build_level":27404,"wow_version":"8.0.1"},"version_used":"Live"}},"overrides":{"arcane_intellect":1,"battle_shout":1,"power_word_fortitude":1,"chaos_brand":1,"mystic_touch":1,"mortal_wounds":1,"bleeding":1,"bloodlust":1,"bloodlust_percent":25,"bloodlust_time":0.5},"statistics":{"elapsed_cpu_seconds":30295.949782000014,"elapsed_time_seconds":32.884958,"init_time_seconds":2.9306356960000017,"merge_time_seconds":0.006615981000000001,"analyze_time_seconds":0.3450440709999998,"simulation_length":{"sum":512580.0310000001,"count":1708,"mean":300.10540456674477,"min":240.042,"max":359.92,"median":298.90000000000003,"variance":1217.4409203954592,"std_dev":34.89184604453395,"mean_variance":0.7127874241191213,"mean_std_dev":0.8442673889942223},"raid_dps":{"sum":26598026.52032941,"count":1708,"mean":15572.615058740872},"total_dmg":{"sum":7964353732.91204,"count":1708,"mean":4662970.569620633},"total_iterations":356889,"total_actors":206,"total_iterations_mean":1732.4708737864078,"total_iterations_variance":2705169.325242719,"total_iterations_stddev":1644.7398959235832,"total_mean_dps_stddev":16.478323808858985,"total_mean_dps_variance":271.5351555496089},"player":{"name":"Template","race":"pandaren","level":120,"role":"spell","specialization":"Frost Mage","profile_source":"default","talents":[{"tier":1,"id":22457,"spell_id":205027,"name":"Bone Chilling"},{"tier":3,"id":22444,"spell_id":1463,"name":"Incanter's Flow"},{"tier":4,"id":22469,"spell_id":257537,"name":"Ebonbolt"},{"tier":6,"id":22473,"spell_id":153595,"name":"Comet Storm"},{"tier":7,"id":21634,"spell_id":199786,"name":"Glacial Spike"}],"party":0,"ready_type":0,"bugs":true,"scale_player":true,"potion_used":false,"timeofday":"DAY_TIME","invert_scaling":0,"reaction_offset":0.1,"reaction_max":1.4000000000000001,"reaction_mean":0.3,"reaction_stddev":0.06,"reaction_nu":0.25,"world_lag":0.1,"brain_lag":0.0,"brain_lag_stddev":0.0,"world_lag_override":false,"world_lag_stddev_override":false,"dbc":{"Live":{"build_level":27404,"wow_version":"8.0.1"},"version_used":"Live"},"base_mana_regen_per_second":2000.0,"collected_data":{"fight_length":{"sum":512580.0310000001,"count":1708,"mean":300.10540456674477,"min":240.042,"max":359.92},"executed_foreground_actions":{"sum":340725.0,"count":1708,"mean":199.4877049180328,"min":161.0,"max":238.0},"dmg":{"sum":7559793009.482371,"count":1708,"mean":4426108.31936907,"min":3295510.4312513843,"max":5606593.526444615},"compound_dmg":{"sum":7964353732.91204,"count":1708,"mean":4662970.569620633,"min":3488632.0485052997,"max":5881885.892677033},"timeline_dmg":{"mean":15145.279440114384,"mean_std_dev":11769.346051554718,"min":2750.0927950241094,"max":77278.2561541705,