{"results":[["Trait","325","340","355","370","385"],["Thunderous Blast",346,516,721,995,1236],["Tidal Surge",261,412,656,869,1120],["Azerite Globules",150,282,445,680,926],["Secrets of the Deep",295,459,696,877,1152],["Gutripper",130,261,448,606,820],["Unstable Flames",161,264,444,658,874],["Blood Rite",294,433,603,796,1003],["Heed My Call",179,298,460,673,890],["Filthy Transfusion",240,418,537,796,1049],["Relational Normalization Gizmo",358,490,685,899,1157],["Synaptic Spark Capacitor",401,626,808,1054,1313],["Sylvanas' Resolve / Anduin's Dedication",262,455,655,859,1121],["Feeding Frenzy",228,369,537,690,865],["Swirling Sands",404,546,738,922,1171],["Meticulous Scheming",134,269,434,606,828],["Ricocheting Inflatable Pyrosaw",212,373,560,772,1008],["Laser Matrix",336,486,732,941,1206],["Tradewinds",356,569,751,939,1150],["Collective Will / Stand As One",80,228,378,595,799],["Barrage Of Many Bombs",332,512,689,918,1188],["Serrated Jaws",133,258,493,661,909],["Primal Instincts",581,767,995,1218,1458],["Overwhelming Power",200,322,491,663,880],["Unstable Catalyst",321,499,709,951,1191],["Rapid Reload",51,137,308,454,650],["Pack Alpha",-2,148,262,479,682],["Dance of Death",185,343,530,740,962],["Haze of Rage",300,415,656,884,1167],["Dagger in the Back",409,570,789,1037,1290],["Incite the Pack",320,515,678,877,1112],["Combined Might / Stronger Together",83,189,370,566,774],["Battlefield Focus / Battlefield Precision",21,185,290,484,684],["Retaliatory Fury / Last Gift",219,347,552,699,899],["Glory in Battle / Liberator's Might",267,450,616,837,1040],["Ruinous Bolt",201,298,517,706,966],["Blood Siphon",162,280,435,627,835],["Blightborne Infusion",437,632,804,1028,1243],["Champion of Azeroth",459,646,874,1076,1297],["Earthlink",106,260,435,625,865],["Rezan's Fury",263,454,644,839,1155],["Elemental Whirl",152,298,499,647,854]],"metas":{"build_date":"Aug 20 2018","build_time":"15:55:45","git_revision":"04f3f715c8","options":{"debug":false,"max_time":300.0,"expected_iteration_time":301.63800000000003,"vary_combat_length":0.2,"iterations":647,"target_error":0.2,"threads":32,"seed":8587185064199226858,"single_actor_batch":false,"queue_lag":0.005,"queue_lag_stddev":0.001,"gcd_lag":0.15,"gcd_lag_stddev":0.037,"channel_lag":0.25,"channel_lag_stddev":0.062,"queue_gcd_reduction":0.1,"strict_gcd_queue":0,"confidence":0.95,"confidence_estimator":1.9599639854089754,"world_lag":0.1,"world_lag_stddev":0.01,"travel_variance":0.0,"default_skill":1.0,"reaction_time":0.5,"regen_periodicity":0.25,"ignite_sampling_delta":0.2,"fixed_time":true,"optimize_expressions":true,"optimal_raid":1,"log":0,"debug_each":0,"stat_cache":1,"max_aoe_enemies":20,"show_etmi":false,"tmi_window_global":0.0,"tmi_bin_size":0.5,"enemy_death_pct":0.0,"challenge_mode":false,"timewalk":-1,"pvp_crit":false,"rng":{"name":"sse2-sfmt"},"deterministic":0,"average_range":1,"average_gauss":0,"fight_style":"Patchwerk","default_aura_delay":0.03,"default_aura_delay_stddev":0.005,"dbc":{"bfa-BETA":{"build_level":26095,"wow_version":"8.0.1"},"version_used":"bfa-BETA"}},"overrides":{"arcane_intellect":1,"battle_shout":1,"power_word_fortitude":1,"chaos_brand":1,"mystic_touch":1,"mortal_wounds":1,"bleeding":1,"bloodlust":1,"bloodlust_percent":25,"bloodlust_time":0.5},"statistics":{"elapsed_cpu_seconds":8914.670216999999,"elapsed_time_seconds":9.684568,"init_time_seconds":2.0671430899999996,"merge_time_seconds":0.005689520000000001,"analyze_time_seconds":0.12464238199999994,"simulation_length":{"sum":185246.457,"count":615,"mean":301.2137512195122,"min":240.086,"max":359.97,"median":302.469,"variance":1177.4977104730676,"std_dev":34.31468651281937,"mean_variance":1.9146304235334433,"mean_std_dev":1.3837017104612697},"raid_dps":{"sum":10529317.24013655,"count":615,"mean":17120.84104087244},"total_dmg":{"sum":3167741186.422328,"count":615,"mean":5150798.677109476},"total_iterations":122019,"total_actors":206,"total_iterations_mean":592.3252427184466,"total_iterations_variance":457371.20873786433,"total_iterations_stddev":676.2922509816775,"total_mean_dps_stddev":18.07009813608469,"total_mean_dps_variance":326.52844664773147},"player":{"name":"Template","race":"orc","level":120,"role":"attack","specialization":"Beast Mastery Hunter","profile_source":"default","talents":[{"tier":1,"id":22291,"spell_id":273887,"name":"Killer Instinct"},{"tier":2,"id":22290,"spell_id":53209,"name":"Chimaera Shot"},{"tier":4,"id":22269,"spell_id":131894,"name":"A Murder of Crows"},{"tier":6,"id":19357,"spell_id":199530,"name":"Stomp"},{"tier":7,"id":22273,"spell_id":191384,"name":"Aspect of the Beast"}],"party":0,"ready_type":0,"bugs":true,"scale_player":true,"potion_used":false,"timeofday":"DAY_TIME","invert_scaling":0,"reaction_offset":0.1,"reaction_max":1.4000000000000001,"reaction_mean":0.3,"reaction_stddev":0.06,"reaction_nu":0.25,"world_lag":0.1,"brain_lag":0.0,"brain_lag_stddev":0.0,"world_lag_override":false,"world_lag_stddev_override":false,"dbc":{"bfa-BETA":{"build_level":26095,"wow_version":"8.0.1"},"version_used":"bfa-BETA"},"base_focus_regen_per_second":10.0,"collected_data":{"fight_length":{"sum":185246.45699999997,"count":615,"mean":301.2137512195121,"min":240.086,"max":359.97},"waiting_time":{"sum":25910.799999999996,"count":615,"mean":42.13138211382113,"min":28.8,"max":59.0},"executed_foreground_actions":{"sum":133068.0,"count":615,"mean":216.37073170731708,"min":170.0,"max":259.0},"dmg":{"sum":1100060175.4723773,"count":615,"mean":1788715.7324754102,"min":1368479.67430358,"max":2200748.91616017},"compound_dmg":{"sum":3167741186.422328,"count":615,"mean":5150798.677109476,"min":3991221.371054204,"max":6272965.331445352},"timeline_dmg":{"mean":17556.35405093276,"mean_std_dev":6789.0112215399995,"min":4161.694610332823,"max":69245.74578097435,