{"results":[["Trait","325","340","355","370","385"],["Laser Matrix",390,543,717,942,1168],["Archive of the Titans",203,366,511,674,845],["Relational Normalization Gizmo",253,408,539,693,892],["Synaptic Spark Capacitor",220,354,477,665,886],["Sylvanas' Resolve / Anduin's Dedication",194,340,487,679,870],["Gutripper",119,232,374,529,726],["Swirling Sands",335,448,571,728,946],["Tradewinds",238,348,492,637,823],["Ricocheting Inflatable Pyrosaw",90,242,371,546,700],["Heed My Call",116,235,385,549,733],["Barrage Of Many Bombs",209,331,463,655,903],["Snake Eyes",83,192,331,469,658],["Tidal Surge",288,453,581,793,1025],["Collective Will / Stand As One",62,188,327,471,645],["Combined Might / Stronger Together",64,156,278,402,591],["Battlefield Focus / Battlefield Precision",326,455,616,795,1027],["Retaliatory Fury / Last Gift",95,245,348,516,695],["Glory in Battle / Liberator's Might",202,317,469,636,821],["Blood Rite",194,318,452,600,797],["Unstable Flames",123,229,340,494,650],["Meticulous Scheming",230,340,470,651,813],["Incite the Pack",195,328,467,633,788],["Unstable Catalyst",241,399,547,714,938],["Deadshot",310,488,653,874,1140],["Azerite Globules",92,210,343,485,679],["Storm of Steel",252,382,547,714,933],["Earthlink",87,201,355,480,700],["Dagger in the Back",353,512,687,897,1150],["Secrets of the Deep",232,369,526,707,906],["Blood Siphon",106,186,311,458,622],["Brigand's Blitz",238,356,492,640,825],["Ruinous Bolt",174,275,453,619,803],["Blightborne Infusion",354,477,623,786,991],["Overwhelming Power",98,232,334,446,634],["Rezan's Fury",316,462,616,838,1040],["Paradise Lost",201,313,458,622,845],["Thunderous Blast",409,583,788,987,1236],["Champion of Azeroth",339,499,649,788,977],["Filthy Transfusion",239,370,535,722,946],["Ace Up Your Sleeve",61,168,297,445,636],["Elemental Whirl",123,201,356,498,654]],"metas":{"build_date":"Aug 25 2018","build_time":"04:15:44","git_revision":"00223099f2","options":{"debug":false,"max_time":300.0,"expected_iteration_time":309.84000000000003,"vary_combat_length":0.2,"iterations":2240,"target_error":0.2,"threads":32,"seed":9127320576574323754,"single_actor_batch":false,"queue_lag":0.005,"queue_lag_stddev":0.001,"gcd_lag":0.15,"gcd_lag_stddev":0.037,"channel_lag":0.25,"channel_lag_stddev":0.062,"queue_gcd_reduction":0.1,"strict_gcd_queue":0,"confidence":0.95,"confidence_estimator":1.9599639854089754,"world_lag":0.1,"world_lag_stddev":0.01,"travel_variance":0.0,"default_skill":1.0,"reaction_time":0.5,"regen_periodicity":0.25,"ignite_sampling_delta":0.2,"fixed_time":true,"optimize_expressions":true,"optimal_raid":1,"log":0,"debug_each":0,"stat_cache":1,"max_aoe_enemies":20,"show_etmi":false,"tmi_window_global":0.0,"tmi_bin_size":0.5,"enemy_death_pct":0.0,"challenge_mode":false,"timewalk":-1,"pvp_crit":false,"rng":{"name":"sse2-sfmt"},"deterministic":0,"average_range":1,"average_gauss":0,"fight_style":"Patchwerk","default_aura_delay":0.03,"default_aura_delay_stddev":0.005,"dbc":{"Live":{"build_level":27404,"wow_version":"8.0.1"},"version_used":"Live"}},"overrides":{"arcane_intellect":1,"battle_shout":1,"power_word_fortitude":1,"chaos_brand":1,"mystic_touch":1,"mortal_wounds":1,"bleeding":1,"bloodlust":1,"bloodlust_percent":25,"bloodlust_time":0.5},"statistics":{"elapsed_cpu_seconds":27929.017978,"elapsed_time_seconds":29.584464,"init_time_seconds":2.440194359000002,"merge_time_seconds":0.005179972999999999,"analyze_time_seconds":0.39953075100000024,"simulation_length":{"sum":664870.1910000001,"count":2208,"mean":301.1187459239131,"min":240.138,"max":359.902,"median":301.099,"variance":1167.1366263090868,"std_dev":34.16338136527306,"mean_variance":0.5285944865530284,"mean_std_dev":0.7270450374997607},"raid_dps":{"sum":31434156.8636722,"count":2208,"mean":14236.484086808061},"total_dmg":{"sum":9459842404.89122,"count":2208,"mean":4284348.915258705},"total_iterations":439187,"total_actors":206,"total_iterations_mean":2131.9757281553398,"total_iterations_variance":1820390.878640776,"total_iterations_stddev":1349.2186178083878,"total_mean_dps_stddev":15.033286116737807,"total_mean_dps_variance":225.9996914677017},"player":{"name":"Template","race":"dwarf","level":120,"role":"attack","specialization":"Outlaw Rogue","profile_source":"default","talents":[{"tier":1,"id":22119,"spell_id":196938,"name":"Quick Draw"},{"tier":2,"id":19238,"spell_id":196922,"name":"Hit and Run"},{"tier":3,"id":19239,"spell_id":14983,"name":"Vigor"},{"tier":6,"id":23128,"spell_id":193539,"name":"Alacrity"},{"tier":7,"id":23175,"spell_id":51690,"name":"Killing Spree"}],"party":0,"ready_type":1,"bugs":true,"scale_player":true,"potion_used":false,"timeofday":"DAY_TIME","invert_scaling":0,"reaction_offset":0.1,"reaction_max":1.4000000000000001,"reaction_mean":0.3,"reaction_stddev":0.06,"reaction_nu":0.25,"world_lag":0.1,"brain_lag":0.0,"brain_lag_stddev":0.0,"world_lag_override":false,"world_lag_stddev_override":false,"dbc":{"Live":{"build_level":27404,"wow_version":"8.0.1"},"version_used":"Live"},"base_energy_regen_per_second":14.85,"collected_data":{"fight_length":{"sum":664870.1910000001,"count":2208,"mean":301.1187459239131,"min":240.138,"max":359.902},"waiting_time":{"sum":56230.18900000001,"count":2208,"mean":25.466571105072468,"min":8.444,"max":44.661},"executed_foreground_actions":{"sum":618693.0,"count":2208,"mean":280.20516304347825,"min":211.0,"max":356.0},"dmg":{"sum":9459842404.89122,"count":2208,"mean":4284348.915258705,"min":2977403.414193499,"max":5921253.610527484},"compound_dmg":{"sum":9459842404.89122,"count":2208,"mean":4284348.915258705,"min":2977403.414193499,"max":5921253.610527484},"timeline_dmg":{"mean":14201.72137923354,"mean_std_dev":2167.9268795179514,"min":5754.068775171621,"max":31448.698054003267,