{"results":[["Trait","325","340","355","370","385"],["Thunderous Blast",330,490,643,829,1074],["Azerite Globules",67,166,310,447,598],["Tidal Surge",224,372,497,685,907],["Dagger in the Back",360,474,638,864,1090],["Unstable Flames",96,230,338,449,652],["Secrets of the Deep",198,338,479,646,838],["Heed My Call",85,225,335,493,683],["Blood Rite",137,233,372,547,705],["Supreme Commander",302,436,574,772,942],["Relational Normalization Gizmo",179,304,439,612,833],["Synaptic Spark Capacitor",179,283,441,605,795],["Shadow's Bite",78,187,306,466,619],["Gutripper",81,177,352,476,658],["Sylvanas' Resolve / Anduin's Dedication",192,318,481,638,853],["Swirling Sands",237,372,468,640,800],["Meticulous Scheming",178,293,418,541,723],["Ricocheting Inflatable Pyrosaw",112,177,322,479,640],["Laser Matrix",308,451,591,835,1020],["Tradewinds",246,346,505,642,830],["Umbral Blaze",132,209,332,484,668],["Collective Will / Stand As One",65,154,275,447,596],["Barrage Of Many Bombs",165,278,411,565,775],["Filthy Transfusion",217,331,501,702,858],["Explosive Potential",-3,92,193,343,485],["Incite the Pack",222,341,488,620,812],["Combined Might / Stronger Together",49,142,254,412,525],["Battlefield Focus / Battlefield Precision",192,288,408,581,773],["Retaliatory Fury / Last Gift",118,245,362,514,698],["Glory in Battle / Liberator's Might",184,297,407,567,723],["Ruinous Bolt",110,247,388,565,718],["Unstable Catalyst",225,371,492,688,867],["Forbidden Knowledge",9,149,287,433,627],["Blood Siphon",186,267,405,520,688],["Overwhelming Power",53,146,293,406,568],["Champion of Azeroth",301,441,589,737,923],["Demonic Meteor",156,262,388,517,682],["Earthlink",75,179,312,458,621],["Rezan's Fury",247,363,550,717,920],["Blightborne Infusion",334,456,587,771,912],["Elemental Whirl",120,243,311,468,630]],"metas":{"build_date":"Aug 21 2018","build_time":"06:51:36","git_revision":"57250019bf","options":{"debug":false,"max_time":300.0,"expected_iteration_time":283.77500000000003,"vary_combat_length":0.2,"iterations":718,"target_error":0.2,"threads":32,"seed":15772741755645063717,"single_actor_batch":false,"queue_lag":0.005,"queue_lag_stddev":0.001,"gcd_lag":0.15,"gcd_lag_stddev":0.037,"channel_lag":0.25,"channel_lag_stddev":0.062,"queue_gcd_reduction":0.1,"strict_gcd_queue":0,"confidence":0.95,"confidence_estimator":1.9599639854089754,"world_lag":0.1,"world_lag_stddev":0.01,"travel_variance":0.0,"default_skill":1.0,"reaction_time":0.5,"regen_periodicity":0.25,"ignite_sampling_delta":0.2,"fixed_time":true,"optimize_expressions":true,"optimal_raid":1,"log":0,"debug_each":0,"stat_cache":1,"max_aoe_enemies":20,"show_etmi":false,"tmi_window_global":0.0,"tmi_bin_size":0.5,"enemy_death_pct":0.0,"challenge_mode":false,"timewalk":-1,"pvp_crit":false,"rng":{"name":"sse2-sfmt"},"deterministic":0,"average_range":1,"average_gauss":0,"fight_style":"Patchwerk","default_aura_delay":0.03,"default_aura_delay_stddev":0.005,"dbc":{"bfa-BETA":{"build_level":26095,"wow_version":"8.0.1"},"version_used":"bfa-BETA"}},"overrides":{"arcane_intellect":1,"battle_shout":1,"power_word_fortitude":1,"chaos_brand":1,"mystic_touch":1,"mortal_wounds":1,"bleeding":1,"bloodlust":1,"bloodlust_percent":25,"bloodlust_time":0.5},"statistics":{"elapsed_cpu_seconds":13735.692669000002,"elapsed_time_seconds":14.563218,"init_time_seconds":2.6695214360000015,"merge_time_seconds":0.012553513000000002,"analyze_time_seconds":0.13462366499999998,"simulation_length":{"sum":206685.70600000003,"count":686,"mean":301.2911166180759,"min":240.091,"max":359.938,"median":301.688,"variance":1178.9194079718231,"std_dev":34.335395847023854,"mean_variance":1.7185414110376431,"mean_std_dev":1.310931505090042},"raid_dps":{"sum":9407116.268982127,"count":686,"mean":13712.997476650331},"total_dmg":{"sum":2829740983.0447717,"count":686,"mean":4124986.855750396},"total_iterations":124285,"total_actors":201,"total_iterations_mean":618.3333333333334,"total_iterations_variance":444432.66666666634,"total_iterations_stddev":666.6578332748114,"total_mean_dps_stddev":14.429121684650637,"total_mean_dps_variance":208.19955259045523},"player":{"name":"Template","race":"troll","level":120,"role":"spell","specialization":"Demonology Warlock","profile_source":"default","talents":[{"tier":1,"id":22048,"spell_id":267171,"name":"Demonic Strength"},{"tier":2,"id":23158,"spell_id":265412,"name":"Doom"},{"tier":4,"id":23160,"spell_id":264119,"name":"Summon Vilefiend"},{"tier":6,"id":21717,"spell_id":111898,"name":"Grimoire: Felguard"},{"tier":7,"id":23161,"spell_id":267214,"name":"Sacrificed Souls"}],"party":0,"ready_type":0,"bugs":true,"scale_player":true,"potion_used":false,"timeofday":"DAY_TIME","invert_scaling":0,"reaction_offset":0.1,"reaction_max":1.4000000000000001,"reaction_mean":0.3,"reaction_stddev":0.06,"reaction_nu":0.25,"world_lag":0.1,"brain_lag":0.0,"brain_lag_stddev":0.0,"world_lag_override":false,"world_lag_stddev_override":false,"dbc":{"bfa-BETA":{"build_level":26095,"wow_version":"8.0.1"},"version_used":"bfa-BETA"},"base_mana_regen_per_second":1000.0,"collected_data":{"fight_length":{"sum":206685.706,"count":686,"mean":301.2911166180758,"min":240.091,"max":359.938},"executed_foreground_actions":{"sum":152666.0,"count":686,"mean":222.54518950437318,"min":178.0,"max":265.0},"dmg":{"sum":902890399.8286036,"count":686,"mean":1316166.7635985475,"min":1004364.8666650137,"max":1669465.4714976067},"compound_dmg":{"sum":2829740983.0447717,"count":686,"mean":4124986.855750396,"min":3293802.4209893458,"max":4978004.299548201},"timeline_dmg":{"mean":13886.01273095595,"mean_std_dev":6802.017771449264,"min":2046.7941252389576,"max":45609.36296761237,