{"results":[["Trait","325","340","355","370","385"],["Laser Matrix",334,541,806,1138,1452],["Archive of the Titans",408,600,874,1182,1529],["Relational Normalization Gizmo",374,565,812,1183,1537],["Synaptic Spark Capacitor",553,883,1170,1523,1972],["Gutripper",91,282,512,765,1072],["Sylvanas' Resolve / Anduin's Dedication",348,632,812,1201,1573],["Swirling Sands",623,886,1171,1497,1845],["Tradewinds",532,740,1032,1354,1668],["Ricocheting Inflatable Pyrosaw",222,565,746,1077,1445],["Heed My Call",154,404,623,922,1202],["Barrage Of Many Bombs",525,709,1074,1410,1862],["Fan of Blades",279,519,698,1067,1416],["Twist the Knife",117,357,630,915,1249],["Meticulous Scheming",301,449,738,1016,1323],["Poisoned Wire",-37,146,352,620,851],["Tidal Surge",229,412,744,1075,1300],["Collective Will / Stand As One",88,303,543,797,1116],["Combined Might / Stronger Together",83,221,504,717,1042],["Battlefield Focus / Battlefield Precision",9,203,348,696,940],["Retaliatory Fury / Last Gift",231,426,701,930,1311],["Glory in Battle / Liberator's Might",302,541,818,1085,1442],["Blood Rite",246,443,671,953,1281],["Incite the Pack",473,787,967,1274,1601],["Unstable Flames",190,411,616,937,1219],["Unstable Catalyst",425,657,967,1292,1681],["Azerite Globules",185,379,669,965,1299],["Dagger in the Back",304,523,816,1148,1483],["Scent of Blood",689,1084,1388,1776,2224],["Earthlink",88,319,547,832,1206],["Rezan's Fury",247,517,773,1037,1394],["Double Dose",-36,152,377,668,873],["Secrets of the Deep",350,651,930,1149,1581],["Blood Siphon",156,341,584,840,1136],["Ruinous Bolt",125,309,592,842,1148],["Sharpened Blades",18,257,572,924,1293],["Overwhelming Power",163,392,573,879,1160],["Thunderous Blast",319,553,892,1201,1582],["Shrouded Suffocation",487,801,1141,1474,1923],["Champion of Azeroth",605,820,1169,1429,1769],["Filthy Transfusion",242,408,611,964,1305],["Blightborne Infusion",724,975,1268,1563,2006],["Elemental Whirl",204,380,590,863,1116]],"metas":{"build_date":"Aug 28 2018","build_time":"07:33:45","git_revision":"0be56b9506","options":{"debug":false,"max_time":300.0,"expected_iteration_time":280.14300000000003,"vary_combat_length":0.2,"iterations":544,"target_error":0.2,"threads":32,"seed":5905626684160816815,"single_actor_batch":false,"queue_lag":0.005,"queue_lag_stddev":0.001,"gcd_lag":0.15,"gcd_lag_stddev":0.037,"channel_lag":0.25,"channel_lag_stddev":0.062,"queue_gcd_reduction":0.1,"strict_gcd_queue":0,"confidence":0.95,"confidence_estimator":1.9599639854089754,"world_lag":0.1,"world_lag_stddev":0.01,"travel_variance":0.0,"default_skill":1.0,"reaction_time":0.5,"regen_periodicity":0.25,"ignite_sampling_delta":0.2,"fixed_time":true,"optimize_expressions":true,"optimal_raid":1,"log":0,"debug_each":0,"stat_cache":1,"max_aoe_enemies":20,"show_etmi":false,"tmi_window_global":0.0,"tmi_bin_size":0.5,"enemy_death_pct":0.0,"challenge_mode":false,"timewalk":-1,"pvp_crit":false,"rng":{"name":"sse2-sfmt"},"deterministic":0,"average_range":1,"average_gauss":0,"fight_style":"Patchwerk","default_aura_delay":0.03,"default_aura_delay_stddev":0.005,"dbc":{"Live":{"build_level":27404,"wow_version":"8.0.1"},"version_used":"Live"}},"overrides":{"arcane_intellect":1,"battle_shout":1,"power_word_fortitude":1,"chaos_brand":1,"mystic_touch":1,"mortal_wounds":1,"bleeding":1,"bloodlust":1,"bloodlust_percent":25,"bloodlust_time":0.5},"statistics":{"elapsed_cpu_seconds":16538.56047799999,"elapsed_time_seconds":17.536516,"init_time_seconds":3.252126404000002,"merge_time_seconds":0.0073445340000000015,"analyze_time_seconds":0.11041826599999997,"simulation_length":{"sum":153199.963,"count":512,"mean":299.218677734375,"min":240.10500000000002,"max":359.635,"median":297.543,"variance":1234.3360824605982,"std_dev":35.133119452456796,"mean_variance":2.410812661055856,"mean_std_dev":1.5526791880668254},"raid_dps":{"sum":12693349.791751621,"count":512,"mean":24791.698812014885},"total_dmg":{"sum":3795286715.512802,"count":512,"mean":7412669.366235942},"total_iterations":95864,"total_actors":211,"total_iterations_mean":454.33175355450237,"total_iterations_variance":409132.7772511847,"total_iterations_stddev":639.6348780759104,"total_mean_dps_stddev":26.093609573813385,"total_mean_dps_variance":680.8764605906056},"player":{"name":"Template","race":"troll","level":120,"role":"attack","specialization":"Assassination Rogue","profile_source":"default","talents":[{"tier":1,"id":22338,"spell_id":193640,"name":"Elaborate Planning"},{"tier":2,"id":22332,"spell_id":108208,"name":"Subterfuge"},{"tier":3,"id":19239,"spell_id":14983,"name":"Vigor"},{"tier":6,"id":23015,"spell_id":245388,"name":"Toxic Blade"},{"tier":7,"id":21186,"spell_id":255544,"name":"Poison Bomb"}],"party":0,"ready_type":1,"bugs":true,"scale_player":true,"potion_used":false,"timeofday":"DAY_TIME","invert_scaling":0,"reaction_offset":0.1,"reaction_max":1.4000000000000001,"reaction_mean":0.3,"reaction_stddev":0.06,"reaction_nu":0.25,"world_lag":0.1,"brain_lag":0.0,"brain_lag_stddev":0.0,"world_lag_override":false,"world_lag_stddev_override":false,"dbc":{"Live":{"build_level":27404,"wow_version":"8.0.1"},"version_used":"Live"},"base_energy_regen_per_second":11.0,"collected_data":{"fight_length":{"sum":153199.96299999993,"count":512,"mean":299.21867773437486,"min":240.10500000000002,"max":359.635},"executed_foreground_actions":{"sum":158388.0,"count":512,"mean":309.3515625,"min":248.0,"max":371.0},"dmg":{"sum":3795286715.512802,"count":512,"mean":7412669.366235942,"min":5791896.946731333,"max":9422337.692552097},"compound_dmg":{"sum":3795286715.512802,"count":512,"mean":7412669.366235942,"min":5791896.946731333,"max":9422337.692552097},"timeline_dmg":{"mean":25832.43323524409,"mean_std_dev":5660.029434461761,"min":3511.634242703181,"max":50714.804156766135,