{"results":[["Trait","325","340","355","370","385"],["Laser Matrix",352,505,663,846,1082],["Archive of the Titans",195,343,472,637,828],["Relational Normalization Gizmo",265,376,542,673,858],["Synaptic Spark Capacitor",221,340,468,639,845],["Gutripper",102,245,362,524,678],["Sylvanas' Resolve / Anduin's Dedication",202,342,475,651,863],["Swirling Sands",251,367,513,668,840],["Tradewinds",243,333,460,649,805],["Ricocheting Inflatable Pyrosaw",122,231,337,517,695],["Heed My Call",131,228,395,529,701],["Barrage Of Many Bombs",209,288,451,602,806],["Fan of Blades",-8,117,233,355,462],["Twist the Knife",189,323,449,626,807],["Meticulous Scheming",182,310,414,557,743],["Poisoned Wire",122,248,363,494,669],["Tidal Surge",283,407,578,755,969],["Collective Will / Stand As One",86,201,317,459,622],["Combined Might / Stronger Together",69,158,268,428,576],["Battlefield Focus / Battlefield Precision",292,441,592,790,993],["Retaliatory Fury / Last Gift",121,235,365,506,660],["Glory in Battle / Liberator's Might",172,288,419,551,711],["Blood Rite",210,295,424,570,731],["Incite the Pack",220,346,461,626,792],["Unstable Flames",86,208,308,456,613],["Unstable Catalyst",246,389,533,717,909],["Azerite Globules",78,212,329,458,640],["Dagger in the Back",337,490,628,819,1074],["Scent of Blood",146,276,398,551,726],["Earthlink",100,207,314,496,622],["Rezan's Fury",269,413,590,750,962],["Double Dose",292,439,610,788,989],["Secrets of the Deep",219,368,505,676,852],["Blood Siphon",95,201,309,441,615],["Ruinous Bolt",170,284,442,594,774],["Sharpened Blades",263,421,614,807,1060],["Overwhelming Power",139,237,349,510,665],["Thunderous Blast",379,535,703,912,1153],["Shrouded Suffocation",303,458,612,788,1001],["Champion of Azeroth",288,419,541,696,871],["Filthy Transfusion",255,359,523,697,901],["Blightborne Infusion",294,411,535,680,875],["Elemental Whirl",96,228,325,455,626]],"metas":{"build_date":"Aug 28 2018","build_time":"07:33:45","git_revision":"0be56b9506","options":{"debug":false,"max_time":300.0,"expected_iteration_time":275.28000000000003,"vary_combat_length":0.2,"iterations":732,"target_error":0.2,"threads":32,"seed":9389214030468539915,"single_actor_batch":false,"queue_lag":0.005,"queue_lag_stddev":0.001,"gcd_lag":0.15,"gcd_lag_stddev":0.037,"channel_lag":0.25,"channel_lag_stddev":0.062,"queue_gcd_reduction":0.1,"strict_gcd_queue":0,"confidence":0.95,"confidence_estimator":1.9599639854089754,"world_lag":0.1,"world_lag_stddev":0.01,"travel_variance":0.0,"default_skill":1.0,"reaction_time":0.5,"regen_periodicity":0.25,"ignite_sampling_delta":0.2,"fixed_time":true,"optimize_expressions":true,"optimal_raid":1,"log":0,"debug_each":0,"stat_cache":1,"max_aoe_enemies":20,"show_etmi":false,"tmi_window_global":0.0,"tmi_bin_size":0.5,"enemy_death_pct":0.0,"challenge_mode":false,"timewalk":-1,"pvp_crit":false,"rng":{"name":"sse2-sfmt"},"deterministic":0,"average_range":1,"average_gauss":0,"fight_style":"Patchwerk","default_aura_delay":0.03,"default_aura_delay_stddev":0.005,"dbc":{"Live":{"build_level":27404,"wow_version":"8.0.1"},"version_used":"Live"}},"overrides":{"arcane_intellect":1,"battle_shout":1,"power_word_fortitude":1,"chaos_brand":1,"mystic_touch":1,"mortal_wounds":1,"bleeding":1,"bloodlust":1,"bloodlust_percent":25,"bloodlust_time":0.5},"statistics":{"elapsed_cpu_seconds":18756.857088999997,"elapsed_time_seconds":19.834512999999998,"init_time_seconds":3.1724216720000014,"merge_time_seconds":0.005618204000000001,"analyze_time_seconds":0.13145713,"simulation_length":{"sum":209948.88700000005,"count":700,"mean":299.9269814285715,"min":240.198,"max":359.753,"median":299.17,"variance":1188.4136179782265,"std_dev":34.473375494404756,"mean_variance":1.697733739968895,"mean_std_dev":1.3029711201591903},"raid_dps":{"sum":7031191.28985054,"count":700,"mean":10044.558985500773},"total_dmg":{"sum":2105053733.7637718,"count":700,"mean":3007219.619662531},"total_iterations":142642,"total_actors":211,"total_iterations_mean":676.0284360189573,"total_iterations_variance":509757.8293838864,"total_iterations_stddev":713.9732693763026,"total_mean_dps_stddev":10.728823960062453,"total_mean_dps_variance":115.10766356601017},"player":{"name":"Template","race":"human","level":120,"role":"attack","specialization":"Assassination Rogue","profile_source":"default","talents":[{"tier":1,"id":22338,"spell_id":193640,"name":"Elaborate Planning"},{"tier":2,"id":22332,"spell_id":108208,"name":"Subterfuge"},{"tier":3,"id":19239,"spell_id":14983,"name":"Vigor"},{"tier":6,"id":22344,"spell_id":200806,"name":"Exsanguinate"},{"tier":7,"id":21186,"spell_id":255544,"name":"Poison Bomb"}],"party":0,"ready_type":1,"bugs":true,"scale_player":true,"potion_used":false,"timeofday":"DAY_TIME","invert_scaling":0,"reaction_offset":0.1,"reaction_max":1.4000000000000001,"reaction_mean":0.3,"reaction_stddev":0.06,"reaction_nu":0.25,"world_lag":0.1,"brain_lag":0.0,"brain_lag_stddev":0.0,"world_lag_override":false,"world_lag_stddev_override":false,"dbc":{"Live":{"build_level":27404,"wow_version":"8.0.1"},"version_used":"Live"},"base_energy_regen_per_second":11.0,"collected_data":{"fight_length":{"sum":209948.88700000002,"count":700,"mean":299.9269814285715,"min":240.198,"max":359.753},"waiting_time":{"sum":56109.00600000001,"count":700,"mean":80.15572285714286,"min":62.412,"max":102.44},"executed_foreground_actions":{"sum":137736.0,"count":700,"mean":196.7657142857143,"min":156.0,"max":234.0},"dmg":{"sum":2105053733.7637718,"count":700,"mean":3007219.619662531,"min":2339528.107533022,"max":3645713.0895550684},"compound_dmg":{"sum":2105053733.7637718,"count":700,"mean":3007219.619662531,"min":2339528.107533022,"max":3645713.0895550684},"timeline_dmg":{"mean":10116.884891883221,"mean_std_dev":4659.860679387503,"min":1992.516985976462,"max":33775.21285598855,