{"results":[["Trait","325","340","355","370","385"],["Thunderous Blast",365,491,657,836,1071],["Azerite Globules",83,179,291,425,550],["Tidal Surge",289,409,594,774,937],["Secrets of the Deep",164,304,431,580,731],["Gutripper",95,194,345,437,634],["Unstable Flames",126,194,290,404,544],["Blood Rite",205,322,409,562,719],["Heed My Call",144,228,322,491,656],["Filthy Transfusion",223,345,472,611,814],["Relational Normalization Gizmo",243,376,485,625,804],["Synaptic Spark Capacitor",232,361,489,645,849],["Flames of Alacrity",203,295,413,556,724],["Sylvanas' Resolve / Anduin's Dedication",204,293,437,565,736],["Swirling Sands",295,398,527,698,810],["Meticulous Scheming",222,301,434,575,724],["Ricocheting Inflatable Pyrosaw",112,209,338,447,608],["Laser Matrix",346,470,641,815,1018],["Tradewinds",238,336,453,577,746],["Collective Will / Stand As One",65,150,266,410,546],["Barrage Of Many Bombs",192,308,397,556,748],["Preheat",0,125,218,372,547],["Blood Siphon",74,219,297,402,533],["Firemind",165,299,449,589,745],["Incite the Pack",183,311,431,566,702],["Combined Might / Stronger Together",44,177,263,372,497],["Blaster Master",273,367,521,656,809],["Duplicative Incineration",615,742,922,1089,1317],["Battlefield Focus / Battlefield Precision",41,125,243,364,490],["Blightborne Infusion",308,444,582,699,857],["Trailing Embers",117,199,305,465,594],["Retaliatory Fury / Last Gift",119,232,339,456,584],["Glory in Battle / Liberator's Might",193,312,404,512,696],["Ruinous Bolt",169,301,449,578,764],["Overwhelming Power",148,251,349,442,617],["Unstable Catalyst",232,317,481,617,796],["Champion of Azeroth",304,431,536,696,834],["Dagger in the Back",363,526,670,828,1059],["Earthlink",107,201,308,417,560],["Rezan's Fury",281,419,546,705,932],["Elemental Whirl",110,215,299,423,546]],"metas":{"build_date":"Aug 19 2018","build_time":"01:32:03","git_revision":"08c89b7e98","options":{"debug":false,"max_time":300.0,"expected_iteration_time":255.25300000000001,"vary_combat_length":0.2,"iterations":1858,"target_error":0.2,"threads":32,"seed":6294313415565236384,"single_actor_batch":false,"queue_lag":0.005,"queue_lag_stddev":0.001,"gcd_lag":0.15,"gcd_lag_stddev":0.037,"channel_lag":0.25,"channel_lag_stddev":0.062,"queue_gcd_reduction":0.1,"strict_gcd_queue":0,"confidence":0.95,"confidence_estimator":1.9599639854089754,"world_lag":0.1,"world_lag_stddev":0.01,"travel_variance":0.0,"default_skill":1.0,"reaction_time":0.5,"regen_periodicity":0.25,"ignite_sampling_delta":0.2,"fixed_time":true,"optimize_expressions":true,"optimal_raid":1,"log":0,"debug_each":0,"stat_cache":1,"max_aoe_enemies":20,"show_etmi":false,"tmi_window_global":0.0,"tmi_bin_size":0.5,"enemy_death_pct":0.0,"challenge_mode":false,"timewalk":-1,"pvp_crit":false,"rng":{"name":"sse2-sfmt"},"deterministic":0,"average_range":1,"average_gauss":0,"fight_style":"Patchwerk","default_aura_delay":0.03,"default_aura_delay_stddev":0.005,"dbc":{"bfa-BETA":{"build_level":26095,"wow_version":"8.0.1"},"version_used":"bfa-BETA"}},"overrides":{"arcane_intellect":1,"battle_shout":1,"power_word_fortitude":1,"chaos_brand":1,"mystic_touch":1,"mortal_wounds":1,"bleeding":1,"bloodlust":1,"bloodlust_percent":25,"bloodlust_time":0.5},"statistics":{"elapsed_cpu_seconds":13945.926856999995,"elapsed_time_seconds":14.976306,"init_time_seconds":2.981744828000001,"merge_time_seconds":0.004545797,"analyze_time_seconds":0.330838417,"simulation_length":{"sum":548030.9349999999,"count":1826,"mean":300.12647042716316,"min":240.08700000000002,"max":359.995,"median":299.722,"variance":1240.1538180552593,"std_dev":35.215817725210634,"mean_variance":0.6791641938966371,"mean_std_dev":0.8241141874137571},"raid_dps":{"sum":22466197.527825493,"count":1826,"mean":12303.503574931814},"total_dmg":{"sum":6738114819.639829,"count":1826,"mean":3690095.739123674},"total_iterations":368987,"total_actors":201,"total_iterations_mean":1835.7562189054727,"total_iterations_variance":1556343.0547263683,"total_iterations_stddev":1247.534790988359,"total_mean_dps_stddev":13.007609723378161,"total_mean_dps_variance":169.1979107157221},"player":{"name":"Template","race":"dark_iron_dwarf","level":120,"role":"spell","specialization":"Fire Mage","profile_source":"default","talents":[{"tier":1,"id":22456,"spell_id":205026,"name":"Firestarter"},{"tier":3,"id":22444,"spell_id":1463,"name":"Incanter's Flow"},{"tier":4,"id":22450,"spell_id":205029,"name":"Flame On"},{"tier":6,"id":23362,"spell_id":205023,"name":"Conflagration"},{"tier":7,"id":22220,"spell_id":269650,"name":"Pyroclasm"}],"party":0,"ready_type":0,"bugs":true,"scale_player":true,"potion_used":false,"timeofday":"DAY_TIME","invert_scaling":0,"reaction_offset":0.1,"reaction_max":1.4000000000000001,"reaction_mean":0.3,"reaction_stddev":0.06,"reaction_nu":0.25,"world_lag":0.1,"brain_lag":0.0,"brain_lag_stddev":0.0,"world_lag_override":false,"world_lag_stddev_override":false,"dbc":{"bfa-BETA":{"build_level":26095,"wow_version":"8.0.1"},"version_used":"bfa-BETA"},"base_mana_regen_per_second":2000.0,"collected_data":{"fight_length":{"sum":548030.9350000002,"count":1826,"mean":300.12647042716327,"min":240.08700000000002,"max":359.995},"executed_foreground_actions":{"sum":385917.0,"count":1826,"mean":211.34556407447974,"min":162.0,"max":257.0},"dmg":{"sum":6738114819.639829,"count":1826,"mean":3690095.739123674,"min":2703544.228936371,"max":4854873.169573293},"compound_dmg":{"sum":6738114819.639829,"count":1826,"mean":3690095.739123674,"min":2703544.228936371,"max":4854873.169573293},"timeline_dmg":{"mean":12079.287328533117,"mean_std_dev":6611.980662540581,"min":504.17717004308344,"max":49572.889664610295,