{"results":[["Trait","325","340","355","370","385"],["Laser Matrix",362,534,748,981,1213],["Archive of the Titans",261,427,627,783,1022],["Relational Normalization Gizmo",341,483,685,891,1148],["Synaptic Spark Capacitor",561,722,998,1255,1554],["Swirling Sands",351,529,678,898,1131],["Tradewinds",311,466,620,827,1091],["Ricocheting Inflatable Pyrosaw",341,526,705,931,1214],["Heed My Call",189,371,516,754,992],["Reckless Flurry",351,540,738,973,1256],["Barrage Of Many Bombs",542,745,971,1267,1540],["Tidal Surge",247,390,572,790,1067],["Collective Will / Stand As One",143,256,384,589,802],["Combined Might / Stronger Together",85,208,342,528,740],["Sylvanas' Resolve / Anduin's Dedication",262,433,592,814,1086],["Trample the Weak",284,441,638,854,1121],["Battlefield Focus / Battlefield Precision",115,232,427,609,834],["Gutripper",121,263,413,601,828],["Retaliatory Fury / Last Gift",184,340,465,697,870],["Glory in Battle / Liberator's Might",257,386,558,749,975],["Simmering Rage",468,633,804,985,1231],["Meticulous Scheming",361,524,688,893,1105],["Infinite Fury",286,463,645,825,1014],["Blood Rite",283,492,577,781,1019],["Unstable Flames",139,295,402,578,812],["Incite the Pack",275,453,613,845,1024],["Unstable Catalyst",307,506,688,894,1187],["Azerite Globules",225,400,613,781,1050],["Bloodcraze",278,390,594,776,1003],["Gathering Storm",13,127,259,414,623],["Earthlink",129,248,419,635,812],["Dagger in the Back",314,463,673,871,1098],["Secrets of the Deep",286,459,619,849,1116],["Blood Siphon",126,257,382,583,795],["Ruinous Bolt",150,298,475,658,873],["Pulverizing Blows",343,490,693,914,1158],["Thunderous Blast",410,591,787,1047,1337],["Champion of Azeroth",478,593,775,971,1258],["Overwhelming Power",114,293,431,586,828],["Filthy Transfusion",295,460,609,836,1103],["Elemental Whirl",153,276,429,604,798],["Lifespeed",174,286,439,623,798],["Blightborne Infusion",397,584,735,952,1189],["Rezan's Fury",290,473,651,885,1128]],"metas":{"build_date":"Aug 26 2018","build_time":"00:47:51","git_revision":"91e454c877","options":{"debug":false,"max_time":300.0,"expected_iteration_time":344.78700000000003,"vary_combat_length":0.2,"iterations":663,"target_error":0.2,"threads":32,"seed":5207995529194242387,"single_actor_batch":false,"queue_lag":0.005,"queue_lag_stddev":0.001,"gcd_lag":0.15,"gcd_lag_stddev":0.037,"channel_lag":0.25,"channel_lag_stddev":0.062,"queue_gcd_reduction":0.1,"strict_gcd_queue":0,"confidence":0.95,"confidence_estimator":1.9599639854089754,"world_lag":0.1,"world_lag_stddev":0.01,"travel_variance":0.0,"default_skill":1.0,"reaction_time":0.5,"regen_periodicity":0.25,"ignite_sampling_delta":0.2,"fixed_time":true,"optimize_expressions":true,"optimal_raid":1,"log":0,"debug_each":0,"stat_cache":1,"max_aoe_enemies":20,"show_etmi":false,"tmi_window_global":0.0,"tmi_bin_size":0.5,"enemy_death_pct":0.0,"challenge_mode":false,"timewalk":-1,"pvp_crit":false,"rng":{"name":"sse2-sfmt"},"deterministic":0,"average_range":1,"average_gauss":0,"fight_style":"Patchwerk","default_aura_delay":0.03,"default_aura_delay_stddev":0.005,"dbc":{"Live":{"build_level":27404,"wow_version":"8.0.1"},"version_used":"Live"}},"overrides":{"arcane_intellect":1,"battle_shout":1,"power_word_fortitude":1,"chaos_brand":1,"mystic_touch":1,"mortal_wounds":1,"bleeding":1,"bloodlust":1,"bloodlust_percent":25,"bloodlust_time":0.5},"statistics":{"elapsed_cpu_seconds":13100.626511,"elapsed_time_seconds":13.854605999999999,"init_time_seconds":2.6541374650000016,"merge_time_seconds":0.006395140000000001,"analyze_time_seconds":0.13195430300000008,"simulation_length":{"sum":188583.01599999995,"count":631,"mean":298.86373375594286,"min":240.24800000000002,"max":359.81,"median":301.159,"variance":1202.123664835612,"std_dev":34.67165506340319,"mean_variance":1.90510881907387,"mean_std_dev":1.3802567946124626},"raid_dps":{"sum":9225394.500105461,"count":631,"mean":14620.276545333536},"total_dmg":{"sum":2754485481.874481,"count":631,"mean":4365270.177297117},"total_iterations":120757,"total_actors":216,"total_iterations_mean":559.0601851851852,"total_iterations_variance":542124.2175925924,"total_iterations_stddev":736.2908512215756,"total_mean_dps_stddev":15.54086614428447,"total_mean_dps_variance":241.51852051456726},"player":{"name":"Template","race":"human","level":120,"role":"attack","specialization":"Fury Warrior","profile_source":"default","talents":[{"tier":1,"id":22633,"spell_id":202296,"name":"Endless Rage"},{"tier":2,"id":19676,"spell_id":103827,"name":"Double Time"},{"tier":3,"id":22381,"spell_id":280721,"name":"Sudden Death"},{"tier":4,"id":22627,"spell_id":202163,"name":"Bounding Stride"},{"tier":5,"id":22383,"spell_id":202922,"name":"Carnage"},{"tier":6,"id":22398,"spell_id":118000,"name":"Dragon Roar"},{"tier":7,"id":16037,"spell_id":280772,"name":"Siegebreaker"}],"party":0,"ready_type":0,"bugs":true,"scale_player":true,"potion_used":false,"timeofday":"DAY_TIME","invert_scaling":0,"reaction_offset":0.1,"reaction_max":1.4000000000000001,"reaction_mean":0.3,"reaction_stddev":0.06,"reaction_nu":0.25,"world_lag":0.1,"brain_lag":0.0,"brain_lag_stddev":0.0,"world_lag_override":false,"world_lag_stddev_override":false,"dbc":{"Live":{"build_level":27404,"wow_version":"8.0.1"},"version_used":"Live"},"collected_data":{"fight_length":{"sum":188583.016,"count":631,"mean":298.863733755943,"min":240.24800000000002,"max":359.81},"executed_foreground_actions":{"sum":198147.0,"count":631,"mean":314.0206022187005,"min":250.0,"max":379.0},"dmg":{"sum":2754485481.874481,"count":631,"mean":4365270.177297117,"min":3458031.855999735,"max":5338619.7333489945},"compound_dmg":{"sum":2754485481.874481,"count":631,"mean":4365270.177297117,"min":3458031.855999735,"max":5338619.7333489945},"timeline_dmg":{"mean":15098.00303963761,"mean_std_dev":3794.1953031405756,"min":1499.0982170100417,"max":39601.15909005898,