{"results":[["Trait","325","340","355","370","385"],["Laser Matrix",315,476,647,847,1056],["Archive of the Titans",200,333,468,642,840],["Relational Normalization Gizmo",227,359,528,690,878],["Synaptic Spark Capacitor",187,329,461,676,838],["Sylvanas' Resolve / Anduin's Dedication",205,346,473,665,830],["Gutripper",74,227,343,474,671],["Swirling Sands",289,418,543,720,924],["Tradewinds",214,332,485,636,790],["Ricocheting Inflatable Pyrosaw",82,223,352,475,691],["Heed My Call",104,221,340,490,693],["Barrage Of Many Bombs",152,269,411,578,814],["Snake Eyes",155,301,420,606,770],["Tidal Surge",252,393,552,769,954],["Collective Will / Stand As One",86,166,282,449,646],["Combined Might / Stronger Together",58,168,269,405,581],["Battlefield Focus / Battlefield Precision",275,408,588,711,964],["Retaliatory Fury / Last Gift",162,238,360,514,656],["Glory in Battle / Liberator's Might",178,290,441,589,742],["Blood Rite",186,291,470,598,763],["Unstable Flames",118,198,307,480,642],["Meticulous Scheming",251,353,511,641,816],["Incite the Pack",186,334,438,617,775],["Unstable Catalyst",232,379,515,719,897],["Deadshot",270,399,570,767,1031],["Azerite Globules",62,169,316,446,649],["Storm of Steel",243,405,592,706,964],["Earthlink",66,198,309,476,666],["Dagger in the Back",315,413,624,830,1034],["Secrets of the Deep",194,344,483,665,855],["Blood Siphon",81,162,295,425,612],["Brigand's Blitz",187,318,439,593,786],["Ruinous Bolt",147,292,419,568,792],["Blightborne Infusion",319,469,619,770,957],["Overwhelming Power",49,181,307,439,588],["Rezan's Fury",247,406,555,743,950],["Paradise Lost",316,446,605,788,1004],["Thunderous Blast",339,519,680,860,1130],["Champion of Azeroth",357,474,592,805,985],["Filthy Transfusion",189,352,475,665,882],["Ace Up Your Sleeve",15,136,235,368,574],["Elemental Whirl",109,210,336,500,660]],"metas":{"build_date":"Aug 28 2018","build_time":"07:33:45","git_revision":"0be56b9506","options":{"debug":false,"max_time":300.0,"expected_iteration_time":302.67900000000003,"vary_combat_length":0.2,"iterations":1289,"target_error":0.2,"threads":32,"seed":17177037298999558443,"single_actor_batch":false,"queue_lag":0.005,"queue_lag_stddev":0.001,"gcd_lag":0.15,"gcd_lag_stddev":0.037,"channel_lag":0.25,"channel_lag_stddev":0.062,"queue_gcd_reduction":0.1,"strict_gcd_queue":0,"confidence":0.95,"confidence_estimator":1.9599639854089754,"world_lag":0.1,"world_lag_stddev":0.01,"travel_variance":0.0,"default_skill":1.0,"reaction_time":0.5,"regen_periodicity":0.25,"ignite_sampling_delta":0.2,"fixed_time":true,"optimize_expressions":true,"optimal_raid":1,"log":0,"debug_each":0,"stat_cache":1,"max_aoe_enemies":20,"show_etmi":false,"tmi_window_global":0.0,"tmi_bin_size":0.5,"enemy_death_pct":0.0,"challenge_mode":false,"timewalk":-1,"pvp_crit":false,"rng":{"name":"sse2-sfmt"},"deterministic":0,"average_range":1,"average_gauss":0,"fight_style":"Patchwerk","default_aura_delay":0.03,"default_aura_delay_stddev":0.005,"dbc":{"Live":{"build_level":27404,"wow_version":"8.0.1"},"version_used":"Live"}},"overrides":{"arcane_intellect":1,"battle_shout":1,"power_word_fortitude":1,"chaos_brand":1,"mystic_touch":1,"mortal_wounds":1,"bleeding":1,"bloodlust":1,"bloodlust_percent":25,"bloodlust_time":0.5},"statistics":{"elapsed_cpu_seconds":15284.959906999988,"elapsed_time_seconds":16.228371,"init_time_seconds":2.4192957479999992,"merge_time_seconds":0.0051090630000000005,"analyze_time_seconds":0.22230303600000006,"simulation_length":{"sum":379767.117,"count":1257,"mean":302.12181145584725,"min":240.025,"max":359.952,"median":303.712,"variance":1176.800772908763,"std_dev":34.304529918201226,"mean_variance":0.9361979100308377,"mean_std_dev":0.9675732065486506},"raid_dps":{"sum":17106410.777380418,"count":1257,"mean":13608.91867731139},"total_dmg":{"sum":5164780125.452141,"count":1257,"mean":4108814.7378298654},"total_iterations":246682,"total_actors":206,"total_iterations_mean":1197.485436893204,"total_iterations_variance":811077.4563106796,"total_iterations_stddev":900.5983879125477,"total_mean_dps_stddev":14.36627368763606,"total_mean_dps_variance":206.38981966806418},"player":{"name":"Template","race":"dwarf","level":120,"role":"attack","specialization":"Outlaw Rogue","profile_source":"default","talents":[{"tier":1,"id":22119,"spell_id":196938,"name":"Quick Draw"},{"tier":2,"id":19238,"spell_id":196922,"name":"Hit and Run"},{"tier":3,"id":19239,"spell_id":14983,"name":"Vigor"},{"tier":6,"id":19250,"spell_id":5171,"name":"Slice and Dice"},{"tier":7,"id":23075,"spell_id":271877,"name":"Blade Rush"}],"party":0,"ready_type":1,"bugs":true,"scale_player":true,"potion_used":false,"timeofday":"DAY_TIME","invert_scaling":0,"reaction_offset":0.1,"reaction_max":1.4000000000000001,"reaction_mean":0.3,"reaction_stddev":0.06,"reaction_nu":0.25,"world_lag":0.1,"brain_lag":0.0,"brain_lag_stddev":0.0,"world_lag_override":false,"world_lag_stddev_override":false,"dbc":{"Live":{"build_level":27404,"wow_version":"8.0.1"},"version_used":"Live"},"base_energy_regen_per_second":14.85,"collected_data":{"fight_length":{"sum":379767.11700000014,"count":1257,"mean":302.12181145584736,"min":240.025,"max":359.952},"waiting_time":{"sum":29779.844,"count":1257,"mean":23.69120445505171,"min":10.923,"max":38.822},"executed_foreground_actions":{"sum":360637.0,"count":1257,"mean":286.90294351630865,"min":223.0,"max":350.0},"dmg":{"sum":5164780125.452141,"count":1257,"mean":4108814.7378298654,"min":3084200.853496343,"max":5167602.327094158},"compound_dmg":{"sum":5164780125.452141,"count":1257,"mean":4108814.7378298654,"min":3084200.853496343,"max":5167602.327094158},"timeline_dmg":{"mean":13767.268996976536,"mean_std_dev":2658.410697849073,"min":6402.230471913009,"max":29785.827997853707,