{"results":[["Trait","325","340","355","370","385"],["Thunderous Blast",320,517,700,1003,1299],["Tidal Surge",230,433,629,877,1146],["Azerite Globules",122,311,492,730,977],["Secrets of the Deep",307,500,697,935,1241],["Gutripper",115,278,442,656,886],["Unstable Flames",164,298,503,692,915],["Blood Rite",330,527,687,940,1129],["Heed My Call",135,337,484,711,998],["Filthy Transfusion",196,364,550,784,1059],["Relational Normalization Gizmo",406,569,810,1018,1333],["Synaptic Spark Capacitor",500,686,948,1219,1650],["Sylvanas' Resolve / Anduin's Dedication",334,478,706,955,1227],["Feeding Frenzy",429,574,752,966,1196],["Swirling Sands",405,625,795,1071,1318],["Meticulous Scheming",48,240,406,630,828],["Ricocheting Inflatable Pyrosaw",178,379,560,801,1096],["Laser Matrix",289,477,709,968,1238],["Tradewinds",409,602,781,1022,1290],["Collective Will / Stand As One",71,267,417,637,853],["Barrage Of Many Bombs",340,589,789,1043,1344],["Serrated Jaws",106,306,484,743,968],["Primal Instincts",687,915,1090,1357,1596],["Overwhelming Power",242,402,580,798,1020],["Unstable Catalyst",347,577,758,1019,1321],["Rapid Reload",129,287,454,723,974],["Pack Alpha",-14,134,299,484,683],["Dance of Death",187,367,556,795,1061],["Haze of Rage",336,481,761,984,1311],["Dagger in the Back",318,510,733,984,1275],["Incite the Pack",393,536,782,945,1226],["Combined Might / Stronger Together",52,233,413,607,830],["Battlefield Focus / Battlefield Precision",51,149,315,538,754],["Retaliatory Fury / Last Gift",181,394,556,763,1031],["Glory in Battle / Liberator's Might",316,482,716,954,1173],["Ruinous Bolt",155,291,491,701,971],["Blood Siphon",121,302,479,665,942],["Blightborne Infusion",490,706,893,1126,1466],["Champion of Azeroth",572,713,1022,1219,1517],["Earthlink",137,286,474,681,911],["Rezan's Fury",250,400,635,828,1152],["Elemental Whirl",165,326,525,692,940]],"metas":{"build_date":"Aug 19 2018","build_time":"09:20:42","git_revision":"eba9238d5c","options":{"debug":false,"max_time":300.0,"expected_iteration_time":313.75100000000003,"vary_combat_length":0.2,"iterations":935,"target_error":0.2,"threads":32,"seed":16288442078625260042,"single_actor_batch":false,"queue_lag":0.005,"queue_lag_stddev":0.001,"gcd_lag":0.15,"gcd_lag_stddev":0.037,"channel_lag":0.25,"channel_lag_stddev":0.062,"queue_gcd_reduction":0.1,"strict_gcd_queue":0,"confidence":0.95,"confidence_estimator":1.9599639854089754,"world_lag":0.1,"world_lag_stddev":0.01,"travel_variance":0.0,"default_skill":1.0,"reaction_time":0.5,"regen_periodicity":0.25,"ignite_sampling_delta":0.2,"fixed_time":true,"optimize_expressions":true,"optimal_raid":1,"log":0,"debug_each":0,"stat_cache":1,"max_aoe_enemies":20,"show_etmi":false,"tmi_window_global":0.0,"tmi_bin_size":0.5,"enemy_death_pct":0.0,"challenge_mode":false,"timewalk":-1,"pvp_crit":false,"rng":{"name":"sse2-sfmt"},"deterministic":0,"average_range":1,"average_gauss":0,"fight_style":"Patchwerk","default_aura_delay":0.03,"default_aura_delay_stddev":0.005,"dbc":{"bfa-BETA":{"build_level":26095,"wow_version":"8.0.1"},"version_used":"bfa-BETA"}},"overrides":{"arcane_intellect":1,"battle_shout":1,"power_word_fortitude":1,"chaos_brand":1,"mystic_touch":1,"mortal_wounds":1,"bleeding":1,"bloodlust":1,"bloodlust_percent":25,"bloodlust_time":0.5},"statistics":{"elapsed_cpu_seconds":17320.641768999998,"elapsed_time_seconds":18.661444,"init_time_seconds":2.2455986080000008,"merge_time_seconds":0.006732082,"analyze_time_seconds":0.17844275200000007,"simulation_length":{"sum":270372.8579999999,"count":903,"mean":299.4162325581394,"min":240.167,"max":359.98,"median":298.922,"variance":1190.8934483866701,"std_dev":34.509324078959736,"mean_variance":1.3188188797194575,"mean_std_dev":1.1483983976475487},"raid_dps":{"sum":17226413.12412278,"count":903,"mean":19076.86946192999},"total_dmg":{"sum":5152629677.114503,"count":903,"mean":5706123.673437987},"total_iterations":182760,"total_actors":206,"total_iterations_mean":887.1844660194175,"total_iterations_variance":682180.9902912618,"total_iterations_stddev":825.9424860674391,"total_mean_dps_stddev":20.1262200826458,"total_mean_dps_variance":405.06473481509516},"player":{"name":"Template","race":"orc","level":120,"role":"attack","specialization":"Beast Mastery Hunter","profile_source":"default","talents":[{"tier":1,"id":22291,"spell_id":273887,"name":"Killer Instinct"},{"tier":2,"id":22290,"spell_id":53209,"name":"Chimaera Shot"},{"tier":4,"id":22269,"spell_id":131894,"name":"A Murder of Crows"},{"tier":6,"id":19357,"spell_id":199530,"name":"Stomp"},{"tier":7,"id":22273,"spell_id":191384,"name":"Aspect of the Beast"}],"party":0,"ready_type":0,"bugs":true,"scale_player":true,"potion_used":false,"timeofday":"DAY_TIME","invert_scaling":0,"reaction_offset":0.1,"reaction_max":1.4000000000000001,"reaction_mean":0.3,"reaction_stddev":0.06,"reaction_nu":0.25,"world_lag":0.1,"brain_lag":0.0,"brain_lag_stddev":0.0,"world_lag_override":false,"world_lag_stddev_override":false,"dbc":{"bfa-BETA":{"build_level":26095,"wow_version":"8.0.1"},"version_used":"bfa-BETA"},"base_focus_regen_per_second":10.0,"collected_data":{"fight_length":{"sum":270372.85800000007,"count":903,"mean":299.4162325581396,"min":240.167,"max":359.98},"waiting_time":{"sum":33309.49999999999,"count":903,"mean":36.887596899224796,"min":20.400000000000002,"max":56.0},"executed_foreground_actions":{"sum":198343.0,"count":903,"mean":219.64894795127353,"min":172.0,"max":264.0},"dmg":{"sum":1648157922.2018476,"count":903,"mean":1825202.5716521014,"min":1396973.1814444596,"max":2235143.262529506},"compound_dmg":{"sum":5152629677.114503,"count":903,"mean":5706123.673437987,"min":4328669.190870007,"max":7028122.301756216},"timeline_dmg":{"mean":19245.311838839996,"mean_std_dev":9382.99863903474,"min":5613.576383577532,"max":62640.49345938721,