{"results":[["Trait","325","340","355","370","385"],["Laser Matrix",336,465,634,820,1033],["Archive of the Titans",173,304,450,586,748],["Relational Normalization Gizmo",207,320,425,610,780],["Synaptic Spark Capacitor",180,284,450,603,802],["Gutripper",95,207,331,467,628],["Sylvanas' Resolve / Anduin's Dedication",201,310,465,607,793],["Swirling Sands",182,263,409,522,684],["Tradewinds",156,280,406,557,692],["Ricocheting Inflatable Pyrosaw",95,204,319,458,649],["Heed My Call",115,207,349,476,658],["Elemental Whirl",66,159,300,413,575],["Unerring Vision",107,217,296,436,606],["Arcane Flurry",71,148,262,408,566],["Tidal Surge",259,377,550,699,919],["Collective Will / Stand As One",54,182,281,409,559],["Combined Might / Stronger Together",28,112,253,379,530],["Barrage Of Many Bombs",153,283,405,583,741],["Battlefield Focus / Battlefield Precision",256,382,525,703,896],["Retaliatory Fury / Last Gift",71,179,307,446,572],["Glory in Battle / Liberator's Might",117,229,351,494,611],["Blood Rite",162,267,397,526,682],["Unstable Flames",41,155,268,395,538],["Meticulous Scheming",377,505,656,827,978],["Incite the Pack",140,264,384,525,699],["In The Rhythm",65,166,262,394,559],["Unstable Catalyst",232,343,477,643,841],["Azerite Globules",80,154,297,434,607],["Steady Aim",286,432,596,781,972],["Earthlink",74,204,289,420,581],["Focused Fire",77,190,308,460,607],["Rezan's Fury",255,383,524,710,938],["Secrets of the Deep",185,324,428,617,812],["Dagger in the Back",283,441,603,772,972],["Blood Siphon",124,222,335,478,622],["Ruinous Bolt",140,255,405,545,723],["Thunderous Blast",370,507,673,849,1075],["Rapid Reload",7,83,222,325,460],["Overwhelming Power",108,207,324,484,605],["Champion of Azeroth",211,313,467,610,753],["Filthy Transfusion",214,346,499,648,861],["Blightborne Infusion",193,313,419,554,736]],"metas":{"build_date":"Aug 26 2018","build_time":"00:47:51","git_revision":"91e454c877","options":{"debug":false,"max_time":300.0,"expected_iteration_time":291.34000000000003,"vary_combat_length":0.2,"iterations":1138,"target_error":0.2,"threads":32,"seed":8494730592336617775,"single_actor_batch":false,"queue_lag":0.005,"queue_lag_stddev":0.001,"gcd_lag":0.15,"gcd_lag_stddev":0.037,"channel_lag":0.25,"channel_lag_stddev":0.062,"queue_gcd_reduction":0.1,"strict_gcd_queue":0,"confidence":0.95,"confidence_estimator":1.9599639854089754,"world_lag":0.1,"world_lag_stddev":0.01,"travel_variance":0.0,"default_skill":1.0,"reaction_time":0.5,"regen_periodicity":0.25,"ignite_sampling_delta":0.2,"fixed_time":true,"optimize_expressions":true,"optimal_raid":1,"log":0,"debug_each":0,"stat_cache":1,"max_aoe_enemies":20,"show_etmi":false,"tmi_window_global":0.0,"tmi_bin_size":0.5,"enemy_death_pct":0.0,"challenge_mode":false,"timewalk":-1,"pvp_crit":false,"rng":{"name":"sse2-sfmt"},"deterministic":0,"average_range":1,"average_gauss":0,"fight_style":"Patchwerk","default_aura_delay":0.03,"default_aura_delay_stddev":0.005,"dbc":{"Live":{"build_level":27404,"wow_version":"8.0.1"},"version_used":"Live"}},"overrides":{"arcane_intellect":1,"battle_shout":1,"power_word_fortitude":1,"chaos_brand":1,"mystic_touch":1,"mortal_wounds":1,"bleeding":1,"bloodlust":1,"bloodlust_percent":25,"bloodlust_time":0.5},"statistics":{"elapsed_cpu_seconds":9786.825386999993,"elapsed_time_seconds":10.464094,"init_time_seconds":2.606870265999999,"merge_time_seconds":0.004746461,"analyze_time_seconds":0.1966660990000001,"simulation_length":{"sum":332945.41699999996,"count":1106,"mean":301.03563924050627,"min":240.068,"max":359.918,"median":301.051,"variance":1185.820464395169,"std_dev":34.435743993635,"mean_variance":1.0721704018039502,"mean_std_dev":1.035456615123951},"raid_dps":{"sum":11065623.154909248,"count":1106,"mean":10005.084226861887},"total_dmg":{"sum":3326051758.4010077,"count":1106,"mean":3007280.070886987},"total_iterations":214198,"total_actors":206,"total_iterations_mean":1039.7961165048544,"total_iterations_variance":804691.4368932035,"total_iterations_stddev":897.0459502685487,"total_mean_dps_stddev":10.633058947058093,"total_mean_dps_variance":113.06194257161215},"player":{"name":"Template","race":"lightforged_draenei","level":120,"role":"attack","specialization":"Marksmanship Hunter","profile_source":"default","talents":[{"tier":1,"id":22501,"spell_id":271788,"name":"Serpent Sting"},{"tier":2,"id":22495,"spell_id":260228,"name":"Careful Aim"},{"tier":4,"id":21998,"spell_id":257284,"name":"Hunter's Mark"},{"tier":6,"id":23063,"spell_id":260393,"name":"Lethal Shots"},{"tier":7,"id":22308,"spell_id":194595,"name":"Lock and Load"}],"party":0,"ready_type":0,"bugs":true,"scale_player":true,"potion_used":false,"timeofday":"DAY_TIME","invert_scaling":0,"reaction_offset":0.1,"reaction_max":1.4000000000000001,"reaction_mean":0.3,"reaction_stddev":0.06,"reaction_nu":0.25,"world_lag":0.1,"brain_lag":0.0,"brain_lag_stddev":0.0,"world_lag_override":false,"world_lag_stddev_override":false,"dbc":{"Live":{"build_level":27404,"wow_version":"8.0.1"},"version_used":"Live"},"base_focus_regen_per_second":2.999999999999999,"collected_data":{"fight_length":{"sum":332945.41699999996,"count":1106,"mean":301.03563924050627,"min":240.068,"max":359.918},"executed_foreground_actions":{"sum":245518.0,"count":1106,"mean":221.9873417721519,"min":176.0,"max":266.0},"dmg":{"sum":3009731970.06711,"count":1106,"mean":2721276.6456302986,"min":2100576.850893974,"max":3390219.8444764377},"compound_dmg":{"sum":3326051758.4010077,"count":1106,"mean":3007280.070886987,"min":2336484.510540366,"max":3715186.885428371},"timeline_dmg":{"mean":10264.679743019602,"mean_std_dev":3545.4624511282186,"min":1652.3947520960653,"max":39293.88121317158,