{"results":[["Trait","325","340","355","370","385"],["Laser Matrix",400,626,824,1059,1426],["Archive of the Titans",352,574,752,1038,1293],["Relational Normalization Gizmo",400,592,817,1041,1280],["Synaptic Spark Capacitor",643,885,1182,1506,1868],["Sylvanas' Resolve / Anduin's Dedication",381,573,831,1086,1395],["Gutripper",131,351,535,773,969],["Swirling Sands",535,689,939,1156,1453],["Tradewinds",441,579,782,1040,1314],["Ricocheting Inflatable Pyrosaw",336,574,739,1049,1400],["Heed My Call",239,409,625,864,1118],["Barrage Of Many Bombs",591,811,1066,1361,1697],["Snake Eyes",166,341,503,723,935],["Tidal Surge",329,476,781,975,1279],["Collective Will / Stand As One",139,359,560,747,1007],["Combined Might / Stronger Together",112,295,464,669,909],["Battlefield Focus / Battlefield Precision",276,510,712,958,1264],["Retaliatory Fury / Last Gift",233,439,644,841,1040],["Glory in Battle / Liberator's Might",382,527,680,947,1241],["Blood Rite",315,461,650,864,1156],["Unstable Flames",225,370,646,796,1048],["Meticulous Scheming",363,485,660,949,1182],["Incite the Pack",420,525,764,973,1256],["Unstable Catalyst",434,608,851,1147,1404],["Deadshot",317,566,834,1171,1481],["Azerite Globules",293,428,658,990,1219],["Storm of Steel",427,672,872,1200,1504],["Earthlink",176,358,561,800,1060],["Dagger in the Back",376,611,776,1066,1353],["Secrets of the Deep",351,596,808,1113,1334],["Blood Siphon",180,354,533,720,962],["Brigand's Blitz",266,456,645,829,1132],["Ruinous Bolt",217,384,558,814,1110],["Blightborne Infusion",595,772,965,1227,1554],["Overwhelming Power",205,277,526,727,928],["Rezan's Fury",338,539,737,1014,1295],["Paradise Lost",490,726,960,1255,1598],["Thunderous Blast",459,632,900,1108,1485],["Champion of Azeroth",563,717,969,1228,1472],["Filthy Transfusion",299,462,680,915,1214],["Ace Up Your Sleeve",-27,130,343,546,800],["Elemental Whirl",213,377,571,740,982]],"metas":{"build_date":"Aug 25 2018","build_time":"04:15:44","git_revision":"00223099f2","options":{"debug":false,"max_time":300.0,"expected_iteration_time":340.81100000000004,"vary_combat_length":0.2,"iterations":1186,"target_error":0.2,"threads":32,"seed":5174526497097937624,"single_actor_batch":false,"queue_lag":0.005,"queue_lag_stddev":0.001,"gcd_lag":0.15,"gcd_lag_stddev":0.037,"channel_lag":0.25,"channel_lag_stddev":0.062,"queue_gcd_reduction":0.1,"strict_gcd_queue":0,"confidence":0.95,"confidence_estimator":1.9599639854089754,"world_lag":0.1,"world_lag_stddev":0.01,"travel_variance":0.0,"default_skill":1.0,"reaction_time":0.5,"regen_periodicity":0.25,"ignite_sampling_delta":0.2,"fixed_time":true,"optimize_expressions":true,"optimal_raid":1,"log":0,"debug_each":0,"stat_cache":1,"max_aoe_enemies":20,"show_etmi":false,"tmi_window_global":0.0,"tmi_bin_size":0.5,"enemy_death_pct":0.0,"challenge_mode":false,"timewalk":-1,"pvp_crit":false,"rng":{"name":"sse2-sfmt"},"deterministic":0,"average_range":1,"average_gauss":0,"fight_style":"Patchwerk","default_aura_delay":0.03,"default_aura_delay_stddev":0.005,"dbc":{"Live":{"build_level":27404,"wow_version":"8.0.1"},"version_used":"Live"}},"overrides":{"arcane_intellect":1,"battle_shout":1,"power_word_fortitude":1,"chaos_brand":1,"mystic_touch":1,"mortal_wounds":1,"bleeding":1,"bloodlust":1,"bloodlust_percent":25,"bloodlust_time":0.5},"statistics":{"elapsed_cpu_seconds":17479.62688199999,"elapsed_time_seconds":18.62557,"init_time_seconds":2.45623582,"merge_time_seconds":0.0067697040000000005,"analyze_time_seconds":0.241635915,"simulation_length":{"sum":347668.291,"count":1154,"mean":301.272349220104,"min":240.31300000000002,"max":359.981,"median":300.526,"variance":1186.1000783936433,"std_dev":34.439803692728034,"mean_variance":1.0278163590932785,"mean_std_dev":1.0138127830587256},"raid_dps":{"sum":23421593.612846196,"count":1154,"mean":20296.0083300227},"total_dmg":{"sum":7048044923.529813,"count":1154,"mean":6107491.268223408},"total_iterations":227333,"total_actors":206,"total_iterations_mean":1103.5582524271845,"total_iterations_variance":842170.8009708736,"total_iterations_stddev":917.6986438754683,"total_mean_dps_stddev":21.47236211272892,"total_mean_dps_variance":461.0623347001564},"player":{"name":"Template","race":"dwarf","level":120,"role":"attack","specialization":"Outlaw Rogue","profile_source":"default","talents":[{"tier":1,"id":22119,"spell_id":196938,"name":"Quick Draw"},{"tier":2,"id":19238,"spell_id":196922,"name":"Hit and Run"},{"tier":3,"id":19239,"spell_id":14983,"name":"Vigor"},{"tier":6,"id":19250,"spell_id":5171,"name":"Slice and Dice"},{"tier":7,"id":23075,"spell_id":271877,"name":"Blade Rush"}],"party":0,"ready_type":1,"bugs":true,"scale_player":true,"potion_used":false,"timeofday":"DAY_TIME","invert_scaling":0,"reaction_offset":0.1,"reaction_max":1.4000000000000001,"reaction_mean":0.3,"reaction_stddev":0.06,"reaction_nu":0.25,"world_lag":0.1,"brain_lag":0.0,"brain_lag_stddev":0.0,"world_lag_override":false,"world_lag_stddev_override":false,"dbc":{"Live":{"build_level":27404,"wow_version":"8.0.1"},"version_used":"Live"},"base_energy_regen_per_second":14.85,"collected_data":{"fight_length":{"sum":347668.2909999999,"count":1154,"mean":301.27234922010393,"min":240.31300000000002,"max":359.981},"waiting_time":{"sum":22175.599,"count":1154,"mean":19.21629029462738,"min":9.895,"max":30.404},"executed_foreground_actions":{"sum":336501.0,"count":1154,"mean":291.5953206239168,"min":229.0,"max":357.0},"dmg":{"sum":7048044923.529813,"count":1154,"mean":6107491.268223408,"min":4671317.514855895,"max":7562809.773775727},"compound_dmg":{"sum":7048044923.529813,"count":1154,"mean":6107491.268223408,"min":4671317.514855895,"max":7562809.773775727},"timeline_dmg":{"mean":20512.459421827167,"mean_std_dev":10323.994949157375,"min":6060.810420455569,"max":57183.10084008205,