{"results":[["Trait","325","340","355","370","385"],["Laser Matrix",343,526,789,1076,1365],["Archive of the Titans",335,514,759,988,1316],["Relational Normalization Gizmo",406,564,783,1019,1293],["Synaptic Spark Capacitor",633,848,1158,1438,1838],["Sylvanas' Resolve / Anduin's Dedication",345,534,757,1029,1328],["Gutripper",130,315,505,711,964],["Swirling Sands",444,653,914,1168,1447],["Tradewinds",392,587,785,1035,1341],["Ricocheting Inflatable Pyrosaw",337,507,750,1034,1295],["Heed My Call",172,389,561,832,1092],["Barrage Of Many Bombs",529,786,995,1297,1641],["Snake Eyes",271,460,684,937,1267],["Tidal Surge",276,452,677,967,1255],["Collective Will / Stand As One",130,294,462,711,994],["Combined Might / Stronger Together",76,263,433,620,931],["Battlefield Focus / Battlefield Precision",268,460,721,904,1221],["Retaliatory Fury / Last Gift",201,400,609,812,1054],["Glory in Battle / Liberator's Might",313,477,667,878,1166],["Blood Rite",274,453,657,887,1155],["Unstable Flames",187,329,539,731,1045],["Meticulous Scheming",327,493,712,974,1209],["Incite the Pack",376,529,757,973,1242],["Unstable Catalyst",398,622,837,1088,1438],["Deadshot",330,565,818,1112,1495],["Azerite Globules",239,412,664,872,1125],["Storm of Steel",351,619,862,1123,1481],["Earthlink",165,323,541,723,1052],["Dagger in the Back",337,557,746,1015,1331],["Secrets of the Deep",327,537,798,1047,1376],["Blood Siphon",134,297,497,730,988],["Brigand's Blitz",250,415,598,845,1116],["Ruinous Bolt",195,375,594,784,1069],["Blightborne Infusion",552,724,935,1224,1507],["Overwhelming Power",110,258,490,703,971],["Rezan's Fury",323,462,722,960,1273],["Paradise Lost",521,707,930,1248,1585],["Thunderous Blast",342,598,833,1100,1412],["Champion of Azeroth",548,711,951,1226,1458],["Filthy Transfusion",247,386,648,911,1151],["Ace Up Your Sleeve",-14,145,352,563,785],["Elemental Whirl",177,359,529,735,986]],"metas":{"build_date":"Aug 26 2018","build_time":"17:25:12","git_revision":"82a50ef53a","options":{"debug":false,"max_time":300.0,"expected_iteration_time":307.47700000000003,"vary_combat_length":0.2,"iterations":1212,"target_error":0.2,"threads":32,"seed":17510067443430297486,"single_actor_batch":false,"queue_lag":0.005,"queue_lag_stddev":0.001,"gcd_lag":0.15,"gcd_lag_stddev":0.037,"channel_lag":0.25,"channel_lag_stddev":0.062,"queue_gcd_reduction":0.1,"strict_gcd_queue":0,"confidence":0.95,"confidence_estimator":1.9599639854089754,"world_lag":0.1,"world_lag_stddev":0.01,"travel_variance":0.0,"default_skill":1.0,"reaction_time":0.5,"regen_periodicity":0.25,"ignite_sampling_delta":0.2,"fixed_time":true,"optimize_expressions":true,"optimal_raid":1,"log":0,"debug_each":0,"stat_cache":1,"max_aoe_enemies":20,"show_etmi":false,"tmi_window_global":0.0,"tmi_bin_size":0.5,"enemy_death_pct":0.0,"challenge_mode":false,"timewalk":-1,"pvp_crit":false,"rng":{"name":"sse2-sfmt"},"deterministic":0,"average_range":1,"average_gauss":0,"fight_style":"Patchwerk","default_aura_delay":0.03,"default_aura_delay_stddev":0.005,"dbc":{"Live":{"build_level":27404,"wow_version":"8.0.1"},"version_used":"Live"}},"overrides":{"arcane_intellect":1,"battle_shout":1,"power_word_fortitude":1,"chaos_brand":1,"mystic_touch":1,"mortal_wounds":1,"bleeding":1,"bloodlust":1,"bloodlust_percent":25,"bloodlust_time":0.5},"statistics":{"elapsed_cpu_seconds":18559.71603999999,"elapsed_time_seconds":19.836985,"init_time_seconds":2.4293740639999997,"merge_time_seconds":0.006955795,"analyze_time_seconds":0.248493014,"simulation_length":{"sum":354624.64999999997,"count":1180,"mean":300.5293644067796,"min":240.03300000000002,"max":359.933,"median":300.589,"variance":1256.030720597716,"std_dev":35.44052370659491,"mean_variance":1.064432814065861,"mean_std_dev":1.031713532946942},"raid_dps":{"sum":24187370.814778827,"count":1180,"mean":20497.77187693121},"total_dmg":{"sum":7261564931.359062,"count":1180,"mean":6153868.58589751},"total_iterations":233963,"total_actors":206,"total_iterations_mean":1135.7427184466019,"total_iterations_variance":664897.3640776697,"total_iterations_stddev":815.4123889650375,"total_mean_dps_stddev":21.655473523373143,"total_mean_dps_variance":468.9595335215152},"player":{"name":"Template","race":"dwarf","level":120,"role":"attack","specialization":"Outlaw Rogue","profile_source":"default","talents":[{"tier":1,"id":22119,"spell_id":196938,"name":"Quick Draw"},{"tier":2,"id":19238,"spell_id":196922,"name":"Hit and Run"},{"tier":3,"id":19239,"spell_id":14983,"name":"Vigor"},{"tier":6,"id":19250,"spell_id":5171,"name":"Slice and Dice"},{"tier":7,"id":23075,"spell_id":271877,"name":"Blade Rush"}],"party":0,"ready_type":1,"bugs":true,"scale_player":true,"potion_used":false,"timeofday":"DAY_TIME","invert_scaling":0,"reaction_offset":0.1,"reaction_max":1.4000000000000001,"reaction_mean":0.3,"reaction_stddev":0.06,"reaction_nu":0.25,"world_lag":0.1,"brain_lag":0.0,"brain_lag_stddev":0.0,"world_lag_override":false,"world_lag_stddev_override":false,"dbc":{"Live":{"build_level":27404,"wow_version":"8.0.1"},"version_used":"Live"},"base_energy_regen_per_second":14.85,"collected_data":{"fight_length":{"sum":354624.6500000001,"count":1180,"mean":300.52936440677973,"min":240.03300000000002,"max":359.933},"waiting_time":{"sum":24333.964,"count":1180,"mean":20.622003389830507,"min":10.572000000000001,"max":33.926},"executed_foreground_actions":{"sum":340318.0,"count":1180,"mean":288.40508474576274,"min":224.0,"max":354.0},"dmg":{"sum":7261564931.359062,"count":1180,"mean":6153868.58589751,"min":4627553.396738637,"max":7749988.475705189},"compound_dmg":{"sum":7261564931.359062,"count":1180,"mean":6153868.58589751,"min":4627553.396738637,"max":7749988.475705189},"timeline_dmg":{"mean":20698.798947659023,"mean_std_dev":10472.3347194849,"min":6147.1972500888905,"max":57747.43607453487,