{"results":[["Trait","325","340","355","370","385"],["Thunderous Blast",351,509,668,942,1187],["Azerite Globules",114,275,440,625,830],["Packed Ice",100,232,454,603,856],["Tidal Surge",248,428,604,814,1058],["Dagger in the Back",350,535,729,993,1265],["Unstable Flames",78,262,443,578,800],["Secrets of the Deep",254,408,572,813,1078],["Gutripper",96,216,378,519,764],["Blood Rite",201,326,499,675,910],["Tunnel of Ice",156,274,468,612,869],["Filthy Transfusion",198,338,515,768,984],["Relational Normalization Gizmo",265,472,608,810,1052],["Synaptic Spark Capacitor",388,598,777,1042,1316],["Sylvanas' Resolve / Anduin's Dedication",220,421,592,852,1078],["Swirling Sands",375,502,691,867,1096],["Meticulous Scheming",242,401,559,751,932],["Ricocheting Inflatable Pyrosaw",181,356,510,702,904],["Laser Matrix",309,477,683,885,1144],["Tradewinds",204,329,488,683,897],["Heed My Call",144,304,457,605,823],["Collective Will / Stand As One",65,231,360,544,743],["Barrage Of Many Bombs",328,486,671,883,1148],["Frigid Grasp",102,247,396,587,791],["Retaliatory Fury / Last Gift",113,266,339,554,745],["Earthlink",81,232,404,582,788],["Winter's Reach",22,196,373,539,783],["Whiteout",270,422,585,808,1043],["Incite the Pack",195,346,500,676,897],["Combined Might / Stronger Together",26,174,326,470,669],["Battlefield Focus / Battlefield Precision",35,156,280,422,661],["Glory in Battle / Liberator's Might",153,314,459,694,888],["Ruinous Bolt",158,323,467,672,841],["Unstable Catalyst",286,476,643,873,1091],["Blood Siphon",69,191,332,525,722],["Overwhelming Power",27,151,313,524,706],["Champion of Azeroth",366,575,737,921,1146],["Blightborne Infusion",384,513,701,848,1080],["Elemental Whirl",93,254,358,578,734],["Glacial Assault",67,277,396,586,811],["Rezan's Fury",257,387,550,843,1051]],"metas":{"build_date":"Aug 18 2018","build_time":"16:42:38","git_revision":"a94492cd5a","options":{"debug":false,"max_time":300.0,"expected_iteration_time":347.97700000000003,"vary_combat_length":0.2,"iterations":758,"target_error":0.2,"threads":32,"seed":14023895968311525313,"single_actor_batch":false,"queue_lag":0.005,"queue_lag_stddev":0.001,"gcd_lag":0.15,"gcd_lag_stddev":0.037,"channel_lag":0.25,"channel_lag_stddev":0.062,"queue_gcd_reduction":0.1,"strict_gcd_queue":0,"confidence":0.95,"confidence_estimator":1.9599639854089754,"world_lag":0.1,"world_lag_stddev":0.01,"travel_variance":0.0,"default_skill":1.0,"reaction_time":0.5,"regen_periodicity":0.25,"ignite_sampling_delta":0.2,"fixed_time":true,"optimize_expressions":true,"optimal_raid":1,"log":0,"debug_each":0,"stat_cache":1,"max_aoe_enemies":20,"show_etmi":false,"tmi_window_global":0.0,"tmi_bin_size":0.5,"enemy_death_pct":0.0,"challenge_mode":false,"timewalk":-1,"pvp_crit":false,"rng":{"name":"sse2-sfmt"},"deterministic":0,"average_range":1,"average_gauss":0,"fight_style":"Patchwerk","default_aura_delay":0.03,"default_aura_delay_stddev":0.005,"dbc":{"bfa-BETA":{"build_level":26095,"wow_version":"8.0.1"},"version_used":"bfa-BETA"}},"overrides":{"arcane_intellect":1,"battle_shout":1,"power_word_fortitude":1,"chaos_brand":1,"mystic_touch":1,"mortal_wounds":1,"bleeding":1,"bloodlust":1,"bloodlust_percent":25,"bloodlust_time":0.5},"statistics":{"elapsed_cpu_seconds":9051.901336000004,"elapsed_time_seconds":9.793004999999999,"init_time_seconds":2.6473367060000004,"merge_time_seconds":0.005517437,"analyze_time_seconds":0.1398684680000001,"simulation_length":{"sum":217847.85900000003,"count":726,"mean":300.06592148760336,"min":240.31900000000002,"max":359.694,"median":301.378,"variance":1203.5528518822655,"std_dev":34.69225925018815,"mean_variance":1.6577862973584925,"mean_std_dev":1.2875505028380412},"raid_dps":{"sum":12552962.210444253,"count":726,"mean":17290.58155708575},"total_dmg":{"sum":3762036579.963897,"count":726,"mean":5181868.567443385},"total_iterations":133058,"total_actors":201,"total_iterations_mean":661.9800995024875,"total_iterations_variance":336879.92039801006,"total_iterations_stddev":580.4135770276313,"total_mean_dps_stddev":18.17348331120975,"total_mean_dps_variance":330.2754956628193},"player":{"name":"Template","race":"pandaren","level":120,"role":"spell","specialization":"Frost Mage","profile_source":"default","talents":[{"tier":1,"id":22457,"spell_id":205027,"name":"Bone Chilling"},{"tier":3,"id":22444,"spell_id":1463,"name":"Incanter's Flow"},{"tier":4,"id":22469,"spell_id":257537,"name":"Ebonbolt"},{"tier":6,"id":22473,"spell_id":153595,"name":"Comet Storm"},{"tier":7,"id":21634,"spell_id":199786,"name":"Glacial Spike"}],"party":0,"ready_type":0,"bugs":true,"scale_player":true,"potion_used":false,"timeofday":"DAY_TIME","invert_scaling":0,"reaction_offset":0.1,"reaction_max":1.4000000000000001,"reaction_mean":0.3,"reaction_stddev":0.06,"reaction_nu":0.25,"world_lag":0.1,"brain_lag":0.0,"brain_lag_stddev":0.0,"world_lag_override":false,"world_lag_stddev_override":false,"dbc":{"bfa-BETA":{"build_level":26095,"wow_version":"8.0.1"},"version_used":"bfa-BETA"},"base_mana_regen_per_second":2000.0,"collected_data":{"fight_length":{"sum":217847.85900000005,"count":726,"mean":300.06592148760336,"min":240.31900000000002,"max":359.694},"executed_foreground_actions":{"sum":143017.0,"count":726,"mean":196.9931129476584,"min":160.0,"max":234.0},"dmg":{"sum":3541730378.377132,"count":726,"mean":4878416.499142055,"min":3835863.5743281785,"max":6002624.09730389},"compound_dmg":{"sum":3762036579.963897,"count":726,"mean":5181868.567443385,"min":4094472.987999265,"max":6363024.480896346},"timeline_dmg":{"mean":17473.951556743243,"mean_std_dev":6540.72943161525,"min":2006.4955202901235,"max":75268.1936640343,