{"results":[["Trait","325","340","355","370","385"],["Laser Matrix",318,472,693,896,1195],["Archive of the Titans",209,397,540,774,985],["Relational Normalization Gizmo",227,409,568,754,1013],["Synaptic Spark Capacitor",634,840,1067,1364,1694],["Flames of Alacrity",203,330,524,737,908],["Gutripper",89,211,386,541,771],["Sylvanas' Resolve / Anduin's Dedication",233,406,589,806,1058],["Tradewinds",469,620,766,1043,1244],["Ricocheting Inflatable Pyrosaw",286,451,648,852,1132],["Heed My Call",168,305,476,704,894],["Barrage Of Many Bombs",485,681,893,1189,1456],["Tidal Surge",300,414,590,844,1087],["Collective Will / Stand As One",79,211,347,552,716],["Combined Might / Stronger Together",45,182,327,508,691],["Duplicative Incineration",653,864,1083,1384,1655],["Battlefield Focus / Battlefield Precision",129,270,428,602,844],["Retaliatory Fury / Last Gift",247,391,558,746,934],["Glory in Battle / Liberator's Might",167,323,452,659,838],["Blood Rite",147,296,436,628,822],["Unstable Flames",86,223,365,535,733],["Swirling Sands",280,437,635,794,1034],["Meticulous Scheming",128,242,403,584,815],["Incite the Pack",403,612,754,973,1192],["Firemind",186,319,527,763,969],["Blightborne Infusion",313,488,675,842,1081],["Unstable Catalyst",293,450,628,865,1138],["Azerite Globules",196,384,540,727,1001],["Earthlink",61,227,367,552,777],["Dagger in the Back",325,531,718,947,1235],["Secrets of the Deep",268,431,589,818,1062],["Blood Siphon",145,274,453,621,826],["Thunderous Blast",338,508,713,948,1226],["Preheat",66,244,423,641,849],["Ruinous Bolt",165,308,464,668,892],["Champion of Azeroth",352,518,693,886,1106],["Overwhelming Power",30,178,332,497,701],["Filthy Transfusion",212,338,543,753,986],["Trailing Embers",180,350,554,754,974],["Blaster Master",706,877,1080,1328,1609],["Rezan's Fury",229,393,585,782,1019],["Elemental Whirl",74,229,414,567,806]],"metas":{"build_date":"Aug 24 2018","build_time":"06:29:59","git_revision":"d11d257b76","options":{"debug":false,"max_time":300.0,"expected_iteration_time":333.25100000000003,"vary_combat_length":0.2,"iterations":893,"target_error":0.2,"threads":32,"seed":10617503381655789031,"single_actor_batch":false,"queue_lag":0.005,"queue_lag_stddev":0.001,"gcd_lag":0.15,"gcd_lag_stddev":0.037,"channel_lag":0.25,"channel_lag_stddev":0.062,"queue_gcd_reduction":0.1,"strict_gcd_queue":0,"confidence":0.95,"confidence_estimator":1.9599639854089754,"world_lag":0.1,"world_lag_stddev":0.01,"travel_variance":0.0,"default_skill":1.0,"reaction_time":0.5,"regen_periodicity":0.25,"ignite_sampling_delta":0.2,"fixed_time":true,"optimize_expressions":true,"optimal_raid":1,"log":0,"debug_each":0,"stat_cache":1,"max_aoe_enemies":20,"show_etmi":false,"tmi_window_global":0.0,"tmi_bin_size":0.5,"enemy_death_pct":0.0,"challenge_mode":false,"timewalk":-1,"pvp_crit":false,"rng":{"name":"sse2-sfmt"},"deterministic":0,"average_range":1,"average_gauss":0,"fight_style":"Patchwerk","default_aura_delay":0.03,"default_aura_delay_stddev":0.005,"dbc":{"Live":{"build_level":27404,"wow_version":"8.0.1"},"version_used":"Live"}},"overrides":{"arcane_intellect":1,"battle_shout":1,"power_word_fortitude":1,"chaos_brand":1,"mystic_touch":1,"mortal_wounds":1,"bleeding":1,"bloodlust":1,"bloodlust_percent":25,"bloodlust_time":0.5},"statistics":{"elapsed_cpu_seconds":13271.416531000003,"elapsed_time_seconds":14.337693,"init_time_seconds":3.2584742230000012,"merge_time_seconds":0.0056841750000000005,"analyze_time_seconds":0.18051025,"simulation_length":{"sum":256965.97199999995,"count":861,"mean":298.45060627177696,"min":240.08,"max":359.772,"median":298.646,"variance":1177.1403900296466,"std_dev":34.30947959427025,"mean_variance":1.3671781533445373,"mean_std_dev":1.169263936562031},"raid_dps":{"sum":12058887.237868443,"count":861,"mean":14005.676234458122},"total_dmg":{"sum":3595599751.296757,"count":861,"mean":4176074.0433179527},"total_iterations":173824,"total_actors":206,"total_iterations_mean":843.8058252427185,"total_iterations_variance":1383418.2330097093,"total_iterations_stddev":1176.1880092101387,"total_mean_dps_stddev":14.900642904053777,"total_mean_dps_variance":222.02915895412818},"player":{"name":"Template","race":"dark_iron_dwarf","level":120,"role":"spell","specialization":"Fire Mage","profile_source":"default","talents":[{"tier":1,"id":22456,"spell_id":205026,"name":"Firestarter"},{"tier":3,"id":22447,"spell_id":116011,"name":"Rune of Power"},{"tier":4,"id":22450,"spell_id":205029,"name":"Flame On"},{"tier":6,"id":23362,"spell_id":205023,"name":"Conflagration"},{"tier":7,"id":21633,"spell_id":153561,"name":"Meteor"}],"party":0,"ready_type":0,"bugs":true,"scale_player":true,"potion_used":false,"timeofday":"DAY_TIME","invert_scaling":0,"reaction_offset":0.1,"reaction_max":1.4000000000000001,"reaction_mean":0.3,"reaction_stddev":0.06,"reaction_nu":0.25,"world_lag":0.1,"brain_lag":0.0,"brain_lag_stddev":0.0,"world_lag_override":false,"world_lag_stddev_override":false,"dbc":{"Live":{"build_level":27404,"wow_version":"8.0.1"},"version_used":"Live"},"base_mana_regen_per_second":2000.0,"collected_data":{"fight_length":{"sum":256965.9720000001,"count":861,"mean":298.45060627177713,"min":240.08,"max":359.772},"executed_foreground_actions":{"sum":193197.0,"count":861,"mean":224.38675958188153,"min":180.0,"max":268.0},"dmg":{"sum":3595599751.296757,"count":861,"mean":4176074.0433179527,"min":3321389.916282162,"max":5030700.166049508},"compound_dmg":{"sum":3595599751.296757,"count":861,"mean":4176074.0433179527,"min":3321389.916282162,"max":5030700.166049508},"timeline_dmg":{"mean":14014.196886895323,"mean_std_dev":11029.270102154049,"min":19.075294071317646,"max":75692.54591476399,