{"results":[["Trait","325","340","355","370","385"],["Laser Matrix",376,583,847,1082,1483],["Archive of the Titans",351,533,782,1026,1388],["Relational Normalization Gizmo",302,533,749,1017,1324],["Synaptic Spark Capacitor",522,837,1069,1405,1803],["Sylvanas' Resolve / Anduin's Dedication",312,531,787,1042,1384],["Gutripper",88,284,489,757,1024],["Swirling Sands",350,525,775,1036,1340],["Tradewinds",307,487,729,950,1234],["Ricocheting Inflatable Pyrosaw",259,441,664,934,1268],["Heed My Call",174,365,580,853,1126],["Barrage Of Many Bombs",444,684,982,1313,1633],["Snake Eyes",337,496,775,1075,1350],["Tidal Surge",282,491,735,975,1310],["Collective Will / Stand As One",94,257,473,741,969],["Combined Might / Stronger Together",49,223,419,642,904],["Battlefield Focus / Battlefield Precision",233,453,732,975,1318],["Retaliatory Fury / Last Gift",157,358,539,746,1072],["Glory in Battle / Liberator's Might",196,387,633,894,1160],["Blood Rite",187,379,569,861,1081],["Unstable Flames",78,311,487,720,986],["Meticulous Scheming",262,403,635,846,1135],["Incite the Pack",241,459,692,899,1223],["Unstable Catalyst",342,597,859,1121,1488],["Deadshot",532,825,1167,1478,1870],["Azerite Globules",213,386,624,874,1209],["Storm of Steel",352,607,851,1154,1484],["Earthlink",97,301,486,792,1017],["Dagger in the Back",337,561,821,1071,1456],["Secrets of the Deep",325,546,792,1095,1473],["Blood Siphon",96,310,428,697,957],["Brigand's Blitz",247,386,640,859,1138],["Ruinous Bolt",144,314,555,777,1072],["Blightborne Infusion",381,613,795,1095,1372],["Overwhelming Power",130,332,558,790,1022],["Rezan's Fury",268,516,725,995,1320],["Paradise Lost",275,483,713,995,1292],["Thunderous Blast",380,605,863,1165,1548],["Champion of Azeroth",419,610,871,1136,1413],["Filthy Transfusion",195,396,591,898,1219],["Ace Up Your Sleeve",70,291,489,714,1024],["Elemental Whirl",123,275,498,735,1012]],"metas":{"build_date":"Aug 28 2018","build_time":"07:33:45","git_revision":"0be56b9506","options":{"debug":false,"max_time":300.0,"expected_iteration_time":317.20300000000003,"vary_combat_length":0.2,"iterations":2373,"target_error":0.2,"threads":32,"seed":3796345590926493633,"single_actor_batch":false,"queue_lag":0.005,"queue_lag_stddev":0.001,"gcd_lag":0.15,"gcd_lag_stddev":0.037,"channel_lag":0.25,"channel_lag_stddev":0.062,"queue_gcd_reduction":0.1,"strict_gcd_queue":0,"confidence":0.95,"confidence_estimator":1.9599639854089754,"world_lag":0.1,"world_lag_stddev":0.01,"travel_variance":0.0,"default_skill":1.0,"reaction_time":0.5,"regen_periodicity":0.25,"ignite_sampling_delta":0.2,"fixed_time":true,"optimize_expressions":true,"optimal_raid":1,"log":0,"debug_each":0,"stat_cache":1,"max_aoe_enemies":20,"show_etmi":false,"tmi_window_global":0.0,"tmi_bin_size":0.5,"enemy_death_pct":0.0,"challenge_mode":false,"timewalk":-1,"pvp_crit":false,"rng":{"name":"sse2-sfmt"},"deterministic":0,"average_range":1,"average_gauss":0,"fight_style":"Patchwerk","default_aura_delay":0.03,"default_aura_delay_stddev":0.005,"dbc":{"Live":{"build_level":27404,"wow_version":"8.0.1"},"version_used":"Live"}},"overrides":{"arcane_intellect":1,"battle_shout":1,"power_word_fortitude":1,"chaos_brand":1,"mystic_touch":1,"mortal_wounds":1,"bleeding":1,"bloodlust":1,"bloodlust_percent":25,"bloodlust_time":0.5},"statistics":{"elapsed_cpu_seconds":63302.98576200002,"elapsed_time_seconds":66.985793,"init_time_seconds":2.922598098000001,"merge_time_seconds":0.008100065,"analyze_time_seconds":0.4365440250000002,"simulation_length":{"sum":702602.2440000001,"count":2341,"mean":300.12910892780866,"min":240.048,"max":359.968,"median":299.599,"variance":1234.5204178672466,"std_dev":35.13574273965539,"mean_variance":0.5273474659834457,"mean_std_dev":0.72618693597685},"raid_dps":{"sum":41369539.85736103,"count":2341,"mean":17671.738512328506},"total_dmg":{"sum":12407186799.41021,"count":2341,"mean":5299951.644344387},"total_iterations":473729,"total_actors":206,"total_iterations_mean":2299.6553398058254,"total_iterations_variance":2293112.5291262153,"total_iterations_stddev":1514.3026544010993,"total_mean_dps_stddev":18.76730368636827,"total_mean_dps_variance":352.211687656372},"player":{"name":"Template","race":"dwarf","level":120,"role":"attack","specialization":"Outlaw Rogue","profile_source":"default","talents":[{"tier":1,"id":22119,"spell_id":196938,"name":"Quick Draw"},{"tier":2,"id":19238,"spell_id":196922,"name":"Hit and Run"},{"tier":3,"id":19239,"spell_id":14983,"name":"Vigor"},{"tier":6,"id":23128,"spell_id":193539,"name":"Alacrity"},{"tier":7,"id":23075,"spell_id":271877,"name":"Blade Rush"}],"party":0,"ready_type":1,"bugs":true,"scale_player":true,"potion_used":false,"timeofday":"DAY_TIME","invert_scaling":0,"reaction_offset":0.1,"reaction_max":1.4000000000000001,"reaction_mean":0.3,"reaction_stddev":0.06,"reaction_nu":0.25,"world_lag":0.1,"brain_lag":0.0,"brain_lag_stddev":0.0,"world_lag_override":false,"world_lag_stddev_override":false,"dbc":{"Live":{"build_level":27404,"wow_version":"8.0.1"},"version_used":"Live"},"base_energy_regen_per_second":14.85,"collected_data":{"fight_length":{"sum":702602.244,"count":2341,"mean":300.1291089278086,"min":240.048,"max":359.968},"waiting_time":{"sum":65834.322,"count":2341,"mean":28.122307560871423,"min":11.532,"max":49.575},"executed_foreground_actions":{"sum":663846.0,"count":2341,"mean":283.5736864587783,"min":211.0,"max":356.0},"dmg":{"sum":12407186799.41021,"count":2341,"mean":5299951.644344387,"min":3788434.370138521,"max":6945695.188568997},"compound_dmg":{"sum":12407186799.41021,"count":2341,"mean":5299951.644344387,"min":3788434.370138521,"max":6945695.188568997},"timeline_dmg":{"mean":17560.303566460447,"mean_std_dev":11518.039773918448,"min":5489.186905679949,"max":69938.21788062317,