{"results":[["Trait","325","340","355","370","385"],["Laser Matrix",336,484,703,949,1235],["Archive of the Titans",241,423,637,840,1084],["Relational Normalization Gizmo",269,455,608,822,1075],["Synaptic Spark Capacitor",486,685,912,1199,1481],["Gutripper",100,235,433,622,866],["Sylvanas' Resolve / Anduin's Dedication",258,449,644,864,1124],["Swirling Sands",284,446,614,820,1060],["Tradewinds",118,258,445,621,809],["Ricocheting Inflatable Pyrosaw",239,395,556,786,1062],["Heed My Call",165,308,500,698,936],["Barrage Of Many Bombs",423,620,872,1090,1426],["Glory in Battle / Liberator's Might",194,330,484,690,902],["Serrated Jaws",101,241,409,612,794],["Latent Poison",280,432,629,849,1116],["Tidal Surge",235,425,615,865,1089],["Collective Will / Stand As One",88,233,401,592,825],["Combined Might / Stronger Together",29,177,354,513,747],["Battlefield Focus / Battlefield Precision",115,271,419,630,838],["Retaliatory Fury / Last Gift",54,205,356,504,744],["Blood Rite",175,310,512,690,918],["Unstable Flames",95,229,376,552,795],["Wilderness Survival",214,384,533,699,918],["Blur of Talons",208,356,548,733,956],["Meticulous Scheming",144,327,477,688,871],["Incite the Pack",106,260,416,619,800],["Unstable Catalyst",324,492,669,898,1188],["Azerite Globules",141,346,483,668,904],["Earthlink",129,257,426,602,838],["Rezan's Fury",245,427,580,832,1099],["Up Close And Personal",145,287,417,609,842],["Dagger in the Back",279,453,647,870,1130],["Secrets of the Deep",269,450,625,858,1145],["Blood Siphon",51,253,333,580,754],["Wildfire Cluster",417,617,841,1114,1414],["Venomous Fangs",146,330,526,733,974],["Thunderous Blast",351,539,752,970,1294],["Champion of Azeroth",284,432,632,868,1060],["Overwhelming Power",139,246,454,628,847],["Filthy Transfusion",229,380,540,757,1014],["Blightborne Infusion",321,469,664,879,1101],["Ruinous Bolt",137,264,469,690,887],["Elemental Whirl",50,214,387,540,760]],"metas":{"build_date":"Aug 26 2018","build_time":"17:25:12","git_revision":"82a50ef53a","options":{"debug":false,"max_time":300.0,"expected_iteration_time":245.35500000000002,"vary_combat_length":0.2,"iterations":959,"target_error":0.2,"threads":32,"seed":7568425094091475607,"single_actor_batch":false,"queue_lag":0.005,"queue_lag_stddev":0.001,"gcd_lag":0.15,"gcd_lag_stddev":0.037,"channel_lag":0.25,"channel_lag_stddev":0.062,"queue_gcd_reduction":0.1,"strict_gcd_queue":0,"confidence":0.95,"confidence_estimator":1.9599639854089754,"world_lag":0.1,"world_lag_stddev":0.01,"travel_variance":0.0,"default_skill":1.0,"reaction_time":0.5,"regen_periodicity":0.25,"ignite_sampling_delta":0.2,"fixed_time":true,"optimize_expressions":true,"optimal_raid":1,"log":0,"debug_each":0,"stat_cache":1,"max_aoe_enemies":20,"show_etmi":false,"tmi_window_global":0.0,"tmi_bin_size":0.5,"enemy_death_pct":0.0,"challenge_mode":false,"timewalk":-1,"pvp_crit":false,"rng":{"name":"sse2-sfmt"},"deterministic":0,"average_range":1,"average_gauss":0,"fight_style":"Patchwerk","default_aura_delay":0.03,"default_aura_delay_stddev":0.005,"dbc":{"Live":{"build_level":27404,"wow_version":"8.0.1"},"version_used":"Live"}},"overrides":{"arcane_intellect":1,"battle_shout":1,"power_word_fortitude":1,"chaos_brand":1,"mystic_touch":1,"mortal_wounds":1,"bleeding":1,"bloodlust":1,"bloodlust_percent":25,"bloodlust_time":0.5},"statistics":{"elapsed_cpu_seconds":23745.984750999996,"elapsed_time_seconds":25.18741,"init_time_seconds":3.0651906200000028,"merge_time_seconds":0.008086548,"analyze_time_seconds":0.17701182700000007,"simulation_length":{"sum":279277.5210000001,"count":927,"mean":301.27024919093867,"min":240.193,"max":359.98,"median":301.96500000000003,"variance":1158.2955531148186,"std_dev":34.03374139166628,"mean_variance":1.249509766035403,"mean_std_dev":1.1178147279560253},"raid_dps":{"sum":12588280.867693588,"count":927,"mean":13579.591011535695},"total_dmg":{"sum":3790539248.231796,"count":927,"mean":4089039.102731171},"total_iterations":184354,"total_actors":211,"total_iterations_mean":873.7156398104265,"total_iterations_variance":646086.9383886253,"total_iterations_stddev":803.7953336444702,"total_mean_dps_stddev":14.429890682479803,"total_mean_dps_variance":208.22174510831744},"player":{"name":"Template","race":"lightforged_draenei","level":120,"role":"attack","specialization":"Survival Hunter","profile_source":"default","talents":[{"tier":1,"id":22275,"spell_id":268501,"name":"Viper's Venom"},{"tier":2,"id":21997,"spell_id":264332,"name":"Guerrilla Tactics"},{"tier":4,"id":22277,"spell_id":260248,"name":"Bloodseeker"},{"tier":6,"id":22278,"spell_id":259387,"name":"Mongoose Bite"},{"tier":7,"id":22272,"spell_id":260331,"name":"Birds of Prey"}],"party":0,"ready_type":0,"bugs":true,"scale_player":true,"potion_used":false,"timeofday":"DAY_TIME","invert_scaling":0,"reaction_offset":0.1,"reaction_max":1.4000000000000001,"reaction_mean":0.3,"reaction_stddev":0.06,"reaction_nu":0.25,"world_lag":0.1,"brain_lag":0.0,"brain_lag_stddev":0.0,"world_lag_override":false,"world_lag_stddev_override":false,"dbc":{"Live":{"build_level":27404,"wow_version":"8.0.1"},"version_used":"Live"},"base_focus_regen_per_second":5.0,"collected_data":{"fight_length":{"sum":279277.52099999995,"count":927,"mean":301.27024919093844,"min":240.193,"max":359.98},"waiting_time":{"sum":63134.4,"count":927,"mean":68.10614886731392,"min":23.2,"max":105.5},"executed_foreground_actions":{"sum":197375.0,"count":927,"mean":212.91801510248112,"min":155.0,"max":279.0},"dmg":{"sum":2975195092.5130043,"count":927,"mean":3209487.6941887857,"min":2376147.934646626,"max":4019537.3977830755},"compound_dmg":{"sum":3790539248.231796,"count":927,"mean":4089039.102731171,"min":3084369.7039490445,"max":5048614.197316693},"timeline_dmg":{"mean":13581.844215339888,"mean_std_dev":11917.273225021745,"min":1344.3681054911958,"max":161774.79645374054,