{"results":[["Trait","325","340","355","370","385"],["In The Rhythm",119,220,356,502,646],["Relational Normalization Gizmo",297,423,563,719,905],["Thunderous Blast",364,523,691,882,1121],["Azerite Globules",80,186,295,458,632],["Tidal Surge",271,427,576,741,939],["Dagger in the Back",389,518,691,876,1118],["Unstable Flames",103,185,331,436,592],["Secrets of the Deep",209,349,470,636,828],["Heed My Call",137,240,362,519,678],["Blood Rite",247,391,496,627,802],["Filthy Transfusion",224,359,530,686,904],["Synaptic Spark Capacitor",206,322,485,641,829],["Gutripper",131,213,358,513,681],["Sylvanas' Resolve / Anduin's Dedication",194,335,459,627,797],["Swirling Sands",251,372,496,637,809],["Meticulous Scheming",291,399,562,692,852],["Ricocheting Inflatable Pyrosaw",96,247,356,461,667],["Laser Matrix",327,499,670,822,1079],["Tradewinds",233,355,497,654,806],["Collective Will / Stand As One",74,188,282,439,596],["Focused Fire",129,217,329,494,681],["Barrage Of Many Bombs",180,281,424,583,778],["Elemental Whirl",121,223,335,455,645],["Unerring Vision",147,278,379,573,682],["Arcane Flurry",59,193,309,419,589],["Overwhelming Power",194,319,419,558,715],["Unstable Catalyst",234,345,514,684,878],["Rapid Reload",32,119,204,329,477],["Steady Aim",327,462,628,797,1051],["Incite the Pack",220,335,466,627,779],["Combined Might / Stronger Together",90,148,273,376,571],["Battlefield Focus / Battlefield Precision",58,133,218,374,531],["Retaliatory Fury / Last Gift",140,236,369,479,637],["Glory in Battle / Liberator's Might",212,317,457,580,730],["Ruinous Bolt",173,292,447,594,771],["Blood Siphon",107,184,304,428,624],["Champion of Azeroth",349,436,617,761,939],["Blightborne Infusion",282,392,527,662,860],["Earthlink",102,203,294,461,608],["Rezan's Fury",280,412,567,719,940]],"metas":{"build_date":"Aug 19 2018","build_time":"09:20:42","git_revision":"eba9238d5c","options":{"debug":false,"max_time":300.0,"expected_iteration_time":289.57800000000003,"vary_combat_length":0.2,"iterations":1084,"target_error":0.2,"threads":32,"seed":16034647852838380933,"single_actor_batch":false,"queue_lag":0.005,"queue_lag_stddev":0.001,"gcd_lag":0.15,"gcd_lag_stddev":0.037,"channel_lag":0.25,"channel_lag_stddev":0.062,"queue_gcd_reduction":0.1,"strict_gcd_queue":0,"confidence":0.95,"confidence_estimator":1.9599639854089754,"world_lag":0.1,"world_lag_stddev":0.01,"travel_variance":0.0,"default_skill":1.0,"reaction_time":0.5,"regen_periodicity":0.25,"ignite_sampling_delta":0.2,"fixed_time":true,"optimize_expressions":true,"optimal_raid":1,"log":0,"debug_each":0,"stat_cache":1,"max_aoe_enemies":20,"show_etmi":false,"tmi_window_global":0.0,"tmi_bin_size":0.5,"enemy_death_pct":0.0,"challenge_mode":false,"timewalk":-1,"pvp_crit":false,"rng":{"name":"sse2-sfmt"},"deterministic":0,"average_range":1,"average_gauss":0,"fight_style":"Patchwerk","default_aura_delay":0.03,"default_aura_delay_stddev":0.005,"dbc":{"bfa-BETA":{"build_level":26095,"wow_version":"8.0.1"},"version_used":"bfa-BETA"}},"overrides":{"arcane_intellect":1,"battle_shout":1,"power_word_fortitude":1,"chaos_brand":1,"mystic_touch":1,"mortal_wounds":1,"bleeding":1,"bloodlust":1,"bloodlust_percent":25,"bloodlust_time":0.5},"statistics":{"elapsed_cpu_seconds":9232.572137999998,"elapsed_time_seconds":9.906496,"init_time_seconds":2.5013790510000016,"merge_time_seconds":0.0047277429999999995,"analyze_time_seconds":0.18023822200000003,"simulation_length":{"sum":313504.12200000003,"count":1052,"mean":298.0077205323194,"min":240.28,"max":359.825,"median":297.466,"variance":1236.615847290719,"std_dev":35.16554915383406,"mean_variance":1.1754903491356645,"mean_std_dev":1.0842003270317089},"raid_dps":{"sum":14396635.827407869,"count":1052,"mean":13685.015045064514},"total_dmg":{"sum":4284201915.206742,"count":1052,"mean":4072435.2806147737},"total_iterations":196118,"total_actors":201,"total_iterations_mean":975.7114427860696,"total_iterations_variance":437397.2636815922,"total_iterations_stddev":661.3601618494965,"total_mean_dps_stddev":14.42264577049406,"total_mean_dps_variance":208.0127110211502},"player":{"name":"Template","race":"lightforged_draenei","level":120,"role":"attack","specialization":"Marksmanship Hunter","profile_source":"default","talents":[{"tier":1,"id":22501,"spell_id":271788,"name":"Serpent Sting"},{"tier":2,"id":22495,"spell_id":260228,"name":"Careful Aim"},{"tier":4,"id":21998,"spell_id":257284,"name":"Hunter's Mark"},{"tier":6,"id":23063,"spell_id":260393,"name":"Lethal Shots"},{"tier":7,"id":22308,"spell_id":194595,"name":"Lock and Load"}],"party":0,"ready_type":0,"bugs":true,"scale_player":true,"potion_used":false,"timeofday":"DAY_TIME","invert_scaling":0,"reaction_offset":0.1,"reaction_max":1.4000000000000001,"reaction_mean":0.3,"reaction_stddev":0.06,"reaction_nu":0.25,"world_lag":0.1,"brain_lag":0.0,"brain_lag_stddev":0.0,"world_lag_override":false,"world_lag_stddev_override":false,"dbc":{"bfa-BETA":{"build_level":26095,"wow_version":"8.0.1"},"version_used":"bfa-BETA"},"base_focus_regen_per_second":2.999999999999999,"collected_data":{"fight_length":{"sum":313504.1219999999,"count":1052,"mean":298.0077205323193,"min":240.28,"max":359.825},"executed_foreground_actions":{"sum":216804.0,"count":1052,"mean":206.0874524714829,"min":167.0,"max":249.0},"dmg":{"sum":3900095728.940212,"count":1052,"mean":3707315.3316922165,"min":2856886.816774536,"max":4695434.766772026},"compound_dmg":{"sum":4284201915.206742,"count":1052,"mean":4072435.2806147737,"min":3178239.09537638,"max":5113153.072508556},"timeline_dmg":{"mean":14074.153046633755,"mean_std_dev":4288.686049273783,"min":2113.5311592251705,"max":49205.75466281584,