{"results":[["Trait","325","340","355","370","385"],["Laser Matrix",320,467,616,813,1031],["Archive of the Titans",184,298,416,561,742],["Relational Normalization Gizmo",223,309,452,611,798],["Synaptic Spark Capacitor",192,296,444,596,793],["Ricocheting Inflatable Pyrosaw",102,216,327,478,635],["Heed My Call",103,216,330,508,661],["Barrage Of Many Bombs",160,282,428,565,769],["Tidal Surge",246,364,517,702,913],["Collective Will / Stand As One",58,186,283,441,556],["On My Way",62,180,264,418,584],["Indomitable Justice",140,237,394,558,719],["Combined Might / Stronger Together",44,132,243,376,521],["Sylvanas' Resolve / Anduin's Dedication",166,281,430,593,781],["Battlefield Focus / Battlefield Precision",240,348,537,694,887],["Gutripper",72,205,345,465,650],["Retaliatory Fury / Last Gift",94,199,305,459,604],["Glory in Battle / Liberator's Might",143,275,380,533,679],["Expurgation",151,270,400,534,746],["Dagger in the Back",301,432,596,758,982],["Secrets of the Deep",180,304,437,595,804],["Unstable Flames",81,196,305,450,587],["Earthlink",78,171,282,448,605],["Blood Rite",171,308,408,552,693],["Relentless Inquisitor",231,328,473,629,823],["Swirling Sands",207,335,446,564,747],["Meticulous Scheming",224,318,460,602,784],["Incite the Pack",169,281,407,544,722],["Unstable Catalyst",186,317,458,634,815],["Azerite Globules",79,178,282,427,597],["Tradewinds",187,301,413,564,732],["Divine Right",-149,-36,93,238,392],["Blood Siphon",90,172,257,401,561],["Ruinous Bolt",146,243,392,546,733],["Thunderous Blast",360,498,669,869,1111],["Champion of Azeroth",277,381,530,681,835],["Overwhelming Power",126,222,350,475,644],["Deferred Sentence",-13,94,179,334,475],["Filthy Transfusion",216,366,506,662,857],["Avenger's Might",199,300,433,571,736],["Lifespeed",81,189,301,419,568],["Rezan's Fury",260,410,545,698,938],["Zealotry",138,250,359,517,695],["Blightborne Infusion",245,373,507,653,817],["Elemental Whirl",95,184,313,428,581]],"metas":{"build_date":"Aug 29 2018","build_time":"06:51:22","git_revision":"744e4aaddc","options":{"debug":false,"max_time":300.0,"expected_iteration_time":261.00600000000003,"vary_combat_length":0.2,"iterations":1013,"target_error":0.2,"threads":32,"seed":15993970171568558613,"single_actor_batch":false,"queue_lag":0.005,"queue_lag_stddev":0.001,"gcd_lag":0.15,"gcd_lag_stddev":0.037,"channel_lag":0.25,"channel_lag_stddev":0.062,"queue_gcd_reduction":0.1,"strict_gcd_queue":0,"confidence":0.95,"confidence_estimator":1.9599639854089754,"world_lag":0.1,"world_lag_stddev":0.01,"travel_variance":0.0,"default_skill":1.0,"reaction_time":0.5,"regen_periodicity":0.25,"ignite_sampling_delta":0.2,"fixed_time":true,"optimize_expressions":true,"optimal_raid":1,"log":0,"debug_each":0,"stat_cache":1,"max_aoe_enemies":20,"show_etmi":false,"tmi_window_global":0.0,"tmi_bin_size":0.5,"enemy_death_pct":0.0,"challenge_mode":false,"timewalk":-1,"pvp_crit":false,"rng":{"name":"sse2-sfmt"},"deterministic":0,"average_range":1,"average_gauss":0,"fight_style":"Patchwerk","default_aura_delay":0.03,"default_aura_delay_stddev":0.005,"dbc":{"Live":{"build_level":27481,"wow_version":"8.0.1"},"version_used":"Live"}},"overrides":{"arcane_intellect":1,"battle_shout":1,"power_word_fortitude":1,"chaos_brand":1,"mystic_touch":1,"mortal_wounds":1,"bleeding":1,"bloodlust":1,"bloodlust_percent":25,"bloodlust_time":0.5},"statistics":{"elapsed_cpu_seconds":11093.593108999992,"elapsed_time_seconds":11.664903,"init_time_seconds":3.294600477999999,"merge_time_seconds":0.004483244000000001,"analyze_time_seconds":0.20756627200000005,"simulation_length":{"sum":295092.08999999997,"count":981,"mean":300.80743119266054,"min":240.13,"max":359.825,"median":300.146,"variance":1157.336071790627,"std_dev":34.019642440664,"mean_variance":1.1797513473910572,"mean_std_dev":1.0861635914497674},"raid_dps":{"sum":10491308.79966471,"count":981,"mean":10694.50438294058},"total_dmg":{"sum":3151563152.2899475,"count":981,"mean":3212602.601722678},"total_iterations":218916,"total_actors":221,"total_iterations_mean":990.5701357466063,"total_iterations_variance":614238.1628959272,"total_iterations_stddev":783.7334769524185,"total_mean_dps_stddev":11.334048437324778,"total_mean_dps_variance":128.46065397962425},"player":{"name":"Template","race":"human","level":120,"role":"attack","specialization":"Retribution Paladin","profile_source":"default","talents":[{"tier":1,"id":22557,"spell_id":267610,"name":"Righteous Verdict"},{"tier":2,"id":22593,"spell_id":24275,"name":"Hammer of Wrath"},{"tier":4,"id":22183,"spell_id":255937,"name":"Wake of Ashes"},{"tier":7,"id":22634,"spell_id":84963,"name":"Inquisition"}],"party":0,"ready_type":0,"bugs":true,"scale_player":true,"potion_used":false,"timeofday":"DAY_TIME","invert_scaling":0,"reaction_offset":0.1,"reaction_max":1.4000000000000001,"reaction_mean":0.3,"reaction_stddev":0.06,"reaction_nu":0.25,"world_lag":0.1,"brain_lag":0.0,"brain_lag_stddev":0.0,"world_lag_override":false,"world_lag_stddev_override":false,"dbc":{"Live":{"build_level":27481,"wow_version":"8.0.1"},"version_used":"Live"},"base_mana_regen_per_second":300.0,"collected_data":{"fight_length":{"sum":295092.09,"count":981,"mean":300.8074311926606,"min":240.13,"max":359.825},"waiting_time":{"sum":25524.6,"count":981,"mean":26.018960244648316,"min":14.3,"max":37.1},"executed_foreground_actions":{"sum":240246.0,"count":981,"mean":244.89908256880733,"min":195.0,"max":295.0},"dmg":{"sum":3151563152.2899475,"count":981,"mean":3212602.601722678,"min":2425755.449013128,"max":3959690.832127025},"compound_dmg":{"sum":3151563152.2899475,"count":981,"mean":3212602.601722678,"min":2425755.449013128,"max":3959690.832127025},"timeline_dmg":{"mean":10768.337452550237,"mean_std_dev":5952.360635385219,"min":578.1418795827819,"max":59336.832827657105,