{"results":[["Trait","325","340","355","370","385"],["Laser Matrix",334,508,666,927,1182],["Archive of the Titans",234,385,547,751,972],["Relational Normalization Gizmo",251,418,610,809,1010],["Synaptic Spark Capacitor",412,577,791,1017,1269],["Gutripper",111,222,375,559,761],["Sylvanas' Resolve / Anduin's Dedication",251,413,571,803,1013],["Swirling Sands",283,398,532,749,953],["Tradewinds",126,254,393,575,747],["Ricocheting Inflatable Pyrosaw",202,354,503,712,960],["Heed My Call",144,288,452,635,868],["Barrage Of Many Bombs",327,507,703,920,1165],["Glory in Battle / Liberator's Might",177,314,496,641,842],["Serrated Jaws",141,292,446,644,826],["Latent Poison",272,451,633,850,1118],["Tidal Surge",263,387,585,798,1044],["Collective Will / Stand As One",85,221,349,547,783],["Combined Might / Stronger Together",35,184,305,486,656],["Battlefield Focus / Battlefield Precision",77,197,349,491,728],["Retaliatory Fury / Last Gift",71,175,329,469,677],["Blood Rite",208,342,500,681,873],["Unstable Flames",95,227,393,501,748],["Wilderness Survival",87,236,369,540,706],["Blur of Talons",24,130,277,440,635],["Meticulous Scheming",216,358,503,700,897],["Incite the Pack",135,266,421,551,753],["Unstable Catalyst",297,448,673,835,1092],["Azerite Globules",135,300,428,633,831],["Earthlink",76,232,368,565,785],["Rezan's Fury",273,429,650,825,1065],["Up Close And Personal",-8,104,254,408,599],["Dagger in the Back",298,471,639,903,1155],["Secrets of the Deep",247,404,563,813,1030],["Blood Siphon",82,236,389,540,721],["Wildfire Cluster",294,438,624,847,1072],["Venomous Fangs",193,364,493,721,953],["Thunderous Blast",363,534,755,981,1230],["Champion of Azeroth",273,414,564,780,955],["Overwhelming Power",161,270,394,594,807],["Filthy Transfusion",264,393,579,786,1000],["Blightborne Infusion",298,441,614,768,984],["Ruinous Bolt",149,302,463,637,869],["Elemental Whirl",76,214,338,529,723]],"metas":{"build_date":"Aug 26 2018","build_time":"17:25:12","git_revision":"82a50ef53a","options":{"debug":false,"max_time":300.0,"expected_iteration_time":240.00300000000001,"vary_combat_length":0.2,"iterations":411,"target_error":0.2,"threads":32,"seed":968385745881844689,"single_actor_batch":false,"queue_lag":0.005,"queue_lag_stddev":0.001,"gcd_lag":0.15,"gcd_lag_stddev":0.037,"channel_lag":0.25,"channel_lag_stddev":0.062,"queue_gcd_reduction":0.1,"strict_gcd_queue":0,"confidence":0.95,"confidence_estimator":1.9599639854089754,"world_lag":0.1,"world_lag_stddev":0.01,"travel_variance":0.0,"default_skill":1.0,"reaction_time":0.5,"regen_periodicity":0.25,"ignite_sampling_delta":0.2,"fixed_time":true,"optimize_expressions":true,"optimal_raid":1,"log":0,"debug_each":0,"stat_cache":1,"max_aoe_enemies":20,"show_etmi":false,"tmi_window_global":0.0,"tmi_bin_size":0.5,"enemy_death_pct":0.0,"challenge_mode":false,"timewalk":-1,"pvp_crit":false,"rng":{"name":"sse2-sfmt"},"deterministic":0,"average_range":1,"average_gauss":0,"fight_style":"Patchwerk","default_aura_delay":0.03,"default_aura_delay_stddev":0.005,"dbc":{"Live":{"build_level":27404,"wow_version":"8.0.1"},"version_used":"Live"}},"overrides":{"arcane_intellect":1,"battle_shout":1,"power_word_fortitude":1,"chaos_brand":1,"mystic_touch":1,"mortal_wounds":1,"bleeding":1,"bloodlust":1,"bloodlust_percent":25,"bloodlust_time":0.5},"statistics":{"elapsed_cpu_seconds":7180.1748599999955,"elapsed_time_seconds":7.886575,"init_time_seconds":3.051158650999999,"merge_time_seconds":0.007194023000000002,"analyze_time_seconds":0.09560135899999997,"simulation_length":{"sum":114481.80900000004,"count":379,"mean":302.06282058047503,"min":240.251,"max":359.896,"median":303.534,"variance":1203.6345277356186,"std_dev":34.69343637830676,"mean_variance":3.1758166958723444,"mean_std_dev":1.7820821237732969},"raid_dps":{"sum":4639346.978061566,"count":379,"mean":12241.02105029437},"total_dmg":{"sum":1399821635.303935,"count":379,"mean":3693460.7791660554},"total_iterations":79131,"total_actors":211,"total_iterations_mean":375.02843601895734,"total_iterations_variance":334137.8293838861,"total_iterations_stddev":578.0465633354169,"total_mean_dps_stddev":13.007778245097029,"total_mean_dps_variance":169.20229487361954},"player":{"name":"Template","race":"lightforged_draenei","level":120,"role":"attack","specialization":"Survival Hunter","profile_source":"default","talents":[{"tier":1,"id":22275,"spell_id":268501,"name":"Viper's Venom"},{"tier":2,"id":21997,"spell_id":264332,"name":"Guerrilla Tactics"},{"tier":4,"id":22277,"spell_id":260248,"name":"Bloodseeker"},{"tier":6,"id":22278,"spell_id":259387,"name":"Mongoose Bite"},{"tier":7,"id":22272,"spell_id":260331,"name":"Birds of Prey"}],"party":0,"ready_type":0,"bugs":true,"scale_player":true,"potion_used":false,"timeofday":"DAY_TIME","invert_scaling":0,"reaction_offset":0.1,"reaction_max":1.4000000000000001,"reaction_mean":0.3,"reaction_stddev":0.06,"reaction_nu":0.25,"world_lag":0.1,"brain_lag":0.0,"brain_lag_stddev":0.0,"world_lag_override":false,"world_lag_stddev_override":false,"dbc":{"Live":{"build_level":27404,"wow_version":"8.0.1"},"version_used":"Live"},"base_focus_regen_per_second":5.0,"collected_data":{"fight_length":{"sum":114481.809,"count":379,"mean":302.0628205804749,"min":240.251,"max":359.896},"waiting_time":{"sum":7849.500000000002,"count":379,"mean":20.711081794195255,"min":7.0,"max":38.0},"executed_foreground_actions":{"sum":95503.0,"count":379,"mean":251.9868073878628,"min":192.0,"max":306.0},"dmg":{"sum":1015052659.3002961,"count":379,"mean":2678239.2065970874,"min":2082788.2645671717,"max":3143174.3945020875},"compound_dmg":{"sum":1399821635.303935,"count":379,"mean":3693460.7791660554,"min":2875868.5887022386,"max":4320243.566335348},"timeline_dmg":{"mean":12794.129004735985,"mean_std_dev":6077.081769899923,"min":1406.7941855043591,"max":70178.29402045111,