{"results":[["Trait","325","340","355","370","385"],["Laser Matrix",302,465,641,820,1092],["Archive of the Titans",221,343,502,664,831],["Relational Normalization Gizmo",285,434,534,750,901],["Synaptic Spark Capacitor",224,322,466,647,872],["Gutripper",123,210,365,515,656],["Sylvanas' Resolve / Anduin's Dedication",228,333,499,680,911],["Feeding Frenzy",179,338,443,599,756],["Swirling Sands",309,423,554,719,920],["Tradewinds",292,375,524,707,913],["Ricocheting Inflatable Pyrosaw",101,229,337,532,695],["Heed My Call",127,243,390,508,719],["Barrage Of Many Bombs",140,272,439,592,785],["Serrated Jaws",150,289,437,608,812],["Tidal Surge",290,404,568,773,999],["Collective Will / Stand As One",77,231,295,467,625],["Combined Might / Stronger Together",69,190,301,419,625],["Battlefield Focus / Battlefield Precision",230,376,549,738,940],["Retaliatory Fury / Last Gift",150,288,386,532,720],["Glory in Battle / Liberator's Might",200,353,456,629,793],["Blood Rite",244,349,461,626,801],["Unstable Flames",87,221,366,472,639],["Meticulous Scheming",5,93,203,375,532],["Incite the Pack",275,361,526,727,871],["Unstable Catalyst",255,376,539,759,942],["Azerite Globules",73,183,300,488,645],["Earthlink",93,204,367,491,694],["Haze of Rage",225,355,514,727,892],["Dagger in the Back",289,445,627,786,1005],["Secrets of the Deep",218,399,536,678,873],["Blood Siphon",109,210,343,496,643],["Pack Alpha",-40,112,206,370,498],["Dance of Death",143,273,420,594,746],["Ruinous Bolt",161,274,417,574,828],["Overwhelming Power",140,272,402,547,704],["Thunderous Blast",326,494,659,865,1104],["Champion of Azeroth",337,468,652,824,1007],["Rapid Reload",1,104,204,347,486],["Filthy Transfusion",215,324,459,673,906],["Primal Instincts",461,587,723,905,1106],["Elemental Whirl",122,212,392,504,669],["Rezan's Fury",224,375,565,736,975],["Blightborne Infusion",364,480,625,791,985]],"metas":{"build_date":"Aug 29 2018","build_time":"06:51:22","git_revision":"744e4aaddc","options":{"debug":false,"max_time":300.0,"expected_iteration_time":325.73900000000003,"vary_combat_length":0.2,"iterations":693,"target_error":0.2,"threads":32,"seed":8895215358748265597,"single_actor_batch":false,"queue_lag":0.005,"queue_lag_stddev":0.001,"gcd_lag":0.15,"gcd_lag_stddev":0.037,"channel_lag":0.25,"channel_lag_stddev":0.062,"queue_gcd_reduction":0.1,"strict_gcd_queue":0,"confidence":0.95,"confidence_estimator":1.9599639854089754,"world_lag":0.1,"world_lag_stddev":0.01,"travel_variance":0.0,"default_skill":1.0,"reaction_time":0.5,"regen_periodicity":0.25,"ignite_sampling_delta":0.2,"fixed_time":true,"optimize_expressions":true,"optimal_raid":1,"log":0,"debug_each":0,"stat_cache":1,"max_aoe_enemies":20,"show_etmi":false,"tmi_window_global":0.0,"tmi_bin_size":0.5,"enemy_death_pct":0.0,"challenge_mode":false,"timewalk":-1,"pvp_crit":false,"rng":{"name":"sse2-sfmt"},"deterministic":0,"average_range":1,"average_gauss":0,"fight_style":"Patchwerk","default_aura_delay":0.03,"default_aura_delay_stddev":0.005,"dbc":{"Live":{"build_level":27481,"wow_version":"8.0.1"},"version_used":"Live"}},"overrides":{"arcane_intellect":1,"battle_shout":1,"power_word_fortitude":1,"chaos_brand":1,"mystic_touch":1,"mortal_wounds":1,"bleeding":1,"bloodlust":1,"bloodlust_percent":25,"bloodlust_time":0.5},"statistics":{"elapsed_cpu_seconds":7448.277400999999,"elapsed_time_seconds":7.970289,"init_time_seconds":2.1043912180000026,"merge_time_seconds":0.005094178000000001,"analyze_time_seconds":0.12232284800000001,"simulation_length":{"sum":199391.22100000002,"count":661,"mean":301.65086384266266,"min":240.362,"max":359.932,"median":303.723,"variance":1179.8295948800996,"std_dev":34.348647642667096,"mean_variance":1.7849161798488649,"mean_std_dev":1.3360075523173007},"raid_dps":{"sum":9154698.057305079,"count":661,"mean":13849.7701320803},"total_dmg":{"sum":2757623648.192717,"count":661,"mean":4171896.593332401},"total_iterations":126425,"total_actors":211,"total_iterations_mean":599.1706161137441,"total_iterations_variance":423831.857819905,"total_iterations_stddev":651.023699891106,"total_mean_dps_stddev":14.607721962069585,"total_mean_dps_variance":213.3855409211301},"player":{"name":"Template","race":"orc","level":120,"role":"attack","specialization":"Beast Mastery Hunter","profile_source":"default","talents":[{"tier":1,"id":22291,"spell_id":273887,"name":"Killer Instinct"},{"tier":2,"id":22290,"spell_id":53209,"name":"Chimaera Shot"},{"tier":4,"id":22269,"spell_id":131894,"name":"A Murder of Crows"},{"tier":6,"id":19357,"spell_id":199530,"name":"Stomp"},{"tier":7,"id":22273,"spell_id":191384,"name":"Aspect of the Beast"}],"party":0,"ready_type":0,"bugs":true,"scale_player":true,"potion_used":false,"timeofday":"DAY_TIME","invert_scaling":0,"reaction_offset":0.1,"reaction_max":1.4000000000000001,"reaction_mean":0.3,"reaction_stddev":0.06,"reaction_nu":0.25,"world_lag":0.1,"brain_lag":0.0,"brain_lag_stddev":0.0,"world_lag_override":false,"world_lag_stddev_override":false,"dbc":{"Live":{"build_level":27481,"wow_version":"8.0.1"},"version_used":"Live"},"base_focus_regen_per_second":10.0,"collected_data":{"fight_length":{"sum":199391.221,"count":661,"mean":301.6508638426626,"min":240.362,"max":359.932},"waiting_time":{"sum":21331.400000000005,"count":661,"mean":32.271406959152806,"min":15.9,"max":45.9},"executed_foreground_actions":{"sum":148092.0,"count":661,"mean":224.04236006051437,"min":176.0,"max":270.0},"dmg":{"sum":1162264521.91939,"count":661,"mean":1758342.6957933283,"min":1333442.2197572594,"max":2133023.4237882853},"compound_dmg":{"sum":2757623648.192717,"count":661,"mean":4171896.593332401,"min":3213221.89757612,"max":5056492.827100693},"timeline_dmg":{"mean":14143.566937847478,"mean_std_dev":5435.9064318487935,"min":3911.1683761253075,"max":54724.178404713486,