{"results":[["Trait","325","340","355","370","385"],["Laser Matrix",347,501,678,853,1080],["Archive of the Titans",233,361,492,639,813],["Relational Normalization Gizmo",270,412,555,705,905],["Synaptic Spark Capacitor",199,346,488,639,839],["Gutripper",100,269,356,505,687],["Sylvanas' Resolve / Anduin's Dedication",226,353,501,658,868],["Swirling Sands",336,423,564,741,897],["Tradewinds",183,334,444,582,735],["Ricocheting Inflatable Pyrosaw",120,211,347,510,687],["Heed My Call",134,259,386,538,728],["Barrage Of Many Bombs",167,312,481,610,812],["Glory in Battle / Liberator's Might",199,349,487,590,780],["Serrated Jaws",192,324,421,570,777],["Latent Poison",346,463,637,839,1056],["Tidal Surge",265,395,568,742,920],["Collective Will / Stand As One",112,199,312,488,627],["Combined Might / Stronger Together",68,164,277,406,544],["Battlefield Focus / Battlefield Precision",303,449,590,734,938],["Retaliatory Fury / Last Gift",109,197,344,470,614],["Blood Rite",252,351,480,628,803],["Unstable Flames",139,210,368,458,639],["Wilderness Survival",566,676,807,985,1183],["Blur of Talons",570,744,877,1060,1274],["Meticulous Scheming",165,280,399,554,711],["Incite the Pack",189,282,429,559,724],["Unstable Catalyst",239,383,533,710,926],["Azerite Globules",103,193,341,466,633],["Earthlink",92,207,331,476,640],["Rezan's Fury",305,439,619,739,965],["Up Close And Personal",118,267,379,522,696],["Dagger in the Back",325,462,634,823,1028],["Secrets of the Deep",229,357,512,660,843],["Blood Siphon",62,198,320,411,577],["Wildfire Cluster",142,233,368,506,694],["Venomous Fangs",240,371,512,723,852],["Thunderous Blast",387,540,724,917,1165],["Champion of Azeroth",340,438,598,781,938],["Overwhelming Power",98,215,362,479,644],["Filthy Transfusion",266,354,548,695,929],["Blightborne Infusion",330,486,603,755,948],["Ruinous Bolt",160,278,441,577,777],["Elemental Whirl",135,251,351,464,641]],"metas":{"build_date":"Aug 28 2018","build_time":"05:59:50","git_revision":"6deede5a59","options":{"debug":false,"max_time":300.0,"expected_iteration_time":267.22700000000003,"vary_combat_length":0.2,"iterations":620,"target_error":0.2,"threads":32,"seed":16366402362325236041,"single_actor_batch":false,"queue_lag":0.005,"queue_lag_stddev":0.001,"gcd_lag":0.15,"gcd_lag_stddev":0.037,"channel_lag":0.25,"channel_lag_stddev":0.062,"queue_gcd_reduction":0.1,"strict_gcd_queue":0,"confidence":0.95,"confidence_estimator":1.9599639854089754,"world_lag":0.1,"world_lag_stddev":0.01,"travel_variance":0.0,"default_skill":1.0,"reaction_time":0.5,"regen_periodicity":0.25,"ignite_sampling_delta":0.2,"fixed_time":true,"optimize_expressions":true,"optimal_raid":1,"log":0,"debug_each":0,"stat_cache":1,"max_aoe_enemies":20,"show_etmi":false,"tmi_window_global":0.0,"tmi_bin_size":0.5,"enemy_death_pct":0.0,"challenge_mode":false,"timewalk":-1,"pvp_crit":false,"rng":{"name":"sse2-sfmt"},"deterministic":0,"average_range":1,"average_gauss":0,"fight_style":"Patchwerk","default_aura_delay":0.03,"default_aura_delay_stddev":0.005,"dbc":{"Live":{"build_level":27404,"wow_version":"8.0.1"},"version_used":"Live"}},"overrides":{"arcane_intellect":1,"battle_shout":1,"power_word_fortitude":1,"chaos_brand":1,"mystic_touch":1,"mortal_wounds":1,"bleeding":1,"bloodlust":1,"bloodlust_percent":25,"bloodlust_time":0.5},"statistics":{"elapsed_cpu_seconds":7216.2575849999985,"elapsed_time_seconds":7.812113,"init_time_seconds":2.9031804720000003,"merge_time_seconds":0.005545528000000002,"analyze_time_seconds":0.10842164,"simulation_length":{"sum":176587.28499999995,"count":588,"mean":300.3185119047618,"min":240.035,"max":359.46,"median":301.51800000000003,"variance":1256.034510219246,"std_dev":35.44057717107956,"mean_variance":2.1361131126177653,"mean_std_dev":1.4615447692827495},"raid_dps":{"sum":7945879.334341812,"count":588,"mean":13513.40022847247},"total_dmg":{"sum":2382526644.1236553,"count":588,"mean":4051916.061434788},"total_iterations":108904,"total_actors":211,"total_iterations_mean":516.1327014218009,"total_iterations_variance":347240.28436018986,"total_iterations_stddev":589.2709770217687,"total_mean_dps_stddev":14.285762346015764,"total_mean_dps_variance":204.0830058068418},"player":{"name":"Template","race":"pandaren","level":120,"role":"attack","specialization":"Survival Hunter","profile_source":"default","talents":[{"tier":1,"id":22275,"spell_id":268501,"name":"Viper's Venom"},{"tier":2,"id":21997,"spell_id":264332,"name":"Guerrilla Tactics"},{"tier":4,"id":22277,"spell_id":260248,"name":"Bloodseeker"},{"tier":6,"id":22271,"spell_id":269751,"name":"Flanking Strike"},{"tier":7,"id":22272,"spell_id":260331,"name":"Birds of Prey"}],"party":0,"ready_type":0,"bugs":true,"scale_player":true,"potion_used":false,"timeofday":"DAY_TIME","invert_scaling":0,"reaction_offset":0.1,"reaction_max":1.4000000000000001,"reaction_mean":0.3,"reaction_stddev":0.06,"reaction_nu":0.25,"world_lag":0.1,"brain_lag":0.0,"brain_lag_stddev":0.0,"world_lag_override":false,"world_lag_stddev_override":false,"dbc":{"Live":{"build_level":27404,"wow_version":"8.0.1"},"version_used":"Live"},"base_focus_regen_per_second":5.0,"collected_data":{"fight_length":{"sum":176587.28499999997,"count":588,"mean":300.31851190476186,"min":240.035,"max":359.46},"waiting_time":{"sum":12532.8,"count":588,"mean":21.314285714285713,"min":6.5,"max":38.1},"executed_foreground_actions":{"sum":145132.0,"count":588,"mean":246.8231292517007,"min":192.0,"max":298.0},"dmg":{"sum":1667288219.5762887,"count":588,"mean":2835524.182952872,"min":2187256.203389345,"max":3460713.941706183},"compound_dmg":{"sum":2382526644.1236553,"count":588,"mean":4051916.061434788,"min":3158995.1798312357,"max":4890684.906793173},"timeline_dmg":{"mean":13765.858620240382,"mean_std_dev":3882.666825004567,"min":2742.8812178718294,"max":29948.119729820304,