{"results":[["Trait","325","340","355","370","385"],["Laser Matrix",370,491,663,875,1104],["Archive of the Titans",223,344,452,625,794],["Relational Normalization Gizmo",259,365,507,656,853],["Synaptic Spark Capacitor",206,338,477,641,814],["Gutripper",100,233,359,501,696],["Sylvanas' Resolve / Anduin's Dedication",224,339,488,652,850],["Swirling Sands",240,361,484,645,815],["Tradewinds",223,348,501,627,798],["Ricocheting Inflatable Pyrosaw",90,221,372,518,687],["Heed My Call",131,237,387,523,693],["Barrage Of Many Bombs",201,292,438,582,797],["Fan of Blades",11,110,220,328,502],["Twist the Knife",171,323,457,610,806],["Meticulous Scheming",180,295,417,570,746],["Poisoned Wire",118,257,375,504,671],["Tidal Surge",281,407,572,744,966],["Collective Will / Stand As One",100,203,303,463,635],["Combined Might / Stronger Together",38,155,265,417,573],["Battlefield Focus / Battlefield Precision",304,434,608,785,980],["Retaliatory Fury / Last Gift",110,230,347,494,665],["Glory in Battle / Liberator's Might",155,278,400,528,705],["Blood Rite",172,309,446,575,749],["Incite the Pack",205,346,446,600,769],["Unstable Flames",82,197,305,449,599],["Unstable Catalyst",230,379,519,687,907],["Azerite Globules",92,203,320,471,640],["Dagger in the Back",332,491,642,820,1039],["Scent of Blood",152,256,401,562,732],["Earthlink",83,216,320,468,635],["Rezan's Fury",276,407,577,753,966],["Double Dose",299,452,607,776,977],["Secrets of the Deep",216,338,488,668,874],["Blood Siphon",94,177,303,441,596],["Ruinous Bolt",182,288,407,563,765],["Sharpened Blades",259,407,592,784,1068],["Overwhelming Power",141,237,368,533,665],["Thunderous Blast",364,539,700,902,1160],["Shrouded Suffocation",324,458,610,803,1025],["Champion of Azeroth",284,382,552,688,859],["Filthy Transfusion",231,361,511,685,895],["Blightborne Infusion",266,406,541,700,870],["Elemental Whirl",72,198,309,469,634]],"metas":{"build_date":"Aug 29 2018","build_time":"06:51:22","git_revision":"744e4aaddc","options":{"debug":false,"max_time":300.0,"expected_iteration_time":345.00100000000003,"vary_combat_length":0.2,"iterations":749,"target_error":0.2,"threads":32,"seed":17825162659673230545,"single_actor_batch":false,"queue_lag":0.005,"queue_lag_stddev":0.001,"gcd_lag":0.15,"gcd_lag_stddev":0.037,"channel_lag":0.25,"channel_lag_stddev":0.062,"queue_gcd_reduction":0.1,"strict_gcd_queue":0,"confidence":0.95,"confidence_estimator":1.9599639854089754,"world_lag":0.1,"world_lag_stddev":0.01,"travel_variance":0.0,"default_skill":1.0,"reaction_time":0.5,"regen_periodicity":0.25,"ignite_sampling_delta":0.2,"fixed_time":true,"optimize_expressions":true,"optimal_raid":1,"log":0,"debug_each":0,"stat_cache":1,"max_aoe_enemies":20,"show_etmi":false,"tmi_window_global":0.0,"tmi_bin_size":0.5,"enemy_death_pct":0.0,"challenge_mode":false,"timewalk":-1,"pvp_crit":false,"rng":{"name":"sse2-sfmt"},"deterministic":0,"average_range":1,"average_gauss":0,"fight_style":"Patchwerk","default_aura_delay":0.03,"default_aura_delay_stddev":0.005,"dbc":{"Live":{"build_level":27481,"wow_version":"8.0.1"},"version_used":"Live"}},"overrides":{"arcane_intellect":1,"battle_shout":1,"power_word_fortitude":1,"chaos_brand":1,"mystic_touch":1,"mortal_wounds":1,"bleeding":1,"bloodlust":1,"bloodlust_percent":25,"bloodlust_time":0.5},"statistics":{"elapsed_cpu_seconds":18553.638080999986,"elapsed_time_seconds":19.723513,"init_time_seconds":3.2290689549999994,"merge_time_seconds":0.005581134999999998,"analyze_time_seconds":0.13325245299999997,"simulation_length":{"sum":215449.338,"count":717,"mean":300.4872217573222,"min":240.35500000000002,"max":359.786,"median":301.779,"variance":1201.362535466863,"std_dev":34.660677077444156,"mean_variance":1.6755404957696833,"mean_std_dev":1.294426705445188},"raid_dps":{"sum":7205379.18106512,"count":717,"mean":10049.343348765857},"total_dmg":{"sum":2161167512.543119,"count":717,"mean":3014180.631161951},"total_iterations":141879,"total_actors":211,"total_iterations_mean":672.4123222748815,"total_iterations_variance":559273.1279620855,"total_iterations_stddev":747.8456578479851,"total_mean_dps_stddev":10.728058082405926,"total_mean_dps_variance":115.09123021947512},"player":{"name":"Template","race":"human","level":120,"role":"attack","specialization":"Assassination Rogue","profile_source":"default","talents":[{"tier":1,"id":22338,"spell_id":193640,"name":"Elaborate Planning"},{"tier":2,"id":22332,"spell_id":108208,"name":"Subterfuge"},{"tier":3,"id":19239,"spell_id":14983,"name":"Vigor"},{"tier":6,"id":22344,"spell_id":200806,"name":"Exsanguinate"},{"tier":7,"id":21186,"spell_id":255544,"name":"Poison Bomb"}],"party":0,"ready_type":1,"bugs":true,"scale_player":true,"potion_used":false,"timeofday":"DAY_TIME","invert_scaling":0,"reaction_offset":0.1,"reaction_max":1.4000000000000001,"reaction_mean":0.3,"reaction_stddev":0.06,"reaction_nu":0.25,"world_lag":0.1,"brain_lag":0.0,"brain_lag_stddev":0.0,"world_lag_override":false,"world_lag_stddev_override":false,"dbc":{"Live":{"build_level":27481,"wow_version":"8.0.1"},"version_used":"Live"},"base_energy_regen_per_second":11.0,"collected_data":{"fight_length":{"sum":215449.33800000002,"count":717,"mean":300.4872217573222,"min":240.35500000000002,"max":359.786},"waiting_time":{"sum":57559.67699999999,"count":717,"mean":80.27848953974893,"min":60.748000000000005,"max":101.407},"executed_foreground_actions":{"sum":141368.0,"count":717,"mean":197.16596931659694,"min":157.0,"max":233.0},"dmg":{"sum":2161167512.543119,"count":717,"mean":3014180.631161951,"min":2338848.8896331545,"max":3653627.156950305},"compound_dmg":{"sum":2161167512.543119,"count":717,"mean":3014180.631161951,"min":2338848.8896331545,"max":3653627.156950305},"timeline_dmg":{"mean":10128.352012536257,"mean_std_dev":4623.440290090898,"min":2705.106452359018,"max":33160.75758529284,