{"results":[["Trait","325","340","355","370","385"],["Laser Matrix",300,439,588,769,983],["Archive of the Titans",171,294,418,554,724],["Relational Normalization Gizmo",213,354,451,624,763],["Synaptic Spark Capacitor",187,316,419,583,759],["Gutripper",101,211,317,450,613],["Sylvanas' Resolve / Anduin's Dedication",198,291,442,568,775],["Swirling Sands",204,327,417,572,725],["Heed My Call",110,216,337,454,617],["Ricocheting Inflatable Pyrosaw",93,205,317,444,600],["Barrage Of Many Bombs",160,265,398,520,711],["Tidal Surge",248,379,510,683,846],["Collective Will / Stand As One",72,184,272,389,551],["Rolling Havoc",16,82,184,292,417],["Combined Might / Stronger Together",59,139,241,357,522],["Battlefield Focus / Battlefield Precision",220,355,469,638,837],["Retaliatory Fury / Last Gift",104,206,291,431,596],["Glory in Battle / Liberator's Might",155,249,357,511,653],["Unstable Flames",88,166,292,410,529],["Blood Rite",174,260,374,503,675],["Crashing Chaos",324,465,623,797,1001],["Accelerant",1,91,180,294,448],["Ruinous Bolt",156,270,386,513,693],["Meticulous Scheming",171,298,394,531,688],["Blood Siphon",155,258,369,486,628],["Earthlink",77,183,274,435,559],["Bursting Flare",176,292,411,513,679],["Incite the Pack",190,282,398,528,678],["Unstable Catalyst",225,344,451,619,814],["Azerite Globules",58,166,291,408,567],["Tradewinds",198,287,421,550,683],["Rezan's Fury",255,366,505,675,861],["Dagger in the Back",296,422,578,728,923],["Secrets of the Deep",204,306,433,593,762],["Thunderous Blast",353,490,642,823,1031],["Flashpoint",156,249,340,459,601],["Filthy Transfusion",215,345,470,644,812],["Chaotic Inferno",199,327,433,595,758],["Blightborne Infusion",265,369,479,629,756],["Champion of Azeroth",259,358,502,608,780],["Elemental Whirl",99,183,298,418,552],["Overwhelming Power",122,225,323,446,591]],"metas":{"build_date":"Aug 29 2018","build_time":"06:51:22","git_revision":"744e4aaddc","options":{"debug":false,"max_time":300.0,"expected_iteration_time":268.75100000000003,"vary_combat_length":0.2,"iterations":1050,"target_error":0.2,"threads":32,"seed":10796695433488037597,"single_actor_batch":false,"queue_lag":0.005,"queue_lag_stddev":0.001,"gcd_lag":0.15,"gcd_lag_stddev":0.037,"channel_lag":0.25,"channel_lag_stddev":0.062,"queue_gcd_reduction":0.1,"strict_gcd_queue":0,"confidence":0.95,"confidence_estimator":1.9599639854089754,"world_lag":0.1,"world_lag_stddev":0.01,"travel_variance":0.0,"default_skill":1.0,"reaction_time":0.5,"regen_periodicity":0.25,"ignite_sampling_delta":0.2,"fixed_time":true,"optimize_expressions":true,"optimal_raid":1,"log":0,"debug_each":0,"stat_cache":1,"max_aoe_enemies":20,"show_etmi":false,"tmi_window_global":0.0,"tmi_bin_size":0.5,"enemy_death_pct":0.0,"challenge_mode":false,"timewalk":-1,"pvp_crit":false,"rng":{"name":"sse2-sfmt"},"deterministic":0,"average_range":1,"average_gauss":0,"fight_style":"Patchwerk","default_aura_delay":0.03,"default_aura_delay_stddev":0.005,"dbc":{"Live":{"build_level":27481,"wow_version":"8.0.1"},"version_used":"Live"}},"overrides":{"arcane_intellect":1,"battle_shout":1,"power_word_fortitude":1,"chaos_brand":1,"mystic_touch":1,"mortal_wounds":1,"bleeding":1,"bloodlust":1,"bloodlust_percent":25,"bloodlust_time":0.5},"statistics":{"elapsed_cpu_seconds":8854.204235999996,"elapsed_time_seconds":9.59992,"init_time_seconds":3.3553814129999995,"merge_time_seconds":0.005757445,"analyze_time_seconds":0.19032164299999996,"simulation_length":{"sum":306460.1209999999,"count":1018,"mean":301.0413762278978,"min":240.018,"max":359.997,"median":301.057,"variance":1190.564045621713,"std_dev":34.5045510856425,"mean_variance":1.1695128149525666,"mean_std_dev":1.0814401578231532},"raid_dps":{"sum":9505301.061863692,"count":1018,"mean":9337.230905563549},"total_dmg":{"sum":2852596319.510575,"count":1018,"mean":2802157.4847844546},"total_iterations":204392,"total_actors":206,"total_iterations_mean":992.1941747572815,"total_iterations_variance":892738.233009708,"total_iterations_stddev":944.8482592510334,"total_mean_dps_stddev":9.946733093357352,"total_mean_dps_variance":98.93749923049032},"player":{"name":"Template","race":"troll","level":120,"role":"spell","specialization":"Destruction Warlock","profile_source":"default","talents":[{"tier":1,"id":22038,"spell_id":267115,"name":"Flashover"},{"tier":2,"id":21695,"spell_id":266134,"name":"Internal Combustion"},{"tier":4,"id":23143,"spell_id":152108,"name":"Cataclysm"},{"tier":6,"id":23156,"spell_id":266086,"name":"Grimoire of Supremacy"},{"tier":7,"id":23092,"spell_id":113858,"name":"Dark Soul: Instability"}],"party":0,"ready_type":0,"bugs":true,"scale_player":true,"potion_used":false,"timeofday":"DAY_TIME","invert_scaling":0,"reaction_offset":0.1,"reaction_max":1.4000000000000001,"reaction_mean":0.3,"reaction_stddev":0.06,"reaction_nu":0.25,"world_lag":0.1,"brain_lag":0.0,"brain_lag_stddev":0.0,"world_lag_override":false,"world_lag_stddev_override":false,"dbc":{"Live":{"build_level":27481,"wow_version":"8.0.1"},"version_used":"Live"},"base_mana_regen_per_second":1000.0,"collected_data":{"fight_length":{"sum":306460.12100000004,"count":1018,"mean":301.0413762278979,"min":240.018,"max":359.997},"executed_foreground_actions":{"sum":212738.0,"count":1018,"mean":208.97642436149312,"min":169.0,"max":249.0},"dmg":{"sum":2327335357.2828813,"count":1018,"mean":2286184.044482202,"min":1839778.6023080735,"max":2727054.1448199837},"compound_dmg":{"sum":2852596319.510575,"count":1018,"mean":2802157.4847844546,"min":2292383.353890744,"max":3312699.821082702},"timeline_dmg":{"mean":9204.406129582,"mean_std_dev":6958.469755209507,"min":0.0,"max":63021.37280466201,