{"results":[["Trait","325","340","355","370","385"],["Laser Matrix",309,474,635,820,1058],["Archive of the Titans",191,334,458,616,799],["Relational Normalization Gizmo",197,325,443,613,776],["Synaptic Spark Capacitor",198,334,470,624,812],["Sylvanas' Resolve / Anduin's Dedication",199,319,467,629,804],["Gutripper",97,210,343,484,681],["Swirling Sands",232,363,495,640,799],["Tradewinds",188,306,409,555,712],["Ricocheting Inflatable Pyrosaw",82,210,345,489,661],["Heed My Call",138,210,349,493,661],["Barrage Of Many Bombs",170,304,408,591,769],["Snake Eyes",172,289,456,579,795],["Tidal Surge",254,405,558,725,945],["Collective Will / Stand As One",69,157,282,429,573],["Combined Might / Stronger Together",48,147,250,388,541],["Battlefield Focus / Battlefield Precision",288,409,545,739,926],["Retaliatory Fury / Last Gift",95,203,307,454,602],["Glory in Battle / Liberator's Might",168,249,380,513,682],["Blood Rite",134,222,361,506,669],["Unstable Flames",79,198,314,447,582],["Meticulous Scheming",139,275,392,551,687],["Incite the Pack",163,273,391,541,706],["Unstable Catalyst",226,344,491,690,868],["Deadshot",194,346,527,702,966],["Azerite Globules",62,175,294,436,626],["Storm of Steel",260,399,564,740,950],["Earthlink",79,205,299,462,621],["Dagger in the Back",292,453,611,784,1000],["Secrets of the Deep",196,341,472,620,839],["Blood Siphon",65,157,272,401,553],["Brigand's Blitz",146,235,358,524,659],["Ruinous Bolt",155,268,426,569,753],["Blightborne Infusion",261,386,522,667,867],["Overwhelming Power",64,146,261,406,552],["Rezan's Fury",272,403,552,748,931],["Paradise Lost",265,415,579,773,971],["Thunderous Blast",372,521,705,878,1137],["Champion of Azeroth",246,363,514,632,818],["Filthy Transfusion",237,372,525,678,905],["Ace Up Your Sleeve",-53,70,168,299,473],["Elemental Whirl",77,175,284,426,593]],"metas":{"build_date":"Aug 27 2018","build_time":"13:50:42","git_revision":"4aa7462e31","options":{"debug":false,"max_time":300.0,"expected_iteration_time":320.75100000000003,"vary_combat_length":0.2,"iterations":1042,"target_error":0.2,"threads":32,"seed":5386918614674569700,"single_actor_batch":false,"queue_lag":0.005,"queue_lag_stddev":0.001,"gcd_lag":0.15,"gcd_lag_stddev":0.037,"channel_lag":0.25,"channel_lag_stddev":0.062,"queue_gcd_reduction":0.1,"strict_gcd_queue":0,"confidence":0.95,"confidence_estimator":1.9599639854089754,"world_lag":0.1,"world_lag_stddev":0.01,"travel_variance":0.0,"default_skill":1.0,"reaction_time":0.5,"regen_periodicity":0.25,"ignite_sampling_delta":0.2,"fixed_time":true,"optimize_expressions":true,"optimal_raid":1,"log":0,"debug_each":0,"stat_cache":1,"max_aoe_enemies":20,"show_etmi":false,"tmi_window_global":0.0,"tmi_bin_size":0.5,"enemy_death_pct":0.0,"challenge_mode":false,"timewalk":-1,"pvp_crit":false,"rng":{"name":"sse2-sfmt"},"deterministic":0,"average_range":1,"average_gauss":0,"fight_style":"Patchwerk","default_aura_delay":0.03,"default_aura_delay_stddev":0.005,"dbc":{"Live":{"build_level":27404,"wow_version":"8.0.1"},"version_used":"Live"}},"overrides":{"arcane_intellect":1,"battle_shout":1,"power_word_fortitude":1,"chaos_brand":1,"mystic_touch":1,"mortal_wounds":1,"bleeding":1,"bloodlust":1,"bloodlust_percent":25,"bloodlust_time":0.5},"statistics":{"elapsed_cpu_seconds":12470.585016999989,"elapsed_time_seconds":13.356549000000001,"init_time_seconds":2.5097280029999993,"merge_time_seconds":0.0052544639999999995,"analyze_time_seconds":0.18828229700000013,"simulation_length":{"sum":302344.5600000001,"count":1010,"mean":299.3510495049506,"min":240.038,"max":359.961,"median":300.682,"variance":1205.9858027223022,"std_dev":34.72730629810354,"mean_variance":1.1940453492300023,"mean_std_dev":1.0927238211140098},"raid_dps":{"sum":9898697.61323757,"count":1010,"mean":9800.69070617581},"total_dmg":{"sum":2961055263.845641,"count":1010,"mean":2931737.8849956845},"total_iterations":207557,"total_actors":206,"total_iterations_mean":1007.5582524271845,"total_iterations_variance":686272.8009708738,"total_iterations_stddev":828.4158381941245,"total_mean_dps_stddev":10.449750918813614,"total_mean_dps_variance":109.19729426524596},"player":{"name":"Template","race":"dwarf","level":120,"role":"attack","specialization":"Outlaw Rogue","profile_source":"default","talents":[{"tier":1,"id":22119,"spell_id":196938,"name":"Quick Draw"},{"tier":2,"id":19238,"spell_id":196922,"name":"Hit and Run"},{"tier":3,"id":19239,"spell_id":14983,"name":"Vigor"},{"tier":6,"id":19250,"spell_id":5171,"name":"Slice and Dice"},{"tier":7,"id":23075,"spell_id":271877,"name":"Blade Rush"}],"party":0,"ready_type":1,"bugs":true,"scale_player":true,"potion_used":false,"timeofday":"DAY_TIME","invert_scaling":0,"reaction_offset":0.1,"reaction_max":1.4000000000000001,"reaction_mean":0.3,"reaction_stddev":0.06,"reaction_nu":0.25,"world_lag":0.1,"brain_lag":0.0,"brain_lag_stddev":0.0,"world_lag_override":false,"world_lag_stddev_override":false,"dbc":{"Live":{"build_level":27404,"wow_version":"8.0.1"},"version_used":"Live"},"base_energy_regen_per_second":14.85,"collected_data":{"fight_length":{"sum":302344.56,"count":1010,"mean":299.3510495049505,"min":240.038,"max":359.961},"waiting_time":{"sum":21018.852,"count":1010,"mean":20.810744554455443,"min":9.456,"max":33.924},"executed_foreground_actions":{"sum":300200.0,"count":1010,"mean":297.2277227722772,"min":231.0,"max":368.0},"dmg":{"sum":2961055263.845641,"count":1010,"mean":2931737.8849956845,"min":2217004.196507567,"max":3751012.1587832463},"compound_dmg":{"sum":2961055263.845641,"count":1010,"mean":2931737.8849956845,"min":2217004.196507567,"max":3751012.1587832463},"timeline_dmg":{"mean":9947.051882304706,"mean_std_dev":2073.96001662059,"min":6353.871749816572,"max":22347.47017819785,