{"results":[["Trait","325","340","355","370","385"],["Laser Matrix",307,500,695,881,1153],["Archive of the Titans",257,395,535,748,913],["Relational Normalization Gizmo",269,451,600,763,980],["Synaptic Spark Capacitor",386,566,729,969,1228],["Swirling Sands",314,454,582,768,976],["Tradewinds",182,295,424,599,786],["Ancestral Resonance",211,341,494,672,842],["Ricocheting Inflatable Pyrosaw",217,337,519,713,901],["Barrage Of Many Bombs",359,518,683,873,1146],["Rumbling Tremors",250,373,566,749,987],["Synapse Shock",235,358,505,715,959],["Tidal Surge",258,438,583,763,1008],["Collective Will / Stand As One",82,241,347,565,739],["On My Way",101,195,353,543,699],["Combined Might / Stronger Together",64,183,313,497,649],["Sylvanas' Resolve / Anduin's Dedication",254,395,588,766,1009],["Battlefield Focus / Battlefield Precision",110,252,380,550,719],["Gutripper",107,250,408,563,755],["Retaliatory Fury / Last Gift",77,237,360,518,710],["Lava Shock",-8,138,252,408,565],["Echo of the Elementals",275,428,560,790,994],["Glory in Battle / Liberator's Might",212,332,462,649,862],["Blood Rite",218,363,487,683,866],["Heed My Call",155,311,429,603,824],["Meticulous Scheming",208,371,498,656,839],["Incite the Pack",129,270,429,582,754],["Natural Harmony",199,291,470,631,813],["Unstable Flames",120,257,376,570,721],["Unstable Catalyst",287,450,626,808,1042],["Azerite Globules",150,304,448,606,828],["Earthlink",111,227,378,592,778],["Rezan's Fury",277,445,617,838,1046],["Igneous Potential",486,649,822,1045,1291],["Filthy Transfusion",259,406,568,773,984],["Thunderous Blast",390,537,742,959,1193],["Secrets of the Deep",273,412,560,785,1014],["Dagger in the Back",319,509,657,866,1109],["Blood Siphon",77,211,332,504,650],["Champion of Azeroth",332,420,602,800,986],["Overwhelming Power",163,273,430,595,792],["Elemental Whirl",123,229,391,515,719],["Blightborne Infusion",370,483,660,804,1030],["Ruinous Bolt",158,319,468,634,844]],"metas":{"build_date":"Aug 29 2018","build_time":"06:51:22","git_revision":"744e4aaddc","options":{"debug":false,"max_time":300.0,"expected_iteration_time":359.21500000000003,"vary_combat_length":0.2,"iterations":535,"target_error":0.2,"threads":32,"seed":4836129305642288921,"single_actor_batch":false,"queue_lag":0.005,"queue_lag_stddev":0.001,"gcd_lag":0.15,"gcd_lag_stddev":0.037,"channel_lag":0.25,"channel_lag_stddev":0.062,"queue_gcd_reduction":0.1,"strict_gcd_queue":0,"confidence":0.95,"confidence_estimator":1.9599639854089754,"world_lag":0.1,"world_lag_stddev":0.01,"travel_variance":0.0,"default_skill":1.0,"reaction_time":0.5,"regen_periodicity":0.25,"ignite_sampling_delta":0.2,"fixed_time":true,"optimize_expressions":true,"optimal_raid":1,"log":0,"debug_each":0,"stat_cache":1,"max_aoe_enemies":20,"show_etmi":false,"tmi_window_global":0.0,"tmi_bin_size":0.5,"enemy_death_pct":0.0,"challenge_mode":false,"timewalk":-1,"pvp_crit":false,"rng":{"name":"sse2-sfmt"},"deterministic":0,"average_range":1,"average_gauss":0,"fight_style":"Patchwerk","default_aura_delay":0.03,"default_aura_delay_stddev":0.005,"dbc":{"Live":{"build_level":27481,"wow_version":"8.0.1"},"version_used":"Live"}},"overrides":{"arcane_intellect":1,"battle_shout":1,"power_word_fortitude":1,"chaos_brand":1,"mystic_touch":1,"mortal_wounds":1,"bleeding":1,"bloodlust":1,"bloodlust_percent":25,"bloodlust_time":0.5},"statistics":{"elapsed_cpu_seconds":7373.690390999999,"elapsed_time_seconds":7.877851000000001,"init_time_seconds":3.0032328039999996,"merge_time_seconds":0.006902113,"analyze_time_seconds":0.11676347800000005,"simulation_length":{"sum":153345.13399999996,"count":503,"mean":304.86110139165004,"min":240.345,"max":359.98900000000003,"median":306.669,"variance":1189.9025931368371,"std_dev":34.4949647504797,"mean_variance":2.36561151717065,"mean_std_dev":1.5380544584541376},"raid_dps":{"sum":6181383.965234221,"count":503,"mean":12289.033728099843},"total_dmg":{"sum":1882876379.7218633,"count":503,"mean":3743293.001435116},"total_iterations":106554,"total_actors":216,"total_iterations_mean":493.30555555555554,"total_iterations_variance":392029.83333333326,"total_iterations_stddev":626.1228580185627,"total_mean_dps_stddev":13.070912837894374,"total_mean_dps_variance":170.84876241583197},"player":{"name":"Template","race":"troll","level":120,"role":"spell","specialization":"Elemental Shaman","profile_source":"default","talents":[{"tier":1,"id":22357,"spell_id":108283,"name":"Echo of the Elements"},{"tier":2,"id":23190,"spell_id":210643,"name":"Totem Mastery"},{"tier":4,"id":19273,"spell_id":192222,"name":"Liquid Magma Totem"},{"tier":6,"id":19266,"spell_id":117013,"name":"Primal Elementalist"},{"tier":7,"id":21675,"spell_id":114050,"name":"Ascendance"}],"party":0,"ready_type":0,"bugs":true,"scale_player":true,"potion_used":false,"timeofday":"DAY_TIME","invert_scaling":0,"reaction_offset":0.1,"reaction_max":1.4000000000000001,"reaction_mean":0.3,"reaction_stddev":0.06,"reaction_nu":0.25,"world_lag":0.1,"brain_lag":0.0,"brain_lag_stddev":0.0,"world_lag_override":false,"world_lag_stddev_override":false,"dbc":{"Live":{"build_level":27481,"wow_version":"8.0.1"},"version_used":"Live"},"base_mana_regen_per_second":640.0,"collected_data":{"fight_length":{"sum":153345.13400000002,"count":503,"mean":304.86110139165015,"min":240.345,"max":359.98900000000003},"executed_foreground_actions":{"sum":121293.0,"count":503,"mean":241.13916500994037,"min":192.0,"max":283.0},"dmg":{"sum":1520226535.4184847,"count":503,"mean":3022319.15590156,"min":2351629.289206069,"max":3651796.914628809},"compound_dmg":{"sum":1882876379.721863,"count":503,"mean":3743293.0014351155,"min":2955690.8924792986,"max":4504170.46370917},"timeline_dmg":{"mean":12774.56602154873,"mean_std_dev":5355.190843689623,"min":5561.367473607572,"max":40209.34472064715,