{"results":[["Trait","325","340","355","370","385"],["Thunderous Blast",308,520,734,987,1286],["Tidal Surge",235,417,622,841,1111],["Azerite Globules",124,316,501,683,953],["Secrets of the Deep",293,489,702,937,1212],["Gutripper",117,272,447,655,912],["Unstable Flames",110,283,480,641,876],["Blood Rite",278,439,594,836,1080],["Heed My Call",153,310,510,699,942],["Filthy Transfusion",218,395,573,790,1060],["Relational Normalization Gizmo",343,516,687,939,1204],["Synaptic Spark Capacitor",501,693,951,1201,1533],["Sylvanas' Resolve / Anduin's Dedication",313,482,714,938,1202],["Feeding Frenzy",326,454,643,835,1055],["Swirling Sands",342,504,694,934,1191],["Meticulous Scheming",97,188,421,594,811],["Ricocheting Inflatable Pyrosaw",214,372,560,785,1064],["Laser Matrix",297,490,707,928,1230],["Tradewinds",317,482,696,941,1123],["Collective Will / Stand As One",121,265,415,617,869],["Barrage Of Many Bombs",358,554,770,1041,1329],["Serrated Jaws",152,321,490,709,948],["Primal Instincts",467,677,830,1078,1324],["Overwhelming Power",124,281,435,641,861],["Unstable Catalyst",323,518,738,1010,1272],["Rapid Reload",168,320,486,697,936],["Pack Alpha",-4,139,316,466,715],["Dance of Death",146,303,503,743,963],["Haze of Rage",338,475,738,972,1269],["Dagger in the Back",342,521,703,972,1260],["Incite the Pack",302,459,649,858,1134],["Combined Might / Stronger Together",72,226,389,560,822],["Battlefield Focus / Battlefield Precision",122,273,453,649,922],["Retaliatory Fury / Last Gift",164,343,491,708,932],["Glory in Battle / Liberator's Might",272,421,630,823,1048],["Ruinous Bolt",170,320,478,685,949],["Blood Siphon",105,255,402,632,857],["Blightborne Infusion",428,559,788,995,1251],["Champion of Azeroth",444,616,823,1051,1297],["Earthlink",120,251,457,625,876],["Rezan's Fury",243,427,627,839,1111],["Elemental Whirl",126,308,433,656,877]],"metas":{"build_date":"Aug 23 2018","build_time":"08:35:52","git_revision":"0f9699d9e7","options":{"debug":false,"max_time":300.0,"expected_iteration_time":255.04500000000002,"vary_combat_length":0.2,"iterations":1062,"target_error":0.2,"threads":32,"seed":1775087825256972637,"single_actor_batch":false,"queue_lag":0.005,"queue_lag_stddev":0.001,"gcd_lag":0.15,"gcd_lag_stddev":0.037,"channel_lag":0.25,"channel_lag_stddev":0.062,"queue_gcd_reduction":0.1,"strict_gcd_queue":0,"confidence":0.95,"confidence_estimator":1.9599639854089754,"world_lag":0.1,"world_lag_stddev":0.01,"travel_variance":0.0,"default_skill":1.0,"reaction_time":0.5,"regen_periodicity":0.25,"ignite_sampling_delta":0.2,"fixed_time":true,"optimize_expressions":true,"optimal_raid":1,"log":0,"debug_each":0,"stat_cache":1,"max_aoe_enemies":20,"show_etmi":false,"tmi_window_global":0.0,"tmi_bin_size":0.5,"enemy_death_pct":0.0,"challenge_mode":false,"timewalk":-1,"pvp_crit":false,"rng":{"name":"sse2-sfmt"},"deterministic":0,"average_range":1,"average_gauss":0,"fight_style":"Patchwerk","default_aura_delay":0.03,"default_aura_delay_stddev":0.005,"dbc":{"Live":{"build_level":27404,"wow_version":"8.0.1"},"version_used":"Live"}},"overrides":{"arcane_intellect":1,"battle_shout":1,"power_word_fortitude":1,"chaos_brand":1,"mystic_touch":1,"mortal_wounds":1,"bleeding":1,"bloodlust":1,"bloodlust_percent":25,"bloodlust_time":0.5},"statistics":{"elapsed_cpu_seconds":18361.951949999995,"elapsed_time_seconds":19.462474999999998,"init_time_seconds":2.3083110070000004,"merge_time_seconds":0.006436192999999999,"analyze_time_seconds":0.187730964,"simulation_length":{"sum":306776.881,"count":1030,"mean":297.841632038835,"min":240.149,"max":359.916,"median":295.447,"variance":1221.2128490597502,"std_dev":34.94585596404458,"mean_variance":1.1856435427764564,"mean_std_dev":1.0888726017199883},"raid_dps":{"sum":14475793.142183615,"count":1030,"mean":14054.168099207393},"total_dmg":{"sum":4308447628.987053,"count":1030,"mean":4182958.863094226},"total_iterations":203481,"total_actors":206,"total_iterations_mean":987.7718446601941,"total_iterations_variance":1138470.2766990296,"total_iterations_stddev":1066.991226158411,"total_mean_dps_stddev":14.963251927820949,"total_mean_dps_variance":223.89890825543733},"player":{"name":"Template","race":"orc","level":120,"role":"attack","specialization":"Beast Mastery Hunter","profile_source":"default","talents":[{"tier":1,"id":22291,"spell_id":273887,"name":"Killer Instinct"},{"tier":2,"id":22290,"spell_id":53209,"name":"Chimaera Shot"},{"tier":4,"id":22269,"spell_id":131894,"name":"A Murder of Crows"},{"tier":6,"id":19357,"spell_id":199530,"name":"Stomp"},{"tier":7,"id":22273,"spell_id":191384,"name":"Aspect of the Beast"}],"party":0,"ready_type":0,"bugs":true,"scale_player":true,"potion_used":false,"timeofday":"DAY_TIME","invert_scaling":0,"reaction_offset":0.1,"reaction_max":1.4000000000000001,"reaction_mean":0.3,"reaction_stddev":0.06,"reaction_nu":0.25,"world_lag":0.1,"brain_lag":0.0,"brain_lag_stddev":0.0,"world_lag_override":false,"world_lag_stddev_override":false,"dbc":{"Live":{"build_level":27404,"wow_version":"8.0.1"},"version_used":"Live"},"base_focus_regen_per_second":10.0,"collected_data":{"fight_length":{"sum":306776.88100000005,"count":1030,"mean":297.84163203883503,"min":240.149,"max":359.916},"waiting_time":{"sum":40847.700000000004,"count":1030,"mean":39.65796116504855,"min":24.0,"max":54.7},"executed_foreground_actions":{"sum":233373.0,"count":1030,"mean":226.57572815533982,"min":181.0,"max":271.0},"dmg":{"sum":1321487473.7628322,"count":1030,"mean":1282997.5473425556,"min":952838.8212843694,"max":1614935.480378502},"compound_dmg":{"sum":4308447628.987053,"count":1030,"mean":4182958.863094226,"min":3191278.878715836,"max":5183940.82619302},"timeline_dmg":{"mean":14130.37364178244,"mean_std_dev":7321.178620751296,"min":1856.8294055849262,"max":49995.38381576356,