{"results":[["Trait","325","340","355","370","385"],["Thunderous Blast",343,481,645,812,1013],["Azerite Globules",51,151,253,383,508],["Tidal Surge",275,400,531,694,876],["Secrets of the Deep",159,243,359,527,685],["Gutripper",72,184,295,414,570],["Unstable Flames",34,123,226,356,477],["Blood Rite",95,201,308,422,548],["Heed My Call",89,207,319,444,572],["Filthy Transfusion",191,326,459,597,785],["Relational Normalization Gizmo",148,265,371,516,659],["Synaptic Spark Capacitor",191,291,432,571,770],["Flames of Alacrity",156,261,373,494,648],["Sylvanas' Resolve / Anduin's Dedication",171,275,388,551,696],["Swirling Sands",138,244,350,473,620],["Meticulous Scheming",88,166,277,404,530],["Ricocheting Inflatable Pyrosaw",83,172,286,402,573],["Laser Matrix",306,442,597,754,961],["Tradewinds",146,246,347,485,619],["Collective Will / Stand As One",29,123,215,345,489],["Barrage Of Many Bombs",144,244,396,521,676],["Preheat",79,184,325,477,637],["Blood Siphon",36,125,233,341,457],["Firemind",110,232,344,463,618],["Incite the Pack",144,235,338,449,597],["Combined Might / Stronger Together",3,95,196,308,433],["Blaster Master",232,330,452,591,739],["Duplicative Incineration",567,689,875,1067,1278],["Battlefield Focus / Battlefield Precision",22,99,209,319,438],["Blightborne Infusion",163,276,373,501,645],["Trailing Embers",53,151,264,383,532],["Retaliatory Fury / Last Gift",72,163,258,394,524],["Glory in Battle / Liberator's Might",96,192,283,414,564],["Ruinous Bolt",147,251,393,507,683],["Overwhelming Power",13,117,217,322,441],["Unstable Catalyst",189,287,420,542,756],["Champion of Azeroth",173,272,407,508,679],["Dagger in the Back",335,481,613,805,967],["Earthlink",54,116,243,360,521],["Rezan's Fury",240,371,499,668,845],["Elemental Whirl",47,131,232,377,472]],"metas":{"build_date":"Aug 18 2018","build_time":"08:59:09","git_revision":"7948886e6d","options":{"debug":false,"max_time":300.0,"expected_iteration_time":333.21500000000003,"vary_combat_length":0.2,"iterations":959,"target_error":0.2,"threads":32,"seed":8490537444435857303,"single_actor_batch":false,"queue_lag":0.005,"queue_lag_stddev":0.001,"gcd_lag":0.15,"gcd_lag_stddev":0.037,"channel_lag":0.25,"channel_lag_stddev":0.062,"queue_gcd_reduction":0.1,"strict_gcd_queue":0,"confidence":0.95,"confidence_estimator":1.9599639854089754,"world_lag":0.1,"world_lag_stddev":0.01,"travel_variance":0.0,"default_skill":1.0,"reaction_time":0.5,"regen_periodicity":0.25,"ignite_sampling_delta":0.2,"fixed_time":true,"optimize_expressions":true,"optimal_raid":1,"log":0,"debug_each":0,"stat_cache":1,"max_aoe_enemies":20,"show_etmi":false,"tmi_window_global":0.0,"tmi_bin_size":0.5,"enemy_death_pct":0.0,"challenge_mode":false,"timewalk":-1,"pvp_crit":false,"rng":{"name":"sse2-sfmt"},"deterministic":0,"average_range":1,"average_gauss":0,"fight_style":"Patchwerk","default_aura_delay":0.03,"default_aura_delay_stddev":0.005,"dbc":{"bfa-BETA":{"build_level":26095,"wow_version":"8.0.1"},"version_used":"bfa-BETA"}},"overrides":{"arcane_intellect":1,"battle_shout":1,"power_word_fortitude":1,"chaos_brand":1,"mystic_touch":1,"mortal_wounds":1,"bleeding":1,"bloodlust":1,"bloodlust_percent":25,"bloodlust_time":0.5},"statistics":{"elapsed_cpu_seconds":8124.680300000004,"elapsed_time_seconds":8.766097,"init_time_seconds":2.9389712290000007,"merge_time_seconds":0.004607346000000001,"analyze_time_seconds":0.174410361,"simulation_length":{"sum":276257.5380000001,"count":927,"mean":298.01244660194186,"min":240.11100000000002,"max":359.75100000000003,"median":298.124,"variance":1151.9913044995753,"std_dev":33.94099739989347,"mean_variance":1.242709066342584,"mean_std_dev":1.1147686156071062},"raid_dps":{"sum":8633886.797192642,"count":927,"mean":9313.793740229388},"total_dmg":{"sum":2569852609.684402,"count":927,"mean":2772225.0374157517},"total_iterations":187910,"total_actors":201,"total_iterations_mean":934.8756218905472,"total_iterations_variance":648631.890547264,"total_iterations_stddev":805.3768624360052,"total_mean_dps_stddev":9.885553978849916,"total_mean_dps_variance":97.72417746875541},"player":{"name":"Template","race":"dark_iron_dwarf","level":120,"role":"spell","specialization":"Fire Mage","profile_source":"default","talents":[{"tier":1,"id":22456,"spell_id":205026,"name":"Firestarter"},{"tier":3,"id":22447,"spell_id":116011,"name":"Rune of Power"},{"tier":4,"id":22450,"spell_id":205029,"name":"Flame On"},{"tier":6,"id":23362,"spell_id":205023,"name":"Conflagration"},{"tier":7,"id":21633,"spell_id":153561,"name":"Meteor"}],"party":0,"ready_type":0,"bugs":true,"scale_player":true,"potion_used":false,"timeofday":"DAY_TIME","invert_scaling":0,"reaction_offset":0.1,"reaction_max":1.4000000000000001,"reaction_mean":0.3,"reaction_stddev":0.06,"reaction_nu":0.25,"world_lag":0.1,"brain_lag":0.0,"brain_lag_stddev":0.0,"world_lag_override":false,"world_lag_stddev_override":false,"dbc":{"bfa-BETA":{"build_level":26095,"wow_version":"8.0.1"},"version_used":"bfa-BETA"},"base_mana_regen_per_second":2000.0,"collected_data":{"fight_length":{"sum":276257.538,"count":927,"mean":298.01244660194175,"min":240.11100000000002,"max":359.75100000000003},"executed_foreground_actions":{"sum":206452.0,"count":927,"mean":222.70981661272924,"min":179.0,"max":268.0},"dmg":{"sum":2569852609.684402,"count":927,"mean":2772225.0374157517,"min":2163327.6161695076,"max":3365894.3051180686},"compound_dmg":{"sum":2569852609.684402,"count":927,"mean":2772225.0374157517,"min":2163327.6161695076,"max":3365894.3051180686},"timeline_dmg":{"mean":9248.747046441538,"mean_std_dev":7936.769025874484,"min":2107.169700764532,"max":73635.35644834065,