{"results":[["Trait","325","340","355","370","385"],["Thunderous Blast",345,462,646,810,1023],["Dagger in the Back",336,477,626,800,1023],["Unstable Flames",78,159,293,421,560],["Secrets of the Deep",206,308,441,582,742],["Gutripper",87,198,324,445,612],["Blood Rite",168,269,375,504,668],["Heed My Call",106,216,337,471,627],["Tidal Surge",238,362,520,678,866],["Filthy Transfusion",230,339,484,644,837],["Relational Normalization Gizmo",217,329,456,594,773],["Synaptic Spark Capacitor",195,311,433,598,747],["Sylvanas' Resolve / Anduin's Dedication",183,307,420,581,752],["Swirling Sands",221,290,441,559,738],["Meticulous Scheming",173,272,384,521,679],["Ricocheting Inflatable Pyrosaw",104,190,306,457,594],["Collective Will / Stand As One",65,166,270,397,549],["Barrage Of Many Bombs",154,257,397,544,703],["Crashing Chaos",312,458,602,800,982],["Ruinous Bolt",145,271,397,533,681],["Accelerant",4,104,211,322,432],["Rolling Havoc",11,91,191,288,441],["Laser Matrix",327,436,603,750,986],["Tradewinds",195,280,413,544,693],["Azerite Globules",79,174,273,420,564],["Blood Siphon",122,255,361,466,622],["Earthlink",75,167,288,422,569],["Bursting Flare",185,288,405,527,688],["Incite the Pack",194,283,407,515,676],["Combined Might / Stronger Together",52,152,251,362,497],["Battlefield Focus / Battlefield Precision",27,116,212,326,473],["Retaliatory Fury / Last Gift",102,201,314,438,569],["Glory in Battle / Liberator's Might",148,259,380,485,662],["Unstable Catalyst",206,332,475,623,787],["Overwhelming Power",115,207,321,454,598],["Champion of Azeroth",258,370,497,628,784],["Chaotic Inferno",176,301,411,574,702],["Blightborne Infusion",252,347,487,612,788],["Rezan's Fury",247,354,509,684,850],["Elemental Whirl",92,177,262,416,547],["Flashpoint",142,238,343,458,596]],"metas":{"build_date":"Aug 20 2018","build_time":"15:55:45","git_revision":"04f3f715c8","options":{"debug":false,"max_time":300.0,"expected_iteration_time":325.20300000000003,"vary_combat_length":0.2,"iterations":1124,"target_error":0.2,"threads":32,"seed":11421315220804550631,"single_actor_batch":false,"queue_lag":0.005,"queue_lag_stddev":0.001,"gcd_lag":0.15,"gcd_lag_stddev":0.037,"channel_lag":0.25,"channel_lag_stddev":0.062,"queue_gcd_reduction":0.1,"strict_gcd_queue":0,"confidence":0.95,"confidence_estimator":1.9599639854089754,"world_lag":0.1,"world_lag_stddev":0.01,"travel_variance":0.0,"default_skill":1.0,"reaction_time":0.5,"regen_periodicity":0.25,"ignite_sampling_delta":0.2,"fixed_time":true,"optimize_expressions":true,"optimal_raid":1,"log":0,"debug_each":0,"stat_cache":1,"max_aoe_enemies":20,"show_etmi":false,"tmi_window_global":0.0,"tmi_bin_size":0.5,"enemy_death_pct":0.0,"challenge_mode":false,"timewalk":-1,"pvp_crit":false,"rng":{"name":"sse2-sfmt"},"deterministic":0,"average_range":1,"average_gauss":0,"fight_style":"Patchwerk","default_aura_delay":0.03,"default_aura_delay_stddev":0.005,"dbc":{"bfa-BETA":{"build_level":26095,"wow_version":"8.0.1"},"version_used":"bfa-BETA"}},"overrides":{"arcane_intellect":1,"battle_shout":1,"power_word_fortitude":1,"chaos_brand":1,"mystic_touch":1,"mortal_wounds":1,"bleeding":1,"bloodlust":1,"bloodlust_percent":25,"bloodlust_time":0.5},"statistics":{"elapsed_cpu_seconds":8421.446891,"elapsed_time_seconds":9.044921,"init_time_seconds":3.2605748219999997,"merge_time_seconds":0.005392818000000002,"analyze_time_seconds":0.18030986899999996,"simulation_length":{"sum":327810.596,"count":1092,"mean":300.1928534798535,"min":240.008,"max":359.985,"median":300.891,"variance":1227.6754724345758,"std_dev":35.038200188288435,"mean_variance":1.1242449381269009,"mean_std_dev":1.060304172455669},"raid_dps":{"sum":10198529.227798015,"count":1092,"mean":9339.312479668512},"total_dmg":{"sum":3051681760.0499578,"count":1092,"mean":2794580.3663461152},"total_iterations":199669,"total_actors":201,"total_iterations_mean":993.3781094527363,"total_iterations_variance":875423.2636815922,"total_iterations_stddev":935.6405632942558,"total_mean_dps_stddev":9.940671594587773,"total_mean_dps_variance":98.81695175144421},"player":{"name":"Template","race":"troll","level":120,"role":"spell","specialization":"Destruction Warlock","profile_source":"default","talents":[{"tier":1,"id":22038,"spell_id":267115,"name":"Flashover"},{"tier":2,"id":21695,"spell_id":266134,"name":"Internal Combustion"},{"tier":4,"id":23143,"spell_id":152108,"name":"Cataclysm"},{"tier":6,"id":23156,"spell_id":266086,"name":"Grimoire of Supremacy"},{"tier":7,"id":23092,"spell_id":113858,"name":"Dark Soul: Instability"}],"party":0,"ready_type":0,"bugs":true,"scale_player":true,"potion_used":false,"timeofday":"DAY_TIME","invert_scaling":0,"reaction_offset":0.1,"reaction_max":1.4000000000000001,"reaction_mean":0.3,"reaction_stddev":0.06,"reaction_nu":0.25,"world_lag":0.1,"brain_lag":0.0,"brain_lag_stddev":0.0,"world_lag_override":false,"world_lag_stddev_override":false,"dbc":{"bfa-BETA":{"build_level":26095,"wow_version":"8.0.1"},"version_used":"bfa-BETA"},"base_mana_regen_per_second":1000.0,"collected_data":{"fight_length":{"sum":327810.596,"count":1092,"mean":300.1928534798535,"min":240.008,"max":359.985},"executed_foreground_actions":{"sum":227605.0,"count":1092,"mean":208.42948717948718,"min":169.0,"max":248.0},"dmg":{"sum":2488544900.5016727,"count":1092,"mean":2278887.271521678,"min":1845106.9450540997,"max":2718253.6040387494},"compound_dmg":{"sum":3051681760.0499578,"count":1092,"mean":2794580.3663461152,"min":2321059.145967801,"max":3290507.9212294538},"timeline_dmg":{"mean":9197.002295091343,"mean_std_dev":6911.959202454891,"min":0.0,"max":63368.9305171245,