{"results":[["Trait","325","340","355","370","385"],["Thunderous Blast",370,589,751,1009,1317],["Tidal Surge",271,424,617,852,1096],["Azerite Globules",78,272,427,647,862],["Secrets of the Deep",276,449,697,905,1174],["Filthy Transfusion",187,402,573,818,1083],["Blood Rite",229,406,592,790,1043],["Relational Normalization Gizmo",295,491,690,899,1160],["Synaptic Spark Capacitor",474,696,930,1199,1537],["Gutripper",91,257,406,648,856],["Sylvanas' Resolve / Anduin's Dedication",275,446,647,923,1173],["Swirling Sands",470,705,872,1080,1343],["Meticulous Scheming",280,478,635,794,1063],["Ricocheting Inflatable Pyrosaw",227,399,612,815,1090],["Laser Matrix",337,537,727,968,1275],["Tradewinds",333,555,688,885,1144],["Heed My Call",169,337,508,691,1005],["Collective Will / Stand As One",87,225,397,621,836],["Barrage Of Many Bombs",466,608,900,1153,1442],["Dagger in the Back",322,486,711,962,1250],["Unstable Flames",177,315,486,665,920],["Shrouded Suffocation",569,724,990,1262,1583],["Fan of Blades",147,297,508,686,969],["Twist the Knife",214,376,605,818,1021],["Scent of Blood",288,473,664,900,1176],["Sharpened Blades",-155,-8,214,396,676],["Poisoned Wire",121,216,416,615,850],["Double Dose",-18,140,288,496,714],["Overwhelming Power",234,352,530,746,969],["Unstable Catalyst",343,492,702,948,1259],["Earthlink",68,261,433,617,916],["Incite the Pack",320,492,665,861,1136],["Combined Might / Stronger Together",29,218,341,552,751],["Battlefield Focus / Battlefield Precision",27,144,300,484,737],["Retaliatory Fury / Last Gift",157,339,497,696,916],["Glory in Battle / Liberator's Might",320,452,677,843,1129],["Ruinous Bolt",154,261,476,681,955],["Blood Siphon",121,268,398,603,850],["Champion of Azeroth",476,676,871,1084,1337],["Blightborne Infusion",583,747,935,1175,1460],["Rezan's Fury",241,429,582,834,1124],["Elemental Whirl",119,318,453,629,879]],"metas":{"build_date":"Aug 19 2018","build_time":"09:20:42","git_revision":"eba9238d5c","options":{"debug":false,"max_time":300.0,"expected_iteration_time":267.25100000000003,"vary_combat_length":0.2,"iterations":1032,"target_error":0.2,"threads":32,"seed":12722632479876933261,"single_actor_batch":false,"queue_lag":0.005,"queue_lag_stddev":0.001,"gcd_lag":0.15,"gcd_lag_stddev":0.037,"channel_lag":0.25,"channel_lag_stddev":0.062,"queue_gcd_reduction":0.1,"strict_gcd_queue":0,"confidence":0.95,"confidence_estimator":1.9599639854089754,"world_lag":0.1,"world_lag_stddev":0.01,"travel_variance":0.0,"default_skill":1.0,"reaction_time":0.5,"regen_periodicity":0.25,"ignite_sampling_delta":0.2,"fixed_time":true,"optimize_expressions":true,"optimal_raid":1,"log":0,"debug_each":0,"stat_cache":1,"max_aoe_enemies":20,"show_etmi":false,"tmi_window_global":0.0,"tmi_bin_size":0.5,"enemy_death_pct":0.0,"challenge_mode":false,"timewalk":-1,"pvp_crit":false,"rng":{"name":"sse2-sfmt"},"deterministic":0,"average_range":1,"average_gauss":0,"fight_style":"Patchwerk","default_aura_delay":0.03,"default_aura_delay_stddev":0.005,"dbc":{"bfa-BETA":{"build_level":26095,"wow_version":"8.0.1"},"version_used":"bfa-BETA"}},"overrides":{"arcane_intellect":1,"battle_shout":1,"power_word_fortitude":1,"chaos_brand":1,"mystic_touch":1,"mortal_wounds":1,"bleeding":1,"bloodlust":1,"bloodlust_percent":25,"bloodlust_time":0.5},"statistics":{"elapsed_cpu_seconds":36188.792115,"elapsed_time_seconds":38.639359000000006,"init_time_seconds":3.270087928999999,"merge_time_seconds":0.007963098,"analyze_time_seconds":0.196102251,"simulation_length":{"sum":300904.2399999999,"count":1000,"mean":300.9042399999999,"min":240.034,"max":359.874,"median":301.22,"variance":1177.6842117804003,"std_dev":34.31740391959159,"mean_variance":1.1776842117804003,"mean_std_dev":1.0852115976989927},"raid_dps":{"sum":17929584.55565018,"count":1000,"mean":17929.584555650177},"total_dmg":{"sum":5388998772.004353,"count":1000,"mean":5388998.772004353},"total_iterations":200336,"total_actors":206,"total_iterations_mean":972.504854368932,"total_iterations_variance":641427.4951456314,"total_iterations_stddev":800.8916875243689,"total_mean_dps_stddev":18.92027607018008,"total_mean_dps_variance":357.97684657182896},"player":{"name":"Template","race":"troll","level":120,"role":"attack","specialization":"Assassination Rogue","profile_source":"default","talents":[{"tier":1,"id":22338,"spell_id":193640,"name":"Elaborate Planning"},{"tier":2,"id":22332,"spell_id":108208,"name":"Subterfuge"},{"tier":3,"id":19239,"spell_id":14983,"name":"Vigor"},{"tier":6,"id":23015,"spell_id":245388,"name":"Toxic Blade"},{"tier":7,"id":21186,"spell_id":255544,"name":"Poison Bomb"}],"party":0,"ready_type":1,"bugs":true,"scale_player":true,"potion_used":false,"timeofday":"DAY_TIME","invert_scaling":0,"reaction_offset":0.1,"reaction_max":1.4000000000000001,"reaction_mean":0.3,"reaction_stddev":0.06,"reaction_nu":0.25,"world_lag":0.1,"brain_lag":0.0,"brain_lag_stddev":0.0,"world_lag_override":false,"world_lag_stddev_override":false,"dbc":{"bfa-BETA":{"build_level":26095,"wow_version":"8.0.1"},"version_used":"bfa-BETA"},"base_energy_regen_per_second":11.0,"collected_data":{"fight_length":{"sum":300904.24000000005,"count":1000,"mean":300.9042400000001,"min":240.034,"max":359.874},"waiting_time":{"sum":47221.01,"count":1000,"mean":47.22101,"min":31.677,"max":67.339},"executed_foreground_actions":{"sum":242844.0,"count":1000,"mean":242.844,"min":187.0,"max":298.0},"dmg":{"sum":5388998772.004353,"count":1000,"mean":5388998.772004353,"min":4060689.4427305204,"max":6736913.116348857},"compound_dmg":{"sum":5388998772.004353,"count":1000,"mean":5388998.772004353,"min":4060689.4427305204,"max":6736913.116348857},"timeline_dmg":{"mean":17932.542678726368,"mean_std_dev":7492.83726445189,"min":3398.550628873086,"max":43921.31193626396,