{"results":[["Trait","325","340","355","370","385"],["Laser Matrix",342,514,684,991,1270],["Archive of the Titans",341,500,743,956,1226],["Relational Normalization Gizmo",404,565,782,1054,1327],["Synaptic Spark Capacitor",508,715,999,1241,1639],["Gutripper",160,342,473,705,905],["Sylvanas' Resolve / Anduin's Dedication",346,509,798,1026,1322],["Swirling Sands",459,670,828,1061,1337],["Tradewinds",271,431,602,809,1087],["Ricocheting Inflatable Pyrosaw",220,387,591,839,1110],["Heed My Call",159,391,531,733,1068],["Barrage Of Many Bombs",378,639,823,1103,1418],["Collective Will / Stand As One",119,260,441,644,924],["Combined Might / Stronger Together",56,245,392,638,878],["Battlefield Focus / Battlefield Precision",91,293,484,660,942],["Retaliatory Fury / Last Gift",179,305,465,681,909],["Tunnel of Ice",177,328,523,757,1055],["Glory in Battle / Liberator's Might",208,385,562,783,1031],["Blood Rite",366,504,727,923,1243],["Unstable Flames",171,340,492,750,960],["Meticulous Scheming",388,542,771,1016,1299],["Winter's Reach",45,254,416,627,878],["Azerite Globules",122,299,484,725,949],["Incite the Pack",211,410,617,795,1098],["Tidal Surge",260,416,663,903,1194],["Unstable Catalyst",408,596,780,1102,1375],["Packed Ice",140,311,493,740,1024],["Glacial Assault",115,325,510,747,962],["Rezan's Fury",193,390,660,880,1187],["Earthlink",145,353,511,711,1008],["Dagger in the Back",276,507,700,957,1295],["Secrets of the Deep",356,546,755,1025,1322],["Blood Siphon",57,260,482,651,847],["Thunderous Blast",347,587,776,1054,1363],["Champion of Azeroth",382,549,851,1085,1339],["Overwhelming Power",-48,105,249,489,733],["Frigid Grasp",-405,-189,-22,185,400],["Filthy Transfusion",221,354,612,834,1090],["Ruinous Bolt",166,336,528,724,1023],["Elemental Whirl",127,277,426,659,948],["Whiteout",-100,53,276,492,770],["Blightborne Infusion",467,685,883,1111,1369]],"metas":{"build_date":"Aug 24 2018","build_time":"06:29:59","git_revision":"d11d257b76","options":{"debug":false,"max_time":300.0,"expected_iteration_time":273.34000000000003,"vary_combat_length":0.2,"iterations":2043,"target_error":0.2,"threads":32,"seed":11759990117223024248,"single_actor_batch":false,"queue_lag":0.005,"queue_lag_stddev":0.001,"gcd_lag":0.15,"gcd_lag_stddev":0.037,"channel_lag":0.25,"channel_lag_stddev":0.062,"queue_gcd_reduction":0.1,"strict_gcd_queue":0,"confidence":0.95,"confidence_estimator":1.9599639854089754,"world_lag":0.1,"world_lag_stddev":0.01,"travel_variance":0.0,"default_skill":1.0,"reaction_time":0.5,"regen_periodicity":0.25,"ignite_sampling_delta":0.2,"fixed_time":true,"optimize_expressions":true,"optimal_raid":1,"log":0,"debug_each":0,"stat_cache":1,"max_aoe_enemies":20,"show_etmi":false,"tmi_window_global":0.0,"tmi_bin_size":0.5,"enemy_death_pct":0.0,"challenge_mode":false,"timewalk":-1,"pvp_crit":false,"rng":{"name":"sse2-sfmt"},"deterministic":0,"average_range":1,"average_gauss":0,"fight_style":"Patchwerk","default_aura_delay":0.03,"default_aura_delay_stddev":0.005,"dbc":{"Live":{"build_level":27404,"wow_version":"8.0.1"},"version_used":"Live"}},"overrides":{"arcane_intellect":1,"battle_shout":1,"power_word_fortitude":1,"chaos_brand":1,"mystic_touch":1,"mortal_wounds":1,"bleeding":1,"bloodlust":1,"bloodlust_percent":25,"bloodlust_time":0.5},"statistics":{"elapsed_cpu_seconds":30807.981712000023,"elapsed_time_seconds":32.739078000000006,"init_time_seconds":2.845954758999999,"merge_time_seconds":0.006316674,"analyze_time_seconds":0.34684309399999996,"simulation_length":{"sum":606142.6870000002,"count":2011,"mean":301.41356887120844,"min":240.05100000000002,"max":359.983,"median":301.984,"variance":1225.1736237111945,"std_dev":35.00248025085072,"mean_variance":0.6092360137798083,"mean_std_dev":0.7805357222957885},"raid_dps":{"sum":41485192.73649731,"count":2011,"mean":20629.136119590905},"total_dmg":{"sum":12470063629.501865,"count":2011,"mean":6200926.717803016},"total_iterations":386978,"total_actors":206,"total_iterations_mean":1878.5339805825242,"total_iterations_variance":2274027.262135921,"total_iterations_stddev":1507.9878189613871,"total_mean_dps_stddev":21.680380137160267,"total_mean_dps_variance":470.0388828917734},"player":{"name":"Template","race":"pandaren","level":120,"role":"spell","specialization":"Frost Mage","profile_source":"default","talents":[{"tier":1,"id":22457,"spell_id":205027,"name":"Bone Chilling"},{"tier":3,"id":22444,"spell_id":1463,"name":"Incanter's Flow"},{"tier":4,"id":22469,"spell_id":257537,"name":"Ebonbolt"},{"tier":6,"id":22473,"spell_id":153595,"name":"Comet Storm"},{"tier":7,"id":21634,"spell_id":199786,"name":"Glacial Spike"}],"party":0,"ready_type":0,"bugs":true,"scale_player":true,"potion_used":false,"timeofday":"DAY_TIME","invert_scaling":0,"reaction_offset":0.1,"reaction_max":1.4000000000000001,"reaction_mean":0.3,"reaction_stddev":0.06,"reaction_nu":0.25,"world_lag":0.1,"brain_lag":0.0,"brain_lag_stddev":0.0,"world_lag_override":false,"world_lag_stddev_override":false,"dbc":{"Live":{"build_level":27404,"wow_version":"8.0.1"},"version_used":"Live"},"base_mana_regen_per_second":2000.0,"collected_data":{"fight_length":{"sum":606142.687,"count":2011,"mean":301.4135688712084,"min":240.05100000000002,"max":359.983},"executed_foreground_actions":{"sum":400506.0,"count":2011,"mean":199.1576330183988,"min":159.0,"max":236.0},"dmg":{"sum":11856911678.363949,"count":2011,"mean":5896027.686904002,"min":4409824.724000786,"max":7371175.06443812},"compound_dmg":{"sum":12470063629.501865,"count":2011,"mean":6200926.717803016,"min":4649102.999714317,"max":7714769.241585156},"timeline_dmg":{"mean":19937.925640817564,"mean_std_dev":14802.665769297257,"min":3623.8290555641047,"max":94632.9636280645,