{"results":[["Trait","325","340","355","370","385"],["Thunderous Blast",429,599,813,1092,1378],["Dagger in the Back",419,578,826,1065,1385],["Unstable Flames",85,234,372,547,749],["Secrets of the Deep",218,408,599,781,1042],["Gutripper",78,229,411,602,795],["Blood Rite",104,234,413,594,782],["Heed My Call",153,303,477,692,913],["Tidal Surge",255,427,624,822,1107],["Filthy Transfusion",265,408,603,809,1067],["Relational Normalization Gizmo",207,355,541,700,955],["Synaptic Spark Capacitor",390,572,796,1040,1341],["Sylvanas' Resolve / Anduin's Dedication",246,403,598,795,1054],["Swirling Sands",272,424,596,779,1008],["Meticulous Scheming",127,259,426,623,822],["Ricocheting Inflatable Pyrosaw",233,367,552,780,1011],["Laser Matrix",382,559,753,1027,1279],["Tradewinds",183,329,496,643,884],["Collective Will / Stand As One",65,195,355,555,784],["Barrage Of Many Bombs",377,561,800,995,1313],["Snake Eyes",98,215,380,535,786],["Overwhelming Power",33,191,293,483,688],["Paradise Lost",260,406,614,838,1125],["Brigand's Blitz",125,263,425,581,796],["Azerite Globules",147,316,488,669,892],["Ace Up Your Sleeve",-10,122,277,505,690],["Deadshot",333,529,763,1028,1317],["Incite the Pack",161,327,486,635,894],["Combined Might / Stronger Together",22,146,299,447,668],["Storm of Steel",290,428,655,860,1140],["Battlefield Focus / Battlefield Precision",12,140,241,447,625],["Retaliatory Fury / Last Gift",88,225,378,585,746],["Glory in Battle / Liberator's Might",162,302,438,627,838],["Ruinous Bolt",97,295,464,666,878],["Unstable Catalyst",264,424,617,831,1118],["Blood Siphon",70,188,303,511,677],["Champion of Azeroth",268,424,609,808,1017],["Blightborne Infusion",314,486,643,827,1060],["Earthlink",83,215,403,542,768],["Rezan's Fury",299,477,689,889,1134],["Elemental Whirl",44,212,378,491,742]],"metas":{"build_date":"Aug 17 2018","build_time":"18:41:44","git_revision":"d045f58118","options":{"debug":false,"max_time":300.0,"expected_iteration_time":304.15500000000003,"vary_combat_length":0.2,"iterations":2199,"target_error":0.2,"threads":32,"seed":6425268492131351072,"single_actor_batch":false,"queue_lag":0.005,"queue_lag_stddev":0.001,"gcd_lag":0.15,"gcd_lag_stddev":0.037,"channel_lag":0.25,"channel_lag_stddev":0.062,"queue_gcd_reduction":0.1,"strict_gcd_queue":0,"confidence":0.95,"confidence_estimator":1.9599639854089754,"world_lag":0.1,"world_lag_stddev":0.01,"travel_variance":0.0,"default_skill":1.0,"reaction_time":0.5,"regen_periodicity":0.25,"ignite_sampling_delta":0.2,"fixed_time":true,"optimize_expressions":true,"optimal_raid":1,"log":0,"debug_each":0,"stat_cache":1,"max_aoe_enemies":20,"show_etmi":false,"tmi_window_global":0.0,"tmi_bin_size":0.5,"enemy_death_pct":0.0,"challenge_mode":false,"timewalk":-1,"pvp_crit":false,"rng":{"name":"sse2-sfmt"},"deterministic":0,"average_range":1,"average_gauss":0,"fight_style":"Patchwerk","default_aura_delay":0.03,"default_aura_delay_stddev":0.005,"dbc":{"bfa-BETA":{"build_level":26095,"wow_version":"8.0.1"},"version_used":"bfa-BETA"}},"overrides":{"arcane_intellect":1,"battle_shout":1,"power_word_fortitude":1,"chaos_brand":1,"mystic_touch":1,"mortal_wounds":1,"bleeding":1,"bloodlust":1,"bloodlust_percent":25,"bloodlust_time":0.5},"statistics":{"elapsed_cpu_seconds":30282.827627999988,"elapsed_time_seconds":32.666771000000004,"init_time_seconds":2.4419733749999994,"merge_time_seconds":0.006427933000000002,"analyze_time_seconds":0.423634017,"simulation_length":{"sum":648074.2579999999,"count":2167,"mean":299.065185971389,"min":240.197,"max":359.817,"median":298.873,"variance":1150.627313295825,"std_dev":33.920897884575886,"mean_variance":0.5309770712025035,"mean_std_dev":0.7286817351920545},"raid_dps":{"sum":27588630.604133286,"count":2167,"mean":12731.255470296855},"total_dmg":{"sum":8243671264.184607,"count":2167,"mean":3804186.093301618},"total_iterations":417209,"total_actors":201,"total_iterations_mean":2075.6666666666665,"total_iterations_variance":2551254.6666666656,"total_iterations_stddev":1597.2647453276697,"total_mean_dps_stddev":13.542848790967424,"total_mean_dps_variance":183.40875337500782},"player":{"name":"Template","race":"dwarf","level":120,"role":"attack","specialization":"Outlaw Rogue","profile_source":"default","talents":[{"tier":1,"id":22119,"spell_id":196938,"name":"Quick Draw"},{"tier":2,"id":19238,"spell_id":196922,"name":"Hit and Run"},{"tier":3,"id":19239,"spell_id":14983,"name":"Vigor"},{"tier":6,"id":23128,"spell_id":193539,"name":"Alacrity"},{"tier":7,"id":23075,"spell_id":271877,"name":"Blade Rush"}],"party":0,"ready_type":1,"bugs":true,"scale_player":true,"potion_used":false,"timeofday":"DAY_TIME","invert_scaling":0,"reaction_offset":0.1,"reaction_max":1.4000000000000001,"reaction_mean":0.3,"reaction_stddev":0.06,"reaction_nu":0.25,"world_lag":0.1,"brain_lag":0.0,"brain_lag_stddev":0.0,"world_lag_override":false,"world_lag_stddev_override":false,"dbc":{"bfa-BETA":{"build_level":26095,"wow_version":"8.0.1"},"version_used":"bfa-BETA"},"base_energy_regen_per_second":14.85,"collected_data":{"fight_length":{"sum":648074.2579999999,"count":2167,"mean":299.065185971389,"min":240.197,"max":359.817},"waiting_time":{"sum":36838.814,"count":2167,"mean":16.999914167051223,"min":4.457,"max":32.62},"executed_foreground_actions":{"sum":659910.0,"count":2167,"mean":304.52699584679283,"min":230.0,"max":384.0},"dmg":{"sum":8243671264.184607,"count":2167,"mean":3804186.093301618,"min":2809414.825472847,"max":5043776.299350116},"compound_dmg":{"sum":8243671264.184607,"count":2167,"mean":3804186.093301618,"min":2809414.825472847,"max":5043776.299350116},"timeline_dmg":{"mean":12672.46173126389,"mean_std_dev":4644.049507869205,"min":3001.9651234212633,"max":28717.15364115219,