{"results":[["Trait","325","340","355","370","385"],["Thunderous Blast",350,479,648,847,1064],["Dagger in the Back",310,438,594,771,978],["Unstable Flames",92,208,321,456,606],["Secrets of the Deep",205,327,472,648,835],["Gutripper",116,228,354,506,682],["Blood Rite",281,404,510,666,826],["Heed My Call",170,274,413,552,738],["Tidal Surge",201,360,486,624,841],["Filthy Transfusion",200,325,466,633,816],["Relational Normalization Gizmo",302,435,582,728,915],["Synaptic Spark Capacitor",412,579,782,988,1233],["Sylvanas' Resolve / Anduin's Dedication",220,324,476,634,825],["Swirling Sands",229,360,506,638,816],["Meticulous Scheming",209,329,446,601,754],["Ricocheting Inflatable Pyrosaw",177,325,446,611,833],["Collective Will / Stand As One",74,188,287,431,598],["Barrage Of Many Bombs",370,496,669,861,1087],["Crashing Chaos",266,413,570,732,945],["Ruinous Bolt",134,257,376,532,697],["Accelerant",121,213,321,450,579],["Rolling Havoc",81,192,348,468,635],["Laser Matrix",327,447,623,797,984],["Tradewinds",224,322,432,579,741],["Azerite Globules",89,218,333,479,657],["Blood Siphon",146,245,365,499,679],["Earthlink",85,208,306,448,626],["Bursting Flare",190,293,388,549,728],["Incite the Pack",168,303,423,559,720],["Combined Might / Stronger Together",53,157,256,383,559],["Battlefield Focus / Battlefield Precision",71,188,283,436,596],["Retaliatory Fury / Last Gift",128,218,327,463,630],["Glory in Battle / Liberator's Might",194,311,427,576,731],["Unstable Catalyst",241,361,500,686,890],["Overwhelming Power",214,298,447,568,735],["Champion of Azeroth",299,404,560,715,888],["Chaotic Inferno",128,254,351,508,667],["Blightborne Infusion",295,419,528,670,863],["Rezan's Fury",230,338,475,658,860],["Elemental Whirl",96,197,321,466,613],["Flashpoint",190,338,425,568,721]],"metas":{"build_date":"Aug 23 2018","build_time":"08:35:52","git_revision":"0f9699d9e7","options":{"debug":false,"max_time":300.0,"expected_iteration_time":290.34000000000003,"vary_combat_length":0.2,"iterations":3370,"target_error":0.2,"threads":32,"seed":16533520734934404046,"single_actor_batch":false,"queue_lag":0.005,"queue_lag_stddev":0.001,"gcd_lag":0.15,"gcd_lag_stddev":0.037,"channel_lag":0.25,"channel_lag_stddev":0.062,"queue_gcd_reduction":0.1,"strict_gcd_queue":0,"confidence":0.95,"confidence_estimator":1.9599639854089754,"world_lag":0.1,"world_lag_stddev":0.01,"travel_variance":0.0,"default_skill":1.0,"reaction_time":0.5,"regen_periodicity":0.25,"ignite_sampling_delta":0.2,"fixed_time":true,"optimize_expressions":true,"optimal_raid":1,"log":0,"debug_each":0,"stat_cache":1,"max_aoe_enemies":20,"show_etmi":false,"tmi_window_global":0.0,"tmi_bin_size":0.5,"enemy_death_pct":0.0,"challenge_mode":false,"timewalk":-1,"pvp_crit":false,"rng":{"name":"sse2-sfmt"},"deterministic":0,"average_range":1,"average_gauss":0,"fight_style":"Patchwerk","default_aura_delay":0.03,"default_aura_delay_stddev":0.005,"dbc":{"Live":{"build_level":27404,"wow_version":"8.0.1"},"version_used":"Live"}},"overrides":{"arcane_intellect":1,"battle_shout":1,"power_word_fortitude":1,"chaos_brand":1,"mystic_touch":1,"mortal_wounds":1,"bleeding":1,"bloodlust":1,"bloodlust_percent":25,"bloodlust_time":0.5},"statistics":{"elapsed_cpu_seconds":62230.18159800001,"elapsed_time_seconds":66.387363,"init_time_seconds":3.4949298059999983,"merge_time_seconds":0.007978999000000002,"analyze_time_seconds":0.588178192,"simulation_length":{"sum":1001940.6159999998,"count":3338,"mean":300.16195805871774,"min":240.073,"max":359.98900000000003,"median":299.972,"variance":1201.6389570102242,"std_dev":34.664664386233774,"mean_variance":0.3599877043170234,"mean_std_dev":0.5999897535100274},"raid_dps":{"sum":33887569.63992362,"count":3338,"mean":10152.058010762019},"total_dmg":{"sum":10114134087.659185,"count":3338,"mean":3029998.2287774673},"total_iterations":647462,"total_actors":201,"total_iterations_mean":3221.2039800995026,"total_iterations_variance":5883842.6368159205,"total_iterations_stddev":2425.6633395456843,"total_mean_dps_stddev":10.832559193929416,"total_mean_dps_variance":117.34433868998472},"player":{"name":"Template","race":"troll","level":120,"role":"spell","specialization":"Destruction Warlock","profile_source":"default","talents":[{"tier":1,"id":22038,"spell_id":267115,"name":"Flashover"},{"tier":2,"id":21695,"spell_id":266134,"name":"Internal Combustion"},{"tier":4,"id":23143,"spell_id":152108,"name":"Cataclysm"},{"tier":6,"id":23156,"spell_id":266086,"name":"Grimoire of Supremacy"},{"tier":7,"id":23092,"spell_id":113858,"name":"Dark Soul: Instability"}],"party":0,"ready_type":0,"bugs":true,"scale_player":true,"potion_used":false,"timeofday":"DAY_TIME","invert_scaling":0,"reaction_offset":0.1,"reaction_max":1.4000000000000001,"reaction_mean":0.3,"reaction_stddev":0.06,"reaction_nu":0.25,"world_lag":0.1,"brain_lag":0.0,"brain_lag_stddev":0.0,"world_lag_override":false,"world_lag_stddev_override":false,"dbc":{"Live":{"build_level":27404,"wow_version":"8.0.1"},"version_used":"Live"},"base_mana_regen_per_second":1000.0,"collected_data":{"fight_length":{"sum":1001940.6160000002,"count":3338,"mean":300.16195805871786,"min":240.073,"max":359.98900000000003},"waiting_time":{"sum":216759.00000000003,"count":3338,"mean":64.93678849610546,"min":25.0,"max":103.8},"executed_foreground_actions":{"sum":609449.0,"count":3338,"mean":182.57908927501498,"min":142.0,"max":238.0},"dmg":{"sum":7984793547.940213,"count":3338,"mean":2392089.139586643,"min":1786113.8287884349,"max":2965640.830968691},"compound_dmg":{"sum":10114134087.659185,"count":3338,"mean":3029998.2287774673,"min":2409293.982714151,"max":3669338.1420008074},"timeline_dmg":{"mean":9571.174887180998,"mean_std_dev":9072.156399354311,"min":0.0,"max":61671.25695692376,