{"results":[["Trait","325","340","355","370","385"],["Laser Matrix",327,490,717,960,1254],["Archive of the Titans",280,466,637,848,1090],["Relational Normalization Gizmo",270,441,630,807,1059],["Synaptic Spark Capacitor",503,689,937,1186,1479],["Gutripper",130,274,421,648,895],["Sylvanas' Resolve / Anduin's Dedication",262,446,617,863,1124],["Swirling Sands",353,464,659,885,1087],["Tradewinds",248,434,621,792,1031],["Ricocheting Inflatable Pyrosaw",246,382,575,766,1043],["Heed My Call",153,317,487,710,946],["Barrage Of Many Bombs",429,626,886,1125,1440],["Fan of Blades",177,321,534,716,954],["Twist the Knife",149,295,457,692,921],["Meticulous Scheming",216,329,538,710,900],["Poisoned Wire",101,204,393,576,785],["Tidal Surge",259,425,608,806,1099],["Collective Will / Stand As One",109,241,397,606,804],["Combined Might / Stronger Together",38,180,338,535,734],["Battlefield Focus / Battlefield Precision",147,278,503,648,881],["Retaliatory Fury / Last Gift",140,279,431,641,853],["Glory in Battle / Liberator's Might",224,334,478,707,935],["Blood Rite",176,303,501,674,909],["Incite the Pack",236,422,587,784,992],["Unstable Flames",103,246,418,584,817],["Unstable Catalyst",296,496,659,894,1171],["Azerite Globules",102,286,418,606,866],["Dagger in the Back",296,461,641,853,1115],["Scent of Blood",307,458,714,935,1179],["Earthlink",83,242,406,619,832],["Rezan's Fury",226,439,564,851,1068],["Double Dose",177,327,522,731,976],["Secrets of the Deep",254,475,658,850,1136],["Blood Siphon",101,202,389,559,777],["Ruinous Bolt",168,314,490,686,904],["Sharpened Blades",-67,102,327,545,794],["Overwhelming Power",115,286,449,617,828],["Thunderous Blast",384,541,762,987,1294],["Shrouded Suffocation",419,614,809,1069,1348],["Champion of Azeroth",335,501,735,889,1131],["Filthy Transfusion",184,359,517,761,1013],["Blightborne Infusion",341,524,716,912,1138],["Elemental Whirl",104,276,392,555,791]],"metas":{"build_date":"Aug 26 2018","build_time":"17:25:12","git_revision":"82a50ef53a","options":{"debug":false,"max_time":300.0,"expected_iteration_time":318.81600000000003,"vary_combat_length":0.2,"iterations":836,"target_error":0.2,"threads":32,"seed":5596553107348832663,"single_actor_batch":false,"queue_lag":0.005,"queue_lag_stddev":0.001,"gcd_lag":0.15,"gcd_lag_stddev":0.037,"channel_lag":0.25,"channel_lag_stddev":0.062,"queue_gcd_reduction":0.1,"strict_gcd_queue":0,"confidence":0.95,"confidence_estimator":1.9599639854089754,"world_lag":0.1,"world_lag_stddev":0.01,"travel_variance":0.0,"default_skill":1.0,"reaction_time":0.5,"regen_periodicity":0.25,"ignite_sampling_delta":0.2,"fixed_time":true,"optimize_expressions":true,"optimal_raid":1,"log":0,"debug_each":0,"stat_cache":1,"max_aoe_enemies":20,"show_etmi":false,"tmi_window_global":0.0,"tmi_bin_size":0.5,"enemy_death_pct":0.0,"challenge_mode":false,"timewalk":-1,"pvp_crit":false,"rng":{"name":"sse2-sfmt"},"deterministic":0,"average_range":1,"average_gauss":0,"fight_style":"Patchwerk","default_aura_delay":0.03,"default_aura_delay_stddev":0.005,"dbc":{"Live":{"build_level":27404,"wow_version":"8.0.1"},"version_used":"Live"}},"overrides":{"arcane_intellect":1,"battle_shout":1,"power_word_fortitude":1,"chaos_brand":1,"mystic_touch":1,"mortal_wounds":1,"bleeding":1,"bloodlust":1,"bloodlust_percent":25,"bloodlust_time":0.5},"statistics":{"elapsed_cpu_seconds":28261.074016,"elapsed_time_seconds":30.141530000000003,"init_time_seconds":3.3033823790000008,"merge_time_seconds":0.007693688,"analyze_time_seconds":0.15379159300000006,"simulation_length":{"sum":239275.097,"count":804,"mean":297.605842039801,"min":240.013,"max":359.86400000000003,"median":296.686,"variance":1143.780268207636,"std_dev":33.819820641269466,"mean_variance":1.4226122738900946,"mean_std_dev":1.1927331109221773},"raid_dps":{"sum":10727565.244086554,"count":804,"mean":13342.742840903675},"total_dmg":{"sum":3189895129.5163255,"count":804,"mean":3967531.25561732},"total_iterations":159553,"total_actors":211,"total_iterations_mean":756.175355450237,"total_iterations_variance":749784.5118483411,"total_iterations_stddev":865.9009827043396,"total_mean_dps_stddev":14.200444917817356,"total_mean_dps_variance":201.65263586396475},"player":{"name":"Template","race":"human","level":120,"role":"attack","specialization":"Assassination Rogue","profile_source":"default","talents":[{"tier":1,"id":22338,"spell_id":193640,"name":"Elaborate Planning"},{"tier":2,"id":22332,"spell_id":108208,"name":"Subterfuge"},{"tier":3,"id":19239,"spell_id":14983,"name":"Vigor"},{"tier":6,"id":22344,"spell_id":200806,"name":"Exsanguinate"},{"tier":7,"id":21186,"spell_id":255544,"name":"Poison Bomb"}],"party":0,"ready_type":1,"bugs":true,"scale_player":true,"potion_used":false,"timeofday":"DAY_TIME","invert_scaling":0,"reaction_offset":0.1,"reaction_max":1.4000000000000001,"reaction_mean":0.3,"reaction_stddev":0.06,"reaction_nu":0.25,"world_lag":0.1,"brain_lag":0.0,"brain_lag_stddev":0.0,"world_lag_override":false,"world_lag_stddev_override":false,"dbc":{"Live":{"build_level":27404,"wow_version":"8.0.1"},"version_used":"Live"},"base_energy_regen_per_second":11.0,"collected_data":{"fight_length":{"sum":239275.09699999998,"count":804,"mean":297.60584203980096,"min":240.013,"max":359.86400000000003},"waiting_time":{"sum":28352.979000000003,"count":804,"mean":35.26489925373135,"min":23.347,"max":52.604},"executed_foreground_actions":{"sum":205156.0,"count":804,"mean":255.16915422885572,"min":202.0,"max":312.0},"dmg":{"sum":3189895129.5163255,"count":804,"mean":3967531.25561732,"min":3042046.3345427453,"max":4901070.661684316},"compound_dmg":{"sum":3189895129.5163255,"count":804,"mean":3967531.25561732,"min":3042046.3345427453,"max":4901070.661684316},"timeline_dmg":{"mean":13475.271061796035,"mean_std_dev":5564.883690088192,"min":2739.973709531053,"max":33451.77186259126,