{"results":[["Trait","325","340","355","370","385"],["Laser Matrix",298,451,627,823,1026],["Archive of the Titans",187,318,459,632,800],["Relational Normalization Gizmo",192,347,476,631,803],["Synaptic Spark Capacitor",367,555,693,886,1149],["Gutripper",124,215,322,478,668],["Sylvanas' Resolve / Anduin's Dedication",194,325,464,614,799],["Swirling Sands",172,285,429,539,720],["Tradewinds",169,284,417,563,723],["Ricocheting Inflatable Pyrosaw",187,314,471,628,821],["Heed My Call",141,240,396,541,732],["Elemental Whirl",70,167,279,424,592],["Unerring Vision",95,213,339,467,624],["Arcane Flurry",75,151,302,424,585],["Tidal Surge",269,415,535,717,933],["Collective Will / Stand As One",65,179,294,423,607],["Combined Might / Stronger Together",32,140,246,376,507],["Barrage Of Many Bombs",320,466,642,811,1031],["Battlefield Focus / Battlefield Precision",248,374,513,696,890],["Retaliatory Fury / Last Gift",95,182,308,436,617],["Glory in Battle / Liberator's Might",130,243,355,508,645],["Blood Rite",150,281,406,515,713],["Unstable Flames",74,160,298,400,553],["Meticulous Scheming",401,516,656,823,992],["Incite the Pack",160,248,398,547,704],["In The Rhythm",85,181,302,423,572],["Unstable Catalyst",220,366,498,674,859],["Azerite Globules",153,276,387,555,726],["Steady Aim",308,447,603,793,1012],["Earthlink",97,183,322,454,604],["Focused Fire",89,185,320,482,662],["Rezan's Fury",252,401,544,734,908],["Secrets of the Deep",221,310,453,628,824],["Dagger in the Back",290,457,609,760,1022],["Blood Siphon",136,216,350,503,631],["Ruinous Bolt",174,279,403,570,733],["Thunderous Blast",347,508,704,887,1101],["Rapid Reload",7,101,220,351,480],["Overwhelming Power",100,215,339,485,637],["Champion of Azeroth",240,339,480,624,787],["Filthy Transfusion",224,383,497,686,884],["Blightborne Infusion",184,321,453,573,746]],"metas":{"build_date":"Aug 28 2018","build_time":"07:33:45","git_revision":"0be56b9506","options":{"debug":false,"max_time":300.0,"expected_iteration_time":323.65000000000003,"vary_combat_length":0.2,"iterations":1101,"target_error":0.2,"threads":32,"seed":1558536954937856758,"single_actor_batch":false,"queue_lag":0.005,"queue_lag_stddev":0.001,"gcd_lag":0.15,"gcd_lag_stddev":0.037,"channel_lag":0.25,"channel_lag_stddev":0.062,"queue_gcd_reduction":0.1,"strict_gcd_queue":0,"confidence":0.95,"confidence_estimator":1.9599639854089754,"world_lag":0.1,"world_lag_stddev":0.01,"travel_variance":0.0,"default_skill":1.0,"reaction_time":0.5,"regen_periodicity":0.25,"ignite_sampling_delta":0.2,"fixed_time":true,"optimize_expressions":true,"optimal_raid":1,"log":0,"debug_each":0,"stat_cache":1,"max_aoe_enemies":20,"show_etmi":false,"tmi_window_global":0.0,"tmi_bin_size":0.5,"enemy_death_pct":0.0,"challenge_mode":false,"timewalk":-1,"pvp_crit":false,"rng":{"name":"sse2-sfmt"},"deterministic":0,"average_range":1,"average_gauss":0,"fight_style":"Patchwerk","default_aura_delay":0.03,"default_aura_delay_stddev":0.005,"dbc":{"Live":{"build_level":27404,"wow_version":"8.0.1"},"version_used":"Live"}},"overrides":{"arcane_intellect":1,"battle_shout":1,"power_word_fortitude":1,"chaos_brand":1,"mystic_touch":1,"mortal_wounds":1,"bleeding":1,"bloodlust":1,"bloodlust_percent":25,"bloodlust_time":0.5},"statistics":{"elapsed_cpu_seconds":9986.999571999997,"elapsed_time_seconds":10.746105,"init_time_seconds":2.6180945809999976,"merge_time_seconds":0.0057164150000000025,"analyze_time_seconds":0.20826634400000002,"simulation_length":{"sum":320215.273,"count":1069,"mean":299.5465603367633,"min":240.234,"max":359.907,"median":299.85,"variance":1103.1814443922904,"std_dev":33.214175353187535,"mean_variance":1.0319751584586438,"mean_std_dev":1.0158617811782487},"raid_dps":{"sum":10905881.455523184,"count":1069,"mean":10201.947105260228},"total_dmg":{"sum":3262192788.9048247,"count":1069,"mean":3051630.2983206967},"total_iterations":207318,"total_actors":206,"total_iterations_mean":1006.3980582524272,"total_iterations_variance":733213.3592233008,"total_iterations_stddev":856.2787859238957,"total_mean_dps_stddev":10.864359888639305,"total_mean_dps_variance":118.03431578987464},"player":{"name":"Template","race":"lightforged_draenei","level":120,"role":"attack","specialization":"Marksmanship Hunter","profile_source":"default","talents":[{"tier":1,"id":22501,"spell_id":271788,"name":"Serpent Sting"},{"tier":2,"id":22495,"spell_id":260228,"name":"Careful Aim"},{"tier":4,"id":21998,"spell_id":257284,"name":"Hunter's Mark"},{"tier":6,"id":23063,"spell_id":260393,"name":"Lethal Shots"},{"tier":7,"id":22308,"spell_id":194595,"name":"Lock and Load"}],"party":0,"ready_type":0,"bugs":true,"scale_player":true,"potion_used":false,"timeofday":"DAY_TIME","invert_scaling":0,"reaction_offset":0.1,"reaction_max":1.4000000000000001,"reaction_mean":0.3,"reaction_stddev":0.06,"reaction_nu":0.25,"world_lag":0.1,"brain_lag":0.0,"brain_lag_stddev":0.0,"world_lag_override":false,"world_lag_stddev_override":false,"dbc":{"Live":{"build_level":27404,"wow_version":"8.0.1"},"version_used":"Live"},"base_focus_regen_per_second":2.999999999999999,"collected_data":{"fight_length":{"sum":320215.2730000001,"count":1069,"mean":299.54656033676343,"min":240.234,"max":359.907},"executed_foreground_actions":{"sum":236264.0,"count":1069,"mean":221.01403180542565,"min":178.0,"max":267.0},"dmg":{"sum":2957673284.3242893,"count":1069,"mean":2766766.4025484463,"min":2143300.535385691,"max":3370941.4446219914},"compound_dmg":{"sum":3262192788.9048247,"count":1069,"mean":3051630.2983206967,"min":2372151.659461635,"max":3701596.3765106355},"timeline_dmg":{"mean":10468.776278716268,"mean_std_dev":4921.469291683284,"min":1670.069395610531,"max":65580.94582742774,