{"results":[["Trait","325","340","355","370","385"],["Laser Matrix",323,460,631,829,1070],["Archive of the Titans",206,352,495,649,840],["Relational Normalization Gizmo",256,359,539,703,917],["Synaptic Spark Capacitor",204,300,464,654,837],["Gutripper",74,216,360,500,681],["Sylvanas' Resolve / Anduin's Dedication",210,354,513,652,896],["Feeding Frenzy",237,285,422,581,768],["Swirling Sands",286,415,533,726,911],["Tradewinds",258,381,528,689,894],["Ricocheting Inflatable Pyrosaw",77,218,338,476,688],["Heed My Call",92,202,335,500,662],["Barrage Of Many Bombs",128,311,424,579,782],["Serrated Jaws",172,257,424,611,808],["Tidal Surge",271,393,580,735,991],["Collective Will / Stand As One",63,170,323,479,616],["Combined Might / Stronger Together",44,157,264,407,588],["Battlefield Focus / Battlefield Precision",244,376,532,722,907],["Retaliatory Fury / Last Gift",124,246,395,534,715],["Glory in Battle / Liberator's Might",188,348,454,617,804],["Blood Rite",194,317,461,647,824],["Unstable Flames",121,202,328,475,655],["Meticulous Scheming",-10,84,203,333,478],["Incite the Pack",224,363,502,663,844],["Unstable Catalyst",229,386,534,722,965],["Azerite Globules",63,201,307,453,630],["Earthlink",72,185,299,470,663],["Haze of Rage",225,341,486,693,912],["Dagger in the Back",289,432,598,801,1026],["Secrets of the Deep",189,332,508,700,865],["Blood Siphon",73,202,332,472,641],["Pack Alpha",-14,110,205,317,498],["Dance of Death",146,240,404,550,746],["Ruinous Bolt",129,274,422,579,764],["Overwhelming Power",145,254,397,497,688],["Thunderous Blast",317,473,686,859,1094],["Champion of Azeroth",338,436,650,813,979],["Rapid Reload",-12,95,212,348,508],["Filthy Transfusion",190,321,487,685,876],["Primal Instincts",426,574,721,913,1101],["Elemental Whirl",74,231,367,476,671],["Rezan's Fury",217,371,558,745,937],["Blightborne Infusion",340,462,612,746,976]],"metas":{"build_date":"Aug 28 2018","build_time":"05:59:50","git_revision":"6deede5a59","options":{"debug":false,"max_time":300.0,"expected_iteration_time":329.14300000000003,"vary_combat_length":0.2,"iterations":659,"target_error":0.2,"threads":32,"seed":13509312902910603807,"single_actor_batch":false,"queue_lag":0.005,"queue_lag_stddev":0.001,"gcd_lag":0.15,"gcd_lag_stddev":0.037,"channel_lag":0.25,"channel_lag_stddev":0.062,"queue_gcd_reduction":0.1,"strict_gcd_queue":0,"confidence":0.95,"confidence_estimator":1.9599639854089754,"world_lag":0.1,"world_lag_stddev":0.01,"travel_variance":0.0,"default_skill":1.0,"reaction_time":0.5,"regen_periodicity":0.25,"ignite_sampling_delta":0.2,"fixed_time":true,"optimize_expressions":true,"optimal_raid":1,"log":0,"debug_each":0,"stat_cache":1,"max_aoe_enemies":20,"show_etmi":false,"tmi_window_global":0.0,"tmi_bin_size":0.5,"enemy_death_pct":0.0,"challenge_mode":false,"timewalk":-1,"pvp_crit":false,"rng":{"name":"sse2-sfmt"},"deterministic":0,"average_range":1,"average_gauss":0,"fight_style":"Patchwerk","default_aura_delay":0.03,"default_aura_delay_stddev":0.005,"dbc":{"Live":{"build_level":27404,"wow_version":"8.0.1"},"version_used":"Live"}},"overrides":{"arcane_intellect":1,"battle_shout":1,"power_word_fortitude":1,"chaos_brand":1,"mystic_touch":1,"mortal_wounds":1,"bleeding":1,"bloodlust":1,"bloodlust_percent":25,"bloodlust_time":0.5},"statistics":{"elapsed_cpu_seconds":7978.810806000001,"elapsed_time_seconds":8.532122999999999,"init_time_seconds":2.1218556830000015,"merge_time_seconds":0.005426866999999999,"analyze_time_seconds":0.12740028899999997,"simulation_length":{"sum":188018.14500000002,"count":627,"mean":299.8694497607656,"min":240.452,"max":359.797,"median":300.901,"variance":1141.890037395802,"std_dev":33.79186347918389,"mean_variance":1.8211962318912311,"mean_std_dev":1.349517036532415},"raid_dps":{"sum":8692607.150765467,"count":627,"mean":13863.807257999151},"total_dmg":{"sum":2603398865.804922,"count":627,"mean":4152151.3011242775},"total_iterations":126853,"total_actors":211,"total_iterations_mean":601.1990521327015,"total_iterations_variance":370913.63981042674,"total_iterations_stddev":609.0267972843451,"total_mean_dps_stddev":14.609015097773378,"total_mean_dps_variance":213.4233221269705},"player":{"name":"Template","race":"orc","level":120,"role":"attack","specialization":"Beast Mastery Hunter","profile_source":"default","talents":[{"tier":1,"id":22291,"spell_id":273887,"name":"Killer Instinct"},{"tier":2,"id":22290,"spell_id":53209,"name":"Chimaera Shot"},{"tier":4,"id":22269,"spell_id":131894,"name":"A Murder of Crows"},{"tier":6,"id":19357,"spell_id":199530,"name":"Stomp"},{"tier":7,"id":22273,"spell_id":191384,"name":"Aspect of the Beast"}],"party":0,"ready_type":0,"bugs":true,"scale_player":true,"potion_used":false,"timeofday":"DAY_TIME","invert_scaling":0,"reaction_offset":0.1,"reaction_max":1.4000000000000001,"reaction_mean":0.3,"reaction_stddev":0.06,"reaction_nu":0.25,"world_lag":0.1,"brain_lag":0.0,"brain_lag_stddev":0.0,"world_lag_override":false,"world_lag_stddev_override":false,"dbc":{"Live":{"build_level":27404,"wow_version":"8.0.1"},"version_used":"Live"},"base_focus_regen_per_second":10.0,"collected_data":{"fight_length":{"sum":188018.14500000002,"count":627,"mean":299.8694497607656,"min":240.452,"max":359.797},"waiting_time":{"sum":20077.999999999996,"count":627,"mean":32.02232854864433,"min":18.1,"max":47.0},"executed_foreground_actions":{"sum":139747.0,"count":627,"mean":222.88197767145135,"min":176.0,"max":269.0},"dmg":{"sum":1097479721.8268502,"count":627,"mean":1750366.3824989635,"min":1331435.8602701847,"max":2156322.2685137196},"compound_dmg":{"sum":2603398865.804922,"count":627,"mean":4152151.3011242775,"min":3218520.2307549594,"max":5033563.119307034},"timeline_dmg":{"mean":14176.38911931585,"mean_std_dev":5462.243120669337,"min":2027.0421109063236,"max":54937.098263061634,