{"results":[["Trait","325","340","355","370","385"],["Laser Matrix",329,484,709,922,1186],["Archive of the Titans",244,418,563,762,1008],["Relational Normalization Gizmo",271,412,615,811,1026],["Synaptic Spark Capacitor",637,868,1136,1365,1716],["Flames of Alacrity",226,385,567,729,954],["Gutripper",114,237,404,579,801],["Sylvanas' Resolve / Anduin's Dedication",261,455,603,837,1072],["Tradewinds",477,657,833,1054,1273],["Ricocheting Inflatable Pyrosaw",293,459,686,907,1121],["Heed My Call",193,338,515,720,914],["Barrage Of Many Bombs",539,707,931,1200,1500],["Tidal Surge",306,465,645,908,1123],["Collective Will / Stand As One",89,227,370,557,781],["Combined Might / Stronger Together",107,209,314,530,718],["Duplicative Incineration",475,581,751,998,1269],["Battlefield Focus / Battlefield Precision",148,278,470,649,866],["Retaliatory Fury / Last Gift",245,409,552,762,992],["Glory in Battle / Liberator's Might",193,336,506,690,880],["Blood Rite",177,349,469,647,851],["Unstable Flames",111,230,395,553,772],["Swirling Sands",318,461,626,831,1055],["Meticulous Scheming",154,276,437,646,810],["Incite the Pack",461,600,793,984,1206],["Firemind",222,389,530,754,992],["Blightborne Infusion",342,512,693,897,1077],["Unstable Catalyst",312,443,688,895,1144],["Azerite Globules",224,393,557,803,1047],["Earthlink",117,244,422,595,829],["Dagger in the Back",288,465,653,891,1116],["Secrets of the Deep",252,412,625,827,1112],["Blood Siphon",170,313,465,678,851],["Thunderous Blast",380,562,755,993,1254],["Preheat",101,273,440,645,902],["Ruinous Bolt",164,317,506,700,896],["Champion of Azeroth",377,503,718,901,1151],["Overwhelming Power",85,196,361,555,723],["Filthy Transfusion",218,403,560,763,1020],["Trailing Embers",227,392,580,784,1028],["Blaster Master",726,916,1121,1340,1595],["Rezan's Fury",261,430,652,834,1084],["Elemental Whirl",131,253,409,599,808]],"metas":{"build_date":"Aug 28 2018","build_time":"07:33:45","git_revision":"0be56b9506","options":{"debug":false,"max_time":300.0,"expected_iteration_time":348.90000000000003,"vary_combat_length":0.2,"iterations":919,"target_error":0.2,"threads":32,"seed":2325741217054798076,"single_actor_batch":false,"queue_lag":0.005,"queue_lag_stddev":0.001,"gcd_lag":0.15,"gcd_lag_stddev":0.037,"channel_lag":0.25,"channel_lag_stddev":0.062,"queue_gcd_reduction":0.1,"strict_gcd_queue":0,"confidence":0.95,"confidence_estimator":1.9599639854089754,"world_lag":0.1,"world_lag_stddev":0.01,"travel_variance":0.0,"default_skill":1.0,"reaction_time":0.5,"regen_periodicity":0.25,"ignite_sampling_delta":0.2,"fixed_time":true,"optimize_expressions":true,"optimal_raid":1,"log":0,"debug_each":0,"stat_cache":1,"max_aoe_enemies":20,"show_etmi":false,"tmi_window_global":0.0,"tmi_bin_size":0.5,"enemy_death_pct":0.0,"challenge_mode":false,"timewalk":-1,"pvp_crit":false,"rng":{"name":"sse2-sfmt"},"deterministic":0,"average_range":1,"average_gauss":0,"fight_style":"Patchwerk","default_aura_delay":0.03,"default_aura_delay_stddev":0.005,"dbc":{"Live":{"build_level":27404,"wow_version":"8.0.1"},"version_used":"Live"}},"overrides":{"arcane_intellect":1,"battle_shout":1,"power_word_fortitude":1,"chaos_brand":1,"mystic_touch":1,"mortal_wounds":1,"bleeding":1,"bloodlust":1,"bloodlust_percent":25,"bloodlust_time":0.5},"statistics":{"elapsed_cpu_seconds":13906.512061999998,"elapsed_time_seconds":15.200242999999999,"init_time_seconds":3.3535039690000024,"merge_time_seconds":0.006132682999999999,"analyze_time_seconds":0.19094158199999997,"simulation_length":{"sum":265851.21,"count":887,"mean":299.7195152198422,"min":240.19400000000002,"max":359.781,"median":300.466,"variance":1198.1447632621698,"std_dev":34.614227757703475,"mean_variance":1.3507832731253324,"mean_std_dev":1.162232022070177},"raid_dps":{"sum":12400074.848386811,"count":887,"mean":13979.7912608645},"total_dmg":{"sum":3713146974.05491,"count":887,"mean":4186185.9910427397},"total_iterations":174554,"total_actors":206,"total_iterations_mean":847.3495145631068,"total_iterations_variance":1427166.8349514557,"total_iterations_stddev":1194.6408811653214,"total_mean_dps_stddev":14.892228214427702,"total_mean_dps_variance":221.7784611905965},"player":{"name":"Template","race":"dark_iron_dwarf","level":120,"role":"spell","specialization":"Fire Mage","profile_source":"default","talents":[{"tier":1,"id":22456,"spell_id":205026,"name":"Firestarter"},{"tier":3,"id":22447,"spell_id":116011,"name":"Rune of Power"},{"tier":4,"id":22450,"spell_id":205029,"name":"Flame On"},{"tier":6,"id":23362,"spell_id":205023,"name":"Conflagration"},{"tier":7,"id":21633,"spell_id":153561,"name":"Meteor"}],"party":0,"ready_type":0,"bugs":true,"scale_player":true,"potion_used":false,"timeofday":"DAY_TIME","invert_scaling":0,"reaction_offset":0.1,"reaction_max":1.4000000000000001,"reaction_mean":0.3,"reaction_stddev":0.06,"reaction_nu":0.25,"world_lag":0.1,"brain_lag":0.0,"brain_lag_stddev":0.0,"world_lag_override":false,"world_lag_stddev_override":false,"dbc":{"Live":{"build_level":27404,"wow_version":"8.0.1"},"version_used":"Live"},"base_mana_regen_per_second":2000.0,"collected_data":{"fight_length":{"sum":265851.20999999996,"count":887,"mean":299.7195152198421,"min":240.19400000000002,"max":359.781},"executed_foreground_actions":{"sum":199801.0,"count":887,"mean":225.25479143179257,"min":181.0,"max":270.0},"dmg":{"sum":3713146974.05491,"count":887,"mean":4186185.9910427397,"min":3211807.608467821,"max":5041130.645402226},"compound_dmg":{"sum":3713146974.05491,"count":887,"mean":4186185.9910427397,"min":3211807.608467821,"max":5041130.645402226},"timeline_dmg":{"mean":13971.661538532526,"mean_std_dev":10996.058778624381,"min":2386.905635336118,"max":74928.48707832601,