{"results":[["Trait","325","340","355","370","385"],["Thunderous Blast",382,561,861,1128,1471],["Dagger in the Back",332,592,930,1133,1460],["Unstable Flames",163,337,558,804,1120],["Secrets of the Deep",353,595,839,1157,1482],["Gutripper",91,304,455,702,1024],["Blood Rite",294,490,690,915,1244],["Heed My Call",173,346,576,810,1156],["Tidal Surge",261,453,705,997,1310],["Filthy Transfusion",229,423,681,877,1202],["Relational Normalization Gizmo",419,621,832,1109,1409],["Synaptic Spark Capacitor",497,795,1020,1364,1745],["Sylvanas' Resolve / Anduin's Dedication",299,551,829,1078,1470],["Swirling Sands",524,727,983,1234,1543],["Meticulous Scheming",316,519,784,998,1263],["Ricocheting Inflatable Pyrosaw",175,384,676,936,1228],["Laser Matrix",346,577,783,1086,1412],["Tradewinds",391,614,823,1124,1389],["Collective Will / Stand As One",54,257,510,767,987],["Barrage Of Many Bombs",380,680,935,1258,1556],["Snake Eyes",92,292,440,735,1053],["Overwhelming Power",123,332,487,764,1012],["Paradise Lost",466,758,1021,1323,1730],["Brigand's Blitz",234,392,634,887,1167],["Azerite Globules",177,364,611,831,1146],["Ace Up Your Sleeve",-21,185,386,587,853],["Deadshot",359,598,873,1184,1544],["Incite the Pack",345,622,780,1072,1311],["Combined Might / Stronger Together",59,283,447,696,965],["Storm of Steel",385,635,879,1232,1594],["Battlefield Focus / Battlefield Precision",-2,240,404,644,930],["Retaliatory Fury / Last Gift",243,430,652,821,1150],["Glory in Battle / Liberator's Might",318,544,744,990,1271],["Ruinous Bolt",150,338,572,812,1079],["Unstable Catalyst",353,597,913,1168,1523],["Blood Siphon",151,306,501,731,1032],["Champion of Azeroth",568,791,1044,1371,1611],["Blightborne Infusion",592,767,999,1342,1598],["Earthlink",157,343,593,780,1095],["Rezan's Fury",250,494,705,948,1263],["Elemental Whirl",183,328,567,813,1082]],"metas":{"build_date":"Aug 17 2018","build_time":"18:41:44","git_revision":"d045f58118","options":{"debug":false,"max_time":300.0,"expected_iteration_time":317.57800000000003,"vary_combat_length":0.2,"iterations":1410,"target_error":0.2,"threads":32,"seed":957930640373425551,"single_actor_batch":false,"queue_lag":0.005,"queue_lag_stddev":0.001,"gcd_lag":0.15,"gcd_lag_stddev":0.037,"channel_lag":0.25,"channel_lag_stddev":0.062,"queue_gcd_reduction":0.1,"strict_gcd_queue":0,"confidence":0.95,"confidence_estimator":1.9599639854089754,"world_lag":0.1,"world_lag_stddev":0.01,"travel_variance":0.0,"default_skill":1.0,"reaction_time":0.5,"regen_periodicity":0.25,"ignite_sampling_delta":0.2,"fixed_time":true,"optimize_expressions":true,"optimal_raid":1,"log":0,"debug_each":0,"stat_cache":1,"max_aoe_enemies":20,"show_etmi":false,"tmi_window_global":0.0,"tmi_bin_size":0.5,"enemy_death_pct":0.0,"challenge_mode":false,"timewalk":-1,"pvp_crit":false,"rng":{"name":"sse2-sfmt"},"deterministic":0,"average_range":1,"average_gauss":0,"fight_style":"Patchwerk","default_aura_delay":0.03,"default_aura_delay_stddev":0.005,"dbc":{"bfa-BETA":{"build_level":26095,"wow_version":"8.0.1"},"version_used":"bfa-BETA"}},"overrides":{"arcane_intellect":1,"battle_shout":1,"power_word_fortitude":1,"chaos_brand":1,"mystic_touch":1,"mortal_wounds":1,"bleeding":1,"bloodlust":1,"bloodlust_percent":25,"bloodlust_time":0.5},"statistics":{"elapsed_cpu_seconds":33849.017692999994,"elapsed_time_seconds":36.21867100000001,"init_time_seconds":2.5966532599999983,"merge_time_seconds":0.007490426000000002,"analyze_time_seconds":0.24851319300000013,"simulation_length":{"sum":413962.98400000005,"count":1378,"mean":300.4085515239478,"min":240.13400000000001,"max":359.853,"median":300.901,"variance":1198.6026662197692,"std_dev":34.6208415007459,"mean_variance":0.8698132556021547,"mean_std_dev":0.9326377944315546},"raid_dps":{"sum":30838281.391873512,"count":1378,"mean":22379.014072477148},"total_dmg":{"sum":9264039037.390606,"count":1378,"mean":6722814.976335708},"total_iterations":277583,"total_actors":201,"total_iterations_mean":1381.0099502487562,"total_iterations_variance":682713.9800995026,"total_iterations_stddev":826.2650785913094,"total_mean_dps_stddev":23.58737152246768,"total_mean_dps_variance":556.3640953389194},"player":{"name":"Template","race":"dwarf","level":120,"role":"attack","specialization":"Outlaw Rogue","profile_source":"default","talents":[{"tier":1,"id":22119,"spell_id":196938,"name":"Quick Draw"},{"tier":2,"id":19238,"spell_id":196922,"name":"Hit and Run"},{"tier":3,"id":19239,"spell_id":14983,"name":"Vigor"},{"tier":6,"id":19250,"spell_id":5171,"name":"Slice and Dice"},{"tier":7,"id":23075,"spell_id":271877,"name":"Blade Rush"}],"party":0,"ready_type":1,"bugs":true,"scale_player":true,"potion_used":false,"timeofday":"DAY_TIME","invert_scaling":0,"reaction_offset":0.1,"reaction_max":1.4000000000000001,"reaction_mean":0.3,"reaction_stddev":0.06,"reaction_nu":0.25,"world_lag":0.1,"brain_lag":0.0,"brain_lag_stddev":0.0,"world_lag_override":false,"world_lag_stddev_override":false,"dbc":{"bfa-BETA":{"build_level":26095,"wow_version":"8.0.1"},"version_used":"bfa-BETA"},"base_energy_regen_per_second":14.85,"collected_data":{"fight_length":{"sum":413962.984,"count":1378,"mean":300.4085515239477,"min":240.13400000000001,"max":359.853},"waiting_time":{"sum":29845.290000000005,"count":1378,"mean":21.658410740203195,"min":11.219,"max":33.82},"executed_foreground_actions":{"sum":395014.0,"count":1378,"mean":286.65747460087084,"min":225.0,"max":348.0},"dmg":{"sum":9264039037.390606,"count":1378,"mean":6722814.976335708,"min":4865808.224781477,"max":8636619.072722804},"compound_dmg":{"sum":9264039037.390606,"count":1378,"mean":6722814.976335708,"min":4865808.224781477,"max":8636619.072722804},"timeline_dmg":{"mean":22435.847432652827,"mean_std_dev":15323.472202046787,"min":5665.571779245203,"max":86785.73389409964,