{"results":[["Trait","325","340","355","370","385"],["Thunderous Blast",336,545,801,1068,1426],["Tidal Surge",254,455,679,979,1259],["Azerite Globules",228,378,624,857,1134],["Secrets of the Deep",305,545,767,1088,1435],["Gutripper",72,241,491,720,946],["Unstable Flames",153,389,578,718,1078],["Blood Rite",306,544,751,967,1300],["Heed My Call",150,343,605,815,1098],["Filthy Transfusion",245,365,610,890,1151],["Relational Normalization Gizmo",406,603,852,1148,1440],["Synaptic Spark Capacitor",585,859,1166,1481,1880],["Sylvanas' Resolve / Anduin's Dedication",397,552,756,1088,1366],["Feeding Frenzy",300,459,682,925,1169],["Swirling Sands",449,688,940,1199,1446],["Meticulous Scheming",122,259,481,696,985],["Ricocheting Inflatable Pyrosaw",273,422,714,949,1309],["Laser Matrix",292,526,713,984,1389],["Tradewinds",511,704,886,1190,1471],["Collective Will / Stand As One",47,228,447,724,967],["Barrage Of Many Bombs",440,684,944,1291,1636],["Serrated Jaws",70,260,485,714,987],["Primal Instincts",781,1001,1241,1496,1835],["Overwhelming Power",216,403,649,834,1155],["Unstable Catalyst",344,631,871,1129,1481],["Rapid Reload",246,392,667,916,1211],["Pack Alpha",-14,147,296,535,768],["Dance of Death",212,412,677,865,1236],["Haze of Rage",327,524,807,1099,1439],["Dagger in the Back",382,544,842,1087,1436],["Incite the Pack",440,636,861,1125,1442],["Combined Might / Stronger Together",69,206,424,702,927],["Battlefield Focus / Battlefield Precision",32,205,384,602,868],["Retaliatory Fury / Last Gift",254,406,664,869,1093],["Glory in Battle / Liberator's Might",349,531,772,988,1257],["Ruinous Bolt",153,336,521,837,1022],["Blood Siphon",124,359,574,782,1032],["Blightborne Infusion",534,731,1016,1219,1586],["Champion of Azeroth",582,816,1061,1387,1615],["Earthlink",100,310,491,807,1094],["Rezan's Fury",243,470,685,937,1276],["Elemental Whirl",187,376,534,776,1060]],"metas":{"build_date":"Aug 21 2018","build_time":"06:51:36","git_revision":"57250019bf","options":{"debug":false,"max_time":300.0,"expected_iteration_time":328.35200000000003,"vary_combat_length":0.2,"iterations":738,"target_error":0.2,"threads":32,"seed":16848041246321925061,"single_actor_batch":false,"queue_lag":0.005,"queue_lag_stddev":0.001,"gcd_lag":0.15,"gcd_lag_stddev":0.037,"channel_lag":0.25,"channel_lag_stddev":0.062,"queue_gcd_reduction":0.1,"strict_gcd_queue":0,"confidence":0.95,"confidence_estimator":1.9599639854089754,"world_lag":0.1,"world_lag_stddev":0.01,"travel_variance":0.0,"default_skill":1.0,"reaction_time":0.5,"regen_periodicity":0.25,"ignite_sampling_delta":0.2,"fixed_time":true,"optimize_expressions":true,"optimal_raid":1,"log":0,"debug_each":0,"stat_cache":1,"max_aoe_enemies":20,"show_etmi":false,"tmi_window_global":0.0,"tmi_bin_size":0.5,"enemy_death_pct":0.0,"challenge_mode":false,"timewalk":-1,"pvp_crit":false,"rng":{"name":"sse2-sfmt"},"deterministic":0,"average_range":1,"average_gauss":0,"fight_style":"Patchwerk","default_aura_delay":0.03,"default_aura_delay_stddev":0.005,"dbc":{"bfa-BETA":{"build_level":26095,"wow_version":"8.0.1"},"version_used":"bfa-BETA"}},"overrides":{"arcane_intellect":1,"battle_shout":1,"power_word_fortitude":1,"chaos_brand":1,"mystic_touch":1,"mortal_wounds":1,"bleeding":1,"bloodlust":1,"bloodlust_percent":25,"bloodlust_time":0.5},"statistics":{"elapsed_cpu_seconds":10314.513568000004,"elapsed_time_seconds":11.147999,"init_time_seconds":2.168589023,"merge_time_seconds":0.006204104999999999,"analyze_time_seconds":0.1388271289999999,"simulation_length":{"sum":210632.468,"count":706,"mean":298.3462719546742,"min":240.062,"max":359.98900000000003,"median":298.963,"variance":1148.2622204982786,"std_dev":33.88601806790344,"mean_variance":1.6264337400825475,"mean_std_dev":1.2753171135378634},"raid_dps":{"sum":15121557.0054983,"count":706,"mean":21418.63598512507},"total_dmg":{"sum":4505988605.0794,"count":706,"mean":6382420.120509066},"total_iterations":131268,"total_actors":206,"total_iterations_mean":637.2233009708738,"total_iterations_variance":430935.7281553397,"total_iterations_stddev":656.456950725133,"total_mean_dps_stddev":22.58763988894207,"total_mean_dps_variance":510.20147575252696},"player":{"name":"Template","race":"orc","level":120,"role":"attack","specialization":"Beast Mastery Hunter","profile_source":"default","talents":[{"tier":1,"id":22291,"spell_id":273887,"name":"Killer Instinct"},{"tier":2,"id":22290,"spell_id":53209,"name":"Chimaera Shot"},{"tier":4,"id":22269,"spell_id":131894,"name":"A Murder of Crows"},{"tier":6,"id":19357,"spell_id":199530,"name":"Stomp"},{"tier":7,"id":22273,"spell_id":191384,"name":"Aspect of the Beast"}],"party":0,"ready_type":0,"bugs":true,"scale_player":true,"potion_used":false,"timeofday":"DAY_TIME","invert_scaling":0,"reaction_offset":0.1,"reaction_max":1.4000000000000001,"reaction_mean":0.3,"reaction_stddev":0.06,"reaction_nu":0.25,"world_lag":0.1,"brain_lag":0.0,"brain_lag_stddev":0.0,"world_lag_override":false,"world_lag_stddev_override":false,"dbc":{"bfa-BETA":{"build_level":26095,"wow_version":"8.0.1"},"version_used":"bfa-BETA"},"base_focus_regen_per_second":10.0,"collected_data":{"fight_length":{"sum":210632.46800000002,"count":706,"mean":298.34627195467425,"min":240.062,"max":359.98900000000003},"waiting_time":{"sum":30583.899999999998,"count":706,"mean":43.319971671388096,"min":22.5,"max":61.7},"executed_foreground_actions":{"sum":151076.0,"count":706,"mean":213.9886685552408,"min":169.0,"max":258.0},"dmg":{"sum":1291325489.1906447,"count":706,"mean":1829072.930864936,"min":1401159.1171555694,"max":2223346.038938855},"compound_dmg":{"sum":4505988605.0794,"count":706,"mean":6382420.120509066,"min":4908215.94869485,"max":7790762.339300691},"timeline_dmg":{"mean":21795.9334064409,"mean_std_dev":7876.906988546531,"min":4636.346569751148,"max":69706.21173285779,