{"results":[["Trait","325","340","355","370","385"],["Thunderous Blast",373,552,748,985,1220],["Azerite Globules",95,208,377,534,714],["Tidal Surge",226,388,572,741,977],["Dagger in the Back",358,485,706,901,1146],["Unstable Flames",101,218,294,502,653],["Secrets of the Deep",207,333,503,727,931],["Gutripper",129,249,385,550,771],["Blood Rite",328,425,567,733,956],["Heed My Call",155,283,426,610,832],["Filthy Transfusion",242,375,565,746,934],["Relational Normalization Gizmo",302,483,608,823,1019],["Synaptic Spark Capacitor",459,616,826,1059,1321],["Sylvanas' Resolve / Anduin's Dedication",215,346,496,729,886],["Swirling Sands",313,444,617,744,955],["Meticulous Scheming",339,474,618,824,990],["Ricocheting Inflatable Pyrosaw",174,315,489,670,877],["Laser Matrix",332,508,702,900,1123],["Tradewinds",380,541,634,844,1065],["Collective Will / Stand As One",86,178,330,500,643],["Barrage Of Many Bombs",371,548,718,944,1189],["Inevitable Demise",169,282,489,653,875],["Cascading Calamity",243,388,560,704,900],["Combined Might / Stronger Together",33,136,293,439,624],["Wracking Brilliance",360,524,688,922,1189],["Incite the Pack",367,474,655,764,988],["Battlefield Focus / Battlefield Precision",67,197,338,489,704],["Dreadful Calling",164,322,415,594,806],["Retaliatory Fury / Last Gift",217,301,474,613,812],["Glory in Battle / Liberator's Might",213,379,498,674,866],["Ruinous Bolt",132,242,455,584,791],["Unstable Catalyst",239,371,588,728,980],["Champion of Azeroth",445,598,752,939,1124],["Blood Siphon",230,400,539,709,902],["Overwhelming Power",221,312,479,639,846],["Blightborne Infusion",364,498,644,812,1043],["Earthlink",76,225,329,485,678],["Rezan's Fury",238,396,571,778,1034],["Deathbloom",-23,95,222,381,494],["Sudden Onset",411,577,655,847,1050],["Elemental Whirl",130,262,371,540,707]],"metas":{"build_date":"Aug 21 2018","build_time":"06:51:36","git_revision":"57250019bf","options":{"debug":false,"max_time":300.0,"expected_iteration_time":250.83700000000002,"vary_combat_length":0.2,"iterations":922,"target_error":0.2,"threads":32,"seed":11503276171556293197,"single_actor_batch":false,"queue_lag":0.005,"queue_lag_stddev":0.001,"gcd_lag":0.15,"gcd_lag_stddev":0.037,"channel_lag":0.25,"channel_lag_stddev":0.062,"queue_gcd_reduction":0.1,"strict_gcd_queue":0,"confidence":0.95,"confidence_estimator":1.9599639854089754,"world_lag":0.1,"world_lag_stddev":0.01,"travel_variance":0.0,"default_skill":1.0,"reaction_time":0.5,"regen_periodicity":0.25,"ignite_sampling_delta":0.2,"fixed_time":true,"optimize_expressions":true,"optimal_raid":1,"log":0,"debug_each":0,"stat_cache":1,"max_aoe_enemies":20,"show_etmi":false,"tmi_window_global":0.0,"tmi_bin_size":0.5,"enemy_death_pct":0.0,"challenge_mode":false,"timewalk":-1,"pvp_crit":false,"rng":{"name":"sse2-sfmt"},"deterministic":0,"average_range":1,"average_gauss":0,"fight_style":"Patchwerk","default_aura_delay":0.03,"default_aura_delay_stddev":0.005,"dbc":{"bfa-BETA":{"build_level":26095,"wow_version":"8.0.1"},"version_used":"bfa-BETA"}},"overrides":{"arcane_intellect":1,"battle_shout":1,"power_word_fortitude":1,"chaos_brand":1,"mystic_touch":1,"mortal_wounds":1,"bleeding":1,"bloodlust":1,"bloodlust_percent":25,"bloodlust_time":0.5},"statistics":{"elapsed_cpu_seconds":18870.067452999996,"elapsed_time_seconds":20.297616,"init_time_seconds":3.1394634410000015,"merge_time_seconds":0.007841144000000001,"analyze_time_seconds":0.1656551520000001,"simulation_length":{"sum":265343.1929999999,"count":890,"mean":298.1384191011235,"min":240.084,"max":359.861,"median":296.616,"variance":1232.2950499603087,"std_dev":35.10406030590064,"mean_variance":1.3846011797306839,"mean_std_dev":1.176690774898267},"raid_dps":{"sum":13451161.865920214,"count":890,"mean":15113.66501788788},"total_dmg":{"sum":4000273105.8569436,"count":890,"mean":4494688.88298533},"total_iterations":181504,"total_actors":201,"total_iterations_mean":903.0049751243781,"total_iterations_variance":886198.995024876,"total_iterations_stddev":941.3814290843409,"total_mean_dps_stddev":15.974808713547581,"total_mean_dps_variance":255.19451343443572},"player":{"name":"Template","race":"troll","level":120,"role":"spell","specialization":"Affliction Warlock","profile_source":"default","talents":[{"tier":1,"id":23141,"spell_id":264106,"name":"Deathbolt"},{"tier":2,"id":22089,"spell_id":63106,"name":"Siphon Life"},{"tier":4,"id":19292,"spell_id":205179,"name":"Phantom Singularity"},{"tier":6,"id":23159,"spell_id":48181,"name":"Haunt"},{"tier":7,"id":19293,"spell_id":113860,"name":"Dark Soul: Misery"}],"party":0,"ready_type":0,"bugs":true,"scale_player":true,"potion_used":false,"timeofday":"DAY_TIME","invert_scaling":0,"reaction_offset":0.1,"reaction_max":1.4000000000000001,"reaction_mean":0.3,"reaction_stddev":0.06,"reaction_nu":0.25,"world_lag":0.1,"brain_lag":0.0,"brain_lag_stddev":0.0,"world_lag_override":false,"world_lag_stddev_override":false,"dbc":{"bfa-BETA":{"build_level":26095,"wow_version":"8.0.1"},"version_used":"bfa-BETA"},"base_mana_regen_per_second":1000.0,"collected_data":{"fight_length":{"sum":265343.19299999997,"count":890,"mean":298.1384191011236,"min":240.084,"max":359.861},"executed_foreground_actions":{"sum":213308.0,"count":890,"mean":239.67191011235954,"min":193.0,"max":286.0},"dmg":{"sum":3281723808.2838554,"count":890,"mean":3687330.1216672533,"min":2880993.692476255,"max":4499838.758973211},"compound_dmg":{"sum":4000273105.8569436,"count":890,"mean":4494688.88298533,"min":3593366.9902044907,"max":5383306.865707092},"timeline_dmg":{"mean":14970.619591361357,"mean_std_dev":10582.189668116744,"min":0.0,"max":118317.96105219754,