{"results":[["Trait","325","340","355","370","385"],["Laser Matrix",405,608,880,1133,1522],["Archive of the Titans",383,676,907,1164,1464],["Relational Normalization Gizmo",374,603,815,1154,1459],["Synaptic Spark Capacitor",541,832,1068,1466,1806],["Sylvanas' Resolve / Anduin's Dedication",388,580,853,1137,1530],["Gutripper",152,343,555,759,1091],["Swirling Sands",539,720,990,1232,1525],["Tradewinds",386,570,773,1081,1352],["Ricocheting Inflatable Pyrosaw",260,474,729,1009,1338],["Heed My Call",248,394,683,908,1219],["Barrage Of Many Bombs",493,725,1020,1381,1711],["Snake Eyes",344,504,823,1106,1453],["Tidal Surge",299,504,792,1003,1309],["Collective Will / Stand As One",134,311,556,811,1091],["Combined Might / Stronger Together",117,252,513,741,1037],["Battlefield Focus / Battlefield Precision",320,525,767,1049,1413],["Retaliatory Fury / Last Gift",216,423,643,856,1157],["Glory in Battle / Liberator's Might",372,538,775,953,1332],["Blood Rite",268,492,664,967,1237],["Unstable Flames",219,413,632,849,1089],["Meticulous Scheming",306,514,688,988,1228],["Incite the Pack",366,562,742,1054,1321],["Unstable Catalyst",419,638,899,1191,1587],["Deadshot",470,716,1134,1441,1821],["Azerite Globules",278,443,675,922,1243],["Storm of Steel",396,596,911,1226,1500],["Earthlink",176,322,557,831,1111],["Dagger in the Back",361,549,861,1134,1470],["Secrets of the Deep",406,578,896,1124,1553],["Blood Siphon",117,308,537,774,1028],["Brigand's Blitz",295,465,733,979,1245],["Ruinous Bolt",211,356,618,834,1177],["Blightborne Infusion",605,800,1002,1301,1700],["Overwhelming Power",163,305,522,780,1053],["Rezan's Fury",324,552,783,1079,1434],["Paradise Lost",394,538,776,1049,1407],["Thunderous Blast",405,661,930,1213,1569],["Champion of Azeroth",559,732,1029,1328,1625],["Filthy Transfusion",296,494,714,962,1305],["Ace Up Your Sleeve",46,269,461,741,1006],["Elemental Whirl",170,297,572,832,1099]],"metas":{"build_date":"Aug 28 2018","build_time":"07:33:45","git_revision":"0be56b9506","options":{"debug":false,"max_time":300.0,"expected_iteration_time":325.15500000000003,"vary_combat_length":0.2,"iterations":2322,"target_error":0.2,"threads":32,"seed":14542191634263867915,"single_actor_batch":false,"queue_lag":0.005,"queue_lag_stddev":0.001,"gcd_lag":0.15,"gcd_lag_stddev":0.037,"channel_lag":0.25,"channel_lag_stddev":0.062,"queue_gcd_reduction":0.1,"strict_gcd_queue":0,"confidence":0.95,"confidence_estimator":1.9599639854089754,"world_lag":0.1,"world_lag_stddev":0.01,"travel_variance":0.0,"default_skill":1.0,"reaction_time":0.5,"regen_periodicity":0.25,"ignite_sampling_delta":0.2,"fixed_time":true,"optimize_expressions":true,"optimal_raid":1,"log":0,"debug_each":0,"stat_cache":1,"max_aoe_enemies":20,"show_etmi":false,"tmi_window_global":0.0,"tmi_bin_size":0.5,"enemy_death_pct":0.0,"challenge_mode":false,"timewalk":-1,"pvp_crit":false,"rng":{"name":"sse2-sfmt"},"deterministic":0,"average_range":1,"average_gauss":0,"fight_style":"Patchwerk","default_aura_delay":0.03,"default_aura_delay_stddev":0.005,"dbc":{"Live":{"build_level":27404,"wow_version":"8.0.1"},"version_used":"Live"}},"overrides":{"arcane_intellect":1,"battle_shout":1,"power_word_fortitude":1,"chaos_brand":1,"mystic_touch":1,"mortal_wounds":1,"bleeding":1,"bloodlust":1,"bloodlust_percent":25,"bloodlust_time":0.5},"statistics":{"elapsed_cpu_seconds":62024.563484,"elapsed_time_seconds":66.154804,"init_time_seconds":2.752098981000002,"merge_time_seconds":0.007701334,"analyze_time_seconds":0.447459687,"simulation_length":{"sum":686732.8759999999,"count":2290,"mean":299.88335196506546,"min":240.09900000000002,"max":359.88100000000003,"median":298.592,"variance":1203.0476241206625,"std_dev":34.68497692259089,"mean_variance":0.5253483074762718,"mean_std_dev":0.7248091524506791},"raid_dps":{"sum":53235999.383881815,"count":2290,"mean":23247.16130300516},"total_dmg":{"sum":15962249643.683426,"count":2290,"mean":6970414.691564815},"total_iterations":472637,"total_actors":206,"total_iterations_mean":2294.354368932039,"total_iterations_variance":2074409.1310679605,"total_iterations_stddev":1440.2809208859085,"total_mean_dps_stddev":24.52899509662074,"total_mean_dps_variance":601.6716004500443},"player":{"name":"Template","race":"dwarf","level":120,"role":"attack","specialization":"Outlaw Rogue","profile_source":"default","talents":[{"tier":1,"id":22119,"spell_id":196938,"name":"Quick Draw"},{"tier":2,"id":19238,"spell_id":196922,"name":"Hit and Run"},{"tier":3,"id":19239,"spell_id":14983,"name":"Vigor"},{"tier":6,"id":23128,"spell_id":193539,"name":"Alacrity"},{"tier":7,"id":23175,"spell_id":51690,"name":"Killing Spree"}],"party":0,"ready_type":1,"bugs":true,"scale_player":true,"potion_used":false,"timeofday":"DAY_TIME","invert_scaling":0,"reaction_offset":0.1,"reaction_max":1.4000000000000001,"reaction_mean":0.3,"reaction_stddev":0.06,"reaction_nu":0.25,"world_lag":0.1,"brain_lag":0.0,"brain_lag_stddev":0.0,"world_lag_override":false,"world_lag_stddev_override":false,"dbc":{"Live":{"build_level":27404,"wow_version":"8.0.1"},"version_used":"Live"},"base_energy_regen_per_second":14.85,"collected_data":{"fight_length":{"sum":686732.8759999999,"count":2290,"mean":299.88335196506546,"min":240.09900000000002,"max":359.88100000000003},"waiting_time":{"sum":51893.415,"count":2290,"mean":22.660879912663756,"min":8.21,"max":43.924},"executed_foreground_actions":{"sum":648516.0,"count":2290,"mean":283.19475982532754,"min":214.0,"max":353.0},"dmg":{"sum":15962249643.683426,"count":2290,"mean":6970414.691564815,"min":4851748.280762826,"max":9515250.834707754},"compound_dmg":{"sum":15962249643.683426,"count":2290,"mean":6970414.691564815,"min":4851748.280762826,"max":9515250.834707754},"timeline_dmg":{"mean":23172.308009544096,"mean_std_dev":13685.483312138262,"min":7058.77725626173,"max":60231.19008179098,