{"results":[["Trait","325","340","355","370","385"],["Thunderous Blast",349,469,637,818,1010],["Azerite Globules",66,167,263,398,542],["Tidal Surge",297,405,552,745,937],["Secrets of the Deep",185,269,413,583,726],["Gutripper",106,204,309,433,617],["Unstable Flames",88,171,270,390,541],["Blood Rite",179,296,397,537,697],["Heed My Call",108,202,306,464,649],["Filthy Transfusion",210,293,446,596,760],["Relational Normalization Gizmo",250,320,491,599,793],["Synaptic Spark Capacitor",225,321,475,633,809],["Flames of Alacrity",198,301,412,552,688],["Sylvanas' Resolve / Anduin's Dedication",159,292,431,562,737],["Swirling Sands",282,372,483,633,793],["Meticulous Scheming",186,292,398,554,679],["Ricocheting Inflatable Pyrosaw",65,203,305,424,584],["Laser Matrix",314,450,601,795,1010],["Tradewinds",205,300,428,550,689],["Collective Will / Stand As One",49,155,247,387,501],["Barrage Of Many Bombs",150,287,371,552,709],["Preheat",-8,61,204,349,510],["Blood Siphon",67,152,260,389,523],["Firemind",176,263,375,554,706],["Incite the Pack",204,292,391,527,689],["Combined Might / Stronger Together",18,115,241,346,490],["Blaster Master",271,368,497,623,791],["Duplicative Incineration",572,731,890,1071,1327],["Battlefield Focus / Battlefield Precision",30,125,209,310,472],["Blightborne Infusion",291,445,534,681,845],["Trailing Embers",95,160,309,434,582],["Retaliatory Fury / Last Gift",106,198,307,435,583],["Glory in Battle / Liberator's Might",175,271,389,507,647],["Ruinous Bolt",176,283,411,538,719],["Overwhelming Power",116,192,327,464,578],["Unstable Catalyst",198,301,450,602,774],["Champion of Azeroth",285,378,549,677,827],["Dagger in the Back",346,479,665,828,1041],["Earthlink",74,165,245,396,547],["Rezan's Fury",273,385,520,712,909],["Elemental Whirl",75,176,290,419,547]],"metas":{"build_date":"Aug 20 2018","build_time":"15:55:45","git_revision":"04f3f715c8","options":{"debug":false,"max_time":300.0,"expected_iteration_time":331.40000000000003,"vary_combat_length":0.2,"iterations":2098,"target_error":0.2,"threads":32,"seed":2999024606965636407,"single_actor_batch":false,"queue_lag":0.005,"queue_lag_stddev":0.001,"gcd_lag":0.15,"gcd_lag_stddev":0.037,"channel_lag":0.25,"channel_lag_stddev":0.062,"queue_gcd_reduction":0.1,"strict_gcd_queue":0,"confidence":0.95,"confidence_estimator":1.9599639854089754,"world_lag":0.1,"world_lag_stddev":0.01,"travel_variance":0.0,"default_skill":1.0,"reaction_time":0.5,"regen_periodicity":0.25,"ignite_sampling_delta":0.2,"fixed_time":true,"optimize_expressions":true,"optimal_raid":1,"log":0,"debug_each":0,"stat_cache":1,"max_aoe_enemies":20,"show_etmi":false,"tmi_window_global":0.0,"tmi_bin_size":0.5,"enemy_death_pct":0.0,"challenge_mode":false,"timewalk":-1,"pvp_crit":false,"rng":{"name":"sse2-sfmt"},"deterministic":0,"average_range":1,"average_gauss":0,"fight_style":"Patchwerk","default_aura_delay":0.03,"default_aura_delay_stddev":0.005,"dbc":{"bfa-BETA":{"build_level":26095,"wow_version":"8.0.1"},"version_used":"bfa-BETA"}},"overrides":{"arcane_intellect":1,"battle_shout":1,"power_word_fortitude":1,"chaos_brand":1,"mystic_touch":1,"mortal_wounds":1,"bleeding":1,"bloodlust":1,"bloodlust_percent":25,"bloodlust_time":0.5},"statistics":{"elapsed_cpu_seconds":14118.876226000006,"elapsed_time_seconds":15.061355,"init_time_seconds":2.9556147120000005,"merge_time_seconds":0.0044939490000000006,"analyze_time_seconds":0.33709972800000004,"simulation_length":{"sum":618771.9070000002,"count":2066,"mean":299.5023751210069,"min":240.011,"max":359.99,"median":298.778,"variance":1206.8845097910362,"std_dev":34.740243375529715,"mean_variance":0.5841648159685557,"mean_std_dev":0.7643067551504146},"raid_dps":{"sum":25463545.402529713,"count":2066,"mean":12325.046177410315},"total_dmg":{"sum":7620334928.212474,"count":2066,"mean":3688448.6583797066},"total_iterations":370260,"total_actors":201,"total_iterations_mean":1842.089552238806,"total_iterations_variance":1661534.3880597013,"total_iterations_stddev":1289.005193185699,"total_mean_dps_stddev":13.005807750093417,"total_mean_dps_variance":169.15103523239},"player":{"name":"Template","race":"dark_iron_dwarf","level":120,"role":"spell","specialization":"Fire Mage","profile_source":"default","talents":[{"tier":1,"id":22456,"spell_id":205026,"name":"Firestarter"},{"tier":3,"id":22444,"spell_id":1463,"name":"Incanter's Flow"},{"tier":4,"id":22450,"spell_id":205029,"name":"Flame On"},{"tier":6,"id":23362,"spell_id":205023,"name":"Conflagration"},{"tier":7,"id":22220,"spell_id":269650,"name":"Pyroclasm"}],"party":0,"ready_type":0,"bugs":true,"scale_player":true,"potion_used":false,"timeofday":"DAY_TIME","invert_scaling":0,"reaction_offset":0.1,"reaction_max":1.4000000000000001,"reaction_mean":0.3,"reaction_stddev":0.06,"reaction_nu":0.25,"world_lag":0.1,"brain_lag":0.0,"brain_lag_stddev":0.0,"world_lag_override":false,"world_lag_stddev_override":false,"dbc":{"bfa-BETA":{"build_level":26095,"wow_version":"8.0.1"},"version_used":"bfa-BETA"},"base_mana_regen_per_second":2000.0,"collected_data":{"fight_length":{"sum":618771.9070000002,"count":2066,"mean":299.5023751210069,"min":240.011,"max":359.99},"executed_foreground_actions":{"sum":435520.0,"count":2066,"mean":210.80348499515972,"min":164.0,"max":258.0},"dmg":{"sum":7620334928.212474,"count":2066,"mean":3688448.6583797066,"min":2679281.5023456267,"max":4771838.986087494},"compound_dmg":{"sum":7620334928.212474,"count":2066,"mean":3688448.6583797066,"min":2679281.5023456267,"max":4771838.986087494},"timeline_dmg":{"mean":12077.293573847064,"mean_std_dev":6603.130978484419,"min":510.2328194496661,"max":49406.68202842392,