{"results":[["Trait","325","340","355","370","385"],["Thunderous Blast",383,553,755,1026,1386],["Night's Vengeance",209,372,581,806,1106],["Azerite Globules",175,343,523,727,1019],["Tidal Surge",299,474,684,974,1247],["Dagger in the Back",374,581,767,1080,1366],["Unstable Flames",148,293,499,647,885],["Secrets of the Deep",324,513,724,986,1293],["Gutripper",116,273,485,694,915],["Blood Rite",137,322,481,703,912],["Heed My Call",173,373,519,795,1025],["Filthy Transfusion",235,412,574,829,1113],["Relational Normalization Gizmo",304,462,643,892,1073],["Synaptic Spark Capacitor",532,797,1053,1358,1712],["Sylvanas' Resolve / Anduin's Dedication",334,469,714,959,1250],["Swirling Sands",417,599,773,997,1296],["Meticulous Scheming",147,286,511,688,910],["Ricocheting Inflatable Pyrosaw",224,422,621,844,1137],["Laser Matrix",366,533,753,1038,1302],["Tradewinds",472,641,872,1070,1371],["Collective Will / Stand As One",60,215,460,657,929],["Barrage Of Many Bombs",444,651,902,1158,1495],["Sharpened Blades",20,204,331,527,747],["Blade In The Shadows",228,369,619,799,1128],["Overwhelming Power",111,267,456,669,886],["Blightborne Infusion",455,619,821,1085,1266],["Perforate",100,234,392,601,828],["Champion of Azeroth",484,639,900,1103,1400],["Incite the Pack",416,607,806,1063,1307],["The First Dance",428,576,820,1004,1218],["Inevitability",189,353,528,745,1028],["Combined Might / Stronger Together",52,208,383,601,836],["Battlefield Focus / Battlefield Precision",10,192,348,529,746],["Glory in Battle / Liberator's Might",195,381,585,779,1047],["Ruinous Bolt",168,314,568,763,1018],["Unstable Catalyst",357,544,770,1038,1329],["Blood Siphon",170,341,472,708,963],["Earthlink",138,337,504,738,986],["Retaliatory Fury / Last Gift",234,421,603,793,1051],["Rezan's Fury",285,497,624,904,1195],["Elemental Whirl",161,287,463,675,903]],"metas":{"build_date":"Aug 20 2018","build_time":"15:55:45","git_revision":"04f3f715c8","options":{"debug":false,"max_time":300.0,"expected_iteration_time":281.85200000000003,"vary_combat_length":0.2,"iterations":642,"target_error":0.2,"threads":32,"seed":4459744610990398230,"single_actor_batch":false,"queue_lag":0.005,"queue_lag_stddev":0.001,"gcd_lag":0.15,"gcd_lag_stddev":0.037,"channel_lag":0.25,"channel_lag_stddev":0.062,"queue_gcd_reduction":0.1,"strict_gcd_queue":0,"confidence":0.95,"confidence_estimator":1.9599639854089754,"world_lag":0.1,"world_lag_stddev":0.01,"travel_variance":0.0,"default_skill":1.0,"reaction_time":0.5,"regen_periodicity":0.25,"ignite_sampling_delta":0.2,"fixed_time":true,"optimize_expressions":true,"optimal_raid":1,"log":0,"debug_each":0,"stat_cache":1,"max_aoe_enemies":20,"show_etmi":false,"tmi_window_global":0.0,"tmi_bin_size":0.5,"enemy_death_pct":0.0,"challenge_mode":false,"timewalk":-1,"pvp_crit":false,"rng":{"name":"sse2-sfmt"},"deterministic":0,"average_range":1,"average_gauss":0,"fight_style":"Patchwerk","default_aura_delay":0.03,"default_aura_delay_stddev":0.005,"dbc":{"bfa-BETA":{"build_level":26095,"wow_version":"8.0.1"},"version_used":"bfa-BETA"}},"overrides":{"arcane_intellect":1,"battle_shout":1,"power_word_fortitude":1,"chaos_brand":1,"mystic_touch":1,"mortal_wounds":1,"bleeding":1,"bloodlust":1,"bloodlust_percent":25,"bloodlust_time":0.5},"statistics":{"elapsed_cpu_seconds":14018.337155000003,"elapsed_time_seconds":15.001491999999999,"init_time_seconds":3.0033747360000014,"merge_time_seconds":0.007474288000000001,"analyze_time_seconds":0.12569387499999995,"simulation_length":{"sum":184526.136,"count":610,"mean":302.501862295082,"min":240.156,"max":359.609,"median":303.649,"variance":1250.707361426939,"std_dev":35.36534124573011,"mean_variance":2.0503399367654738,"mean_std_dev":1.4319008124746189},"raid_dps":{"sum":11835986.612091096,"count":610,"mean":19403.256741132944},"total_dmg":{"sum":3578492962.607013,"count":610,"mean":5866381.905913137},"total_iterations":133926,"total_actors":201,"total_iterations_mean":666.2985074626865,"total_iterations_variance":515430.08955223864,"total_iterations_stddev":717.934599773711,"total_mean_dps_stddev":20.446208642271174,"total_mean_dps_variance":418.04744784328443},"player":{"name":"Template","race":"night_elf","level":120,"role":"attack","specialization":"Subtlety Rogue","profile_source":"default","talents":[{"tier":1,"id":19234,"spell_id":91023,"name":"Find Weakness"},{"tier":2,"id":22333,"spell_id":108209,"name":"Shadow Focus"},{"tier":3,"id":19241,"spell_id":137619,"name":"Marked for Death"},{"tier":6,"id":22336,"spell_id":238104,"name":"Enveloping Shadows"},{"tier":7,"id":22132,"spell_id":196976,"name":"Master of Shadows"}],"party":0,"ready_type":1,"bugs":true,"scale_player":true,"potion_used":false,"timeofday":"DAY_TIME","invert_scaling":0,"reaction_offset":0.1,"reaction_max":1.4000000000000001,"reaction_mean":0.3,"reaction_stddev":0.06,"reaction_nu":0.25,"world_lag":0.1,"brain_lag":0.0,"brain_lag_stddev":0.0,"world_lag_override":false,"world_lag_stddev_override":false,"dbc":{"bfa-BETA":{"build_level":26095,"wow_version":"8.0.1"},"version_used":"bfa-BETA"},"base_energy_regen_per_second":10.0,"collected_data":{"fight_length":{"sum":184526.13600000006,"count":610,"mean":302.50186229508205,"min":240.156,"max":359.609},"waiting_time":{"sum":20315.939000000002,"count":610,"mean":33.30481803278689,"min":22.466,"max":44.908},"executed_foreground_actions":{"sum":209539.0,"count":610,"mean":343.5065573770492,"min":272.0,"max":411.0},"dmg":{"sum":3578492962.607013,"count":610,"mean":5866381.905913137,"min":4486497.237482753,"max":7447373.864858077},"compound_dmg":{"sum":3578492962.607013,"count":610,"mean":5866381.905913137,"min":4486497.237482753,"max":7447373.864858077},"timeline_dmg":{"mean":20136.933264623098,"mean_std_dev":9368.901769957058,"min":2833.7306947491074,"max":42953.30228805975,