{"results":[["Trait","325","340","355","370","385"],["In The Rhythm",433,660,822,1082,1337],["Relational Normalization Gizmo",430,594,816,1045,1330],["Thunderous Blast",367,565,779,1060,1351],["Azerite Globules",195,438,580,795,1091],["Tidal Surge",219,445,652,875,1191],["Dagger in the Back",402,635,855,1083,1376],["Unstable Flames",157,270,454,628,875],["Secrets of the Deep",289,463,721,966,1223],["Heed My Call",176,343,541,767,1026],["Blood Rite",358,530,715,927,1175],["Filthy Transfusion",254,422,638,836,1118],["Synaptic Spark Capacitor",593,834,1084,1403,1778],["Gutripper",88,261,413,659,926],["Sylvanas' Resolve / Anduin's Dedication",289,482,696,937,1184],["Swirling Sands",342,526,708,900,1180],["Meticulous Scheming",379,580,775,966,1287],["Ricocheting Inflatable Pyrosaw",262,495,707,921,1188],["Laser Matrix",348,509,723,983,1295],["Tradewinds",433,571,805,1028,1253],["Collective Will / Stand As One",126,240,432,652,895],["Focused Fire",472,704,859,1109,1437],["Barrage Of Many Bombs",476,695,971,1243,1545],["Elemental Whirl",198,304,504,677,916],["Unerring Vision",206,391,543,702,957],["Arcane Flurry",28,129,285,493,753],["Overwhelming Power",267,372,577,768,1069],["Unstable Catalyst",328,527,748,1014,1282],["Rapid Reload",162,289,521,773,929],["Steady Aim",308,448,683,919,1164],["Incite the Pack",354,528,761,962,1182],["Combined Might / Stronger Together",67,226,397,611,864],["Battlefield Focus / Battlefield Precision",109,236,415,640,811],["Retaliatory Fury / Last Gift",215,386,570,768,978],["Glory in Battle / Liberator's Might",245,458,633,825,1115],["Ruinous Bolt",168,324,491,698,1007],["Blood Siphon",135,324,442,693,894],["Champion of Azeroth",529,720,924,1131,1406],["Blightborne Infusion",394,551,748,981,1244],["Earthlink",61,321,450,643,934],["Rezan's Fury",297,484,673,889,1196]],"metas":{"build_date":"Aug 21 2018","build_time":"06:51:36","git_revision":"57250019bf","options":{"debug":false,"max_time":300.0,"expected_iteration_time":262.87600000000003,"vary_combat_length":0.2,"iterations":1016,"target_error":0.2,"threads":32,"seed":13243373657265236424,"single_actor_batch":false,"queue_lag":0.005,"queue_lag_stddev":0.001,"gcd_lag":0.15,"gcd_lag_stddev":0.037,"channel_lag":0.25,"channel_lag_stddev":0.062,"queue_gcd_reduction":0.1,"strict_gcd_queue":0,"confidence":0.95,"confidence_estimator":1.9599639854089754,"world_lag":0.1,"world_lag_stddev":0.01,"travel_variance":0.0,"default_skill":1.0,"reaction_time":0.5,"regen_periodicity":0.25,"ignite_sampling_delta":0.2,"fixed_time":true,"optimize_expressions":true,"optimal_raid":1,"log":0,"debug_each":0,"stat_cache":1,"max_aoe_enemies":20,"show_etmi":false,"tmi_window_global":0.0,"tmi_bin_size":0.5,"enemy_death_pct":0.0,"challenge_mode":false,"timewalk":-1,"pvp_crit":false,"rng":{"name":"sse2-sfmt"},"deterministic":0,"average_range":1,"average_gauss":0,"fight_style":"Patchwerk","default_aura_delay":0.03,"default_aura_delay_stddev":0.005,"dbc":{"bfa-BETA":{"build_level":26095,"wow_version":"8.0.1"},"version_used":"bfa-BETA"}},"overrides":{"arcane_intellect":1,"battle_shout":1,"power_word_fortitude":1,"chaos_brand":1,"mystic_touch":1,"mortal_wounds":1,"bleeding":1,"bloodlust":1,"bloodlust_percent":25,"bloodlust_time":0.5},"statistics":{"elapsed_cpu_seconds":9367.577142000004,"elapsed_time_seconds":10.091560999999999,"init_time_seconds":2.65874373,"merge_time_seconds":0.006409515000000001,"analyze_time_seconds":0.19357069100000007,"simulation_length":{"sum":296436.95399999997,"count":984,"mean":301.2570670731707,"min":240.20600000000002,"max":359.863,"median":301.183,"variance":1151.0096648308675,"std_dev":33.92653334531643,"mean_variance":1.1697252691370603,"mean_std_dev":1.0815383807970296},"raid_dps":{"sum":19864336.932624307,"count":984,"mean":20187.33428112226},"total_dmg":{"sum":5979201987.109803,"count":984,"mean":6076424.783648174},"total_iterations":183530,"total_actors":201,"total_iterations_mean":913.0845771144278,"total_iterations_variance":557513.5621890544,"total_iterations_stddev":746.6683080116997,"total_mean_dps_stddev":21.28054679608054,"total_mean_dps_variance":452.8616719401737},"player":{"name":"Template","race":"lightforged_draenei","level":120,"role":"attack","specialization":"Marksmanship Hunter","profile_source":"default","talents":[{"tier":1,"id":22501,"spell_id":271788,"name":"Serpent Sting"},{"tier":2,"id":22495,"spell_id":260228,"name":"Careful Aim"},{"tier":4,"id":21998,"spell_id":257284,"name":"Hunter's Mark"},{"tier":6,"id":23063,"spell_id":260393,"name":"Lethal Shots"},{"tier":7,"id":22308,"spell_id":194595,"name":"Lock and Load"}],"party":0,"ready_type":0,"bugs":true,"scale_player":true,"potion_used":false,"timeofday":"DAY_TIME","invert_scaling":0,"reaction_offset":0.1,"reaction_max":1.4000000000000001,"reaction_mean":0.3,"reaction_stddev":0.06,"reaction_nu":0.25,"world_lag":0.1,"brain_lag":0.0,"brain_lag_stddev":0.0,"world_lag_override":false,"world_lag_stddev_override":false,"dbc":{"bfa-BETA":{"build_level":26095,"wow_version":"8.0.1"},"version_used":"bfa-BETA"},"base_focus_regen_per_second":2.999999999999999,"collected_data":{"fight_length":{"sum":296436.95399999997,"count":984,"mean":301.2570670731707,"min":240.20600000000002,"max":359.863},"executed_foreground_actions":{"sum":197441.0,"count":984,"mean":200.65142276422765,"min":162.0,"max":238.0},"dmg":{"sum":5979201987.109803,"count":984,"mean":6076424.783648174,"min":4407712.5527259335,"max":7467844.203090923},"compound_dmg":{"sum":5979201987.109803,"count":984,"mean":6076424.783648174,"min":4407712.5527259335,"max":7467844.203090923},"timeline_dmg":{"mean":20756.384853637872,"mean_std_dev":9976.20054851731,"min":0.0,"max":128742.35234064222,