{"results":[["Trait","325","340","355","370","385"],["Laser Matrix",340,482,725,970,1313],["Archive of the Titans",340,526,735,981,1248],["Relational Normalization Gizmo",268,449,700,914,1182],["Synaptic Spark Capacitor",527,713,992,1273,1614],["Gutripper",107,274,460,682,937],["Sylvanas' Resolve / Anduin's Dedication",333,527,714,1017,1298],["Swirling Sands",388,536,743,940,1227],["Tradewinds",209,360,562,780,1025],["Ricocheting Inflatable Pyrosaw",243,400,564,825,1085],["Heed My Call",195,336,544,719,1012],["Barrage Of Many Bombs",418,610,816,1084,1413],["Collective Will / Stand As One",97,266,435,656,912],["Combined Might / Stronger Together",24,186,370,573,805],["Battlefield Focus / Battlefield Precision",131,264,474,656,902],["Retaliatory Fury / Last Gift",120,276,472,613,860],["Tunnel of Ice",166,330,534,740,1004],["Glory in Battle / Liberator's Might",85,195,405,672,878],["Blood Rite",189,336,529,736,989],["Unstable Flames",140,290,472,687,873],["Meticulous Scheming",213,394,571,775,1028],["Winter's Reach",118,253,437,664,914],["Azerite Globules",119,295,493,694,926],["Incite the Pack",195,342,534,735,983],["Tidal Surge",284,454,646,878,1135],["Unstable Catalyst",369,551,781,1045,1357],["Packed Ice",111,299,496,700,983],["Glacial Assault",118,291,500,686,959],["Rezan's Fury",220,424,643,835,1120],["Earthlink",148,274,460,701,946],["Dagger in the Back",248,432,637,900,1122],["Secrets of the Deep",339,518,730,975,1244],["Blood Siphon",101,229,431,606,815],["Thunderous Blast",349,572,757,1052,1360],["Champion of Azeroth",269,455,678,931,1181],["Overwhelming Power",-68,81,231,450,639],["Frigid Grasp",-187,-30,172,386,612],["Filthy Transfusion",211,366,599,846,1102],["Ruinous Bolt",174,354,501,741,1000],["Elemental Whirl",97,207,394,574,829],["Whiteout",-56,80,297,529,785],["Blightborne Infusion",414,558,777,1018,1274]],"metas":{"build_date":"Aug 25 2018","build_time":"09:42:16","git_revision":"d4b8c45266","options":{"debug":false,"max_time":300.0,"expected_iteration_time":273.31600000000003,"vary_combat_length":0.2,"iterations":1837,"target_error":0.2,"threads":32,"seed":17806716798847937922,"single_actor_batch":false,"queue_lag":0.005,"queue_lag_stddev":0.001,"gcd_lag":0.15,"gcd_lag_stddev":0.037,"channel_lag":0.25,"channel_lag_stddev":0.062,"queue_gcd_reduction":0.1,"strict_gcd_queue":0,"confidence":0.95,"confidence_estimator":1.9599639854089754,"world_lag":0.1,"world_lag_stddev":0.01,"travel_variance":0.0,"default_skill":1.0,"reaction_time":0.5,"regen_periodicity":0.25,"ignite_sampling_delta":0.2,"fixed_time":true,"optimize_expressions":true,"optimal_raid":1,"log":0,"debug_each":0,"stat_cache":1,"max_aoe_enemies":20,"show_etmi":false,"tmi_window_global":0.0,"tmi_bin_size":0.5,"enemy_death_pct":0.0,"challenge_mode":false,"timewalk":-1,"pvp_crit":false,"rng":{"name":"sse2-sfmt"},"deterministic":0,"average_range":1,"average_gauss":0,"fight_style":"Patchwerk","default_aura_delay":0.03,"default_aura_delay_stddev":0.005,"dbc":{"Live":{"build_level":27404,"wow_version":"8.0.1"},"version_used":"Live"}},"overrides":{"arcane_intellect":1,"battle_shout":1,"power_word_fortitude":1,"chaos_brand":1,"mystic_touch":1,"mortal_wounds":1,"bleeding":1,"bloodlust":1,"bloodlust_percent":25,"bloodlust_time":0.5},"statistics":{"elapsed_cpu_seconds":29005.662858000003,"elapsed_time_seconds":31.102925,"init_time_seconds":2.9427226469999996,"merge_time_seconds":0.006267560000000002,"analyze_time_seconds":0.3254249529999999,"simulation_length":{"sum":541016.4380000001,"count":1805,"mean":299.7320986149585,"min":240.084,"max":359.861,"median":299.707,"variance":1232.6952276379209,"std_dev":35.10975972059508,"mean_variance":0.6829336441207318,"mean_std_dev":0.8263979937782592},"raid_dps":{"sum":28096047.866966035,"count":1805,"mean":15565.677488623842},"total_dmg":{"sum":8401018900.529651,"count":1805,"mean":4654304.100016427},"total_iterations":356699,"total_actors":206,"total_iterations_mean":1731.5485436893205,"total_iterations_variance":2645251.014563107,"total_iterations_stddev":1626.4227662459434,"total_mean_dps_stddev":16.478975700092917,"total_mean_dps_variance":271.55664012425285},"player":{"name":"Template","race":"pandaren","level":120,"role":"spell","specialization":"Frost Mage","profile_source":"default","talents":[{"tier":1,"id":22457,"spell_id":205027,"name":"Bone Chilling"},{"tier":3,"id":22444,"spell_id":1463,"name":"Incanter's Flow"},{"tier":4,"id":22469,"spell_id":257537,"name":"Ebonbolt"},{"tier":6,"id":22473,"spell_id":153595,"name":"Comet Storm"},{"tier":7,"id":21634,"spell_id":199786,"name":"Glacial Spike"}],"party":0,"ready_type":0,"bugs":true,"scale_player":true,"potion_used":false,"timeofday":"DAY_TIME","invert_scaling":0,"reaction_offset":0.1,"reaction_max":1.4000000000000001,"reaction_mean":0.3,"reaction_stddev":0.06,"reaction_nu":0.25,"world_lag":0.1,"brain_lag":0.0,"brain_lag_stddev":0.0,"world_lag_override":false,"world_lag_stddev_override":false,"dbc":{"Live":{"build_level":27404,"wow_version":"8.0.1"},"version_used":"Live"},"base_mana_regen_per_second":2000.0,"collected_data":{"fight_length":{"sum":541016.438,"count":1805,"mean":299.73209861495843,"min":240.084,"max":359.861},"executed_foreground_actions":{"sum":359756.0,"count":1805,"mean":199.3108033240997,"min":161.0,"max":238.0},"dmg":{"sum":7974103955.29815,"count":1805,"mean":4417786.12481892,"min":3289912.357548934,"max":5542523.432017001},"compound_dmg":{"sum":8401018900.529651,"count":1805,"mean":4654304.100016427,"min":3477364.016402887,"max":5820151.488960933},"timeline_dmg":{"mean":15090.808897462197,"mean_std_dev":11730.689927502191,"min":2611.9731870874593,"max":75933.75517077527,