{"results":[["Trait","325","340","355","370","385"],["Laser Matrix",366,540,736,955,1235],["Archive of the Titans",282,451,639,831,1057],["Relational Normalization Gizmo",324,454,647,875,1079],["Synaptic Spark Capacitor",441,607,811,1073,1346],["Sylvanas' Resolve / Anduin's Dedication",243,464,651,811,1088],["Gutripper",118,292,417,581,842],["Swirling Sands",408,575,739,909,1170],["Tradewinds",312,459,609,839,1059],["Ricocheting Inflatable Pyrosaw",210,365,552,749,1001],["Heed My Call",146,308,507,688,904],["Barrage Of Many Bombs",353,548,729,963,1217],["Snake Eyes",248,386,579,774,993],["Tidal Surge",292,490,654,882,1122],["Collective Will / Stand As One",76,255,361,593,774],["Combined Might / Stronger Together",67,195,383,556,730],["Battlefield Focus / Battlefield Precision",259,435,626,872,1057],["Retaliatory Fury / Last Gift",167,334,462,628,848],["Glory in Battle / Liberator's Might",258,410,567,737,968],["Blood Rite",249,382,544,750,933],["Unstable Flames",150,270,454,624,815],["Meticulous Scheming",299,437,594,784,1004],["Incite the Pack",297,442,598,790,973],["Unstable Catalyst",320,463,688,884,1165],["Deadshot",314,483,682,979,1236],["Azerite Globules",136,340,505,686,902],["Storm of Steel",325,500,693,948,1195],["Earthlink",117,269,435,617,832],["Dagger in the Back",337,499,721,913,1183],["Secrets of the Deep",297,471,660,868,1126],["Blood Siphon",125,242,436,598,813],["Brigand's Blitz",222,358,502,751,930],["Ruinous Bolt",181,347,479,704,915],["Blightborne Infusion",451,611,805,978,1222],["Overwhelming Power",126,257,399,565,805],["Rezan's Fury",271,434,663,841,1076],["Paradise Lost",413,568,780,1005,1256],["Thunderous Blast",407,575,769,984,1251],["Champion of Azeroth",450,564,765,979,1213],["Filthy Transfusion",263,430,589,797,1038],["Ace Up Your Sleeve",-10,159,274,471,666],["Elemental Whirl",140,312,431,638,836]],"metas":{"build_date":"Aug 26 2018","build_time":"17:25:12","git_revision":"82a50ef53a","options":{"debug":false,"max_time":300.0,"expected_iteration_time":331.59000000000003,"vary_combat_length":0.2,"iterations":1142,"target_error":0.2,"threads":32,"seed":3610078380854373731,"single_actor_batch":false,"queue_lag":0.005,"queue_lag_stddev":0.001,"gcd_lag":0.15,"gcd_lag_stddev":0.037,"channel_lag":0.25,"channel_lag_stddev":0.062,"queue_gcd_reduction":0.1,"strict_gcd_queue":0,"confidence":0.95,"confidence_estimator":1.9599639854089754,"world_lag":0.1,"world_lag_stddev":0.01,"travel_variance":0.0,"default_skill":1.0,"reaction_time":0.5,"regen_periodicity":0.25,"ignite_sampling_delta":0.2,"fixed_time":true,"optimize_expressions":true,"optimal_raid":1,"log":0,"debug_each":0,"stat_cache":1,"max_aoe_enemies":20,"show_etmi":false,"tmi_window_global":0.0,"tmi_bin_size":0.5,"enemy_death_pct":0.0,"challenge_mode":false,"timewalk":-1,"pvp_crit":false,"rng":{"name":"sse2-sfmt"},"deterministic":0,"average_range":1,"average_gauss":0,"fight_style":"Patchwerk","default_aura_delay":0.03,"default_aura_delay_stddev":0.005,"dbc":{"Live":{"build_level":27404,"wow_version":"8.0.1"},"version_used":"Live"}},"overrides":{"arcane_intellect":1,"battle_shout":1,"power_word_fortitude":1,"chaos_brand":1,"mystic_touch":1,"mortal_wounds":1,"bleeding":1,"bloodlust":1,"bloodlust_percent":25,"bloodlust_time":0.5},"statistics":{"elapsed_cpu_seconds":17204.76775299999,"elapsed_time_seconds":18.523362,"init_time_seconds":2.345597998999999,"merge_time_seconds":0.006097171,"analyze_time_seconds":0.2465584049999999,"simulation_length":{"sum":333729.7360000001,"count":1110,"mean":300.6574198198199,"min":240.044,"max":359.963,"median":301.56,"variance":1147.4140825210488,"std_dev":33.87350118486498,"mean_variance":1.0337063806495936,"mean_std_dev":1.0167135194584527},"raid_dps":{"sum":18645555.178802945,"count":1110,"mean":16797.797458381032},"total_dmg":{"sum":5600928672.4254265,"count":1110,"mean":5045881.6868697535},"total_iterations":230679,"total_actors":206,"total_iterations_mean":1119.8009708737864,"total_iterations_variance":732152.8398058248,"total_iterations_stddev":855.6593012442655,"total_mean_dps_stddev":17.756839426872506,"total_mean_dps_variance":315.30534643173394},"player":{"name":"Template","race":"dwarf","level":120,"role":"attack","specialization":"Outlaw Rogue","profile_source":"default","talents":[{"tier":1,"id":22119,"spell_id":196938,"name":"Quick Draw"},{"tier":2,"id":19238,"spell_id":196922,"name":"Hit and Run"},{"tier":3,"id":19239,"spell_id":14983,"name":"Vigor"},{"tier":6,"id":19250,"spell_id":5171,"name":"Slice and Dice"},{"tier":7,"id":23075,"spell_id":271877,"name":"Blade Rush"}],"party":0,"ready_type":1,"bugs":true,"scale_player":true,"potion_used":false,"timeofday":"DAY_TIME","invert_scaling":0,"reaction_offset":0.1,"reaction_max":1.4000000000000001,"reaction_mean":0.3,"reaction_stddev":0.06,"reaction_nu":0.25,"world_lag":0.1,"brain_lag":0.0,"brain_lag_stddev":0.0,"world_lag_override":false,"world_lag_stddev_override":false,"dbc":{"Live":{"build_level":27404,"wow_version":"8.0.1"},"version_used":"Live"},"base_energy_regen_per_second":14.85,"collected_data":{"fight_length":{"sum":333729.73600000003,"count":1110,"mean":300.65741981981984,"min":240.044,"max":359.963},"waiting_time":{"sum":23157.318999999996,"count":1110,"mean":20.862449549549545,"min":10.876,"max":32.168},"executed_foreground_actions":{"sum":319818.0,"count":1110,"mean":288.12432432432433,"min":224.0,"max":355.0},"dmg":{"sum":5600928672.4254265,"count":1110,"mean":5045881.6868697535,"min":3808548.634248967,"max":6368050.992661446},"compound_dmg":{"sum":5600928672.4254265,"count":1110,"mean":5045881.6868697535,"min":3808548.634248967,"max":6368050.992661446},"timeline_dmg":{"mean":17034.03948525801,"mean_std_dev":6576.9676423557,"min":5127.924308777754,"max":40000.66401482876,