{"results":[["Trait","325","340","355","370","385"],["Laser Matrix",288,447,623,773,1038],["Archive of the Titans",219,361,504,649,860],["Relational Normalization Gizmo",243,338,505,688,861],["Synaptic Spark Capacitor",204,340,478,664,878],["Gutripper",89,213,338,485,680],["Sylvanas' Resolve / Anduin's Dedication",223,337,511,697,897],["Swirling Sands",203,353,482,649,818],["Tradewinds",163,328,443,594,787],["Ricocheting Inflatable Pyrosaw",93,219,348,480,670],["Heed My Call",128,207,365,511,718],["Barrage Of Many Bombs",161,264,404,597,775],["Perforate",131,239,378,556,738],["Champion of Azeroth",270,396,550,701,884],["The First Dance",152,276,400,585,739],["Inevitability",370,479,658,810,1016],["Tidal Surge",285,429,599,767,971],["Collective Will / Stand As One",57,173,322,455,624],["Combined Might / Stronger Together",47,155,275,402,570],["Battlefield Focus / Battlefield Precision",234,364,553,726,942],["Retaliatory Fury / Last Gift",113,214,371,488,644],["Glory in Battle / Liberator's Might",145,272,420,556,733],["Blood Rite",168,301,425,575,727],["Unstable Flames",73,190,307,460,623],["Meticulous Scheming",154,249,392,548,695],["Incite the Pack",182,299,444,585,773],["Unstable Catalyst",247,384,548,721,948],["Azerite Globules",86,169,313,459,632],["Earthlink",111,221,341,483,686],["Night's Vengeance",174,310,444,589,787],["Dagger in the Back",284,417,589,766,986],["Secrets of the Deep",216,378,500,695,893],["Blood Siphon",76,180,289,435,618],["Ruinous Bolt",155,310,441,599,803],["Sharpened Blades",29,122,231,352,527],["Thunderous Blast",325,485,636,840,1059],["Overwhelming Power",77,198,293,460,620],["Filthy Transfusion",195,317,479,660,825],["Blightborne Infusion",236,388,531,661,856],["Blade In The Shadows",404,574,777,1007,1238],["Rezan's Fury",235,389,539,720,928],["Elemental Whirl",93,211,332,445,627]],"metas":{"build_date":"Aug 25 2018","build_time":"17:36:54","git_revision":"81398f5484","options":{"debug":false,"max_time":300.0,"expected_iteration_time":359.54900000000004,"vary_combat_length":0.2,"iterations":1257,"target_error":0.2,"threads":32,"seed":7552581046559248904,"single_actor_batch":false,"queue_lag":0.005,"queue_lag_stddev":0.001,"gcd_lag":0.15,"gcd_lag_stddev":0.037,"channel_lag":0.25,"channel_lag_stddev":0.062,"queue_gcd_reduction":0.1,"strict_gcd_queue":0,"confidence":0.95,"confidence_estimator":1.9599639854089754,"world_lag":0.1,"world_lag_stddev":0.01,"travel_variance":0.0,"default_skill":1.0,"reaction_time":0.5,"regen_periodicity":0.25,"ignite_sampling_delta":0.2,"fixed_time":true,"optimize_expressions":true,"optimal_raid":1,"log":0,"debug_each":0,"stat_cache":1,"max_aoe_enemies":20,"show_etmi":false,"tmi_window_global":0.0,"tmi_bin_size":0.5,"enemy_death_pct":0.0,"challenge_mode":false,"timewalk":-1,"pvp_crit":false,"rng":{"name":"sse2-sfmt"},"deterministic":0,"average_range":1,"average_gauss":0,"fight_style":"Patchwerk","default_aura_delay":0.03,"default_aura_delay_stddev":0.005,"dbc":{"Live":{"build_level":27404,"wow_version":"8.0.1"},"version_used":"Live"}},"overrides":{"arcane_intellect":1,"battle_shout":1,"power_word_fortitude":1,"chaos_brand":1,"mystic_touch":1,"mortal_wounds":1,"bleeding":1,"bloodlust":1,"bloodlust_percent":25,"bloodlust_time":0.5},"statistics":{"elapsed_cpu_seconds":14588.308288000004,"elapsed_time_seconds":15.711728,"init_time_seconds":2.912835013000001,"merge_time_seconds":0.005375678,"analyze_time_seconds":0.22867257800000004,"simulation_length":{"sum":367895.931,"count":1225,"mean":300.3232089795918,"min":240.018,"max":359.951,"median":300.869,"variance":1162.036491042042,"std_dev":34.08865633963946,"mean_variance":0.948601217177177,"mean_std_dev":0.9739616097039847},"raid_dps":{"sum":12967096.710662376,"count":1225,"mean":10585.38506992847},"total_dmg":{"sum":3887659877.821553,"count":1225,"mean":3173599.9002624922},"total_iterations":234057,"total_actors":206,"total_iterations_mean":1136.1990291262136,"total_iterations_variance":774854.8398058251,"total_iterations_stddev":880.2583937718658,"total_mean_dps_stddev":11.270982016898067,"total_mean_dps_variance":127.03503562523962},"player":{"name":"Template","race":"blood_elf","level":120,"role":"attack","specialization":"Subtlety Rogue","profile_source":"default","talents":[{"tier":1,"id":19234,"spell_id":91023,"name":"Find Weakness"},{"tier":2,"id":22333,"spell_id":108209,"name":"Shadow Focus"},{"tier":3,"id":19241,"spell_id":137619,"name":"Marked for Death"},{"tier":6,"id":22336,"spell_id":238104,"name":"Enveloping Shadows"},{"tier":7,"id":22132,"spell_id":196976,"name":"Master of Shadows"}],"party":0,"ready_type":1,"bugs":true,"scale_player":true,"potion_used":false,"timeofday":"DAY_TIME","invert_scaling":0,"reaction_offset":0.1,"reaction_max":1.4000000000000001,"reaction_mean":0.3,"reaction_stddev":0.06,"reaction_nu":0.25,"world_lag":0.1,"brain_lag":0.0,"brain_lag_stddev":0.0,"world_lag_override":false,"world_lag_stddev_override":false,"dbc":{"Live":{"build_level":27404,"wow_version":"8.0.1"},"version_used":"Live"},"base_energy_regen_per_second":10.0,"collected_data":{"fight_length":{"sum":367895.931,"count":1225,"mean":300.3232089795918,"min":240.018,"max":359.951},"waiting_time":{"sum":78024.85199999998,"count":1225,"mean":63.693756734693864,"min":46.462,"max":81.703},"executed_foreground_actions":{"sum":324348.0,"count":1225,"mean":264.7738775510204,"min":213.0,"max":315.0},"dmg":{"sum":3887659877.821553,"count":1225,"mean":3173599.9002624922,"min":2412864.0378783504,"max":3910711.9270223635},"compound_dmg":{"sum":3887659877.821553,"count":1225,"mean":3173599.9002624922,"min":2412864.0378783504,"max":3910711.9270223635},"timeline_dmg":{"mean":10654.154807198203,"mean_std_dev":4673.6059196254055,"min":1966.1370009346717,"max":30513.909333053183,