{"results":[["Trait","325","340","355","370","385"],["Laser Matrix",250,412,596,810,1025],["Archive of the Titans",215,361,522,710,918],["Relational Normalization Gizmo",228,366,538,750,960],["Synaptic Spark Capacitor",366,552,772,1000,1275],["Gutripper",39,195,341,489,715],["Sylvanas' Resolve / Anduin's Dedication",225,367,522,718,935],["Swirling Sands",209,357,503,674,893],["Tradewinds",180,346,491,665,856],["Ricocheting Inflatable Pyrosaw",138,286,439,631,871],["Heed My Call",115,217,379,567,764],["Barrage Of Many Bombs",273,438,606,808,1073],["Perforate",-36,81,214,365,527],["Champion of Azeroth",285,430,627,794,980],["The First Dance",150,293,434,608,778],["Inevitability",309,449,609,786,1002],["Tidal Surge",219,387,563,765,1006],["Collective Will / Stand As One",24,187,310,483,652],["Combined Might / Stronger Together",19,129,266,410,613],["Battlefield Focus / Battlefield Precision",54,180,322,500,687],["Retaliatory Fury / Last Gift",95,220,384,520,702],["Glory in Battle / Liberator's Might",122,271,430,596,778],["Blood Rite",169,293,445,631,824],["Unstable Flames",47,141,302,490,653],["Meticulous Scheming",179,314,455,634,832],["Incite the Pack",194,314,486,648,848],["Unstable Catalyst",218,395,551,764,1013],["Azerite Globules",86,232,375,555,774],["Earthlink",58,193,333,518,720],["Night's Vengeance",243,396,609,784,1017],["Dagger in the Back",241,383,579,789,1024],["Secrets of the Deep",208,369,536,728,969],["Blood Siphon",59,174,331,471,646],["Ruinous Bolt",113,259,427,601,839],["Sharpened Blades",-43,74,196,356,543],["Thunderous Blast",304,454,643,849,1076],["Overwhelming Power",64,173,298,475,631],["Filthy Transfusion",167,307,471,658,882],["Blightborne Infusion",253,353,545,724,934],["Blade In The Shadows",441,637,864,1069,1373],["Rezan's Fury",242,363,529,736,958],["Elemental Whirl",62,185,318,502,682]],"metas":{"build_date":"Aug 27 2018","build_time":"13:50:42","git_revision":"4aa7462e31","options":{"debug":false,"max_time":300.0,"expected_iteration_time":290.35200000000003,"vary_combat_length":0.2,"iterations":983,"target_error":0.2,"threads":32,"seed":5014392509136683248,"single_actor_batch":false,"queue_lag":0.005,"queue_lag_stddev":0.001,"gcd_lag":0.15,"gcd_lag_stddev":0.037,"channel_lag":0.25,"channel_lag_stddev":0.062,"queue_gcd_reduction":0.1,"strict_gcd_queue":0,"confidence":0.95,"confidence_estimator":1.9599639854089754,"world_lag":0.1,"world_lag_stddev":0.01,"travel_variance":0.0,"default_skill":1.0,"reaction_time":0.5,"regen_periodicity":0.25,"ignite_sampling_delta":0.2,"fixed_time":true,"optimize_expressions":true,"optimal_raid":1,"log":0,"debug_each":0,"stat_cache":1,"max_aoe_enemies":20,"show_etmi":false,"tmi_window_global":0.0,"tmi_bin_size":0.5,"enemy_death_pct":0.0,"challenge_mode":false,"timewalk":-1,"pvp_crit":false,"rng":{"name":"sse2-sfmt"},"deterministic":0,"average_range":1,"average_gauss":0,"fight_style":"Patchwerk","default_aura_delay":0.03,"default_aura_delay_stddev":0.005,"dbc":{"Live":{"build_level":27404,"wow_version":"8.0.1"},"version_used":"Live"}},"overrides":{"arcane_intellect":1,"battle_shout":1,"power_word_fortitude":1,"chaos_brand":1,"mystic_touch":1,"mortal_wounds":1,"bleeding":1,"bloodlust":1,"bloodlust_percent":25,"bloodlust_time":0.5},"statistics":{"elapsed_cpu_seconds":13739.157992999995,"elapsed_time_seconds":14.750191,"init_time_seconds":2.939560673000002,"merge_time_seconds":0.006071736999999999,"analyze_time_seconds":0.18791474700000008,"simulation_length":{"sum":282473.356,"count":951,"mean":297.0277139852787,"min":240.064,"max":359.997,"median":295.36400000000003,"variance":1201.5370529781328,"std_dev":34.66319450048037,"mean_variance":1.263445902185208,"mean_std_dev":1.1240310948480063},"raid_dps":{"sum":11335124.681355234,"count":951,"mean":11919.163702792044},"total_dmg":{"sum":3361679334.3873997,"count":951,"mean":3534888.889997266},"total_iterations":188125,"total_actors":206,"total_iterations_mean":913.2281553398059,"total_iterations_variance":565060.2766990289,"total_iterations_stddev":751.7049133130826,"total_mean_dps_stddev":12.652709498197051,"total_mean_dps_variance":160.0910576457659},"player":{"name":"Template","race":"blood_elf","level":120,"role":"attack","specialization":"Subtlety Rogue","profile_source":"default","talents":[{"tier":1,"id":19234,"spell_id":91023,"name":"Find Weakness"},{"tier":2,"id":22333,"spell_id":108209,"name":"Shadow Focus"},{"tier":3,"id":19241,"spell_id":137619,"name":"Marked for Death"},{"tier":6,"id":22336,"spell_id":238104,"name":"Enveloping Shadows"},{"tier":7,"id":22132,"spell_id":196976,"name":"Master of Shadows"}],"party":0,"ready_type":1,"bugs":true,"scale_player":true,"potion_used":false,"timeofday":"DAY_TIME","invert_scaling":0,"reaction_offset":0.1,"reaction_max":1.4000000000000001,"reaction_mean":0.3,"reaction_stddev":0.06,"reaction_nu":0.25,"world_lag":0.1,"brain_lag":0.0,"brain_lag_stddev":0.0,"world_lag_override":false,"world_lag_stddev_override":false,"dbc":{"Live":{"build_level":27404,"wow_version":"8.0.1"},"version_used":"Live"},"base_energy_regen_per_second":10.0,"collected_data":{"fight_length":{"sum":282473.356,"count":951,"mean":297.0277139852787,"min":240.064,"max":359.997},"waiting_time":{"sum":42576.89299999999,"count":951,"mean":44.77065509989484,"min":31.740000000000002,"max":59.266},"executed_foreground_actions":{"sum":271273.0,"count":951,"mean":285.2502628811777,"min":231.0,"max":345.0},"dmg":{"sum":3361679334.3873997,"count":951,"mean":3534888.889997266,"min":2773968.489720314,"max":4427841.85878334},"compound_dmg":{"sum":3361679334.3873997,"count":951,"mean":3534888.889997266,"min":2773968.489720314,"max":4427841.85878334},"timeline_dmg":{"mean":12167.51855244939,"mean_std_dev":4897.844209679169,"min":1986.4012040900545,"max":30902.75400848242,