{"results":[["Trait","325","340","355","370","385"],["In The Rhythm",536,726,881,1117,1405],["Relational Normalization Gizmo",421,606,874,1061,1345],["Thunderous Blast",374,552,847,1049,1400],["Azerite Globules",264,437,638,828,1103],["Tidal Surge",296,474,678,929,1170],["Dagger in the Back",391,608,838,1117,1418],["Unstable Flames",186,266,474,694,911],["Secrets of the Deep",313,520,776,1019,1289],["Heed My Call",238,411,574,799,1061],["Blood Rite",390,574,766,974,1220],["Filthy Transfusion",224,409,709,870,1159],["Synaptic Spark Capacitor",637,840,1178,1451,1797],["Gutripper",146,284,482,673,951],["Sylvanas' Resolve / Anduin's Dedication",336,537,748,971,1261],["Swirling Sands",347,558,735,956,1200],["Meticulous Scheming",454,576,749,1087,1260],["Ricocheting Inflatable Pyrosaw",306,481,693,976,1240],["Laser Matrix",373,549,738,1041,1304],["Tradewinds",395,637,772,1024,1280],["Collective Will / Stand As One",142,298,482,668,912],["Focused Fire",503,707,933,1204,1465],["Barrage Of Many Bombs",516,696,982,1255,1565],["Elemental Whirl",173,353,540,716,966],["Unerring Vision",234,401,550,779,1015],["Arcane Flurry",17,178,382,526,760],["Overwhelming Power",296,450,607,844,1082],["Unstable Catalyst",369,632,799,1032,1320],["Rapid Reload",190,376,519,741,995],["Steady Aim",331,513,683,926,1237],["Incite the Pack",424,570,797,1005,1286],["Combined Might / Stronger Together",134,242,436,632,901],["Battlefield Focus / Battlefield Precision",57,244,385,593,790],["Retaliatory Fury / Last Gift",259,400,604,805,988],["Glory in Battle / Liberator's Might",306,501,700,886,1154],["Ruinous Bolt",243,366,543,763,989],["Blood Siphon",170,317,531,709,978],["Champion of Azeroth",534,726,957,1170,1442],["Blightborne Infusion",478,606,796,1071,1352],["Earthlink",155,330,483,700,990],["Rezan's Fury",292,499,710,935,1224]],"metas":{"build_date":"Aug 19 2018","build_time":"01:32:03","git_revision":"08c89b7e98","options":{"debug":false,"max_time":300.0,"expected_iteration_time":322.88800000000003,"vary_combat_length":0.2,"iterations":967,"target_error":0.2,"threads":32,"seed":12856241094169311786,"single_actor_batch":false,"queue_lag":0.005,"queue_lag_stddev":0.001,"gcd_lag":0.15,"gcd_lag_stddev":0.037,"channel_lag":0.25,"channel_lag_stddev":0.062,"queue_gcd_reduction":0.1,"strict_gcd_queue":0,"confidence":0.95,"confidence_estimator":1.9599639854089754,"world_lag":0.1,"world_lag_stddev":0.01,"travel_variance":0.0,"default_skill":1.0,"reaction_time":0.5,"regen_periodicity":0.25,"ignite_sampling_delta":0.2,"fixed_time":true,"optimize_expressions":true,"optimal_raid":1,"log":0,"debug_each":0,"stat_cache":1,"max_aoe_enemies":20,"show_etmi":false,"tmi_window_global":0.0,"tmi_bin_size":0.5,"enemy_death_pct":0.0,"challenge_mode":false,"timewalk":-1,"pvp_crit":false,"rng":{"name":"sse2-sfmt"},"deterministic":0,"average_range":1,"average_gauss":0,"fight_style":"Patchwerk","default_aura_delay":0.03,"default_aura_delay_stddev":0.005,"dbc":{"bfa-BETA":{"build_level":26095,"wow_version":"8.0.1"},"version_used":"bfa-BETA"}},"overrides":{"arcane_intellect":1,"battle_shout":1,"power_word_fortitude":1,"chaos_brand":1,"mystic_touch":1,"mortal_wounds":1,"bleeding":1,"bloodlust":1,"bloodlust_percent":25,"bloodlust_time":0.5},"statistics":{"elapsed_cpu_seconds":9339.393186,"elapsed_time_seconds":9.981435000000001,"init_time_seconds":2.6522452860000008,"merge_time_seconds":0.006285026000000001,"analyze_time_seconds":0.19227213899999998,"simulation_length":{"sum":281827.219,"count":935,"mean":301.4194855614973,"min":240.159,"max":359.92400000000004,"median":301.801,"variance":1161.8595197535349,"std_dev":34.08606049037546,"mean_variance":1.2426305024101978,"mean_std_dev":1.1147333772746728},"raid_dps":{"sum":18837679.252467968,"count":935,"mean":20147.250537398897},"total_dmg":{"sum":5674222401.683453,"count":935,"mean":6068687.060624014},"total_iterations":182611,"total_actors":201,"total_iterations_mean":908.5124378109452,"total_iterations_variance":526854.2189054728,"total_iterations_stddev":725.8472421284473,"total_mean_dps_stddev":21.274826243084153,"total_mean_dps_variance":452.61823167342214},"player":{"name":"Template","race":"lightforged_draenei","level":120,"role":"attack","specialization":"Marksmanship Hunter","profile_source":"default","talents":[{"tier":1,"id":22501,"spell_id":271788,"name":"Serpent Sting"},{"tier":2,"id":22495,"spell_id":260228,"name":"Careful Aim"},{"tier":4,"id":21998,"spell_id":257284,"name":"Hunter's Mark"},{"tier":6,"id":23063,"spell_id":260393,"name":"Lethal Shots"},{"tier":7,"id":22308,"spell_id":194595,"name":"Lock and Load"}],"party":0,"ready_type":0,"bugs":true,"scale_player":true,"potion_used":false,"timeofday":"DAY_TIME","invert_scaling":0,"reaction_offset":0.1,"reaction_max":1.4000000000000001,"reaction_mean":0.3,"reaction_stddev":0.06,"reaction_nu":0.25,"world_lag":0.1,"brain_lag":0.0,"brain_lag_stddev":0.0,"world_lag_override":false,"world_lag_stddev_override":false,"dbc":{"bfa-BETA":{"build_level":26095,"wow_version":"8.0.1"},"version_used":"bfa-BETA"},"base_focus_regen_per_second":2.999999999999999,"collected_data":{"fight_length":{"sum":281827.219,"count":935,"mean":301.4194855614973,"min":240.159,"max":359.92400000000004},"executed_foreground_actions":{"sum":187650.0,"count":935,"mean":200.6951871657754,"min":162.0,"max":238.0},"dmg":{"sum":5674222401.683453,"count":935,"mean":6068687.060624014,"min":4616507.0039967345,"max":7575717.5852890145},"compound_dmg":{"sum":5674222401.683453,"count":935,"mean":6068687.060624014,"min":4616507.0039967345,"max":7575717.5852890145},"timeline_dmg":{"mean":20830.61427895366,"mean_std_dev":9841.135886739097,"min":0.0,"max":129274.82614446236,