{"results":[["Trait","325","340","355","370","385"],["Laser Matrix",376,549,830,1045,1369],["Archive of the Titans",288,508,699,929,1277],["Relational Normalization Gizmo",356,524,729,1003,1267],["Synaptic Spark Capacitor",567,832,1156,1458,1811],["Swirling Sands",449,554,744,1077,1296],["Tradewinds",291,438,674,872,1112],["Ricocheting Inflatable Pyrosaw",299,530,779,1048,1310],["Heed My Call",160,388,591,800,1098],["Barrage Of Many Bombs",583,775,1079,1371,1766],["Seething Power",289,495,725,989,1332],["Tidal Surge",259,501,677,954,1278],["Collective Will / Stand As One",120,288,474,750,988],["Combined Might / Stronger Together",55,206,379,623,860],["Sylvanas' Resolve / Anduin's Dedication",274,528,715,1045,1330],["Battlefield Focus / Battlefield Precision",44,238,501,660,938],["Gutripper",121,284,497,737,996],["Retaliatory Fury / Last Gift",123,317,471,733,958],["Glory in Battle / Liberator's Might",203,385,637,851,1072],["Blood Rite",225,425,625,832,1095],["Unstable Flames",155,271,485,674,941],["Meticulous Scheming",279,481,675,910,1125],["Incite the Pack",211,417,613,834,1094],["Unstable Catalyst",346,535,766,1064,1401],["Azerite Globules",248,409,603,824,1163],["Earthlink",94,302,461,734,965],["Secrets of the Deep",343,521,764,1037,1327],["Unbound Chaos",1364,1670,1956,2305,2694],["Dagger in the Back",341,554,783,999,1407],["Blood Siphon",81,258,400,630,875],["Thirsting Blades",226,399,633,872,1118],["Ruinous Bolt",157,326,523,742,1030],["Eyes of Rage",171,360,607,863,1113],["Furious Gaze",193,388,544,813,1062],["Filthy Transfusion",251,440,664,922,1226],["Thunderous Blast",429,623,845,1213,1503],["Elemental Whirl",150,274,450,679,938],["Lifespeed",62,233,462,713,865],["Blightborne Infusion",442,694,849,1179,1381],["Champion of Azeroth",381,579,801,1073,1344],["Overwhelming Power",119,339,491,719,1013],["Revolving Blades",835,1034,1372,1687,2086],["Rezan's Fury",311,505,657,994,1297]],"metas":{"build_date":"Aug 28 2018","build_time":"07:33:45","git_revision":"0be56b9506","options":{"debug":false,"max_time":300.0,"expected_iteration_time":254.05100000000002,"vary_combat_length":0.2,"iterations":344,"target_error":0.2,"threads":32,"seed":15453666022340875598,"single_actor_batch":false,"queue_lag":0.005,"queue_lag_stddev":0.001,"gcd_lag":0.15,"gcd_lag_stddev":0.037,"channel_lag":0.25,"channel_lag_stddev":0.062,"queue_gcd_reduction":0.1,"strict_gcd_queue":0,"confidence":0.95,"confidence_estimator":1.9599639854089754,"world_lag":0.1,"world_lag_stddev":0.01,"travel_variance":0.0,"default_skill":1.0,"reaction_time":0.5,"regen_periodicity":0.25,"ignite_sampling_delta":0.2,"fixed_time":true,"optimize_expressions":true,"optimal_raid":1,"log":0,"debug_each":0,"stat_cache":1,"max_aoe_enemies":20,"show_etmi":false,"tmi_window_global":0.0,"tmi_bin_size":0.5,"enemy_death_pct":0.0,"challenge_mode":false,"timewalk":-1,"pvp_crit":false,"rng":{"name":"sse2-sfmt"},"deterministic":0,"average_range":1,"average_gauss":0,"fight_style":"Patchwerk","default_aura_delay":0.03,"default_aura_delay_stddev":0.005,"dbc":{"Live":{"build_level":27404,"wow_version":"8.0.1"},"version_used":"Live"}},"overrides":{"arcane_intellect":1,"battle_shout":1,"power_word_fortitude":1,"chaos_brand":1,"mystic_touch":1,"mortal_wounds":1,"bleeding":1,"bloodlust":1,"bloodlust_percent":25,"bloodlust_time":0.5},"statistics":{"elapsed_cpu_seconds":6055.810941999999,"elapsed_time_seconds":6.52305,"init_time_seconds":3.2136812939999997,"merge_time_seconds":0.006357635,"analyze_time_seconds":0.07585293099999996,"simulation_length":{"sum":93006.49499999997,"count":312,"mean":298.0977403846153,"min":240.156,"max":359.919,"median":295.648,"variance":1245.3172919229846,"std_dev":35.28905342911573,"mean_variance":3.9914015766762327,"mean_std_dev":1.9978492377244668},"raid_dps":{"sum":6583304.437800584,"count":312,"mean":21100.334736540335},"total_dmg":{"sum":1961114548.8994963,"count":312,"mean":6285623.554165052},"total_iterations":60435,"total_actors":211,"total_iterations_mean":286.4218009478673,"total_iterations_variance":211615.45971563988,"total_iterations_stddev":460.01680373182006,"total_mean_dps_stddev":22.23719272120435,"total_mean_dps_variance":494.4927401199838},"player":{"name":"Template","race":"night_elf","level":120,"role":"attack","specialization":"Havoc Demon Hunter","profile_source":"default","talents":[{"tier":1,"id":22416,"spell_id":232893,"name":"Felblade"},{"tier":2,"id":22799,"spell_id":258920,"name":"Immolation Aura"},{"tier":3,"id":22909,"spell_id":258881,"name":"Trail of Ruin"},{"tier":5,"id":21867,"spell_id":206416,"name":"First Blood"},{"tier":6,"id":21870,"spell_id":203556,"name":"Master of the Glaive"},{"tier":7,"id":22547,"spell_id":206491,"name":"Nemesis"}],"party":0,"ready_type":0,"bugs":true,"scale_player":true,"potion_used":false,"timeofday":"NIGHT_TIME","invert_scaling":0,"reaction_offset":0.1,"reaction_max":1.4000000000000001,"reaction_mean":0.3,"reaction_stddev":0.06,"reaction_nu":0.25,"world_lag":0.1,"brain_lag":0.0,"brain_lag_stddev":0.0,"world_lag_override":false,"world_lag_stddev_override":false,"dbc":{"Live":{"build_level":27404,"wow_version":"8.0.1"},"version_used":"Live"},"collected_data":{"fight_length":{"sum":93006.49500000004,"count":312,"mean":298.0977403846155,"min":240.156,"max":359.919},"executed_foreground_actions":{"sum":85188.0,"count":312,"mean":273.03846153846155,"min":219.0,"max":326.0},"dmg":{"sum":1961114548.8994963,"count":312,"mean":6285623.554165052,"min":4893356.57208519,"max":7496370.104664073},"compound_dmg":{"sum":1961114548.8994963,"count":312,"mean":6285623.554165052,"min":4893356.57208519,"max":7496370.104664073},"timeline_dmg":{"mean":22476.0180041207,"mean_std_dev":9232.880172901778,"min":7829.755212678222,"max":71915.40285952037,