{"results":[["Trait","325","340","355","370","385"],["Laser Matrix",304,448,620,774,1033],["Archive of the Titans",189,327,423,632,798],["Relational Normalization Gizmo",182,300,440,614,798],["Synaptic Spark Capacitor",167,323,417,611,800],["Shadow's Bite",81,191,286,442,615],["Gutripper",73,191,314,454,666],["Sylvanas' Resolve / Anduin's Dedication",199,313,466,642,864],["Swirling Sands",198,314,454,625,807],["Tradewinds",239,351,472,654,790],["Ricocheting Inflatable Pyrosaw",97,177,317,472,654],["Umbral Blaze",93,164,339,477,655],["Heed My Call",115,213,327,501,671],["Barrage Of Many Bombs",139,242,404,571,751],["Tidal Surge",246,349,524,692,904],["Collective Will / Stand As One",62,176,309,437,577],["Combined Might / Stronger Together",60,135,261,392,579],["Battlefield Focus / Battlefield Precision",165,298,424,610,756],["Retaliatory Fury / Last Gift",122,211,363,511,647],["Glory in Battle / Liberator's Might",182,302,407,578,718],["Blood Rite",115,240,376,527,662],["Meticulous Scheming",189,305,446,582,744],["Incite the Pack",219,351,467,615,788],["Explosive Potential",4,76,198,332,483],["Unstable Flames",106,227,337,493,632],["Unstable Catalyst",209,348,499,683,918],["Forbidden Knowledge",12,132,268,429,599],["Supreme Commander",311,430,582,760,953],["Azerite Globules",70,185,308,411,620],["Earthlink",57,162,317,436,634],["Rezan's Fury",244,366,498,712,901],["Dagger in the Back",274,402,592,762,990],["Secrets of the Deep",195,323,477,648,845],["Blood Siphon",165,259,426,567,708],["Excoriate",-9,77,198,332,494],["Demonic Meteor",141,254,378,510,712],["Ruinous Bolt",138,256,387,530,727],["Thunderous Blast",344,475,657,830,1080],["Champion of Azeroth",318,423,572,751,908],["Overwhelming Power",19,125,244,406,606],["Filthy Transfusion",233,343,503,655,876],["Blightborne Infusion",354,460,592,759,949],["Elemental Whirl",93,200,320,453,621]],"metas":{"build_date":"Aug 25 2018","build_time":"04:15:44","git_revision":"00223099f2","options":{"debug":false,"max_time":300.0,"expected_iteration_time":290.09000000000003,"vary_combat_length":0.2,"iterations":707,"target_error":0.2,"threads":32,"seed":5330785397588673245,"single_actor_batch":false,"queue_lag":0.005,"queue_lag_stddev":0.001,"gcd_lag":0.15,"gcd_lag_stddev":0.037,"channel_lag":0.25,"channel_lag_stddev":0.062,"queue_gcd_reduction":0.1,"strict_gcd_queue":0,"confidence":0.95,"confidence_estimator":1.9599639854089754,"world_lag":0.1,"world_lag_stddev":0.01,"travel_variance":0.0,"default_skill":1.0,"reaction_time":0.5,"regen_periodicity":0.25,"ignite_sampling_delta":0.2,"fixed_time":true,"optimize_expressions":true,"optimal_raid":1,"log":0,"debug_each":0,"stat_cache":1,"max_aoe_enemies":20,"show_etmi":false,"tmi_window_global":0.0,"tmi_bin_size":0.5,"enemy_death_pct":0.0,"challenge_mode":false,"timewalk":-1,"pvp_crit":false,"rng":{"name":"sse2-sfmt"},"deterministic":0,"average_range":1,"average_gauss":0,"fight_style":"Patchwerk","default_aura_delay":0.03,"default_aura_delay_stddev":0.005,"dbc":{"Live":{"build_level":27404,"wow_version":"8.0.1"},"version_used":"Live"}},"overrides":{"arcane_intellect":1,"battle_shout":1,"power_word_fortitude":1,"chaos_brand":1,"mystic_touch":1,"mortal_wounds":1,"bleeding":1,"bloodlust":1,"bloodlust_percent":25,"bloodlust_time":0.5},"statistics":{"elapsed_cpu_seconds":13921.92657499999,"elapsed_time_seconds":14.754089,"init_time_seconds":2.821744902999998,"merge_time_seconds":0.012113376000000002,"analyze_time_seconds":0.1425477159999999,"simulation_length":{"sum":202481.30200000003,"count":675,"mean":299.9722992592593,"min":240.14600000000002,"max":359.921,"median":300.10200000000003,"variance":1197.2571101089623,"std_dev":34.60140329681677,"mean_variance":1.7737142371984627,"mean_std_dev":1.3318086338503976},"raid_dps":{"sum":9264334.960351672,"count":675,"mean":13724.940682002478},"total_dmg":{"sum":2774539318.38584,"count":675,"mean":4110428.619830874},"total_iterations":129850,"total_actors":211,"total_iterations_mean":615.4028436018957,"total_iterations_variance":369444.75829383836,"total_iterations_stddev":607.8196758034725,"total_mean_dps_stddev":14.431524723007893,"total_mean_dps_variance":208.26890583078804},"player":{"name":"Template","race":"troll","level":120,"role":"spell","specialization":"Demonology Warlock","profile_source":"default","talents":[{"tier":1,"id":22048,"spell_id":267171,"name":"Demonic Strength"},{"tier":2,"id":23158,"spell_id":265412,"name":"Doom"},{"tier":4,"id":23160,"spell_id":264119,"name":"Summon Vilefiend"},{"tier":6,"id":21717,"spell_id":111898,"name":"Grimoire: Felguard"},{"tier":7,"id":23161,"spell_id":267214,"name":"Sacrificed Souls"}],"party":0,"ready_type":0,"bugs":true,"scale_player":true,"potion_used":false,"timeofday":"DAY_TIME","invert_scaling":0,"reaction_offset":0.1,"reaction_max":1.4000000000000001,"reaction_mean":0.3,"reaction_stddev":0.06,"reaction_nu":0.25,"world_lag":0.1,"brain_lag":0.0,"brain_lag_stddev":0.0,"world_lag_override":false,"world_lag_stddev_override":false,"dbc":{"Live":{"build_level":27404,"wow_version":"8.0.1"},"version_used":"Live"},"base_mana_regen_per_second":1000.0,"collected_data":{"fight_length":{"sum":202481.30200000003,"count":675,"mean":299.9722992592593,"min":240.14600000000002,"max":359.921},"executed_foreground_actions":{"sum":149572.0,"count":675,"mean":221.58814814814815,"min":179.0,"max":266.0},"dmg":{"sum":882787100.3759929,"count":675,"mean":1307832.7412977673,"min":969172.7019963944,"max":1698379.0445369016},"compound_dmg":{"sum":2774539318.38584,"count":675,"mean":4110428.619830874,"min":3249746.199539322,"max":4979996.773353457},"timeline_dmg":{"mean":13913.009401177036,"mean_std_dev":6823.986762467526,"min":2085.0843997667353,"max":45866.00470172386,