{"results":[["Trait","325","340","355","370","385"],["Laser Matrix",368,501,694,892,1147],["Archive of the Titans",224,378,501,676,865],["Relational Normalization Gizmo",296,412,588,763,988],["Synaptic Spark Capacitor",165,354,459,675,868],["Gutripper",142,214,359,530,719],["Sylvanas' Resolve / Anduin's Dedication",251,355,517,719,917],["Swirling Sands",353,492,670,835,1046],["Tradewinds",265,403,567,738,914],["Ricocheting Inflatable Pyrosaw",111,221,351,525,711],["Heed My Call",140,221,385,563,742],["Barrage Of Many Bombs",164,312,445,637,819],["Fan of Blades",22,112,218,340,525],["Twist the Knife",278,426,583,739,972],["Meticulous Scheming",227,360,502,658,867],["Poisoned Wire",99,203,323,473,657],["Tidal Surge",275,402,578,790,993],["Collective Will / Stand As One",75,220,334,500,656],["Combined Might / Stronger Together",61,152,299,457,615],["Battlefield Focus / Battlefield Precision",262,443,588,772,1009],["Retaliatory Fury / Last Gift",173,279,410,551,762],["Glory in Battle / Liberator's Might",199,379,505,695,855],["Blood Rite",230,367,544,665,846],["Incite the Pack",269,378,538,697,917],["Unstable Flames",164,248,373,536,707],["Unstable Catalyst",245,431,582,763,969],["Azerite Globules",93,195,317,488,666],["Dagger in the Back",361,531,729,969,1223],["Scent of Blood",162,289,423,622,799],["Earthlink",101,204,326,483,703],["Rezan's Fury",295,415,587,775,1030],["Double Dose",339,515,686,854,1156],["Secrets of the Deep",227,377,554,713,960],["Blood Siphon",107,242,332,521,689],["Ruinous Bolt",176,289,475,588,839],["Sharpened Blades",-43,114,255,451,652],["Overwhelming Power",169,306,437,591,769],["Thunderous Blast",385,574,739,984,1194],["Shrouded Suffocation",526,685,867,1106,1353],["Champion of Azeroth",364,477,691,859,1067],["Filthy Transfusion",249,388,538,723,931],["Blightborne Infusion",413,538,702,841,1059],["Elemental Whirl",130,257,377,526,681]],"metas":{"build_date":"Aug 24 2018","build_time":"16:25:12","git_revision":"54b1c51bc4","options":{"debug":false,"max_time":300.0,"expected_iteration_time":251.69400000000002,"vary_combat_length":0.2,"iterations":751,"target_error":0.2,"threads":32,"seed":4515168622069211240,"single_actor_batch":false,"queue_lag":0.005,"queue_lag_stddev":0.001,"gcd_lag":0.15,"gcd_lag_stddev":0.037,"channel_lag":0.25,"channel_lag_stddev":0.062,"queue_gcd_reduction":0.1,"strict_gcd_queue":0,"confidence":0.95,"confidence_estimator":1.9599639854089754,"world_lag":0.1,"world_lag_stddev":0.01,"travel_variance":0.0,"default_skill":1.0,"reaction_time":0.5,"regen_periodicity":0.25,"ignite_sampling_delta":0.2,"fixed_time":true,"optimize_expressions":true,"optimal_raid":1,"log":0,"debug_each":0,"stat_cache":1,"max_aoe_enemies":20,"show_etmi":false,"tmi_window_global":0.0,"tmi_bin_size":0.5,"enemy_death_pct":0.0,"challenge_mode":false,"timewalk":-1,"pvp_crit":false,"rng":{"name":"sse2-sfmt"},"deterministic":0,"average_range":1,"average_gauss":0,"fight_style":"Patchwerk","default_aura_delay":0.03,"default_aura_delay_stddev":0.005,"dbc":{"Live":{"build_level":27404,"wow_version":"8.0.1"},"version_used":"Live"}},"overrides":{"arcane_intellect":1,"battle_shout":1,"power_word_fortitude":1,"chaos_brand":1,"mystic_touch":1,"mortal_wounds":1,"bleeding":1,"bloodlust":1,"bloodlust_percent":25,"bloodlust_time":0.5},"statistics":{"elapsed_cpu_seconds":18856.437492999994,"elapsed_time_seconds":19.901952,"init_time_seconds":3.1330391689999995,"merge_time_seconds":0.005394888,"analyze_time_seconds":0.13807751299999999,"simulation_length":{"sum":215453.299,"count":719,"mean":299.65688317107094,"min":240.335,"max":359.692,"median":300.112,"variance":1152.8994385176443,"std_dev":33.954372892422036,"mean_variance":1.6034762705391437,"mean_std_dev":1.2662844350852394},"raid_dps":{"sum":10126550.033013271,"count":719,"mean":14084.214232285496},"total_dmg":{"sum":3029483359.494046,"count":719,"mean":4213467.815707992},"total_iterations":150347,"total_actors":211,"total_iterations_mean":712.5450236966825,"total_iterations_variance":504520.3222748814,"total_iterations_stddev":710.2959399256632,"total_mean_dps_stddev":14.891606922073242,"total_mean_dps_variance":221.7599567215397},"player":{"name":"Template","race":"troll","level":120,"role":"attack","specialization":"Assassination Rogue","profile_source":"default","talents":[{"tier":1,"id":22338,"spell_id":193640,"name":"Elaborate Planning"},{"tier":2,"id":22332,"spell_id":108208,"name":"Subterfuge"},{"tier":3,"id":19239,"spell_id":14983,"name":"Vigor"},{"tier":6,"id":23015,"spell_id":245388,"name":"Toxic Blade"},{"tier":7,"id":21186,"spell_id":255544,"name":"Poison Bomb"}],"party":0,"ready_type":1,"bugs":true,"scale_player":true,"potion_used":false,"timeofday":"DAY_TIME","invert_scaling":0,"reaction_offset":0.1,"reaction_max":1.4000000000000001,"reaction_mean":0.3,"reaction_stddev":0.06,"reaction_nu":0.25,"world_lag":0.1,"brain_lag":0.0,"brain_lag_stddev":0.0,"world_lag_override":false,"world_lag_stddev_override":false,"dbc":{"Live":{"build_level":27404,"wow_version":"8.0.1"},"version_used":"Live"},"base_energy_regen_per_second":11.0,"collected_data":{"fight_length":{"sum":215453.29900000003,"count":719,"mean":299.65688317107094,"min":240.335,"max":359.692},"waiting_time":{"sum":59630.759,"count":719,"mean":82.93568706536857,"min":63.236000000000004,"max":107.789},"executed_foreground_actions":{"sum":136411.0,"count":719,"mean":189.72322670375522,"min":151.0,"max":224.0},"dmg":{"sum":3029483359.494046,"count":719,"mean":4213467.815707992,"min":3310035.878304185,"max":5085108.175082996},"compound_dmg":{"sum":3029483359.494046,"count":719,"mean":4213467.815707992,"min":3310035.878304185,"max":5085108.175082996},"timeline_dmg":{"mean":14162.095352188977,"mean_std_dev":6266.5635119821,"min":3351.2614081868583,"max":43620.047354242604,