{"results":[["Trait","325","340","355","370","385"],["Laser Matrix",355,521,794,1041,1332],["Archive of the Titans",259,513,700,916,1190],["Relational Normalization Gizmo",399,529,757,994,1236],["Synaptic Spark Capacitor",436,624,889,1157,1467],["Gutripper",138,294,448,648,938],["Sylvanas' Resolve / Anduin's Dedication",293,490,648,955,1237],["Swirling Sands",520,714,944,1132,1425],["Tradewinds",449,604,803,1047,1330],["Ricocheting Inflatable Pyrosaw",239,416,565,837,1114],["Heed My Call",189,327,542,754,979],["Barrage Of Many Bombs",338,551,778,1073,1366],["Fan of Blades",-7,177,313,480,700],["Twist the Knife",203,355,563,755,1039],["Meticulous Scheming",354,544,711,919,1194],["Poisoned Wire",25,176,344,508,735],["Tidal Surge",299,476,667,912,1209],["Collective Will / Stand As One",122,319,467,668,904],["Combined Might / Stronger Together",91,233,400,628,833],["Battlefield Focus / Battlefield Precision",138,252,437,654,904],["Retaliatory Fury / Last Gift",243,386,596,814,1005],["Glory in Battle / Liberator's Might",316,491,727,878,1191],["Blood Rite",287,493,650,872,1099],["Incite the Pack",421,600,749,1006,1226],["Unstable Flames",224,338,530,712,984],["Unstable Catalyst",351,574,763,1023,1330],["Azerite Globules",188,345,571,728,1012],["Dagger in the Back",474,644,895,1161,1475],["Scent of Blood",409,611,825,1098,1444],["Earthlink",176,306,472,695,967],["Rezan's Fury",316,494,708,971,1252],["Double Dose",45,151,347,516,697],["Secrets of the Deep",323,477,725,977,1232],["Blood Siphon",177,308,477,684,933],["Ruinous Bolt",183,330,532,766,1026],["Sharpened Blades",6,205,418,662,927],["Overwhelming Power",133,338,485,692,904],["Thunderous Blast",434,591,827,1098,1364],["Shrouded Suffocation",651,898,1130,1381,1774],["Champion of Azeroth",585,734,953,1185,1470],["Filthy Transfusion",264,440,629,861,1127],["Blightborne Infusion",579,758,979,1225,1510],["Elemental Whirl",204,310,511,724,922]],"metas":{"build_date":"Aug 24 2018","build_time":"06:29:59","git_revision":"d11d257b76","options":{"debug":false,"max_time":300.0,"expected_iteration_time":315.62600000000003,"vary_combat_length":0.2,"iterations":460,"target_error":0.2,"threads":32,"seed":8784135791420286044,"single_actor_batch":false,"queue_lag":0.005,"queue_lag_stddev":0.001,"gcd_lag":0.15,"gcd_lag_stddev":0.037,"channel_lag":0.25,"channel_lag_stddev":0.062,"queue_gcd_reduction":0.1,"strict_gcd_queue":0,"confidence":0.95,"confidence_estimator":1.9599639854089754,"world_lag":0.1,"world_lag_stddev":0.01,"travel_variance":0.0,"default_skill":1.0,"reaction_time":0.5,"regen_periodicity":0.25,"ignite_sampling_delta":0.2,"fixed_time":true,"optimize_expressions":true,"optimal_raid":1,"log":0,"debug_each":0,"stat_cache":1,"max_aoe_enemies":20,"show_etmi":false,"tmi_window_global":0.0,"tmi_bin_size":0.5,"enemy_death_pct":0.0,"challenge_mode":false,"timewalk":-1,"pvp_crit":false,"rng":{"name":"sse2-sfmt"},"deterministic":0,"average_range":1,"average_gauss":0,"fight_style":"Patchwerk","default_aura_delay":0.03,"default_aura_delay_stddev":0.005,"dbc":{"Live":{"build_level":27404,"wow_version":"8.0.1"},"version_used":"Live"}},"overrides":{"arcane_intellect":1,"battle_shout":1,"power_word_fortitude":1,"chaos_brand":1,"mystic_touch":1,"mortal_wounds":1,"bleeding":1,"bloodlust":1,"bloodlust_percent":25,"bloodlust_time":0.5},"statistics":{"elapsed_cpu_seconds":12275.218634,"elapsed_time_seconds":12.998494,"init_time_seconds":3.2136555669999987,"merge_time_seconds":0.006424876999999999,"analyze_time_seconds":0.08939795400000004,"simulation_length":{"sum":127703.466,"count":428,"mean":298.3725841121495,"min":240.264,"max":359.889,"median":297.26,"variance":1283.5283753363833,"std_dev":35.826364249479504,"mean_variance":2.998898073215849,"mean_std_dev":1.731732679490645},"raid_dps":{"sum":7935028.942652376,"count":428,"mean":18539.787249187797},"total_dmg":{"sum":2365813867.7036376,"count":428,"mean":5527602.494634667},"total_iterations":84499,"total_actors":211,"total_iterations_mean":400.4691943127962,"total_iterations_variance":552280.549763033,"total_iterations_stddev":743.1558045006666,"total_mean_dps_stddev":19.584333019222317,"total_mean_dps_variance":383.5460998078015},"player":{"name":"Template","race":"human","level":120,"role":"attack","specialization":"Assassination Rogue","profile_source":"default","talents":[{"tier":1,"id":22338,"spell_id":193640,"name":"Elaborate Planning"},{"tier":2,"id":22332,"spell_id":108208,"name":"Subterfuge"},{"tier":3,"id":19239,"spell_id":14983,"name":"Vigor"},{"tier":6,"id":22344,"spell_id":200806,"name":"Exsanguinate"},{"tier":7,"id":21186,"spell_id":255544,"name":"Poison Bomb"}],"party":0,"ready_type":1,"bugs":true,"scale_player":true,"potion_used":false,"timeofday":"DAY_TIME","invert_scaling":0,"reaction_offset":0.1,"reaction_max":1.4000000000000001,"reaction_mean":0.3,"reaction_stddev":0.06,"reaction_nu":0.25,"world_lag":0.1,"brain_lag":0.0,"brain_lag_stddev":0.0,"world_lag_override":false,"world_lag_stddev_override":false,"dbc":{"Live":{"build_level":27404,"wow_version":"8.0.1"},"version_used":"Live"},"base_energy_regen_per_second":11.0,"collected_data":{"fight_length":{"sum":127703.46600000001,"count":428,"mean":298.3725841121496,"min":240.264,"max":359.889},"waiting_time":{"sum":1015.358,"count":428,"mean":2.3723317757009346,"min":0.5740000000000001,"max":5.723},"executed_foreground_actions":{"sum":129686.0,"count":428,"mean":303.00467289719626,"min":243.0,"max":364.0},"dmg":{"sum":2365813867.7036376,"count":428,"mean":5527602.494634667,"min":4326907.65287337,"max":6712548.71024456},"compound_dmg":{"sum":2365813867.7036376,"count":428,"mean":5527602.494634667,"min":4326907.65287337,"max":6712548.71024456},"timeline_dmg":{"mean":19287.44705143226,"mean_std_dev":4646.905088062124,"min":2877.134893681314,"max":38749.16240989358,