{"results":[["Trait","325","340","355","370","385"],["Laser Matrix",301,463,635,846,1113],["Archive of the Titans",237,401,557,764,948],["Relational Normalization Gizmo",267,437,556,773,1004],["Synaptic Spark Capacitor",435,596,799,1035,1323],["Gutripper",76,222,367,524,749],["Sylvanas' Resolve / Anduin's Dedication",247,381,571,752,1006],["Swirling Sands",270,394,541,692,926],["Tradewinds",239,370,554,690,910],["Ricocheting Inflatable Pyrosaw",187,333,496,685,882],["Heed My Call",130,271,431,612,827],["Barrage Of Many Bombs",302,479,640,832,1091],["Perforate",-2,121,247,416,583],["Champion of Azeroth",323,471,660,816,1027],["The First Dance",211,319,449,632,817],["Inevitability",382,499,678,841,1057],["Tidal Surge",262,441,609,796,1054],["Collective Will / Stand As One",85,243,336,528,675],["Combined Might / Stronger Together",64,145,322,475,659],["Battlefield Focus / Battlefield Precision",101,205,368,514,705],["Retaliatory Fury / Last Gift",134,251,406,558,734],["Glory in Battle / Liberator's Might",172,317,459,638,805],["Blood Rite",207,337,504,647,844],["Unstable Flames",64,221,349,510,699],["Meticulous Scheming",209,333,513,669,880],["Incite the Pack",248,357,505,668,879],["Unstable Catalyst",294,421,614,822,1069],["Azerite Globules",104,249,396,596,783],["Earthlink",112,228,396,532,761],["Night's Vengeance",287,429,644,848,1070],["Dagger in the Back",314,442,608,823,1095],["Secrets of the Deep",247,390,574,785,1029],["Blood Siphon",93,213,324,501,683],["Ruinous Bolt",152,302,475,670,877],["Sharpened Blades",93,284,473,676,962],["Thunderous Blast",316,502,665,896,1140],["Overwhelming Power",90,196,364,517,693],["Filthy Transfusion",213,355,518,711,915],["Blightborne Infusion",275,434,596,750,968],["Blade In The Shadows",500,673,878,1136,1405],["Rezan's Fury",264,359,583,772,1014],["Elemental Whirl",103,238,360,523,726]],"metas":{"build_date":"Aug 28 2018","build_time":"07:33:45","git_revision":"0be56b9506","options":{"debug":false,"max_time":300.0,"expected_iteration_time":283.19100000000003,"vary_combat_length":0.2,"iterations":908,"target_error":0.2,"threads":32,"seed":4110153163831095773,"single_actor_batch":false,"queue_lag":0.005,"queue_lag_stddev":0.001,"gcd_lag":0.15,"gcd_lag_stddev":0.037,"channel_lag":0.25,"channel_lag_stddev":0.062,"queue_gcd_reduction":0.1,"strict_gcd_queue":0,"confidence":0.95,"confidence_estimator":1.9599639854089754,"world_lag":0.1,"world_lag_stddev":0.01,"travel_variance":0.0,"default_skill":1.0,"reaction_time":0.5,"regen_periodicity":0.25,"ignite_sampling_delta":0.2,"fixed_time":true,"optimize_expressions":true,"optimal_raid":1,"log":0,"debug_each":0,"stat_cache":1,"max_aoe_enemies":20,"show_etmi":false,"tmi_window_global":0.0,"tmi_bin_size":0.5,"enemy_death_pct":0.0,"challenge_mode":false,"timewalk":-1,"pvp_crit":false,"rng":{"name":"sse2-sfmt"},"deterministic":0,"average_range":1,"average_gauss":0,"fight_style":"Patchwerk","default_aura_delay":0.03,"default_aura_delay_stddev":0.005,"dbc":{"Live":{"build_level":27404,"wow_version":"8.0.1"},"version_used":"Live"}},"overrides":{"arcane_intellect":1,"battle_shout":1,"power_word_fortitude":1,"chaos_brand":1,"mystic_touch":1,"mortal_wounds":1,"bleeding":1,"bloodlust":1,"bloodlust_percent":25,"bloodlust_time":0.5},"statistics":{"elapsed_cpu_seconds":13876.134146000011,"elapsed_time_seconds":14.890941999999999,"init_time_seconds":2.952209876000002,"merge_time_seconds":0.006202648000000002,"analyze_time_seconds":0.1833806720000001,"simulation_length":{"sum":263620.127,"count":876,"mean":300.9362180365297,"min":240.097,"max":359.855,"median":301.603,"variance":1221.4329918303138,"std_dev":34.94900559143727,"mean_variance":1.3943298993496733,"mean_std_dev":1.18081747080134},"raid_dps":{"sum":10405377.94275215,"count":876,"mean":11878.285322776428},"total_dmg":{"sum":3126882969.0999413,"count":876,"mean":3569501.1062784716},"total_iterations":187659,"total_actors":206,"total_iterations_mean":910.9660194174758,"total_iterations_variance":567182.7621359227,"total_iterations_stddev":753.1153710660291,"total_mean_dps_stddev":12.657766509296332,"total_mean_dps_variance":160.21905300386385},"player":{"name":"Template","race":"blood_elf","level":120,"role":"attack","specialization":"Subtlety Rogue","profile_source":"default","talents":[{"tier":1,"id":19234,"spell_id":91023,"name":"Find Weakness"},{"tier":2,"id":22333,"spell_id":108209,"name":"Shadow Focus"},{"tier":3,"id":19241,"spell_id":137619,"name":"Marked for Death"},{"tier":6,"id":22336,"spell_id":238104,"name":"Enveloping Shadows"},{"tier":7,"id":22132,"spell_id":196976,"name":"Master of Shadows"}],"party":0,"ready_type":1,"bugs":true,"scale_player":true,"potion_used":false,"timeofday":"DAY_TIME","invert_scaling":0,"reaction_offset":0.1,"reaction_max":1.4000000000000001,"reaction_mean":0.3,"reaction_stddev":0.06,"reaction_nu":0.25,"world_lag":0.1,"brain_lag":0.0,"brain_lag_stddev":0.0,"world_lag_override":false,"world_lag_stddev_override":false,"dbc":{"Live":{"build_level":27404,"wow_version":"8.0.1"},"version_used":"Live"},"base_energy_regen_per_second":10.0,"collected_data":{"fight_length":{"sum":263620.127,"count":876,"mean":300.9362180365297,"min":240.097,"max":359.855},"waiting_time":{"sum":39884.77600000001,"count":876,"mean":45.53056621004568,"min":30.218,"max":59.196},"executed_foreground_actions":{"sum":252864.0,"count":876,"mean":288.6575342465753,"min":231.0,"max":345.0},"dmg":{"sum":3126882969.0999413,"count":876,"mean":3569501.1062784716,"min":2777861.300967101,"max":4418075.486395646},"compound_dmg":{"sum":3126882969.0999413,"count":876,"mean":3569501.1062784716,"min":2777861.300967101,"max":4418075.486395646},"timeline_dmg":{"mean":12132.938984559134,"mean_std_dev":4924.624722680534,"min":2057.8334135941786,"max":31024.468971154853,