{"results":[["Trait","325","340","355","370","385"],["Thunderous Blast",448,585,795,1012,1245],["Dagger in the Back",434,565,811,1017,1300],["Unstable Flames",122,214,368,471,676],["Secrets of the Deep",224,351,529,684,891],["Gutripper",121,215,382,513,701],["Blood Rite",207,329,446,566,761],["Heed My Call",145,259,405,576,758],["Tidal Surge",276,423,584,782,982],["Filthy Transfusion",261,413,545,715,960],["Relational Normalization Gizmo",246,381,538,691,891],["Synaptic Spark Capacitor",222,365,518,681,878],["Sylvanas' Resolve / Anduin's Dedication",199,332,495,656,873],["Swirling Sands",324,449,615,736,927],["Meticulous Scheming",258,331,465,615,802],["Ricocheting Inflatable Pyrosaw",115,244,383,565,719],["Laser Matrix",375,544,706,963,1221],["Tradewinds",211,366,490,632,819],["Collective Will / Stand As One",64,175,327,504,639],["Barrage Of Many Bombs",174,346,496,653,857],["Snake Eyes",73,193,312,476,659],["Overwhelming Power",96,204,308,460,642],["Paradise Lost",254,361,541,718,929],["Brigand's Blitz",221,365,485,601,819],["Azerite Globules",134,192,337,476,648],["Ace Up Your Sleeve",71,207,295,480,632],["Deadshot",336,470,683,885,1130],["Incite the Pack",219,339,425,636,809],["Combined Might / Stronger Together",58,139,302,412,599],["Storm of Steel",227,395,549,732,962],["Battlefield Focus / Battlefield Precision",301,459,630,805,1024],["Retaliatory Fury / Last Gift",137,243,363,501,685],["Glory in Battle / Liberator's Might",182,315,490,589,786],["Ruinous Bolt",176,322,453,603,817],["Unstable Catalyst",270,394,538,725,908],["Blood Siphon",84,198,327,441,604],["Champion of Azeroth",349,473,644,805,990],["Blightborne Infusion",383,512,641,772,983],["Earthlink",110,208,353,507,678],["Rezan's Fury",314,473,629,809,1052],["Elemental Whirl",113,246,338,502,643]],"metas":{"build_date":"Aug 23 2018","build_time":"08:35:52","git_revision":"0f9699d9e7","options":{"debug":false,"max_time":300.0,"expected_iteration_time":281.07800000000003,"vary_combat_length":0.2,"iterations":2330,"target_error":0.2,"threads":32,"seed":9002696712939141181,"single_actor_batch":false,"queue_lag":0.005,"queue_lag_stddev":0.001,"gcd_lag":0.15,"gcd_lag_stddev":0.037,"channel_lag":0.25,"channel_lag_stddev":0.062,"queue_gcd_reduction":0.1,"strict_gcd_queue":0,"confidence":0.95,"confidence_estimator":1.9599639854089754,"world_lag":0.1,"world_lag_stddev":0.01,"travel_variance":0.0,"default_skill":1.0,"reaction_time":0.5,"regen_periodicity":0.25,"ignite_sampling_delta":0.2,"fixed_time":true,"optimize_expressions":true,"optimal_raid":1,"log":0,"debug_each":0,"stat_cache":1,"max_aoe_enemies":20,"show_etmi":false,"tmi_window_global":0.0,"tmi_bin_size":0.5,"enemy_death_pct":0.0,"challenge_mode":false,"timewalk":-1,"pvp_crit":false,"rng":{"name":"sse2-sfmt"},"deterministic":0,"average_range":1,"average_gauss":0,"fight_style":"Patchwerk","default_aura_delay":0.03,"default_aura_delay_stddev":0.005,"dbc":{"Live":{"build_level":27404,"wow_version":"8.0.1"},"version_used":"Live"}},"overrides":{"arcane_intellect":1,"battle_shout":1,"power_word_fortitude":1,"chaos_brand":1,"mystic_touch":1,"mortal_wounds":1,"bleeding":1,"bloodlust":1,"bloodlust_percent":25,"bloodlust_time":0.5},"statistics":{"elapsed_cpu_seconds":27253.11854000001,"elapsed_time_seconds":29.010656,"init_time_seconds":2.353690715999999,"merge_time_seconds":0.005489057999999999,"analyze_time_seconds":0.3862996970000002,"simulation_length":{"sum":691825.8620000003,"count":2298,"mean":301.05564055700626,"min":240.038,"max":359.97,"median":301.85,"variance":1185.0304466349432,"std_dev":34.424271185239974,"mean_variance":0.5156790455330476,"mean_std_dev":0.7181079623100189},"raid_dps":{"sum":32711392.222459078,"count":2298,"mean":14234.72246408141},"total_dmg":{"sum":9840243920.018974,"count":2298,"mean":4282090.478685368},"total_iterations":426732,"total_actors":201,"total_iterations_mean":2123.044776119403,"total_iterations_variance":1868170.5970149247,"total_iterations_stddev":1366.810373466241,"total_mean_dps_stddev":15.037853442906098,"total_mean_dps_variance":226.13703617032277},"player":{"name":"Template","race":"dwarf","level":120,"role":"attack","specialization":"Outlaw Rogue","profile_source":"default","talents":[{"tier":1,"id":22119,"spell_id":196938,"name":"Quick Draw"},{"tier":2,"id":19238,"spell_id":196922,"name":"Hit and Run"},{"tier":3,"id":19239,"spell_id":14983,"name":"Vigor"},{"tier":6,"id":23128,"spell_id":193539,"name":"Alacrity"},{"tier":7,"id":23175,"spell_id":51690,"name":"Killing Spree"}],"party":0,"ready_type":1,"bugs":true,"scale_player":true,"potion_used":false,"timeofday":"DAY_TIME","invert_scaling":0,"reaction_offset":0.1,"reaction_max":1.4000000000000001,"reaction_mean":0.3,"reaction_stddev":0.06,"reaction_nu":0.25,"world_lag":0.1,"brain_lag":0.0,"brain_lag_stddev":0.0,"world_lag_override":false,"world_lag_stddev_override":false,"dbc":{"Live":{"build_level":27404,"wow_version":"8.0.1"},"version_used":"Live"},"base_energy_regen_per_second":14.85,"collected_data":{"fight_length":{"sum":691825.8620000002,"count":2298,"mean":301.0556405570062,"min":240.038,"max":359.97},"waiting_time":{"sum":58430.51599999999,"count":2298,"mean":25.426682332463006,"min":5.913,"max":42.885},"executed_foreground_actions":{"sum":643669.0,"count":2298,"mean":280.09965187119235,"min":212.0,"max":361.0},"dmg":{"sum":9840243920.018974,"count":2298,"mean":4282090.478685368,"min":3043997.3219947857,"max":5860302.027339074},"compound_dmg":{"sum":9840243920.018974,"count":2298,"mean":4282090.478685368,"min":3043997.3219947857,"max":5860302.027339074},"timeline_dmg":{"mean":14203.571171566236,"mean_std_dev":2175.8947117021908,"min":7121.858093776091,"max":31700.27296491946,