{"results":[["Trait","325","340","355","370","385"],["Thunderous Blast",341,502,687,925,1150],["Azerite Globules",129,264,451,572,790],["Tidal Surge",297,438,606,776,1005],["Secrets of the Deep",239,337,538,702,928],["Gutripper",91,222,374,521,725],["Unstable Flames",103,249,380,505,691],["Blood Rite",195,343,481,637,797],["Heed My Call",133,270,401,596,794],["Relational Normalization Gizmo",266,410,562,741,916],["Arcane Pummeling",72,219,381,541,707],["Synaptic Spark Capacitor",411,554,754,994,1276],["Sylvanas' Resolve / Anduin's Dedication",237,372,515,732,906],["Swirling Sands",264,406,580,735,968],["Meticulous Scheming",40,163,252,429,585],["Ricocheting Inflatable Pyrosaw",170,312,517,682,860],["Laser Matrix",330,442,644,820,1068],["Tradewinds",234,371,487,678,864],["Collective Will / Stand As One",50,211,327,492,640],["Barrage Of Many Bombs",308,483,656,859,1076],["Incite the Pack",193,342,479,662,832],["Brain Storm",127,218,387,524,746],["Arcane Pressure",164,344,448,621,835],["Glory in Battle / Liberator's Might",223,322,425,660,806],["Explosive Echo",-16,118,231,376,520],["Ruinous Bolt",174,286,452,632,812],["Dagger in the Back",335,492,702,905,1178],["Galvanizing Spark",457,626,839,1027,1316],["Filthy Transfusion",228,365,516,694,934],["Combined Might / Stronger Together",44,167,292,451,618],["Battlefield Focus / Battlefield Precision",188,337,480,676,903],["Anomalous Impact",89,175,342,448,663],["Retaliatory Fury / Last Gift",139,257,359,546,695],["Unstable Catalyst",215,403,595,756,1009],["Blood Siphon",111,197,325,507,664],["Overwhelming Power",169,292,398,569,745],["Champion of Azeroth",306,453,624,795,1009],["Blightborne Infusion",347,531,656,845,1040],["Earthlink",86,228,335,501,671],["Rezan's Fury",267,404,564,771,971],["Elemental Whirl",92,225,357,518,696]],"metas":{"build_date":"Aug 21 2018","build_time":"06:51:36","git_revision":"57250019bf","options":{"debug":false,"max_time":300.0,"expected_iteration_time":250.71800000000002,"vary_combat_length":0.2,"iterations":1723,"target_error":0.2,"threads":32,"seed":10606246442191038943,"single_actor_batch":false,"queue_lag":0.005,"queue_lag_stddev":0.001,"gcd_lag":0.15,"gcd_lag_stddev":0.037,"channel_lag":0.25,"channel_lag_stddev":0.062,"queue_gcd_reduction":0.1,"strict_gcd_queue":0,"confidence":0.95,"confidence_estimator":1.9599639854089754,"world_lag":0.1,"world_lag_stddev":0.01,"travel_variance":0.0,"default_skill":1.0,"reaction_time":0.5,"regen_periodicity":0.25,"ignite_sampling_delta":0.2,"fixed_time":true,"optimize_expressions":true,"optimal_raid":1,"log":0,"debug_each":0,"stat_cache":1,"max_aoe_enemies":20,"show_etmi":false,"tmi_window_global":0.0,"tmi_bin_size":0.5,"enemy_death_pct":0.0,"challenge_mode":false,"timewalk":-1,"pvp_crit":false,"rng":{"name":"sse2-sfmt"},"deterministic":0,"average_range":1,"average_gauss":0,"fight_style":"Patchwerk","default_aura_delay":0.03,"default_aura_delay_stddev":0.005,"dbc":{"bfa-BETA":{"build_level":26095,"wow_version":"8.0.1"},"version_used":"bfa-BETA"}},"overrides":{"arcane_intellect":1,"battle_shout":1,"power_word_fortitude":1,"chaos_brand":1,"mystic_touch":1,"mortal_wounds":1,"bleeding":1,"bloodlust":1,"bloodlust_percent":25,"bloodlust_time":0.5},"statistics":{"elapsed_cpu_seconds":9117.221371000005,"elapsed_time_seconds":9.774611,"init_time_seconds":2.6179036239999998,"merge_time_seconds":0.005675050000000001,"analyze_time_seconds":0.42814662800000025,"simulation_length":{"sum":505742.48399999994,"count":1691,"mean":299.07893790656414,"min":240.061,"max":359.96500000000003,"median":298.801,"variance":1169.4766023172565,"std_dev":34.19761106155306,"mean_variance":0.6915887654152907,"mean_std_dev":0.8316181608258028},"raid_dps":{"sum":25792350.990153242,"count":1691,"mean":15252.720869398723},"total_dmg":{"sum":7697948490.150178,"count":1691,"mean":4552305.434742861},"total_iterations":327120,"total_actors":201,"total_iterations_mean":1627.4626865671642,"total_iterations_variance":1050059.970149254,"total_iterations_stddev":1024.7243386146608,"total_mean_dps_stddev":16.074625518290485,"total_mean_dps_variance":258.39358555327567},"player":{"name":"Template","race":"troll","level":120,"role":"spell","specialization":"Arcane Mage","profile_source":"default","talents":[{"tier":1,"id":22461,"spell_id":264354,"name":"Rule of Threes"},{"tier":3,"id":22447,"spell_id":116011,"name":"Rune of Power"},{"tier":4,"id":22467,"spell_id":205032,"name":"Charged Up"},{"tier":6,"id":22449,"spell_id":210725,"name":"Touch of the Magi"},{"tier":7,"id":21630,"spell_id":155147,"name":"Overpowered"}],"party":0,"ready_type":0,"bugs":true,"scale_player":true,"potion_used":false,"timeofday":"DAY_TIME","invert_scaling":0,"reaction_offset":0.1,"reaction_max":1.4000000000000001,"reaction_mean":0.3,"reaction_stddev":0.06,"reaction_nu":0.25,"world_lag":0.1,"brain_lag":0.0,"brain_lag_stddev":0.0,"world_lag_override":false,"world_lag_stddev_override":false,"dbc":{"bfa-BETA":{"build_level":26095,"wow_version":"8.0.1"},"version_used":"bfa-BETA"},"base_mana_regen_per_second":2000.0,"collected_data":{"fight_length":{"sum":505742.48400000005,"count":1691,"mean":299.0789379065642,"min":240.061,"max":359.96500000000003},"executed_foreground_actions":{"sum":350319.0,"count":1691,"mean":207.16676522767594,"min":166.0,"max":247.0},"dmg":{"sum":7697948490.150178,"count":1691,"mean":4552305.434742861,"min":3465169.1963805887,"max":5714809.6884374},"compound_dmg":{"sum":7697948490.150178,"count":1691,"mean":4552305.434742861,"min":3465169.1963805887,"max":5714809.6884374},"timeline_dmg":{"mean":15321.097538639742,"mean_std_dev":9651.819273527786,"min":0.0,"max":100072.74724108896,