{"results":[["Trait","325","340","355","370","385"],["Thunderous Blast",381,576,753,1023,1308],["Tidal Surge",270,424,647,879,1094],["Azerite Globules",149,254,440,630,857],["Secrets of the Deep",281,475,653,872,1110],["Filthy Transfusion",215,382,546,756,1015],["Blood Rite",215,342,480,708,914],["Relational Normalization Gizmo",288,457,635,839,1083],["Synaptic Spark Capacitor",493,690,934,1250,1508],["Gutripper",120,287,448,644,857],["Sylvanas' Resolve / Anduin's Dedication",258,461,627,841,1137],["Swirling Sands",381,529,693,902,1110],["Meticulous Scheming",253,365,551,739,947],["Ricocheting Inflatable Pyrosaw",243,406,606,815,1092],["Laser Matrix",347,531,731,965,1242],["Tradewinds",283,451,632,802,1054],["Heed My Call",183,353,521,709,934],["Collective Will / Stand As One",116,225,397,588,835],["Barrage Of Many Bombs",478,642,881,1142,1435],["Dagger in the Back",342,535,743,961,1243],["Unstable Flames",130,273,412,602,840],["Shrouded Suffocation",497,689,917,1140,1409],["Fan of Blades",185,329,496,702,960],["Twist the Knife",227,379,551,740,994],["Scent of Blood",321,475,662,890,1124],["Sharpened Blades",-38,119,269,502,716],["Poisoned Wire",150,255,399,576,815],["Double Dose",49,162,296,495,676],["Overwhelming Power",106,238,370,574,780],["Unstable Catalyst",322,495,672,903,1172],["Earthlink",124,286,462,630,862],["Incite the Pack",251,416,614,794,1003],["Combined Might / Stronger Together",66,198,377,543,743],["Battlefield Focus / Battlefield Precision",43,156,334,486,677],["Retaliatory Fury / Last Gift",153,307,445,625,865],["Glory in Battle / Liberator's Might",203,384,542,733,937],["Ruinous Bolt",169,295,508,680,916],["Blood Siphon",112,265,385,568,777],["Champion of Azeroth",376,534,728,914,1146],["Blightborne Infusion",411,532,741,951,1195],["Rezan's Fury",250,425,622,847,1106],["Elemental Whirl",124,234,422,612,784]],"metas":{"build_date":"Aug 18 2018","build_time":"08:59:09","git_revision":"7948886e6d","options":{"debug":false,"max_time":300.0,"expected_iteration_time":297.30400000000003,"vary_combat_length":0.2,"iterations":952,"target_error":0.2,"threads":32,"seed":7157449247697491614,"single_actor_batch":false,"queue_lag":0.005,"queue_lag_stddev":0.001,"gcd_lag":0.15,"gcd_lag_stddev":0.037,"channel_lag":0.25,"channel_lag_stddev":0.062,"queue_gcd_reduction":0.1,"strict_gcd_queue":0,"confidence":0.95,"confidence_estimator":1.9599639854089754,"world_lag":0.1,"world_lag_stddev":0.01,"travel_variance":0.0,"default_skill":1.0,"reaction_time":0.5,"regen_periodicity":0.25,"ignite_sampling_delta":0.2,"fixed_time":true,"optimize_expressions":true,"optimal_raid":1,"log":0,"debug_each":0,"stat_cache":1,"max_aoe_enemies":20,"show_etmi":false,"tmi_window_global":0.0,"tmi_bin_size":0.5,"enemy_death_pct":0.0,"challenge_mode":false,"timewalk":-1,"pvp_crit":false,"rng":{"name":"sse2-sfmt"},"deterministic":0,"average_range":1,"average_gauss":0,"fight_style":"Patchwerk","default_aura_delay":0.03,"default_aura_delay_stddev":0.005,"dbc":{"bfa-BETA":{"build_level":26095,"wow_version":"8.0.1"},"version_used":"bfa-BETA"}},"overrides":{"arcane_intellect":1,"battle_shout":1,"power_word_fortitude":1,"chaos_brand":1,"mystic_touch":1,"mortal_wounds":1,"bleeding":1,"bloodlust":1,"bloodlust_percent":25,"bloodlust_time":0.5},"statistics":{"elapsed_cpu_seconds":32571.452093000007,"elapsed_time_seconds":34.744505,"init_time_seconds":3.305520344999998,"merge_time_seconds":0.008026366999999998,"analyze_time_seconds":0.17414748000000008,"simulation_length":{"sum":275145.84500000003,"count":920,"mean":299.07157065217393,"min":240.564,"max":359.657,"median":297.345,"variance":1173.8839435602256,"std_dev":34.26198977818167,"mean_variance":1.2759608082176366,"mean_std_dev":1.1295843519709525},"raid_dps":{"sum":12054357.074386638,"count":920,"mean":13102.56203737678},"total_dmg":{"sum":3600332415.0175,"count":920,"mean":3913404.7989320653},"total_iterations":191493,"total_actors":206,"total_iterations_mean":929.5776699029126,"total_iterations_variance":768808.257281553,"total_iterations_stddev":876.8171173520468,"total_mean_dps_stddev":13.963872531630871,"total_mean_dps_variance":194.98973607963515},"player":{"name":"Template","race":"troll","level":120,"role":"attack","specialization":"Assassination Rogue","profile_source":"default","talents":[{"tier":1,"id":22338,"spell_id":193640,"name":"Elaborate Planning"},{"tier":2,"id":22332,"spell_id":108208,"name":"Subterfuge"},{"tier":3,"id":19239,"spell_id":14983,"name":"Vigor"},{"tier":6,"id":23015,"spell_id":245388,"name":"Toxic Blade"},{"tier":7,"id":21186,"spell_id":255544,"name":"Poison Bomb"}],"party":0,"ready_type":1,"bugs":true,"scale_player":true,"potion_used":false,"timeofday":"DAY_TIME","invert_scaling":0,"reaction_offset":0.1,"reaction_max":1.4000000000000001,"reaction_mean":0.3,"reaction_stddev":0.06,"reaction_nu":0.25,"world_lag":0.1,"brain_lag":0.0,"brain_lag_stddev":0.0,"world_lag_override":false,"world_lag_stddev_override":false,"dbc":{"bfa-BETA":{"build_level":26095,"wow_version":"8.0.1"},"version_used":"bfa-BETA"},"base_energy_regen_per_second":11.0,"collected_data":{"fight_length":{"sum":275145.8450000001,"count":920,"mean":299.071570652174,"min":240.564,"max":359.657},"waiting_time":{"sum":43055.30699999999,"count":920,"mean":46.799246739130425,"min":32.154,"max":65.595},"executed_foreground_actions":{"sum":221771.0,"count":920,"mean":241.0554347826087,"min":186.0,"max":289.0},"dmg":{"sum":3600332415.0175,"count":920,"mean":3913404.7989320653,"min":2991521.564181788,"max":4793550.810117786},"compound_dmg":{"sum":3600332415.0175,"count":920,"mean":3913404.7989320653,"min":2991521.564181788,"max":4793550.810117786},"timeline_dmg":{"mean":13123.988580897598,"mean_std_dev":5555.355175162112,"min":2725.09445663791,"max":31580.430627657384,