{"results":[["Trait","325","340","355","370","385"],["Thunderous Blast",393,542,725,927,1169],["Tidal Surge",263,411,588,748,958],["Azerite Globules",111,201,331,443,652],["Secrets of the Deep",209,352,508,674,873],["Filthy Transfusion",255,376,536,681,895],["Blood Rite",191,283,437,573,761],["Relational Normalization Gizmo",228,369,515,671,852],["Synaptic Spark Capacitor",218,348,467,654,850],["Gutripper",120,236,358,516,691],["Sylvanas' Resolve / Anduin's Dedication",194,353,489,654,858],["Swirling Sands",249,378,502,665,859],["Meticulous Scheming",163,289,420,579,745],["Ricocheting Inflatable Pyrosaw",105,220,357,493,694],["Laser Matrix",344,499,679,877,1124],["Tradewinds",242,358,491,640,783],["Heed My Call",124,233,369,549,719],["Collective Will / Stand As One",75,196,330,450,636],["Barrage Of Many Bombs",180,322,459,648,809],["Dagger in the Back",399,544,716,929,1173],["Unstable Flames",85,214,328,449,623],["Shrouded Suffocation",455,591,796,985,1240],["Fan of Blades",5,115,234,347,503],["Twist the Knife",239,377,533,683,882],["Scent of Blood",137,267,389,587,749],["Sharpened Blades",39,177,348,516,733],["Poisoned Wire",72,174,299,418,575],["Double Dose",65,151,274,416,564],["Overwhelming Power",97,202,313,440,603],["Unstable Catalyst",256,380,551,703,936],["Earthlink",101,190,344,468,655],["Incite the Pack",217,339,468,605,796],["Combined Might / Stronger Together",73,163,273,420,578],["Battlefield Focus / Battlefield Precision",15,137,266,411,550],["Retaliatory Fury / Last Gift",120,241,359,506,673],["Glory in Battle / Liberator's Might",177,304,434,548,717],["Ruinous Bolt",160,292,403,625,792],["Blood Siphon",96,221,318,462,599],["Champion of Azeroth",304,410,571,711,884],["Blightborne Infusion",278,415,549,705,873],["Rezan's Fury",280,431,568,763,975],["Elemental Whirl",103,228,326,494,648]],"metas":{"build_date":"Aug 17 2018","build_time":"18:41:44","git_revision":"d045f58118","options":{"debug":false,"max_time":300.0,"expected_iteration_time":340.84000000000003,"vary_combat_length":0.2,"iterations":721,"target_error":0.2,"threads":32,"seed":12886664308042580565,"single_actor_batch":false,"queue_lag":0.005,"queue_lag_stddev":0.001,"gcd_lag":0.15,"gcd_lag_stddev":0.037,"channel_lag":0.25,"channel_lag_stddev":0.062,"queue_gcd_reduction":0.1,"strict_gcd_queue":0,"confidence":0.95,"confidence_estimator":1.9599639854089754,"world_lag":0.1,"world_lag_stddev":0.01,"travel_variance":0.0,"default_skill":1.0,"reaction_time":0.5,"regen_periodicity":0.25,"ignite_sampling_delta":0.2,"fixed_time":true,"optimize_expressions":true,"optimal_raid":1,"log":0,"debug_each":0,"stat_cache":1,"max_aoe_enemies":20,"show_etmi":false,"tmi_window_global":0.0,"tmi_bin_size":0.5,"enemy_death_pct":0.0,"challenge_mode":false,"timewalk":-1,"pvp_crit":false,"rng":{"name":"sse2-sfmt"},"deterministic":0,"average_range":1,"average_gauss":0,"fight_style":"Patchwerk","default_aura_delay":0.03,"default_aura_delay_stddev":0.005,"dbc":{"bfa-BETA":{"build_level":26095,"wow_version":"8.0.1"},"version_used":"bfa-BETA"}},"overrides":{"arcane_intellect":1,"battle_shout":1,"power_word_fortitude":1,"chaos_brand":1,"mystic_touch":1,"mortal_wounds":1,"bleeding":1,"bloodlust":1,"bloodlust_percent":25,"bloodlust_time":0.5},"statistics":{"elapsed_cpu_seconds":18052.006025000002,"elapsed_time_seconds":19.269659,"init_time_seconds":3.089123041999999,"merge_time_seconds":0.005636465,"analyze_time_seconds":0.13009972200000008,"simulation_length":{"sum":206513.025,"count":689,"mean":299.7286284470247,"min":240.084,"max":359.66,"median":301.385,"variance":1187.9074600883637,"std_dev":34.46603342550987,"mean_variance":1.7241037156580024,"mean_std_dev":1.3130512997053856},"raid_dps":{"sum":7041667.467507506,"count":689,"mean":10220.126948486946},"total_dmg":{"sum":2107194867.2951872,"count":689,"mean":3058337.978657746},"total_iterations":138273,"total_actors":206,"total_iterations_mean":671.2281553398059,"total_iterations_variance":445054.2766990288,"total_iterations_stddev":667.1238840717883,"total_mean_dps_stddev":10.890967989498021,"total_mean_dps_variance":118.61318374827057},"player":{"name":"Template","race":"troll","level":120,"role":"attack","specialization":"Assassination Rogue","profile_source":"default","talents":[{"tier":1,"id":22338,"spell_id":193640,"name":"Elaborate Planning"},{"tier":2,"id":22332,"spell_id":108208,"name":"Subterfuge"},{"tier":3,"id":19239,"spell_id":14983,"name":"Vigor"},{"tier":6,"id":23015,"spell_id":245388,"name":"Toxic Blade"},{"tier":7,"id":21186,"spell_id":255544,"name":"Poison Bomb"}],"party":0,"ready_type":1,"bugs":true,"scale_player":true,"potion_used":false,"timeofday":"DAY_TIME","invert_scaling":0,"reaction_offset":0.1,"reaction_max":1.4000000000000001,"reaction_mean":0.3,"reaction_stddev":0.06,"reaction_nu":0.25,"world_lag":0.1,"brain_lag":0.0,"brain_lag_stddev":0.0,"world_lag_override":false,"world_lag_stddev_override":false,"dbc":{"bfa-BETA":{"build_level":26095,"wow_version":"8.0.1"},"version_used":"bfa-BETA"},"base_energy_regen_per_second":11.0,"collected_data":{"fight_length":{"sum":206513.02499999997,"count":689,"mean":299.7286284470246,"min":240.084,"max":359.66},"waiting_time":{"sum":57330.541999999994,"count":689,"mean":83.20833381712626,"min":60.837,"max":108.47500000000001},"executed_foreground_actions":{"sum":129555.0,"count":689,"mean":188.033381712627,"min":150.0,"max":222.0},"dmg":{"sum":2107194867.2951872,"count":689,"mean":3058337.978657746,"min":2387735.3680571266,"max":3676336.1418991266},"compound_dmg":{"sum":2107194867.2951872,"count":689,"mean":3058337.978657746,"min":2387735.3680571266,"max":3676336.1418991266},"timeline_dmg":{"mean":10316.505421197984,"mean_std_dev":4656.593723415819,"min":2782.962806725608,"max":31963.412470907882,