{"results":[["Trait","325","340","355","370","385"],["Laser Matrix",359,558,771,972,1207],["Archive of the Titans",262,408,561,785,1048],["Relational Normalization Gizmo",315,495,698,899,1167],["Synaptic Spark Capacitor",414,604,809,1090,1357],["Gutripper",147,250,429,582,801],["Sylvanas' Resolve / Anduin's Dedication",267,459,629,865,1102],["Swirling Sands",404,545,723,938,1148],["Heed My Call",184,270,474,702,923],["Ricocheting Inflatable Pyrosaw",211,333,519,756,973],["Barrage Of Many Bombs",327,557,720,953,1240],["Tidal Surge",267,452,639,814,1103],["Collective Will / Stand As One",107,241,372,594,773],["Rolling Havoc",488,739,985,1240,1533],["Combined Might / Stronger Together",69,218,388,531,764],["Battlefield Focus / Battlefield Precision",118,212,351,550,781],["Retaliatory Fury / Last Gift",190,378,518,711,924],["Glory in Battle / Liberator's Might",249,418,610,761,1008],["Unstable Flames",144,275,449,626,839],["Blood Rite",305,426,612,800,1028],["Crashing Chaos",524,749,971,1224,1569],["Accelerant",21,143,263,461,659],["Ruinous Bolt",151,298,485,678,937],["Meticulous Scheming",312,469,643,860,1066],["Blood Siphon",277,441,596,792,997],["Earthlink",127,299,381,615,818],["Bursting Flare",299,527,679,894,1108],["Incite the Pack",363,492,708,892,1118],["Unstable Catalyst",281,464,690,909,1183],["Azerite Globules",162,322,477,683,891],["Tradewinds",364,537,720,933,1165],["Rezan's Fury",260,454,633,864,1135],["Dagger in the Back",325,498,730,932,1208],["Secrets of the Deep",287,424,621,854,1126],["Thunderous Blast",392,563,757,1020,1277],["Flashpoint",257,445,586,769,1031],["Filthy Transfusion",240,408,563,800,1048],["Chaotic Inferno",290,444,651,839,1120],["Blightborne Infusion",452,625,790,980,1230],["Champion of Azeroth",456,608,804,1010,1203],["Elemental Whirl",173,302,429,641,863],["Overwhelming Power",185,345,512,701,945]],"metas":{"build_date":"Aug 27 2018","build_time":"13:50:42","git_revision":"4aa7462e31","options":{"debug":false,"max_time":300.0,"expected_iteration_time":340.75600000000003,"vary_combat_length":0.2,"iterations":1402,"target_error":0.2,"threads":32,"seed":6607070281148914864,"single_actor_batch":false,"queue_lag":0.005,"queue_lag_stddev":0.001,"gcd_lag":0.15,"gcd_lag_stddev":0.037,"channel_lag":0.25,"channel_lag_stddev":0.062,"queue_gcd_reduction":0.1,"strict_gcd_queue":0,"confidence":0.95,"confidence_estimator":1.9599639854089754,"world_lag":0.1,"world_lag_stddev":0.01,"travel_variance":0.0,"default_skill":1.0,"reaction_time":0.5,"regen_periodicity":0.25,"ignite_sampling_delta":0.2,"fixed_time":true,"optimize_expressions":true,"optimal_raid":1,"log":0,"debug_each":0,"stat_cache":1,"max_aoe_enemies":20,"show_etmi":false,"tmi_window_global":0.0,"tmi_bin_size":0.5,"enemy_death_pct":0.0,"challenge_mode":false,"timewalk":-1,"pvp_crit":false,"rng":{"name":"sse2-sfmt"},"deterministic":0,"average_range":1,"average_gauss":0,"fight_style":"Patchwerk","default_aura_delay":0.03,"default_aura_delay_stddev":0.005,"dbc":{"Live":{"build_level":27404,"wow_version":"8.0.1"},"version_used":"Live"}},"overrides":{"arcane_intellect":1,"battle_shout":1,"power_word_fortitude":1,"chaos_brand":1,"mystic_touch":1,"mortal_wounds":1,"bleeding":1,"bloodlust":1,"bloodlust_percent":25,"bloodlust_time":0.5},"statistics":{"elapsed_cpu_seconds":18061.658587000005,"elapsed_time_seconds":19.620164,"init_time_seconds":3.464263079,"merge_time_seconds":0.006597528,"analyze_time_seconds":0.28708778800000007,"simulation_length":{"sum":411443.556,"count":1370,"mean":300.3237635036496,"min":240.06,"max":359.897,"median":300.949,"variance":1183.3817441907845,"std_dev":34.400316047832824,"mean_variance":0.8637822950297697,"mean_std_dev":0.9293988890835676},"raid_dps":{"sum":24453329.21246836,"count":1370,"mean":17849.145410560846},"total_dmg":{"sum":7316458233.910409,"count":1370,"mean":5340480.462708328},"total_iterations":292184,"total_actors":206,"total_iterations_mean":1418.368932038835,"total_iterations_variance":1654343.9611650493,"total_iterations_stddev":1286.2130310197645,"total_mean_dps_stddev":18.854327881544812,"total_mean_dps_variance":355.4856798647981},"player":{"name":"Template","race":"troll","level":120,"role":"spell","specialization":"Destruction Warlock","profile_source":"default","talents":[{"tier":1,"id":22038,"spell_id":267115,"name":"Flashover"},{"tier":2,"id":23148,"spell_id":205148,"name":"Reverse Entropy"},{"tier":4,"id":23143,"spell_id":152108,"name":"Cataclysm"},{"tier":6,"id":23156,"spell_id":266086,"name":"Grimoire of Supremacy"},{"tier":7,"id":23092,"spell_id":113858,"name":"Dark Soul: Instability"}],"party":0,"ready_type":0,"bugs":true,"scale_player":true,"potion_used":false,"timeofday":"DAY_TIME","invert_scaling":0,"reaction_offset":0.1,"reaction_max":1.4000000000000001,"reaction_mean":0.3,"reaction_stddev":0.06,"reaction_nu":0.25,"world_lag":0.1,"brain_lag":0.0,"brain_lag_stddev":0.0,"world_lag_override":false,"world_lag_stddev_override":false,"dbc":{"Live":{"build_level":27404,"wow_version":"8.0.1"},"version_used":"Live"},"base_mana_regen_per_second":1000.0,"collected_data":{"fight_length":{"sum":411443.55600000004,"count":1370,"mean":300.3237635036497,"min":240.06,"max":359.897},"waiting_time":{"sum":2200.4,"count":1370,"mean":1.6061313868613138,"min":0.0,"max":14.4},"executed_foreground_actions":{"sum":319198.0,"count":1370,"mean":232.9912408759124,"min":187.0,"max":275.0},"dmg":{"sum":5931291772.426202,"count":1370,"mean":4329410.0528658405,"min":3453923.9325172547,"max":5253203.955411615},"compound_dmg":{"sum":7316458233.910409,"count":1370,"mean":5340480.462708328,"min":4364695.385664342,"max":6387859.0457204785},"timeline_dmg":{"mean":17381.861851306876,"mean_std_dev":12282.023028963456,"min":0.0,"max":91364.74688175591,