{"results":[["Trait","325","340","355","370","385"],["Thunderous Blast",360,511,710,950,1188],["Azerite Globules",134,263,446,636,833],["Tidal Surge",245,424,562,797,1020],["Dagger in the Back",400,566,768,995,1248],["Unstable Flames",130,232,399,552,735],["Secrets of the Deep",281,435,605,821,1045],["Heed My Call",133,293,442,616,837],["Blood Rite",193,294,467,658,864],["Supreme Commander",331,443,631,816,1026],["Relational Normalization Gizmo",292,420,583,762,1021],["Synaptic Spark Capacitor",384,569,786,1024,1279],["Shadow's Bite",53,142,337,493,696],["Gutripper",99,260,355,560,753],["Sylvanas' Resolve / Anduin's Dedication",233,423,606,810,1039],["Swirling Sands",215,381,521,690,902],["Meticulous Scheming",226,345,521,681,868],["Ricocheting Inflatable Pyrosaw",198,344,527,719,956],["Laser Matrix",339,503,684,913,1138],["Tradewinds",237,423,530,738,953],["Umbral Blaze",95,238,390,540,760],["Collective Will / Stand As One",67,219,382,557,759],["Barrage Of Many Bombs",327,476,672,905,1155],["Filthy Transfusion",247,385,558,786,994],["Explosive Potential",84,220,383,536,723],["Incite the Pack",239,395,532,693,913],["Combined Might / Stronger Together",80,196,329,488,677],["Battlefield Focus / Battlefield Precision",74,183,326,485,667],["Retaliatory Fury / Last Gift",156,271,435,605,796],["Glory in Battle / Liberator's Might",199,346,495,678,854],["Ruinous Bolt",174,310,452,625,862],["Unstable Catalyst",308,438,636,839,1114],["Forbidden Knowledge",69,190,363,536,738],["Blood Siphon",96,213,370,519,695],["Overwhelming Power",87,220,362,545,724],["Champion of Azeroth",343,463,642,828,1024],["Demonic Meteor",158,321,441,622,830],["Earthlink",116,246,402,594,769],["Rezan's Fury",284,434,657,820,1073],["Blightborne Infusion",296,432,633,799,1027],["Elemental Whirl",127,247,392,566,754]],"metas":{"build_date":"Aug 21 2018","build_time":"06:51:36","git_revision":"57250019bf","options":{"debug":false,"max_time":300.0,"expected_iteration_time":321.01300000000003,"vary_combat_length":0.2,"iterations":529,"target_error":0.2,"threads":32,"seed":8892102445728613716,"single_actor_batch":false,"queue_lag":0.005,"queue_lag_stddev":0.001,"gcd_lag":0.15,"gcd_lag_stddev":0.037,"channel_lag":0.25,"channel_lag_stddev":0.062,"queue_gcd_reduction":0.1,"strict_gcd_queue":0,"confidence":0.95,"confidence_estimator":1.9599639854089754,"world_lag":0.1,"world_lag_stddev":0.01,"travel_variance":0.0,"default_skill":1.0,"reaction_time":0.5,"regen_periodicity":0.25,"ignite_sampling_delta":0.2,"fixed_time":true,"optimize_expressions":true,"optimal_raid":1,"log":0,"debug_each":0,"stat_cache":1,"max_aoe_enemies":20,"show_etmi":false,"tmi_window_global":0.0,"tmi_bin_size":0.5,"enemy_death_pct":0.0,"challenge_mode":false,"timewalk":-1,"pvp_crit":false,"rng":{"name":"sse2-sfmt"},"deterministic":0,"average_range":1,"average_gauss":0,"fight_style":"Patchwerk","default_aura_delay":0.03,"default_aura_delay_stddev":0.005,"dbc":{"bfa-BETA":{"build_level":26095,"wow_version":"8.0.1"},"version_used":"bfa-BETA"}},"overrides":{"arcane_intellect":1,"battle_shout":1,"power_word_fortitude":1,"chaos_brand":1,"mystic_touch":1,"mortal_wounds":1,"bleeding":1,"bloodlust":1,"bloodlust_percent":25,"bloodlust_time":0.5},"statistics":{"elapsed_cpu_seconds":11479.996436999996,"elapsed_time_seconds":12.266386,"init_time_seconds":2.7812511380000005,"merge_time_seconds":0.013330892000000004,"analyze_time_seconds":0.12235222700000006,"simulation_length":{"sum":150391.07099999997,"count":497,"mean":302.59772837022126,"min":240.121,"max":359.283,"median":303.781,"variance":1183.9746694775247,"std_dev":34.408932989523585,"mean_variance":2.382242795729426,"mean_std_dev":1.5434515851588693},"raid_dps":{"sum":6215858.872251785,"count":497,"mean":12506.758294269186},"total_dmg":{"sum":1878310057.0634317,"count":497,"mean":3779295.8894636454},"total_iterations":102044,"total_actors":201,"total_iterations_mean":507.681592039801,"total_iterations_variance":404081.62189054716,"total_iterations_stddev":635.6741475713379,"total_mean_dps_stddev":13.288285743123025,"total_mean_dps_variance":176.57853799088664},"player":{"name":"Template","race":"troll","level":120,"role":"spell","specialization":"Demonology Warlock","profile_source":"default","talents":[{"tier":1,"id":22048,"spell_id":267171,"name":"Demonic Strength"},{"tier":2,"id":23158,"spell_id":265412,"name":"Doom"},{"tier":4,"id":23160,"spell_id":264119,"name":"Summon Vilefiend"},{"tier":6,"id":21717,"spell_id":111898,"name":"Grimoire: Felguard"},{"tier":7,"id":23161,"spell_id":267214,"name":"Sacrificed Souls"}],"party":0,"ready_type":0,"bugs":true,"scale_player":true,"potion_used":false,"timeofday":"DAY_TIME","invert_scaling":0,"reaction_offset":0.1,"reaction_max":1.4000000000000001,"reaction_mean":0.3,"reaction_stddev":0.06,"reaction_nu":0.25,"world_lag":0.1,"brain_lag":0.0,"brain_lag_stddev":0.0,"world_lag_override":false,"world_lag_stddev_override":false,"dbc":{"bfa-BETA":{"build_level":26095,"wow_version":"8.0.1"},"version_used":"bfa-BETA"},"base_mana_regen_per_second":1000.0,"collected_data":{"fight_length":{"sum":150391.07099999997,"count":497,"mean":302.59772837022126,"min":240.121,"max":359.283},"executed_foreground_actions":{"sum":113242.0,"count":497,"mean":227.85110663983903,"min":182.0,"max":271.0},"dmg":{"sum":808715482.63588,"count":497,"mean":1627194.1300520725,"min":1225263.0564456661,"max":2041436.3822604362},"compound_dmg":{"sum":1878310057.063432,"count":497,"mean":3779295.889463646,"min":2923084.713702486,"max":4495466.639437553},"timeline_dmg":{"mean":12834.242848274991,"mean_std_dev":6569.57422030301,"min":1506.4130416458238,"max":51532.86627242451,