{"results":[["Trait","325","340","355","370","385"],["Thunderous Blast",365,537,743,988,1227],["Azerite Globules",245,398,545,775,1021],["Tidal Surge",298,469,659,870,1143],["Secrets of the Deep",282,432,632,839,1098],["Gutripper",106,256,404,576,790],["Unstable Flames",104,234,372,546,748],["Blood Rite",189,339,471,641,819],["Heed My Call",188,338,488,697,959],["Filthy Transfusion",233,394,572,786,1062],["Relational Normalization Gizmo",258,430,600,786,1018],["Synaptic Spark Capacitor",642,834,1107,1381,1720],["Flames of Alacrity",234,367,546,767,961],["Sylvanas' Resolve / Anduin's Dedication",260,460,624,842,1077],["Swirling Sands",313,469,619,842,1062],["Meticulous Scheming",154,316,434,602,813],["Ricocheting Inflatable Pyrosaw",326,483,653,928,1167],["Laser Matrix",358,493,711,951,1228],["Tradewinds",485,647,812,1053,1308],["Collective Will / Stand As One",66,210,367,556,785],["Barrage Of Many Bombs",507,687,941,1186,1491],["Preheat",94,279,438,665,886],["Blood Siphon",167,315,478,665,855],["Firemind",206,377,554,764,986],["Incite the Pack",429,626,776,1014,1235],["Combined Might / Stronger Together",73,202,349,488,731],["Blaster Master",728,929,1112,1344,1610],["Duplicative Incineration",720,880,1111,1386,1682],["Battlefield Focus / Battlefield Precision",67,149,295,492,665],["Blightborne Infusion",354,514,669,861,1096],["Trailing Embers",243,388,559,789,1020],["Retaliatory Fury / Last Gift",252,397,549,767,980],["Glory in Battle / Liberator's Might",208,328,489,664,872],["Ruinous Bolt",170,346,499,696,918],["Overwhelming Power",94,202,362,519,717],["Unstable Catalyst",320,493,650,907,1153],["Champion of Azeroth",374,545,690,907,1128],["Dagger in the Back",359,551,759,978,1243],["Earthlink",84,277,417,618,812],["Rezan's Fury",248,436,641,814,1091],["Elemental Whirl",113,288,438,586,786]],"metas":{"build_date":"Aug 17 2018","build_time":"18:41:44","git_revision":"d045f58118","options":{"debug":false,"max_time":300.0,"expected_iteration_time":253.00900000000001,"vary_combat_length":0.2,"iterations":843,"target_error":0.2,"threads":32,"seed":8475985698261563270,"single_actor_batch":false,"queue_lag":0.005,"queue_lag_stddev":0.001,"gcd_lag":0.15,"gcd_lag_stddev":0.037,"channel_lag":0.25,"channel_lag_stddev":0.062,"queue_gcd_reduction":0.1,"strict_gcd_queue":0,"confidence":0.95,"confidence_estimator":1.9599639854089754,"world_lag":0.1,"world_lag_stddev":0.01,"travel_variance":0.0,"default_skill":1.0,"reaction_time":0.5,"regen_periodicity":0.25,"ignite_sampling_delta":0.2,"fixed_time":true,"optimize_expressions":true,"optimal_raid":1,"log":0,"debug_each":0,"stat_cache":1,"max_aoe_enemies":20,"show_etmi":false,"tmi_window_global":0.0,"tmi_bin_size":0.5,"enemy_death_pct":0.0,"challenge_mode":false,"timewalk":-1,"pvp_crit":false,"rng":{"name":"sse2-sfmt"},"deterministic":0,"average_range":1,"average_gauss":0,"fight_style":"Patchwerk","default_aura_delay":0.03,"default_aura_delay_stddev":0.005,"dbc":{"bfa-BETA":{"build_level":26095,"wow_version":"8.0.1"},"version_used":"bfa-BETA"}},"overrides":{"arcane_intellect":1,"battle_shout":1,"power_word_fortitude":1,"chaos_brand":1,"mystic_touch":1,"mortal_wounds":1,"bleeding":1,"bloodlust":1,"bloodlust_percent":25,"bloodlust_time":0.5},"statistics":{"elapsed_cpu_seconds":12875.237776000002,"elapsed_time_seconds":13.889653,"init_time_seconds":3.236305983000004,"merge_time_seconds":0.005909567000000001,"analyze_time_seconds":0.17776151500000015,"simulation_length":{"sum":244307.69,"count":811,"mean":301.2425277435265,"min":240.39000000000001,"max":359.865,"median":302.10200000000003,"variance":1162.4288678078,"std_dev":34.09441109342996,"mean_variance":1.4333278271366217,"mean_std_dev":1.197216700157754},"raid_dps":{"sum":11337521.120605806,"count":811,"mean":13979.680789896185},"total_dmg":{"sum":3411564243.737106,"count":811,"mean":4206614.3572590705},"total_iterations":170608,"total_actors":201,"total_iterations_mean":848.7960199004975,"total_iterations_variance":1442854.6368159214,"total_iterations_stddev":1201.1888431116572,"total_mean_dps_stddev":14.900130437734749,"total_mean_dps_variance":222.0138870615095},"player":{"name":"Template","race":"dark_iron_dwarf","level":120,"role":"spell","specialization":"Fire Mage","profile_source":"default","talents":[{"tier":1,"id":22456,"spell_id":205026,"name":"Firestarter"},{"tier":3,"id":22447,"spell_id":116011,"name":"Rune of Power"},{"tier":4,"id":22450,"spell_id":205029,"name":"Flame On"},{"tier":6,"id":23362,"spell_id":205023,"name":"Conflagration"},{"tier":7,"id":21633,"spell_id":153561,"name":"Meteor"}],"party":0,"ready_type":0,"bugs":true,"scale_player":true,"potion_used":false,"timeofday":"DAY_TIME","invert_scaling":0,"reaction_offset":0.1,"reaction_max":1.4000000000000001,"reaction_mean":0.3,"reaction_stddev":0.06,"reaction_nu":0.25,"world_lag":0.1,"brain_lag":0.0,"brain_lag_stddev":0.0,"world_lag_override":false,"world_lag_stddev_override":false,"dbc":{"bfa-BETA":{"build_level":26095,"wow_version":"8.0.1"},"version_used":"bfa-BETA"},"base_mana_regen_per_second":2000.0,"collected_data":{"fight_length":{"sum":244307.69000000003,"count":811,"mean":301.2425277435265,"min":240.39000000000001,"max":359.865},"executed_foreground_actions":{"sum":183549.0,"count":811,"mean":226.32429099876694,"min":180.0,"max":270.0},"dmg":{"sum":3411564243.737106,"count":811,"mean":4206614.3572590705,"min":3232246.882739142,"max":4967650.899179507},"compound_dmg":{"sum":3411564243.737106,"count":811,"mean":4206614.3572590705,"min":3232246.882739142,"max":4967650.899179507},"timeline_dmg":{"mean":14006.529149379136,"mean_std_dev":11059.702030465054,"min":2725.4850759296382,"max":75495.92683823087,