{"results":[["Trait","325","340","355","370","385"],["Laser Matrix",350,508,727,949,1227],["Archive of the Titans",310,461,652,832,1064],["Relational Normalization Gizmo",334,484,663,856,1083],["Synaptic Spark Capacitor",421,654,820,1065,1359],["Sylvanas' Resolve / Anduin's Dedication",310,462,621,830,1113],["Gutripper",125,264,458,603,815],["Swirling Sands",406,566,735,921,1171],["Tradewinds",343,469,640,839,1039],["Ricocheting Inflatable Pyrosaw",268,388,549,747,976],["Heed My Call",168,306,484,677,906],["Barrage Of Many Bombs",339,532,735,1011,1248],["Snake Eyes",277,410,533,788,1051],["Tidal Surge",299,471,645,859,1102],["Collective Will / Stand As One",125,266,371,576,772],["Combined Might / Stronger Together",119,215,359,557,769],["Battlefield Focus / Battlefield Precision",278,425,638,834,1062],["Retaliatory Fury / Last Gift",186,345,449,656,896],["Glory in Battle / Liberator's Might",244,434,547,732,976],["Blood Rite",262,393,574,746,946],["Unstable Flames",132,303,454,623,832],["Meticulous Scheming",272,465,593,805,1023],["Incite the Pack",299,438,617,805,1016],["Unstable Catalyst",351,506,705,911,1183],["Deadshot",348,469,717,932,1221],["Azerite Globules",198,324,493,669,910],["Storm of Steel",339,549,735,932,1246],["Earthlink",139,242,450,613,850],["Dagger in the Back",345,492,712,960,1211],["Secrets of the Deep",266,446,663,883,1106],["Blood Siphon",156,256,428,596,760],["Brigand's Blitz",253,385,535,690,918],["Ruinous Bolt",183,353,505,698,967],["Blightborne Infusion",470,582,798,996,1231],["Overwhelming Power",130,283,409,596,781],["Rezan's Fury",292,461,662,889,1094],["Paradise Lost",366,591,783,1014,1300],["Thunderous Blast",373,542,792,1007,1285],["Champion of Azeroth",447,569,777,998,1223],["Filthy Transfusion",253,425,590,801,1038],["Ace Up Your Sleeve",17,115,317,456,664],["Elemental Whirl",145,301,430,636,834]],"metas":{"build_date":"Aug 27 2018","build_time":"13:50:42","git_revision":"4aa7462e31","options":{"debug":false,"max_time":300.0,"expected_iteration_time":251.49200000000002,"vary_combat_length":0.2,"iterations":1141,"target_error":0.2,"threads":32,"seed":8460738785743637010,"single_actor_batch":false,"queue_lag":0.005,"queue_lag_stddev":0.001,"gcd_lag":0.15,"gcd_lag_stddev":0.037,"channel_lag":0.25,"channel_lag_stddev":0.062,"queue_gcd_reduction":0.1,"strict_gcd_queue":0,"confidence":0.95,"confidence_estimator":1.9599639854089754,"world_lag":0.1,"world_lag_stddev":0.01,"travel_variance":0.0,"default_skill":1.0,"reaction_time":0.5,"regen_periodicity":0.25,"ignite_sampling_delta":0.2,"fixed_time":true,"optimize_expressions":true,"optimal_raid":1,"log":0,"debug_each":0,"stat_cache":1,"max_aoe_enemies":20,"show_etmi":false,"tmi_window_global":0.0,"tmi_bin_size":0.5,"enemy_death_pct":0.0,"challenge_mode":false,"timewalk":-1,"pvp_crit":false,"rng":{"name":"sse2-sfmt"},"deterministic":0,"average_range":1,"average_gauss":0,"fight_style":"Patchwerk","default_aura_delay":0.03,"default_aura_delay_stddev":0.005,"dbc":{"Live":{"build_level":27404,"wow_version":"8.0.1"},"version_used":"Live"}},"overrides":{"arcane_intellect":1,"battle_shout":1,"power_word_fortitude":1,"chaos_brand":1,"mystic_touch":1,"mortal_wounds":1,"bleeding":1,"bloodlust":1,"bloodlust_percent":25,"bloodlust_time":0.5},"statistics":{"elapsed_cpu_seconds":16972.166365999998,"elapsed_time_seconds":18.138941,"init_time_seconds":2.458417209,"merge_time_seconds":0.0058738110000000005,"analyze_time_seconds":0.222693624,"simulation_length":{"sum":330848.3370000001,"count":1109,"mean":298.33033092876474,"min":240.01,"max":359.985,"median":298.383,"variance":1207.7906387498183,"std_dev":34.753282416914494,"mean_variance":1.0890808284488893,"mean_std_dev":1.0435903547124654},"raid_dps":{"sum":18624279.936295837,"count":1109,"mean":16793.760086831233},"total_dmg":{"sum":5551478976.20218,"count":1109,"mean":5005842.178721533},"total_iterations":232160,"total_actors":206,"total_iterations_mean":1126.990291262136,"total_iterations_variance":639015.9805825243,"total_iterations_stddev":799.3847512822123,"total_mean_dps_stddev":17.760281938199658,"total_mean_dps_variance":315.427614524341},"player":{"name":"Template","race":"dwarf","level":120,"role":"attack","specialization":"Outlaw Rogue","profile_source":"default","talents":[{"tier":1,"id":22119,"spell_id":196938,"name":"Quick Draw"},{"tier":2,"id":19238,"spell_id":196922,"name":"Hit and Run"},{"tier":3,"id":19239,"spell_id":14983,"name":"Vigor"},{"tier":6,"id":19250,"spell_id":5171,"name":"Slice and Dice"},{"tier":7,"id":23075,"spell_id":271877,"name":"Blade Rush"}],"party":0,"ready_type":1,"bugs":true,"scale_player":true,"potion_used":false,"timeofday":"DAY_TIME","invert_scaling":0,"reaction_offset":0.1,"reaction_max":1.4000000000000001,"reaction_mean":0.3,"reaction_stddev":0.06,"reaction_nu":0.25,"world_lag":0.1,"brain_lag":0.0,"brain_lag_stddev":0.0,"world_lag_override":false,"world_lag_stddev_override":false,"dbc":{"Live":{"build_level":27404,"wow_version":"8.0.1"},"version_used":"Live"},"base_energy_regen_per_second":14.85,"collected_data":{"fight_length":{"sum":330848.337,"count":1109,"mean":298.3303309287646,"min":240.01,"max":359.985},"waiting_time":{"sum":22941.01,"count":1109,"mean":20.68621280432822,"min":10.408,"max":33.025},"executed_foreground_actions":{"sum":316972.0,"count":1109,"mean":285.8178539224527,"min":224.0,"max":352.0},"dmg":{"sum":5551478976.20218,"count":1109,"mean":5005842.178721533,"min":3797952.8813737384,"max":6291054.7998402845},"compound_dmg":{"sum":5551478976.20218,"count":1109,"mean":5005842.178721533,"min":3797952.8813737384,"max":6291054.7998402845},"timeline_dmg":{"mean":17034.53114865831,"mean_std_dev":6567.553323384045,"min":5043.293749088908,"max":40332.307610490316,