{"results":[["Trait","325","340","355","370","385"],["Laser Matrix",384,535,685,896,1157],["Archive of the Titans",186,335,457,631,817],["Relational Normalization Gizmo",203,323,493,642,819],["Synaptic Spark Capacitor",225,351,497,659,854],["Sylvanas' Resolve / Anduin's Dedication",195,323,464,655,853],["Gutripper",103,206,342,523,679],["Swirling Sands",220,350,480,621,803],["Tradewinds",178,282,392,546,710],["Ricocheting Inflatable Pyrosaw",108,243,354,500,687],["Heed My Call",132,256,383,515,707],["Barrage Of Many Bombs",172,310,448,614,815],["Snake Eyes",78,192,339,472,632],["Tidal Surge",280,433,560,777,997],["Collective Will / Stand As One",59,161,299,434,606],["Combined Might / Stronger Together",35,134,267,398,529],["Battlefield Focus / Battlefield Precision",270,422,584,772,1021],["Retaliatory Fury / Last Gift",79,193,304,460,618],["Glory in Battle / Liberator's Might",142,273,393,510,684],["Blood Rite",154,274,389,560,721],["Unstable Flames",72,194,322,439,592],["Meticulous Scheming",171,287,416,570,728],["Incite the Pack",146,259,400,509,710],["Unstable Catalyst",228,345,530,679,892],["Deadshot",376,531,726,910,1155],["Azerite Globules",65,210,334,469,653],["Storm of Steel",238,384,509,701,902],["Earthlink",80,183,313,454,622],["Dagger in the Back",338,492,676,858,1099],["Secrets of the Deep",204,330,473,644,842],["Blood Siphon",67,155,274,405,563],["Brigand's Blitz",191,315,422,589,739],["Ruinous Bolt",172,313,423,589,795],["Blightborne Infusion",234,368,504,658,818],["Overwhelming Power",120,216,340,479,635],["Rezan's Fury",290,426,577,800,988],["Paradise Lost",157,279,430,579,768],["Thunderous Blast",387,544,734,956,1211],["Champion of Azeroth",261,391,530,664,849],["Filthy Transfusion",247,348,517,689,888],["Ace Up Your Sleeve",82,203,327,484,636],["Elemental Whirl",89,180,293,435,623]],"metas":{"build_date":"Aug 25 2018","build_time":"04:15:44","git_revision":"00223099f2","options":{"debug":false,"max_time":300.0,"expected_iteration_time":359.75100000000003,"vary_combat_length":0.2,"iterations":2358,"target_error":0.2,"threads":32,"seed":10818680267045136710,"single_actor_batch":false,"queue_lag":0.005,"queue_lag_stddev":0.001,"gcd_lag":0.15,"gcd_lag_stddev":0.037,"channel_lag":0.25,"channel_lag_stddev":0.062,"queue_gcd_reduction":0.1,"strict_gcd_queue":0,"confidence":0.95,"confidence_estimator":1.9599639854089754,"world_lag":0.1,"world_lag_stddev":0.01,"travel_variance":0.0,"default_skill":1.0,"reaction_time":0.5,"regen_periodicity":0.25,"ignite_sampling_delta":0.2,"fixed_time":true,"optimize_expressions":true,"optimal_raid":1,"log":0,"debug_each":0,"stat_cache":1,"max_aoe_enemies":20,"show_etmi":false,"tmi_window_global":0.0,"tmi_bin_size":0.5,"enemy_death_pct":0.0,"challenge_mode":false,"timewalk":-1,"pvp_crit":false,"rng":{"name":"sse2-sfmt"},"deterministic":0,"average_range":1,"average_gauss":0,"fight_style":"Patchwerk","default_aura_delay":0.03,"default_aura_delay_stddev":0.005,"dbc":{"Live":{"build_level":27404,"wow_version":"8.0.1"},"version_used":"Live"}},"overrides":{"arcane_intellect":1,"battle_shout":1,"power_word_fortitude":1,"chaos_brand":1,"mystic_touch":1,"mortal_wounds":1,"bleeding":1,"bloodlust":1,"bloodlust_percent":25,"bloodlust_time":0.5},"statistics":{"elapsed_cpu_seconds":31524.69978600001,"elapsed_time_seconds":33.545282,"init_time_seconds":2.532044874000001,"merge_time_seconds":0.0052137830000000005,"analyze_time_seconds":0.4096383660000004,"simulation_length":{"sum":698436.0689999998,"count":2326,"mean":300.2734604471194,"min":240.205,"max":359.984,"median":299.997,"variance":1178.8497095270257,"std_dev":34.33438086709917,"mean_variance":0.506814148549882,"mean_std_dev":0.7119088063438196},"raid_dps":{"sum":25173034.57561107,"count":2326,"mean":10822.45682528421},"total_dmg":{"sum":7552332287.806647,"count":2326,"mean":3246918.4384379396},"total_iterations":459477,"total_actors":206,"total_iterations_mean":2230.470873786408,"total_iterations_variance":2101795.3252427196,"total_iterations_stddev":1449.756988340708,"total_mean_dps_stddev":11.512712218521028,"total_mean_dps_variance":132.54254262648337},"player":{"name":"Template","race":"dwarf","level":120,"role":"attack","specialization":"Outlaw Rogue","profile_source":"default","talents":[{"tier":1,"id":22119,"spell_id":196938,"name":"Quick Draw"},{"tier":2,"id":19238,"spell_id":196922,"name":"Hit and Run"},{"tier":3,"id":19239,"spell_id":14983,"name":"Vigor"},{"tier":6,"id":23128,"spell_id":193539,"name":"Alacrity"},{"tier":7,"id":23075,"spell_id":271877,"name":"Blade Rush"}],"party":0,"ready_type":1,"bugs":true,"scale_player":true,"potion_used":false,"timeofday":"DAY_TIME","invert_scaling":0,"reaction_offset":0.1,"reaction_max":1.4000000000000001,"reaction_mean":0.3,"reaction_stddev":0.06,"reaction_nu":0.25,"world_lag":0.1,"brain_lag":0.0,"brain_lag_stddev":0.0,"world_lag_override":false,"world_lag_stddev_override":false,"dbc":{"Live":{"build_level":27404,"wow_version":"8.0.1"},"version_used":"Live"},"base_energy_regen_per_second":14.85,"collected_data":{"fight_length":{"sum":698436.0690000001,"count":2326,"mean":300.2734604471196,"min":240.205,"max":359.984},"waiting_time":{"sum":67891.76500000001,"count":2326,"mean":29.188205073086852,"min":8.232,"max":50.734},"executed_foreground_actions":{"sum":657062.0,"count":2326,"mean":282.48581255374035,"min":209.0,"max":359.0},"dmg":{"sum":7552332287.806647,"count":2326,"mean":3246918.4384379396,"min":2243167.2570498167,"max":4486339.613015145},"compound_dmg":{"sum":7552332287.806647,"count":2326,"mean":3246918.4384379396,"min":2243167.2570498167,"max":4486339.613015145},"timeline_dmg":{"mean":10747.17479971102,"mean_std_dev":1912.1209641537296,"min":4159.738512453619,"max":25181.0686728829,