{"results":[["Trait","325","340","355","370","385"],["Laser Matrix",345,488,652,856,1085],["Archive of the Titans",200,344,454,612,794],["Relational Normalization Gizmo",252,346,498,657,862],["Synaptic Spark Capacitor",431,615,813,995,1261],["Flames of Alacrity",215,332,485,632,821],["Gutripper",126,218,345,520,683],["Sylvanas' Resolve / Anduin's Dedication",220,334,511,684,897],["Tradewinds",314,460,602,773,972],["Ricocheting Inflatable Pyrosaw",212,350,492,662,852],["Heed My Call",131,284,430,577,763],["Barrage Of Many Bombs",353,483,676,858,1080],["Tidal Surge",289,443,595,776,1003],["Collective Will / Stand As One",90,183,324,465,635],["Combined Might / Stronger Together",43,159,288,406,603],["Duplicative Incineration",412,567,712,880,1089],["Battlefield Focus / Battlefield Precision",160,293,421,578,749],["Retaliatory Fury / Last Gift",203,292,437,573,764],["Glory in Battle / Liberator's Might",154,270,390,565,700],["Blood Rite",145,259,414,523,697],["Unstable Flames",96,208,321,454,623],["Swirling Sands",251,374,485,660,830],["Meticulous Scheming",132,212,366,497,650],["Incite the Pack",315,421,576,742,928],["Firemind",161,314,445,611,797],["Blightborne Infusion",270,389,542,708,878],["Unstable Catalyst",274,373,537,754,928],["Azerite Globules",135,285,419,583,765],["Earthlink",79,197,335,486,660],["Dagger in the Back",282,444,622,790,998],["Secrets of the Deep",231,360,508,683,883],["Blood Siphon",125,241,381,512,665],["Thunderous Blast",379,531,684,898,1137],["Preheat",133,222,380,577,790],["Ruinous Bolt",191,299,450,613,820],["Champion of Azeroth",310,412,564,701,913],["Overwhelming Power",55,176,298,403,572],["Filthy Transfusion",244,350,521,705,909],["Trailing Embers",154,272,432,591,779],["Blaster Master",487,658,819,995,1175],["Rezan's Fury",257,421,551,794,956],["Elemental Whirl",113,215,342,483,646]],"metas":{"build_date":"Aug 28 2018","build_time":"07:33:45","git_revision":"0be56b9506","options":{"debug":false,"max_time":300.0,"expected_iteration_time":296.75600000000003,"vary_combat_length":0.2,"iterations":910,"target_error":0.2,"threads":32,"seed":10591187831461546507,"single_actor_batch":false,"queue_lag":0.005,"queue_lag_stddev":0.001,"gcd_lag":0.15,"gcd_lag_stddev":0.037,"channel_lag":0.25,"channel_lag_stddev":0.062,"queue_gcd_reduction":0.1,"strict_gcd_queue":0,"confidence":0.95,"confidence_estimator":1.9599639854089754,"world_lag":0.1,"world_lag_stddev":0.01,"travel_variance":0.0,"default_skill":1.0,"reaction_time":0.5,"regen_periodicity":0.25,"ignite_sampling_delta":0.2,"fixed_time":true,"optimize_expressions":true,"optimal_raid":1,"log":0,"debug_each":0,"stat_cache":1,"max_aoe_enemies":20,"show_etmi":false,"tmi_window_global":0.0,"tmi_bin_size":0.5,"enemy_death_pct":0.0,"challenge_mode":false,"timewalk":-1,"pvp_crit":false,"rng":{"name":"sse2-sfmt"},"deterministic":0,"average_range":1,"average_gauss":0,"fight_style":"Patchwerk","default_aura_delay":0.03,"default_aura_delay_stddev":0.005,"dbc":{"Live":{"build_level":27404,"wow_version":"8.0.1"},"version_used":"Live"}},"overrides":{"arcane_intellect":1,"battle_shout":1,"power_word_fortitude":1,"chaos_brand":1,"mystic_touch":1,"mortal_wounds":1,"bleeding":1,"bloodlust":1,"bloodlust_percent":25,"bloodlust_time":0.5},"statistics":{"elapsed_cpu_seconds":11510.000063000001,"elapsed_time_seconds":12.507018,"init_time_seconds":3.144561002000002,"merge_time_seconds":0.005179030000000001,"analyze_time_seconds":0.1851035649999999,"simulation_length":{"sum":263229.4850000001,"count":878,"mean":299.8057915717541,"min":240.11700000000002,"max":359.983,"median":301.278,"variance":1263.7892908141885,"std_dev":35.54981421631045,"mean_variance":1.4393955476243605,"mean_std_dev":1.1997481184083434},"raid_dps":{"sum":9960112.723087635,"count":878,"mean":11344.091939735346},"total_dmg":{"sum":2982169364.5990076,"count":878,"mean":3396548.251251717},"total_iterations":185905,"total_actors":206,"total_iterations_mean":902.4514563106796,"total_iterations_variance":937695.0145631061,"total_iterations_stddev":968.3465364027003,"total_mean_dps_stddev":12.086568089164269,"total_mean_dps_variance":146.085128174004},"player":{"name":"Template","race":"dark_iron_dwarf","level":120,"role":"spell","specialization":"Fire Mage","profile_source":"default","talents":[{"tier":1,"id":22456,"spell_id":205026,"name":"Firestarter"},{"tier":3,"id":22447,"spell_id":116011,"name":"Rune of Power"},{"tier":4,"id":22450,"spell_id":205029,"name":"Flame On"},{"tier":6,"id":23362,"spell_id":205023,"name":"Conflagration"},{"tier":7,"id":21633,"spell_id":153561,"name":"Meteor"}],"party":0,"ready_type":0,"bugs":true,"scale_player":true,"potion_used":false,"timeofday":"DAY_TIME","invert_scaling":0,"reaction_offset":0.1,"reaction_max":1.4000000000000001,"reaction_mean":0.3,"reaction_stddev":0.06,"reaction_nu":0.25,"world_lag":0.1,"brain_lag":0.0,"brain_lag_stddev":0.0,"world_lag_override":false,"world_lag_stddev_override":false,"dbc":{"Live":{"build_level":27404,"wow_version":"8.0.1"},"version_used":"Live"},"base_mana_regen_per_second":2000.0,"collected_data":{"fight_length":{"sum":263229.4849999999,"count":878,"mean":299.8057915717539,"min":240.11700000000002,"max":359.983},"executed_foreground_actions":{"sum":196539.0,"count":878,"mean":223.84851936218678,"min":177.0,"max":269.0},"dmg":{"sum":2982169364.5990076,"count":878,"mean":3396548.251251717,"min":2630433.8308675587,"max":4112894.0821127766},"compound_dmg":{"sum":2982169364.5990076,"count":878,"mean":3396548.251251717,"min":2630433.8308675587,"max":4112894.0821127766},"timeline_dmg":{"mean":11334.608005483014,"mean_std_dev":9021.566605717113,"min":2516.048451345917,"max":74101.50551703866,