{"results":[["Trait","325","340","355","370","385"],["Thunderous Blast",377,557,803,1098,1465],["Dagger in the Back",368,591,833,1082,1460],["Unstable Flames",150,317,494,717,1006],["Secrets of the Deep",332,543,812,1018,1398],["Gutripper",87,266,474,692,983],["Blood Rite",179,360,563,777,1044],["Heed My Call",145,321,546,778,1092],["Tidal Surge",250,447,671,950,1240],["Filthy Transfusion",240,426,645,889,1222],["Relational Normalization Gizmo",295,469,705,954,1258],["Synaptic Spark Capacitor",503,768,975,1353,1684],["Sylvanas' Resolve / Anduin's Dedication",306,494,761,1009,1360],["Swirling Sands",401,628,785,1089,1370],["Meticulous Scheming",224,429,595,828,1066],["Ricocheting Inflatable Pyrosaw",213,409,658,898,1189],["Laser Matrix",323,524,749,1060,1408],["Tradewinds",326,475,711,954,1199],["Collective Will / Stand As One",98,307,445,710,963],["Barrage Of Many Bombs",429,669,890,1237,1575],["Snake Eyes",78,271,485,667,971],["Overwhelming Power",92,243,415,620,882],["Paradise Lost",460,713,968,1262,1591],["Brigand's Blitz",176,302,491,727,973],["Azerite Globules",161,381,606,851,1150],["Ace Up Your Sleeve",-142,17,225,428,707],["Deadshot",240,496,805,1077,1462],["Incite the Pack",276,453,687,889,1190],["Combined Might / Stronger Together",47,216,417,627,873],["Storm of Steel",383,631,898,1137,1514],["Battlefield Focus / Battlefield Precision",229,405,662,904,1252],["Retaliatory Fury / Last Gift",138,342,501,754,1002],["Glory in Battle / Liberator's Might",248,393,607,839,1104],["Ruinous Bolt",145,320,526,765,1079],["Unstable Catalyst",355,585,856,1079,1427],["Blood Siphon",109,254,493,712,899],["Champion of Azeroth",419,623,843,1065,1343],["Blightborne Infusion",410,654,889,1110,1426],["Earthlink",130,286,508,709,1000],["Rezan's Fury",268,441,695,937,1263],["Elemental Whirl",118,276,480,691,932]],"metas":{"build_date":"Aug 21 2018","build_time":"06:51:36","git_revision":"57250019bf","options":{"debug":false,"max_time":300.0,"expected_iteration_time":275.64300000000003,"vary_combat_length":0.2,"iterations":1267,"target_error":0.2,"threads":32,"seed":11299437879781513630,"single_actor_batch":false,"queue_lag":0.005,"queue_lag_stddev":0.001,"gcd_lag":0.15,"gcd_lag_stddev":0.037,"channel_lag":0.25,"channel_lag_stddev":0.062,"queue_gcd_reduction":0.1,"strict_gcd_queue":0,"confidence":0.95,"confidence_estimator":1.9599639854089754,"world_lag":0.1,"world_lag_stddev":0.01,"travel_variance":0.0,"default_skill":1.0,"reaction_time":0.5,"regen_periodicity":0.25,"ignite_sampling_delta":0.2,"fixed_time":true,"optimize_expressions":true,"optimal_raid":1,"log":0,"debug_each":0,"stat_cache":1,"max_aoe_enemies":20,"show_etmi":false,"tmi_window_global":0.0,"tmi_bin_size":0.5,"enemy_death_pct":0.0,"challenge_mode":false,"timewalk":-1,"pvp_crit":false,"rng":{"name":"sse2-sfmt"},"deterministic":0,"average_range":1,"average_gauss":0,"fight_style":"Patchwerk","default_aura_delay":0.03,"default_aura_delay_stddev":0.005,"dbc":{"bfa-BETA":{"build_level":26095,"wow_version":"8.0.1"},"version_used":"bfa-BETA"}},"overrides":{"arcane_intellect":1,"battle_shout":1,"power_word_fortitude":1,"chaos_brand":1,"mystic_touch":1,"mortal_wounds":1,"bleeding":1,"bloodlust":1,"bloodlust_percent":25,"bloodlust_time":0.5},"statistics":{"elapsed_cpu_seconds":28446.436168000015,"elapsed_time_seconds":30.063401,"init_time_seconds":2.765449387,"merge_time_seconds":0.007532908,"analyze_time_seconds":0.215301502,"simulation_length":{"sum":369751.636,"count":1235,"mean":299.39403724696353,"min":240.403,"max":359.957,"median":299.097,"variance":1210.0752283063052,"std_dev":34.78613557592026,"mean_variance":0.9798179986285872,"mean_std_dev":0.989857564818589},"raid_dps":{"sum":19990336.999320168,"count":1235,"mean":16186.50769175722},"total_dmg":{"sum":5983553047.593912,"count":1235,"mean":4844982.224772398},"total_iterations":236649,"total_actors":201,"total_iterations_mean":1177.358208955224,"total_iterations_variance":792828.2089552245,"total_iterations_stddev":890.4090121709373,"total_mean_dps_stddev":17.20575746225701,"total_mean_dps_variance":296.03808985001285},"player":{"name":"Template","race":"dwarf","level":120,"role":"attack","specialization":"Outlaw Rogue","profile_source":"default","talents":[{"tier":1,"id":22119,"spell_id":196938,"name":"Quick Draw"},{"tier":2,"id":19238,"spell_id":196922,"name":"Hit and Run"},{"tier":3,"id":19239,"spell_id":14983,"name":"Vigor"},{"tier":6,"id":19250,"spell_id":5171,"name":"Slice and Dice"},{"tier":7,"id":23075,"spell_id":271877,"name":"Blade Rush"}],"party":0,"ready_type":1,"bugs":true,"scale_player":true,"potion_used":false,"timeofday":"DAY_TIME","invert_scaling":0,"reaction_offset":0.1,"reaction_max":1.4000000000000001,"reaction_mean":0.3,"reaction_stddev":0.06,"reaction_nu":0.25,"world_lag":0.1,"brain_lag":0.0,"brain_lag_stddev":0.0,"world_lag_override":false,"world_lag_stddev_override":false,"dbc":{"bfa-BETA":{"build_level":26095,"wow_version":"8.0.1"},"version_used":"bfa-BETA"},"base_energy_regen_per_second":14.85,"collected_data":{"fight_length":{"sum":369751.636,"count":1235,"mean":299.39403724696353,"min":240.403,"max":359.957},"waiting_time":{"sum":24237.939999999995,"count":1235,"mean":19.625862348178135,"min":9.654,"max":35.483000000000004},"executed_foreground_actions":{"sum":367281.0,"count":1235,"mean":297.3935222672065,"min":228.0,"max":362.0},"dmg":{"sum":5983553047.593912,"count":1235,"mean":4844982.224772398,"min":3526958.0675493763,"max":6102925.03576734},"compound_dmg":{"sum":5983553047.593912,"count":1235,"mean":4844982.224772398,"min":3526958.0675493763,"max":6102925.03576734},"timeline_dmg":{"mean":16227.47580747848,"mean_std_dev":11066.271901501197,"min":4821.310388394375,"max":61642.30788028495,