{"results":[["Trait","325","340","355","370","385"],["Thunderous Blast",330,497,713,974,1240],["Night's Vengeance",330,546,733,969,1295],["Azerite Globules",179,366,533,742,1039],["Tidal Surge",287,448,640,902,1167],["Dagger in the Back",380,571,760,1012,1349],["Unstable Flames",122,222,416,623,851],["Secrets of the Deep",293,509,710,942,1238],["Gutripper",75,252,425,612,858],["Blood Rite",197,355,515,740,950],["Heed My Call",164,323,534,705,995],["Filthy Transfusion",181,379,573,809,1052],["Relational Normalization Gizmo",273,461,637,854,1141],["Synaptic Spark Capacitor",623,868,1124,1444,1795],["Sylvanas' Resolve / Anduin's Dedication",317,457,680,924,1191],["Swirling Sands",324,470,649,849,1099],["Meticulous Scheming",190,325,519,734,949],["Ricocheting Inflatable Pyrosaw",254,436,668,894,1163],["Laser Matrix",342,498,703,939,1189],["Tradewinds",319,475,656,858,1105],["Collective Will / Stand As One",75,254,450,625,849],["Barrage Of Many Bombs",429,639,891,1152,1482],["Sharpened Blades",12,123,307,490,674],["Blade In The Shadows",7,163,273,484,725],["Overwhelming Power",101,239,404,558,792],["Blightborne Infusion",338,528,691,920,1152],["Perforate",8,139,322,466,673],["Champion of Azeroth",357,558,749,931,1197],["Incite the Pack",283,461,643,858,1077],["The First Dance",193,355,558,777,1012],["Inevitability",-7,164,306,503,679],["Combined Might / Stronger Together",52,198,404,570,819],["Battlefield Focus / Battlefield Precision",61,184,301,526,733],["Glory in Battle / Liberator's Might",191,367,534,691,963],["Ruinous Bolt",162,349,546,743,1012],["Unstable Catalyst",366,524,742,967,1256],["Blood Siphon",84,267,429,621,845],["Earthlink",126,295,446,678,942],["Retaliatory Fury / Last Gift",194,350,486,726,942],["Rezan's Fury",267,459,679,868,1149],["Elemental Whirl",141,262,461,633,819]],"metas":{"build_date":"Aug 18 2018","build_time":"08:59:09","git_revision":"7948886e6d","options":{"debug":false,"max_time":300.0,"expected_iteration_time":253.93800000000002,"vary_combat_length":0.2,"iterations":775,"target_error":0.2,"threads":32,"seed":11314207099733344549,"single_actor_batch":false,"queue_lag":0.005,"queue_lag_stddev":0.001,"gcd_lag":0.15,"gcd_lag_stddev":0.037,"channel_lag":0.25,"channel_lag_stddev":0.062,"queue_gcd_reduction":0.1,"strict_gcd_queue":0,"confidence":0.95,"confidence_estimator":1.9599639854089754,"world_lag":0.1,"world_lag_stddev":0.01,"travel_variance":0.0,"default_skill":1.0,"reaction_time":0.5,"regen_periodicity":0.25,"ignite_sampling_delta":0.2,"fixed_time":true,"optimize_expressions":true,"optimal_raid":1,"log":0,"debug_each":0,"stat_cache":1,"max_aoe_enemies":20,"show_etmi":false,"tmi_window_global":0.0,"tmi_bin_size":0.5,"enemy_death_pct":0.0,"challenge_mode":false,"timewalk":-1,"pvp_crit":false,"rng":{"name":"sse2-sfmt"},"deterministic":0,"average_range":1,"average_gauss":0,"fight_style":"Patchwerk","default_aura_delay":0.03,"default_aura_delay_stddev":0.005,"dbc":{"bfa-BETA":{"build_level":26095,"wow_version":"8.0.1"},"version_used":"bfa-BETA"}},"overrides":{"arcane_intellect":1,"battle_shout":1,"power_word_fortitude":1,"chaos_brand":1,"mystic_touch":1,"mortal_wounds":1,"bleeding":1,"bloodlust":1,"bloodlust_percent":25,"bloodlust_time":0.5},"statistics":{"elapsed_cpu_seconds":12091.251026,"elapsed_time_seconds":13.014926,"init_time_seconds":2.8636107209999997,"merge_time_seconds":0.006661659,"analyze_time_seconds":0.15170549599999997,"simulation_length":{"sum":223326.52399999998,"count":743,"mean":300.5740565275908,"min":240.159,"max":359.863,"median":302.684,"variance":1096.650379606495,"std_dev":33.11571197492959,"mean_variance":1.475976284800128,"mean_std_dev":1.2148976437544556},"raid_dps":{"sum":10568233.486876223,"count":743,"mean":14223.732822175267},"total_dmg":{"sum":3173200996.0408444,"count":743,"mean":4270795.418628324},"total_iterations":146179,"total_actors":201,"total_iterations_mean":727.2587064676617,"total_iterations_variance":560326.5472636814,"total_iterations_stddev":748.5496291253382,"total_mean_dps_stddev":15.110088999079505,"total_mean_dps_variance":228.31478956010346},"player":{"name":"Template","race":"blood_elf","level":120,"role":"attack","specialization":"Subtlety Rogue","profile_source":"default","talents":[{"tier":1,"id":19234,"spell_id":91023,"name":"Find Weakness"},{"tier":2,"id":22333,"spell_id":108209,"name":"Shadow Focus"},{"tier":3,"id":19241,"spell_id":137619,"name":"Marked for Death"},{"tier":6,"id":22336,"spell_id":238104,"name":"Enveloping Shadows"},{"tier":7,"id":22132,"spell_id":196976,"name":"Master of Shadows"}],"party":0,"ready_type":1,"bugs":true,"scale_player":true,"potion_used":false,"timeofday":"DAY_TIME","invert_scaling":0,"reaction_offset":0.1,"reaction_max":1.4000000000000001,"reaction_mean":0.3,"reaction_stddev":0.06,"reaction_nu":0.25,"world_lag":0.1,"brain_lag":0.0,"brain_lag_stddev":0.0,"world_lag_override":false,"world_lag_stddev_override":false,"dbc":{"bfa-BETA":{"build_level":26095,"wow_version":"8.0.1"},"version_used":"bfa-BETA"},"base_energy_regen_per_second":10.0,"collected_data":{"fight_length":{"sum":223326.52400000003,"count":743,"mean":300.57405652759087,"min":240.159,"max":359.863},"waiting_time":{"sum":13697.411999999997,"count":743,"mean":18.435278600269175,"min":11.849,"max":25.997},"executed_foreground_actions":{"sum":243044.0,"count":743,"mean":327.11170928667565,"min":263.0,"max":391.0},"dmg":{"sum":3173200996.0408444,"count":743,"mean":4270795.418628324,"min":3302176.9585010936,"max":5219092.453989814},"compound_dmg":{"sum":3173200996.0408444,"count":743,"mean":4270795.418628324,"min":3302176.9585010936,"max":5219092.453989814},"timeline_dmg":{"mean":14669.579781595434,"mean_std_dev":5590.820192123468,"min":1183.729569505893,"max":45639.89362978956,