{"results":[["Trait","325","340","355","370","385"],["Thunderous Blast",281,521,682,976,1251],["Night's Vengeance",209,376,573,813,1092],["Azerite Globules",121,291,509,688,921],["Tidal Surge",274,448,678,915,1163],["Dagger in the Back",294,470,735,959,1242],["Unstable Flames",100,247,411,649,875],["Secrets of the Deep",329,509,698,960,1281],["Gutripper",74,243,433,647,879],["Blood Rite",100,248,449,610,876],["Heed My Call",101,300,489,697,972],["Filthy Transfusion",178,327,550,798,1044],["Relational Normalization Gizmo",226,384,585,824,1064],["Synaptic Spark Capacitor",512,711,962,1247,1624],["Sylvanas' Resolve / Anduin's Dedication",270,479,726,937,1226],["Swirling Sands",290,488,648,882,1132],["Meticulous Scheming",120,268,430,639,855],["Ricocheting Inflatable Pyrosaw",180,360,569,772,1027],["Laser Matrix",280,483,684,901,1221],["Tradewinds",278,475,663,916,1158],["Collective Will / Stand As One",78,228,404,601,832],["Barrage Of Many Bombs",342,583,781,1068,1380],["Sharpened Blades",-5,136,332,486,752],["Blade In The Shadows",140,337,499,755,995],["Overwhelming Power",58,187,350,549,781],["Blightborne Infusion",326,517,702,914,1139],["Perforate",48,213,409,601,844],["Champion of Azeroth",309,492,702,954,1183],["Incite the Pack",290,441,623,854,1131],["The First Dance",234,440,663,841,1104],["Inevitability",162,318,489,691,975],["Combined Might / Stronger Together",18,173,349,562,780],["Battlefield Focus / Battlefield Precision",107,288,494,670,951],["Glory in Battle / Liberator's Might",178,294,468,704,949],["Ruinous Bolt",127,302,503,731,983],["Unstable Catalyst",316,550,763,988,1310],["Blood Siphon",123,250,446,612,864],["Earthlink",113,273,454,681,948],["Retaliatory Fury / Last Gift",155,303,475,723,954],["Rezan's Fury",231,412,611,849,1121],["Elemental Whirl",81,255,423,636,864]],"metas":{"build_date":"Aug 23 2018","build_time":"08:35:52","git_revision":"0f9699d9e7","options":{"debug":false,"max_time":300.0,"expected_iteration_time":270.87600000000003,"vary_combat_length":0.2,"iterations":1010,"target_error":0.2,"threads":32,"seed":6147026158514732777,"single_actor_batch":false,"queue_lag":0.005,"queue_lag_stddev":0.001,"gcd_lag":0.15,"gcd_lag_stddev":0.037,"channel_lag":0.25,"channel_lag_stddev":0.062,"queue_gcd_reduction":0.1,"strict_gcd_queue":0,"confidence":0.95,"confidence_estimator":1.9599639854089754,"world_lag":0.1,"world_lag_stddev":0.01,"travel_variance":0.0,"default_skill":1.0,"reaction_time":0.5,"regen_periodicity":0.25,"ignite_sampling_delta":0.2,"fixed_time":true,"optimize_expressions":true,"optimal_raid":1,"log":0,"debug_each":0,"stat_cache":1,"max_aoe_enemies":20,"show_etmi":false,"tmi_window_global":0.0,"tmi_bin_size":0.5,"enemy_death_pct":0.0,"challenge_mode":false,"timewalk":-1,"pvp_crit":false,"rng":{"name":"sse2-sfmt"},"deterministic":0,"average_range":1,"average_gauss":0,"fight_style":"Patchwerk","default_aura_delay":0.03,"default_aura_delay_stddev":0.005,"dbc":{"Live":{"build_level":27404,"wow_version":"8.0.1"},"version_used":"Live"}},"overrides":{"arcane_intellect":1,"battle_shout":1,"power_word_fortitude":1,"chaos_brand":1,"mystic_touch":1,"mortal_wounds":1,"bleeding":1,"bloodlust":1,"bloodlust_percent":25,"bloodlust_time":0.5},"statistics":{"elapsed_cpu_seconds":19141.623192999996,"elapsed_time_seconds":20.484044,"init_time_seconds":3.2041106810000017,"merge_time_seconds":0.007266564,"analyze_time_seconds":0.17234737000000006,"simulation_length":{"sum":294049.7870000001,"count":978,"mean":300.6644038854807,"min":240.156,"max":359.879,"median":300.66200000000003,"variance":1192.815058737695,"std_dev":34.53715475741589,"mean_variance":1.2196472993227965,"mean_std_dev":1.1043764300829662},"raid_dps":{"sum":14561575.676825326,"count":978,"mean":14889.136683870476},"total_dmg":{"sum":4374562868.261543,"count":978,"mean":4472968.167956588},"total_iterations":184589,"total_actors":201,"total_iterations_mean":918.3532338308457,"total_iterations_variance":710617.92039801,"total_iterations_stddev":842.9815658708143,"total_mean_dps_stddev":15.780831820753221,"total_mean_dps_variance":249.0346529548974},"player":{"name":"Template","race":"blood_elf","level":120,"role":"attack","specialization":"Subtlety Rogue","profile_source":"default","talents":[{"tier":1,"id":19234,"spell_id":91023,"name":"Find Weakness"},{"tier":2,"id":22333,"spell_id":108209,"name":"Shadow Focus"},{"tier":3,"id":19241,"spell_id":137619,"name":"Marked for Death"},{"tier":6,"id":22336,"spell_id":238104,"name":"Enveloping Shadows"},{"tier":7,"id":22132,"spell_id":196976,"name":"Master of Shadows"}],"party":0,"ready_type":1,"bugs":true,"scale_player":true,"potion_used":false,"timeofday":"DAY_TIME","invert_scaling":0,"reaction_offset":0.1,"reaction_max":1.4000000000000001,"reaction_mean":0.3,"reaction_stddev":0.06,"reaction_nu":0.25,"world_lag":0.1,"brain_lag":0.0,"brain_lag_stddev":0.0,"world_lag_override":false,"world_lag_stddev_override":false,"dbc":{"Live":{"build_level":27404,"wow_version":"8.0.1"},"version_used":"Live"},"base_energy_regen_per_second":10.0,"collected_data":{"fight_length":{"sum":294049.78700000007,"count":978,"mean":300.6644038854806,"min":240.156,"max":359.879},"waiting_time":{"sum":33852.630999999994,"count":978,"mean":34.61414212678936,"min":22.243000000000002,"max":49.368},"executed_foreground_actions":{"sum":329828.0,"count":978,"mean":337.2474437627812,"min":266.0,"max":409.0},"dmg":{"sum":4374562868.261543,"count":978,"mean":4472968.167956588,"min":3287752.416776527,"max":5705947.783459578},"compound_dmg":{"sum":4374562868.261543,"count":978,"mean":4472968.167956588,"min":3287752.416776527,"max":5705947.783459578},"timeline_dmg":{"mean":15114.061170373823,"mean_std_dev":7914.4977467405715,"min":431.6674458102104,"max":34985.254926386675,