{"results":[["Trait","325","340","355","370","385"],["Laser Matrix",328,528,731,991,1288],["Archive of the Titans",298,433,628,882,1082],["Relational Normalization Gizmo",341,510,706,944,1216],["Synaptic Spark Capacitor",276,430,675,931,1186],["Swirling Sands",331,557,749,961,1250],["Heed My Call",176,323,536,759,1030],["Ricocheting Inflatable Pyrosaw",255,399,628,855,1138],["Barrage Of Many Bombs",385,601,801,1060,1376],["Meridian Strikes",356,557,812,999,1294],["Tidal Surge",328,520,698,1016,1289],["Collective Will / Stand As One",137,309,463,657,978],["Swift Roundhouse",-426,-219,34,322,624],["On My Way",158,336,505,723,938],["Combined Might / Stronger Together",109,288,455,638,905],["Pressure Point",306,485,654,897,1161],["Sunrise Technique",219,381,567,803,1082],["Sylvanas' Resolve / Anduin's Dedication",288,477,667,893,1194],["Battlefield Focus / Battlefield Precision",149,308,505,695,945],["Gutripper",114,301,482,718,970],["Retaliatory Fury / Last Gift",189,355,581,764,988],["Glory in Battle / Liberator's Might",270,407,650,844,1069],["Blood Rite",216,390,582,826,1005],["Unstable Flames",182,327,500,725,946],["Blightborne Infusion",412,571,827,1025,1292],["Meticulous Scheming",271,404,632,813,1090],["Incite the Pack",318,470,632,875,1153],["Open Palm Strikes",444,669,907,1165,1549],["Unstable Catalyst",275,496,730,914,1202],["Azerite Globules",194,374,573,754,1038],["Tradewinds",340,507,646,913,1181],["Earthlink",161,317,521,701,958],["Secrets of the Deep",305,439,629,908,1191],["Dagger in the Back",349,614,790,1036,1345],["Blood Siphon",265,390,604,813,1113],["Filthy Transfusion",307,479,664,913,1213],["Ruinous Bolt",216,409,605,786,1079],["Elemental Whirl",197,333,519,680,949],["Thunderous Blast",378,604,853,1107,1378],["Champion of Azeroth",439,595,804,1070,1314],["Overwhelming Power",148,317,543,715,994],["Iron Fists",83,194,375,557,799],["Rezan's Fury",287,515,733,986,1249],["Lifespeed",174,326,485,668,916]],"metas":{"build_date":"Aug 29 2018","build_time":"06:51:22","git_revision":"744e4aaddc","options":{"debug":false,"max_time":300.0,"expected_iteration_time":304.26800000000003,"vary_combat_length":0.2,"iterations":626,"target_error":0.2,"threads":32,"seed":18118412721812404518,"single_actor_batch":false,"queue_lag":0.005,"queue_lag_stddev":0.001,"gcd_lag":0.15,"gcd_lag_stddev":0.037,"channel_lag":0.25,"channel_lag_stddev":0.062,"queue_gcd_reduction":0.1,"strict_gcd_queue":0,"confidence":0.95,"confidence_estimator":1.9599639854089754,"world_lag":0.1,"world_lag_stddev":0.01,"travel_variance":0.0,"default_skill":1.0,"reaction_time":0.5,"regen_periodicity":0.25,"ignite_sampling_delta":0.2,"fixed_time":true,"optimize_expressions":true,"optimal_raid":1,"log":0,"debug_each":0,"stat_cache":1,"max_aoe_enemies":20,"show_etmi":false,"tmi_window_global":0.0,"tmi_bin_size":0.5,"enemy_death_pct":0.0,"challenge_mode":false,"timewalk":-1,"pvp_crit":false,"rng":{"name":"sse2-sfmt"},"deterministic":0,"average_range":1,"average_gauss":0,"fight_style":"Patchwerk","default_aura_delay":0.03,"default_aura_delay_stddev":0.005,"dbc":{"Live":{"build_level":27481,"wow_version":"8.0.1"},"version_used":"Live"}},"overrides":{"arcane_intellect":1,"battle_shout":1,"power_word_fortitude":1,"chaos_brand":1,"mystic_touch":1,"mortal_wounds":1,"bleeding":1,"bloodlust":1,"bloodlust_percent":25,"bloodlust_time":0.5},"statistics":{"elapsed_cpu_seconds":12928.149090999997,"elapsed_time_seconds":13.678526000000002,"init_time_seconds":4.690752214999999,"merge_time_seconds":0.009008843999999998,"analyze_time_seconds":0.14680364300000007,"simulation_length":{"sum":177948.08699999997,"count":594,"mean":299.575904040404,"min":240.0,"max":359.367,"median":297.95,"variance":1229.8566965850675,"std_dev":35.06931274754422,"mean_variance":2.07046581916678,"mean_std_dev":1.4389113312385793},"raid_dps":{"sum":10615030.550561767,"count":594,"mean":17870.421802292538},"total_dmg":{"sum":3175315570.0928845,"count":594,"mean":5345649.107900479},"total_iterations":129776,"total_actors":216,"total_iterations_mean":600.8148148148148,"total_iterations_variance":1067434.5925925928,"total_iterations_stddev":1033.167262640756,"total_mean_dps_stddev":18.878517128349433,"total_mean_dps_variance":356.39840896538294},"player":{"name":"Template","race":"pandaren","level":120,"role":"dps","specialization":"Windwalker Monk","profile_source":"default","talents":[{"tier":1,"id":19820,"spell_id":115098,"name":"Chi Wave"},{"tier":3,"id":19771,"spell_id":261947,"name":"Fist of the White Tiger"},{"tier":4,"id":23364,"spell_id":280195,"name":"Good Karma"},{"tier":6,"id":22102,"spell_id":123904,"name":"Invoke Xuen, the White Tiger"},{"tier":7,"id":21191,"spell_id":152173,"name":"Serenity"}],"party":0,"ready_type":0,"bugs":true,"scale_player":true,"potion_used":false,"timeofday":"DAY_TIME","invert_scaling":0,"reaction_offset":0.1,"reaction_max":1.4000000000000001,"reaction_mean":0.3,"reaction_stddev":0.06,"reaction_nu":0.25,"world_lag":0.1,"brain_lag":0.0,"brain_lag_stddev":0.0,"world_lag_override":false,"world_lag_stddev_override":false,"dbc":{"Live":{"build_level":27481,"wow_version":"8.0.1"},"version_used":"Live"},"base_energy_regen_per_second":10.0,"collected_data":{"fight_length":{"sum":177948.087,"count":594,"mean":299.57590404040405,"min":240.0,"max":359.367},"waiting_time":{"sum":16647.600000000002,"count":594,"mean":28.02626262626263,"min":15.8,"max":42.300000000000004},"executed_foreground_actions":{"sum":136082.0,"count":594,"mean":229.0942760942761,"min":180.0,"max":278.0},"dmg":{"sum":2934011891.132434,"count":594,"mean":4939413.95813541,"min":3842947.02416817,"max":5972278.346268368},"compound_dmg":{"sum":3175315570.0928845,"count":594,"mean":5345649.107900479,"min":4126181.1966253007,"max":6395482.3457217105},"timeline_dmg":{"mean":17985.28948760765,"mean_std_dev":16040.973508030866,"min":1044.759948956636,"max":194486.65244067437,