{"results":[["Trait","325","340","355","370","385"],["Laser Matrix",420,638,828,1079,1398],["Archive of the Titans",268,417,641,836,1033],["Relational Normalization Gizmo",376,558,761,940,1212],["Synaptic Spark Capacitor",488,736,950,1209,1542],["Swirling Sands",395,594,749,947,1184],["Tradewinds",447,584,801,979,1207],["Ricocheting Inflatable Pyrosaw",291,452,694,876,1149],["Heed My Call",247,364,582,800,1035],["Reckless Flurry",854,1079,1273,1558,1844],["Barrage Of Many Bombs",506,751,1006,1298,1620],["Tidal Surge",265,424,629,852,1046],["Collective Will / Stand As One",150,274,430,603,838],["Combined Might / Stronger Together",47,200,339,550,753],["Sylvanas' Resolve / Anduin's Dedication",264,418,650,820,1095],["Trample the Weak",244,467,631,837,1084],["Battlefield Focus / Battlefield Precision",170,264,483,729,901],["Gutripper",162,311,487,646,946],["Retaliatory Fury / Last Gift",194,360,547,747,941],["Glory in Battle / Liberator's Might",314,489,670,848,1113],["Simmering Rage",568,753,914,1133,1326],["Meticulous Scheming",488,627,830,1072,1268],["Infinite Fury",371,482,705,885,1122],["Blood Rite",349,484,706,892,1129],["Unstable Flames",145,284,450,608,849],["Incite the Pack",363,552,749,943,1146],["Unstable Catalyst",301,493,675,887,1190],["Azerite Globules",115,285,481,666,932],["Bloodcraze",285,417,575,810,1017],["Gathering Storm",-15,103,248,437,626],["Earthlink",92,245,410,596,794],["Dagger in the Back",252,473,622,868,1111],["Secrets of the Deep",273,448,636,888,1106],["Blood Siphon",298,438,622,806,994],["Ruinous Bolt",139,339,450,653,908],["Pulverizing Blows",334,484,677,903,1172],["Thunderous Blast",431,657,906,1136,1451],["Champion of Azeroth",630,794,1040,1255,1477],["Overwhelming Power",314,460,620,821,1047],["Filthy Transfusion",262,429,614,797,1108],["Elemental Whirl",177,297,469,647,882],["Lifespeed",233,371,484,716,939],["Blightborne Infusion",422,569,810,978,1210],["Rezan's Fury",322,503,673,886,1114]],"metas":{"build_date":"Aug 29 2018","build_time":"06:51:22","git_revision":"744e4aaddc","options":{"debug":false,"max_time":300.0,"expected_iteration_time":265.34000000000003,"vary_combat_length":0.2,"iterations":908,"target_error":0.2,"threads":32,"seed":15871513847611911080,"single_actor_batch":false,"queue_lag":0.005,"queue_lag_stddev":0.001,"gcd_lag":0.15,"gcd_lag_stddev":0.037,"channel_lag":0.25,"channel_lag_stddev":0.062,"queue_gcd_reduction":0.1,"strict_gcd_queue":0,"confidence":0.95,"confidence_estimator":1.9599639854089754,"world_lag":0.1,"world_lag_stddev":0.01,"travel_variance":0.0,"default_skill":1.0,"reaction_time":0.5,"regen_periodicity":0.25,"ignite_sampling_delta":0.2,"fixed_time":true,"optimize_expressions":true,"optimal_raid":1,"log":0,"debug_each":0,"stat_cache":1,"max_aoe_enemies":20,"show_etmi":false,"tmi_window_global":0.0,"tmi_bin_size":0.5,"enemy_death_pct":0.0,"challenge_mode":false,"timewalk":-1,"pvp_crit":false,"rng":{"name":"sse2-sfmt"},"deterministic":0,"average_range":1,"average_gauss":0,"fight_style":"Patchwerk","default_aura_delay":0.03,"default_aura_delay_stddev":0.005,"dbc":{"Live":{"build_level":27481,"wow_version":"8.0.1"},"version_used":"Live"}},"overrides":{"arcane_intellect":1,"battle_shout":1,"power_word_fortitude":1,"chaos_brand":1,"mystic_touch":1,"mortal_wounds":1,"bleeding":1,"bloodlust":1,"bloodlust_percent":25,"bloodlust_time":0.5},"statistics":{"elapsed_cpu_seconds":19643.897414000014,"elapsed_time_seconds":20.739494,"init_time_seconds":2.7333779619999987,"merge_time_seconds":0.0070503100000000015,"analyze_time_seconds":0.1703764650000001,"simulation_length":{"sum":262476.94299999997,"count":876,"mean":299.6312134703196,"min":240.064,"max":359.741,"median":298.657,"variance":1156.7433080149328,"std_dev":34.01092924362598,"mean_variance":1.320483228327549,"mean_std_dev":1.1491228082009115},"raid_dps":{"sum":17492376.522689983,"count":876,"mean":19968.46635010272},"total_dmg":{"sum":5238821053.19761,"count":876,"mean":5980389.330134258},"total_iterations":178802,"total_actors":216,"total_iterations_mean":827.7870370370371,"total_iterations_variance":597066.2037037037,"total_iterations_stddev":772.7005912406847,"total_mean_dps_stddev":21.06037401280095,"total_mean_dps_variance":443.53935355906157},"player":{"name":"Template","race":"gnome","level":120,"role":"attack","specialization":"Fury Warrior","profile_source":"default","talents":[{"tier":1,"id":22633,"spell_id":202296,"name":"Endless Rage"},{"tier":2,"id":23093,"spell_id":107570,"name":"Storm Bolt"},{"tier":3,"id":23372,"spell_id":100130,"name":"Furious Slash"},{"tier":4,"id":22627,"spell_id":202163,"name":"Bounding Stride"},{"tier":5,"id":22383,"spell_id":202922,"name":"Carnage"},{"tier":6,"id":22398,"spell_id":118000,"name":"Dragon Roar"},{"tier":7,"id":16037,"spell_id":280772,"name":"Siegebreaker"}],"party":0,"ready_type":0,"bugs":true,"scale_player":true,"potion_used":false,"timeofday":"DAY_TIME","invert_scaling":0,"reaction_offset":0.1,"reaction_max":1.4000000000000001,"reaction_mean":0.3,"reaction_stddev":0.06,"reaction_nu":0.25,"world_lag":0.1,"brain_lag":0.0,"brain_lag_stddev":0.0,"world_lag_override":false,"world_lag_stddev_override":false,"dbc":{"Live":{"build_level":27481,"wow_version":"8.0.1"},"version_used":"Live"},"collected_data":{"fight_length":{"sum":262476.94299999997,"count":876,"mean":299.6312134703196,"min":240.064,"max":359.741},"executed_foreground_actions":{"sum":284652.0,"count":876,"mean":324.94520547945206,"min":260.0,"max":390.0},"dmg":{"sum":5238821053.19761,"count":876,"mean":5980389.330134258,"min":4453818.589854166,"max":7443027.761819885},"compound_dmg":{"sum":5238821053.19761,"count":876,"mean":5980389.330134258,"min":4453818.589854166,"max":7443027.761819885},"timeline_dmg":{"mean":20534.452029114273,"mean_std_dev":8787.176406649693,"min":0.0,"max":50074.25223934811,