{"results":[["Trait","325","340","355","370","385"],["Laser Matrix",311,463,665,887,1078],["Archive of the Titans",192,326,466,635,829],["Relational Normalization Gizmo",236,398,560,721,934],["Synaptic Spark Capacitor",155,288,447,592,874],["Gutripper",80,183,326,506,681],["Sylvanas' Resolve / Anduin's Dedication",188,342,502,689,916],["Swirling Sands",344,468,627,796,1012],["Tradewinds",262,396,565,708,898],["Ricocheting Inflatable Pyrosaw",91,168,331,511,681],["Heed My Call",89,240,338,514,735],["Barrage Of Many Bombs",140,249,454,591,809],["Fan of Blades",-29,73,205,326,457],["Twist the Knife",200,367,551,735,951],["Meticulous Scheming",180,312,469,651,791],["Poisoned Wire",70,188,299,405,616],["Tidal Surge",222,373,548,730,979],["Collective Will / Stand As One",44,152,288,452,659],["Combined Might / Stronger Together",27,123,282,391,591],["Battlefield Focus / Battlefield Precision",268,390,559,770,988],["Retaliatory Fury / Last Gift",128,257,375,532,718],["Glory in Battle / Liberator's Might",179,323,473,652,837],["Blood Rite",196,348,485,639,854],["Incite the Pack",225,352,544,680,863],["Unstable Flames",113,257,354,500,684],["Unstable Catalyst",241,390,512,739,969],["Azerite Globules",57,171,285,454,635],["Dagger in the Back",274,445,608,811,1056],["Scent of Blood",101,244,402,527,760],["Earthlink",59,162,310,497,660],["Rezan's Fury",255,396,573,770,974],["Double Dose",323,463,617,840,1065],["Secrets of the Deep",205,332,487,681,891],["Blood Siphon",62,167,295,467,638],["Ruinous Bolt",112,253,404,587,794],["Sharpened Blades",-80,77,206,392,633],["Overwhelming Power",142,252,420,522,721],["Thunderous Blast",350,504,686,914,1152],["Shrouded Suffocation",473,644,841,1040,1300],["Champion of Azeroth",345,487,657,809,1008],["Filthy Transfusion",208,347,496,688,914],["Blightborne Infusion",350,509,664,866,1047],["Elemental Whirl",93,211,334,495,665]],"metas":{"build_date":"Aug 25 2018","build_time":"04:15:44","git_revision":"00223099f2","options":{"debug":false,"max_time":300.0,"expected_iteration_time":285.89300000000003,"vary_combat_length":0.2,"iterations":805,"target_error":0.2,"threads":32,"seed":2333739771316176734,"single_actor_batch":false,"queue_lag":0.005,"queue_lag_stddev":0.001,"gcd_lag":0.15,"gcd_lag_stddev":0.037,"channel_lag":0.25,"channel_lag_stddev":0.062,"queue_gcd_reduction":0.1,"strict_gcd_queue":0,"confidence":0.95,"confidence_estimator":1.9599639854089754,"world_lag":0.1,"world_lag_stddev":0.01,"travel_variance":0.0,"default_skill":1.0,"reaction_time":0.5,"regen_periodicity":0.25,"ignite_sampling_delta":0.2,"fixed_time":true,"optimize_expressions":true,"optimal_raid":1,"log":0,"debug_each":0,"stat_cache":1,"max_aoe_enemies":20,"show_etmi":false,"tmi_window_global":0.0,"tmi_bin_size":0.5,"enemy_death_pct":0.0,"challenge_mode":false,"timewalk":-1,"pvp_crit":false,"rng":{"name":"sse2-sfmt"},"deterministic":0,"average_range":1,"average_gauss":0,"fight_style":"Patchwerk","default_aura_delay":0.03,"default_aura_delay_stddev":0.005,"dbc":{"Live":{"build_level":27404,"wow_version":"8.0.1"},"version_used":"Live"}},"overrides":{"arcane_intellect":1,"battle_shout":1,"power_word_fortitude":1,"chaos_brand":1,"mystic_touch":1,"mortal_wounds":1,"bleeding":1,"bloodlust":1,"bloodlust_percent":25,"bloodlust_time":0.5},"statistics":{"elapsed_cpu_seconds":19094.19611,"elapsed_time_seconds":20.206846,"init_time_seconds":3.1345379149999997,"merge_time_seconds":0.005613682,"analyze_time_seconds":0.141181446,"simulation_length":{"sum":230971.23300000004,"count":773,"mean":298.7984902975421,"min":240.185,"max":359.91200000000003,"median":298.523,"variance":1266.5004507130366,"std_dev":35.58792563093607,"mean_variance":1.6384223165757266,"mean_std_dev":1.2800087173827086},"raid_dps":{"sum":10913470.920749309,"count":773,"mean":14118.332368369092},"total_dmg":{"sum":3254715670.0666513,"count":773,"mean":4210498.9263475435},"total_iterations":151940,"total_actors":211,"total_iterations_mean":720.0947867298578,"total_iterations_variance":525278.1042654029,"total_iterations_stddev":724.7607220768816,"total_mean_dps_stddev":14.89004275809276,"total_mean_dps_variance":221.71337333783063},"player":{"name":"Template","race":"troll","level":120,"role":"attack","specialization":"Assassination Rogue","profile_source":"default","talents":[{"tier":1,"id":22338,"spell_id":193640,"name":"Elaborate Planning"},{"tier":2,"id":22332,"spell_id":108208,"name":"Subterfuge"},{"tier":3,"id":19239,"spell_id":14983,"name":"Vigor"},{"tier":6,"id":23015,"spell_id":245388,"name":"Toxic Blade"},{"tier":7,"id":21186,"spell_id":255544,"name":"Poison Bomb"}],"party":0,"ready_type":1,"bugs":true,"scale_player":true,"potion_used":false,"timeofday":"DAY_TIME","invert_scaling":0,"reaction_offset":0.1,"reaction_max":1.4000000000000001,"reaction_mean":0.3,"reaction_stddev":0.06,"reaction_nu":0.25,"world_lag":0.1,"brain_lag":0.0,"brain_lag_stddev":0.0,"world_lag_override":false,"world_lag_stddev_override":false,"dbc":{"Live":{"build_level":27404,"wow_version":"8.0.1"},"version_used":"Live"},"base_energy_regen_per_second":11.0,"collected_data":{"fight_length":{"sum":230971.233,"count":773,"mean":298.79849029754206,"min":240.185,"max":359.91200000000003},"waiting_time":{"sum":63874.953,"count":773,"mean":82.63253945666236,"min":62.379,"max":110.703},"executed_foreground_actions":{"sum":146265.0,"count":773,"mean":189.21733505821476,"min":151.0,"max":226.0},"dmg":{"sum":3254715670.0666513,"count":773,"mean":4210498.9263475435,"min":3298843.359917261,"max":5284378.6601936435},"compound_dmg":{"sum":3254715670.0666513,"count":773,"mean":4210498.9263475435,"min":3298843.359917261,"max":5284378.6601936435},"timeline_dmg":{"mean":14202.436133009627,"mean_std_dev":6270.741199764418,"min":3356.8724467935976,"max":45375.01177853606,