{"results":[["Trait","325","340","355","370","385"],["Thunderous Blast",359,516,681,888,1132],["Tidal Surge",254,401,545,721,970],["Azerite Globules",49,152,307,476,627],["Dagger in the Back",350,505,700,897,1141],["Unstable Flames",57,175,302,441,605],["Secrets of the Deep",188,342,485,665,879],["Gutripper",91,204,352,490,688],["Blood Rite",161,295,429,560,762],["Heed My Call",114,234,350,527,729],["Filthy Transfusion",232,362,492,714,886],["Relational Normalization Gizmo",232,356,491,685,864],["Synaptic Spark Capacitor",162,290,470,615,844],["Sylvanas' Resolve / Anduin's Dedication",218,331,501,680,861],["Swirling Sands",201,336,478,616,816],["Laser Matrix",335,476,653,865,1070],["Tradewinds",144,265,390,554,722],["Ricocheting Inflatable Pyrosaw",78,225,354,479,661],["Barrage Of Many Bombs",158,277,439,606,810],["Blur of Talons",249,401,567,747,958],["Up Close And Personal",113,235,378,525,717],["Serrated Jaws",151,282,427,572,753],["Glory in Battle / Liberator's Might",153,264,391,554,733],["Latent Poison",319,428,616,818,1044],["Venomous Fangs",139,268,416,607,799],["Combined Might / Stronger Together",18,149,261,394,566],["Meticulous Scheming",83,205,323,442,615],["Wilderness Survival",391,519,649,807,1013],["Retaliatory Fury / Last Gift",66,186,311,458,603],["Wildfire Cluster",110,192,335,499,674],["Incite the Pack",137,244,376,532,684],["Collective Will / Stand As One",72,158,302,453,639],["Battlefield Focus / Battlefield Precision",14,121,259,380,542],["Overwhelming Power",110,255,350,520,684],["Ruinous Bolt",138,255,413,588,734],["Unstable Catalyst",223,360,538,707,915],["Blood Siphon",95,207,353,495,655],["Champion of Azeroth",224,373,533,669,856],["Blightborne Infusion",251,372,489,677,847],["Earthlink",69,194,332,484,635],["Rezan's Fury",253,404,556,766,973],["Elemental Whirl",59,186,311,435,609]],"metas":{"build_date":"Aug 17 2018","build_time":"14:03:13","git_revision":"f3206853b5","options":{"debug":false,"max_time":300.0,"expected_iteration_time":274.30400000000003,"vary_combat_length":0.2,"iterations":621,"target_error":0.2,"threads":32,"seed":3258129600173141985,"single_actor_batch":false,"queue_lag":0.005,"queue_lag_stddev":0.001,"gcd_lag":0.15,"gcd_lag_stddev":0.037,"channel_lag":0.25,"channel_lag_stddev":0.062,"queue_gcd_reduction":0.1,"strict_gcd_queue":0,"confidence":0.95,"confidence_estimator":1.9599639854089754,"world_lag":0.1,"world_lag_stddev":0.01,"travel_variance":0.0,"default_skill":1.0,"reaction_time":0.5,"regen_periodicity":0.25,"ignite_sampling_delta":0.2,"fixed_time":true,"optimize_expressions":true,"optimal_raid":1,"log":0,"debug_each":0,"stat_cache":1,"max_aoe_enemies":20,"show_etmi":false,"tmi_window_global":0.0,"tmi_bin_size":0.5,"enemy_death_pct":0.0,"challenge_mode":false,"timewalk":-1,"pvp_crit":false,"rng":{"name":"sse2-sfmt"},"deterministic":0,"average_range":1,"average_gauss":0,"fight_style":"Patchwerk","default_aura_delay":0.03,"default_aura_delay_stddev":0.005,"dbc":{"bfa-BETA":{"build_level":26095,"wow_version":"8.0.1"},"version_used":"bfa-BETA"}},"overrides":{"arcane_intellect":1,"battle_shout":1,"power_word_fortitude":1,"chaos_brand":1,"mystic_touch":1,"mortal_wounds":1,"bleeding":1,"bloodlust":1,"bloodlust_percent":25,"bloodlust_time":0.5},"statistics":{"elapsed_cpu_seconds":7568.865024000002,"elapsed_time_seconds":8.101152,"init_time_seconds":2.7376698660000027,"merge_time_seconds":0.005367401000000001,"analyze_time_seconds":0.11529253100000003,"simulation_length":{"sum":176154.15099999998,"count":589,"mean":299.07326146010183,"min":240.037,"max":359.688,"median":298.803,"variance":1185.0000272661036,"std_dev":34.42382935215232,"mean_variance":2.011884596377086,"mean_std_dev":1.4184091780502148},"raid_dps":{"sum":6267879.476057227,"count":589,"mean":10641.561079893425},"total_dmg":{"sum":1872014285.2490115,"count":589,"mean":3178292.5046672523},"total_iterations":119556,"total_actors":206,"total_iterations_mean":580.3689320388349,"total_iterations_variance":394291.9611650485,"total_iterations_stddev":627.9267163969442,"total_mean_dps_stddev":11.314969271053243,"total_mean_dps_variance":128.02852960487917},"player":{"name":"Template","race":"lightforged_draenei","level":120,"role":"attack","specialization":"Survival Hunter","profile_source":"default","talents":[{"tier":1,"id":22275,"spell_id":268501,"name":"Viper's Venom"},{"tier":2,"id":21997,"spell_id":264332,"name":"Guerrilla Tactics"},{"tier":4,"id":22277,"spell_id":260248,"name":"Bloodseeker"},{"tier":6,"id":22278,"spell_id":259387,"name":"Mongoose Bite"},{"tier":7,"id":22272,"spell_id":260331,"name":"Birds of Prey"}],"party":0,"ready_type":0,"bugs":true,"scale_player":true,"potion_used":false,"timeofday":"DAY_TIME","invert_scaling":0,"reaction_offset":0.1,"reaction_max":1.4000000000000001,"reaction_mean":0.3,"reaction_stddev":0.06,"reaction_nu":0.25,"world_lag":0.1,"brain_lag":0.0,"brain_lag_stddev":0.0,"world_lag_override":false,"world_lag_stddev_override":false,"dbc":{"bfa-BETA":{"build_level":26095,"wow_version":"8.0.1"},"version_used":"bfa-BETA"},"base_focus_regen_per_second":5.0,"collected_data":{"fight_length":{"sum":176154.151,"count":589,"mean":299.0732614601019,"min":240.037,"max":359.688},"waiting_time":{"sum":12539.8,"count":589,"mean":21.289983022071308,"min":7.1000000000000005,"max":39.2},"executed_foreground_actions":{"sum":146732.0,"count":589,"mean":249.12054329371816,"min":195.0,"max":306.0},"dmg":{"sum":1361826085.918338,"count":589,"mean":2312098.6178579596,"min":1815803.1621731557,"max":2877377.949736855},"compound_dmg":{"sum":1872014285.2490115,"count":589,"mean":3178292.5046672523,"min":2531378.194620737,"max":3912434.5054331417},"timeline_dmg":{"mean":10797.051549985397,"mean_std_dev":4165.667918653294,"min":4234.516079655842,"max":42881.18185749124,