{"results":[["Trait","325","340","355","370","385"],["Thunderous Blast",368,524,770,1012,1337],["Azerite Globules",201,336,569,793,1081],["Packed Ice",149,299,490,708,1024],["Tidal Surge",224,462,612,887,1168],["Dagger in the Back",344,541,775,1066,1354],["Unstable Flames",102,239,465,676,874],["Secrets of the Deep",287,498,749,967,1288],["Gutripper",58,217,429,647,890],["Blood Rite",167,306,492,719,950],["Tunnel of Ice",123,306,479,706,989],["Filthy Transfusion",214,389,593,800,1107],["Relational Normalization Gizmo",271,450,642,897,1168],["Synaptic Spark Capacitor",575,843,1118,1438,1769],["Sylvanas' Resolve / Anduin's Dedication",293,440,733,1018,1255],["Swirling Sands",317,533,737,987,1195],["Meticulous Scheming",190,378,567,793,1009],["Ricocheting Inflatable Pyrosaw",260,456,672,925,1238],["Laser Matrix",298,460,706,951,1255],["Tradewinds",188,375,568,767,1037],["Heed My Call",174,335,551,781,1012],["Collective Will / Stand As One",68,217,427,650,889],["Barrage Of Many Bombs",452,657,953,1198,1570],["Frigid Grasp",115,320,454,707,980],["Retaliatory Fury / Last Gift",74,264,449,663,874],["Earthlink",106,275,444,728,956],["Winter's Reach",34,216,421,694,960],["Whiteout",244,450,637,898,1159],["Incite the Pack",149,358,534,734,1013],["Combined Might / Stronger Together",9,150,336,557,816],["Battlefield Focus / Battlefield Precision",4,116,334,529,773],["Glory in Battle / Liberator's Might",129,275,464,674,928],["Ruinous Bolt",144,292,494,717,1005],["Unstable Catalyst",350,524,774,1066,1355],["Blood Siphon",63,193,401,581,842],["Overwhelming Power",-58,108,251,470,680],["Champion of Azeroth",316,517,769,978,1250],["Blightborne Infusion",396,587,778,1028,1245],["Elemental Whirl",81,246,412,618,861],["Glacial Assault",132,289,504,713,999],["Rezan's Fury",230,437,640,859,1208]],"metas":{"build_date":"Aug 18 2018","build_time":"19:28:46","git_revision":"4b57bdcdae","options":{"debug":false,"max_time":300.0,"expected_iteration_time":248.99800000000002,"vary_combat_length":0.2,"iterations":612,"target_error":0.2,"threads":32,"seed":17290720582071666308,"single_actor_batch":false,"queue_lag":0.005,"queue_lag_stddev":0.001,"gcd_lag":0.15,"gcd_lag_stddev":0.037,"channel_lag":0.25,"channel_lag_stddev":0.062,"queue_gcd_reduction":0.1,"strict_gcd_queue":0,"confidence":0.95,"confidence_estimator":1.9599639854089754,"world_lag":0.1,"world_lag_stddev":0.01,"travel_variance":0.0,"default_skill":1.0,"reaction_time":0.5,"regen_periodicity":0.25,"ignite_sampling_delta":0.2,"fixed_time":true,"optimize_expressions":true,"optimal_raid":1,"log":0,"debug_each":0,"stat_cache":1,"max_aoe_enemies":20,"show_etmi":false,"tmi_window_global":0.0,"tmi_bin_size":0.5,"enemy_death_pct":0.0,"challenge_mode":false,"timewalk":-1,"pvp_crit":false,"rng":{"name":"sse2-sfmt"},"deterministic":0,"average_range":1,"average_gauss":0,"fight_style":"Patchwerk","default_aura_delay":0.03,"default_aura_delay_stddev":0.005,"dbc":{"bfa-BETA":{"build_level":26095,"wow_version":"8.0.1"},"version_used":"bfa-BETA"}},"overrides":{"arcane_intellect":1,"battle_shout":1,"power_word_fortitude":1,"chaos_brand":1,"mystic_touch":1,"mortal_wounds":1,"bleeding":1,"bloodlust":1,"bloodlust_percent":25,"bloodlust_time":0.5},"statistics":{"elapsed_cpu_seconds":8573.796721000002,"elapsed_time_seconds":9.370220999999999,"init_time_seconds":2.8315354690000007,"merge_time_seconds":0.0064942140000000025,"analyze_time_seconds":0.131720323,"simulation_length":{"sum":173126.779,"count":580,"mean":298.49444655172414,"min":240.234,"max":359.696,"median":297.00100000000003,"variance":1191.3742679712814,"std_dev":34.51628989290827,"mean_variance":2.0540935654677264,"mean_std_dev":1.433210928463681},"raid_dps":{"sum":9418797.020118294,"count":580,"mean":16239.305207100508},"total_dmg":{"sum":2808037261.2590795,"count":580,"mean":4841443.553894965},"total_iterations":106669,"total_actors":201,"total_iterations_mean":530.6915422885572,"total_iterations_variance":370826.8756218906,"total_iterations_stddev":608.9555612866103,"total_mean_dps_stddev":17.172737723668554,"total_mean_dps_variance":294.90292092590903},"player":{"name":"Template","race":"pandaren","level":120,"role":"spell","specialization":"Frost Mage","profile_source":"default","talents":[{"tier":1,"id":22457,"spell_id":205027,"name":"Bone Chilling"},{"tier":3,"id":22444,"spell_id":1463,"name":"Incanter's Flow"},{"tier":4,"id":22469,"spell_id":257537,"name":"Ebonbolt"},{"tier":6,"id":22473,"spell_id":153595,"name":"Comet Storm"},{"tier":7,"id":21634,"spell_id":199786,"name":"Glacial Spike"}],"party":0,"ready_type":0,"bugs":true,"scale_player":true,"potion_used":false,"timeofday":"DAY_TIME","invert_scaling":0,"reaction_offset":0.1,"reaction_max":1.4000000000000001,"reaction_mean":0.3,"reaction_stddev":0.06,"reaction_nu":0.25,"world_lag":0.1,"brain_lag":0.0,"brain_lag_stddev":0.0,"world_lag_override":false,"world_lag_stddev_override":false,"dbc":{"bfa-BETA":{"build_level":26095,"wow_version":"8.0.1"},"version_used":"bfa-BETA"},"base_mana_regen_per_second":2000.0,"collected_data":{"fight_length":{"sum":173126.779,"count":580,"mean":298.49444655172414,"min":240.234,"max":359.696},"executed_foreground_actions":{"sum":115156.0,"count":580,"mean":198.5448275862069,"min":161.0,"max":238.0},"dmg":{"sum":2671252535.43114,"count":580,"mean":4605607.819708862,"min":3656197.3528846893,"max":5623826.136429811},"compound_dmg":{"sum":2808037261.2590795,"count":580,"mean":4841443.553894965,"min":3847487.6542469994,"max":5903150.189191714},"timeline_dmg":{"mean":16688.619178643366,"mean_std_dev":5952.846752371618,"min":2860.996572511159,"max":65927.03780157436,