{"results":[["Trait","325","340","355","370","385"],["Laser Matrix",381,545,708,946,1197],["Archive of the Titans",203,366,504,668,865],["Relational Normalization Gizmo",243,353,493,708,872],["Synaptic Spark Capacitor",205,326,470,654,891],["Sylvanas' Resolve / Anduin's Dedication",167,362,473,696,870],["Gutripper",113,224,356,517,701],["Swirling Sands",303,458,594,747,929],["Tradewinds",237,324,478,626,816],["Ricocheting Inflatable Pyrosaw",89,212,339,507,705],["Heed My Call",100,239,367,546,723],["Barrage Of Many Bombs",159,310,479,645,869],["Snake Eyes",212,352,480,641,880],["Tidal Surge",278,387,573,775,1006],["Collective Will / Stand As One",113,198,296,451,612],["Combined Might / Stronger Together",40,133,262,419,590],["Battlefield Focus / Battlefield Precision",272,424,611,797,1024],["Retaliatory Fury / Last Gift",88,206,355,526,710],["Glory in Battle / Liberator's Might",189,314,438,614,769],["Blood Rite",195,280,439,597,758],["Unstable Flames",83,205,344,508,648],["Meticulous Scheming",211,332,487,626,776],["Incite the Pack",197,316,461,608,781],["Unstable Catalyst",251,385,537,718,940],["Deadshot",297,464,663,876,1117],["Azerite Globules",90,210,326,445,660],["Storm of Steel",239,392,540,724,967],["Earthlink",69,213,319,451,663],["Dagger in the Back",370,491,695,863,1124],["Secrets of the Deep",226,343,528,684,896],["Blood Siphon",77,168,312,437,606],["Brigand's Blitz",200,352,458,650,780],["Ruinous Bolt",141,303,446,585,800],["Blightborne Infusion",335,470,652,791,962],["Overwhelming Power",62,168,340,443,631],["Rezan's Fury",289,470,604,772,1012],["Paradise Lost",166,301,449,621,794],["Thunderous Blast",391,544,760,995,1225],["Champion of Azeroth",366,449,608,796,939],["Filthy Transfusion",226,375,530,705,926],["Ace Up Your Sleeve",40,176,319,426,638],["Elemental Whirl",86,210,317,506,659]],"metas":{"build_date":"Aug 28 2018","build_time":"05:59:50","git_revision":"6deede5a59","options":{"debug":false,"max_time":300.0,"expected_iteration_time":324.47700000000003,"vary_combat_length":0.2,"iterations":2247,"target_error":0.2,"threads":32,"seed":15923501090207129715,"single_actor_batch":false,"queue_lag":0.005,"queue_lag_stddev":0.001,"gcd_lag":0.15,"gcd_lag_stddev":0.037,"channel_lag":0.25,"channel_lag_stddev":0.062,"queue_gcd_reduction":0.1,"strict_gcd_queue":0,"confidence":0.95,"confidence_estimator":1.9599639854089754,"world_lag":0.1,"world_lag_stddev":0.01,"travel_variance":0.0,"default_skill":1.0,"reaction_time":0.5,"regen_periodicity":0.25,"ignite_sampling_delta":0.2,"fixed_time":true,"optimize_expressions":true,"optimal_raid":1,"log":0,"debug_each":0,"stat_cache":1,"max_aoe_enemies":20,"show_etmi":false,"tmi_window_global":0.0,"tmi_bin_size":0.5,"enemy_death_pct":0.0,"challenge_mode":false,"timewalk":-1,"pvp_crit":false,"rng":{"name":"sse2-sfmt"},"deterministic":0,"average_range":1,"average_gauss":0,"fight_style":"Patchwerk","default_aura_delay":0.03,"default_aura_delay_stddev":0.005,"dbc":{"Live":{"build_level":27404,"wow_version":"8.0.1"},"version_used":"Live"}},"overrides":{"arcane_intellect":1,"battle_shout":1,"power_word_fortitude":1,"chaos_brand":1,"mystic_touch":1,"mortal_wounds":1,"bleeding":1,"bloodlust":1,"bloodlust_percent":25,"bloodlust_time":0.5},"statistics":{"elapsed_cpu_seconds":28754.927574000005,"elapsed_time_seconds":30.770708,"init_time_seconds":2.409203867000001,"merge_time_seconds":0.005532453,"analyze_time_seconds":0.40890515000000016,"simulation_length":{"sum":662912.496,"count":2215,"mean":299.2832939051919,"min":240.016,"max":359.997,"median":298.058,"variance":1227.4602412197148,"std_dev":35.03512867422803,"mean_variance":0.5541581224468238,"mean_std_dev":0.7444179756338665},"raid_dps":{"sum":31562069.230607595,"count":2215,"mean":14249.241187633226},"total_dmg":{"sum":9439622312.174583,"count":2215,"mean":4261680.502110422},"total_iterations":440415,"total_actors":206,"total_iterations_mean":2137.9368932038833,"total_iterations_variance":1747978.1796116517,"total_iterations_stddev":1322.1112584089328,"total_mean_dps_stddev":15.038863202809893,"total_mean_dps_variance":226.1674064328294},"player":{"name":"Template","race":"dwarf","level":120,"role":"attack","specialization":"Outlaw Rogue","profile_source":"default","talents":[{"tier":1,"id":22119,"spell_id":196938,"name":"Quick Draw"},{"tier":2,"id":19238,"spell_id":196922,"name":"Hit and Run"},{"tier":3,"id":19239,"spell_id":14983,"name":"Vigor"},{"tier":6,"id":23128,"spell_id":193539,"name":"Alacrity"},{"tier":7,"id":23175,"spell_id":51690,"name":"Killing Spree"}],"party":0,"ready_type":1,"bugs":true,"scale_player":true,"potion_used":false,"timeofday":"DAY_TIME","invert_scaling":0,"reaction_offset":0.1,"reaction_max":1.4000000000000001,"reaction_mean":0.3,"reaction_stddev":0.06,"reaction_nu":0.25,"world_lag":0.1,"brain_lag":0.0,"brain_lag_stddev":0.0,"world_lag_override":false,"world_lag_stddev_override":false,"dbc":{"Live":{"build_level":27404,"wow_version":"8.0.1"},"version_used":"Live"},"base_energy_regen_per_second":14.85,"collected_data":{"fight_length":{"sum":662912.4960000002,"count":2215,"mean":299.28329390519195,"min":240.016,"max":359.997},"waiting_time":{"sum":55956.808999999994,"count":2215,"mean":25.262667720090292,"min":7.122,"max":44.054},"executed_foreground_actions":{"sum":617008.0,"count":2215,"mean":278.5589164785553,"min":210.0,"max":351.0},"dmg":{"sum":9439622312.174583,"count":2215,"mean":4261680.502110422,"min":3065360.7315551783,"max":5639141.136577978},"compound_dmg":{"sum":9439622312.174583,"count":2215,"mean":4261680.502110422,"min":3065360.7315551783,"max":5639141.136577978},"timeline_dmg":{"mean":14208.06108009803,"mean_std_dev":2184.8418626416246,"min":6685.31820073805,"max":31550.673625619733,