{"results":[["Trait","325","340","355","370","385"],["Thunderous Blast",346,516,689,898,1144],["Night's Vengeance",315,455,630,847,1081],["Azerite Globules",151,275,446,628,817],["Tidal Surge",295,443,617,819,1057],["Dagger in the Back",388,546,725,967,1218],["Unstable Flames",102,231,357,520,704],["Secrets of the Deep",271,408,607,824,1036],["Gutripper",114,226,405,579,769],["Blood Rite",217,346,491,690,880],["Heed My Call",150,268,436,603,803],["Filthy Transfusion",231,367,537,722,923],["Relational Normalization Gizmo",296,429,596,795,998],["Synaptic Spark Capacitor",424,599,799,1050,1347],["Sylvanas' Resolve / Anduin's Dedication",240,412,585,783,996],["Swirling Sands",260,408,575,753,938],["Meticulous Scheming",223,364,506,683,881],["Ricocheting Inflatable Pyrosaw",205,356,513,685,881],["Laser Matrix",321,484,635,883,1130],["Tradewinds",255,391,544,754,940],["Collective Will / Stand As One",89,225,359,522,705],["Barrage Of Many Bombs",318,453,675,868,1096],["Sharpened Blades",32,130,308,421,585],["Blade In The Shadows",485,715,902,1135,1424],["Overwhelming Power",80,208,350,530,698],["Blightborne Infusion",289,450,617,762,983],["Perforate",17,108,269,426,589],["Champion of Azeroth",359,473,644,832,1040],["Incite the Pack",224,380,530,692,892],["The First Dance",198,342,481,651,845],["Inevitability",362,516,674,857,1066],["Combined Might / Stronger Together",62,189,329,499,694],["Battlefield Focus / Battlefield Precision",97,225,393,552,739],["Glory in Battle / Liberator's Might",173,317,474,650,839],["Ruinous Bolt",196,313,465,680,880],["Unstable Catalyst",283,454,635,826,1090],["Blood Siphon",95,220,386,508,721],["Earthlink",142,253,390,569,763],["Retaliatory Fury / Last Gift",127,269,438,578,777],["Rezan's Fury",274,407,587,786,1034],["Elemental Whirl",137,266,372,553,746]],"metas":{"build_date":"Aug 23 2018","build_time":"08:35:52","git_revision":"0f9699d9e7","options":{"debug":false,"max_time":300.0,"expected_iteration_time":349.00100000000003,"vary_combat_length":0.2,"iterations":1022,"target_error":0.2,"threads":32,"seed":1713180604286716916,"single_actor_batch":false,"queue_lag":0.005,"queue_lag_stddev":0.001,"gcd_lag":0.15,"gcd_lag_stddev":0.037,"channel_lag":0.25,"channel_lag_stddev":0.062,"queue_gcd_reduction":0.1,"strict_gcd_queue":0,"confidence":0.95,"confidence_estimator":1.9599639854089754,"world_lag":0.1,"world_lag_stddev":0.01,"travel_variance":0.0,"default_skill":1.0,"reaction_time":0.5,"regen_periodicity":0.25,"ignite_sampling_delta":0.2,"fixed_time":true,"optimize_expressions":true,"optimal_raid":1,"log":0,"debug_each":0,"stat_cache":1,"max_aoe_enemies":20,"show_etmi":false,"tmi_window_global":0.0,"tmi_bin_size":0.5,"enemy_death_pct":0.0,"challenge_mode":false,"timewalk":-1,"pvp_crit":false,"rng":{"name":"sse2-sfmt"},"deterministic":0,"average_range":1,"average_gauss":0,"fight_style":"Patchwerk","default_aura_delay":0.03,"default_aura_delay_stddev":0.005,"dbc":{"Live":{"build_level":27404,"wow_version":"8.0.1"},"version_used":"Live"}},"overrides":{"arcane_intellect":1,"battle_shout":1,"power_word_fortitude":1,"chaos_brand":1,"mystic_touch":1,"mortal_wounds":1,"bleeding":1,"bloodlust":1,"bloodlust_percent":25,"bloodlust_time":0.5},"statistics":{"elapsed_cpu_seconds":13215.460740999994,"elapsed_time_seconds":14.154658999999999,"init_time_seconds":2.9393619280000003,"merge_time_seconds":0.0059830709999999995,"analyze_time_seconds":0.178628418,"simulation_length":{"sum":297659.2810000001,"count":990,"mean":300.6659404040405,"min":240.041,"max":359.928,"median":300.443,"variance":1192.799280825741,"std_dev":34.536926337266046,"mean_variance":1.2048477584098396,"mean_std_dev":1.0976555736704658},"raid_dps":{"sum":11743381.048642483,"count":990,"mean":11862.001059234832},"total_dmg":{"sum":3525583548.9847975,"count":990,"mean":3561195.504025048},"total_iterations":184042,"total_actors":201,"total_iterations_mean":915.6318407960199,"total_iterations_variance":622252.7562189058,"total_iterations_stddev":788.8299919620868,"total_mean_dps_stddev":12.652396677016583,"total_mean_dps_variance":160.08314167258027},"player":{"name":"Template","race":"blood_elf","level":120,"role":"attack","specialization":"Subtlety Rogue","profile_source":"default","talents":[{"tier":1,"id":19234,"spell_id":91023,"name":"Find Weakness"},{"tier":2,"id":22333,"spell_id":108209,"name":"Shadow Focus"},{"tier":3,"id":19241,"spell_id":137619,"name":"Marked for Death"},{"tier":6,"id":22336,"spell_id":238104,"name":"Enveloping Shadows"},{"tier":7,"id":22132,"spell_id":196976,"name":"Master of Shadows"}],"party":0,"ready_type":1,"bugs":true,"scale_player":true,"potion_used":false,"timeofday":"DAY_TIME","invert_scaling":0,"reaction_offset":0.1,"reaction_max":1.4000000000000001,"reaction_mean":0.3,"reaction_stddev":0.06,"reaction_nu":0.25,"world_lag":0.1,"brain_lag":0.0,"brain_lag_stddev":0.0,"world_lag_override":false,"world_lag_stddev_override":false,"dbc":{"Live":{"build_level":27404,"wow_version":"8.0.1"},"version_used":"Live"},"base_energy_regen_per_second":10.0,"collected_data":{"fight_length":{"sum":297659.28099999996,"count":990,"mean":300.6659404040404,"min":240.041,"max":359.928},"waiting_time":{"sum":45035.98299999999,"count":990,"mean":45.49089191919191,"min":32.227000000000004,"max":58.886},"executed_foreground_actions":{"sum":285579.0,"count":990,"mean":288.46363636363634,"min":231.0,"max":347.0},"dmg":{"sum":3525583548.9847975,"count":990,"mean":3561195.504025048,"min":2707960.999004191,"max":4411768.3380352715},"compound_dmg":{"sum":3525583548.9847975,"count":990,"mean":3561195.504025048,"min":2707960.999004191,"max":4411768.3380352715},"timeline_dmg":{"mean":12110.912674442045,"mean_std_dev":4891.944743775143,"min":1973.114016668745,"max":30519.251397311535,