{"results":[["Trait","325","340","355","370","385"],["Laser Matrix",383,517,715,895,1143],["Archive of the Titans",221,366,520,641,824],["Relational Normalization Gizmo",299,438,580,721,930],["Synaptic Spark Capacitor",364,531,707,904,1145],["Swirling Sands",318,454,602,765,933],["Tradewinds",267,385,526,681,888],["Ricocheting Inflatable Pyrosaw",241,379,517,702,889],["Heed My Call",203,310,448,605,799],["Reckless Flurry",373,544,692,870,1139],["Barrage Of Many Bombs",385,523,737,899,1156],["Tidal Surge",237,381,558,734,929],["Collective Will / Stand As One",115,237,369,508,673],["Combined Might / Stronger Together",89,174,291,434,588],["Sylvanas' Resolve / Anduin's Dedication",237,388,524,661,877],["Trample the Weak",251,384,531,707,884],["Battlefield Focus / Battlefield Precision",136,237,405,546,717],["Gutripper",153,264,366,540,716],["Retaliatory Fury / Last Gift",164,256,401,530,704],["Glory in Battle / Liberator's Might",228,355,510,654,796],["Simmering Rage",390,502,634,766,976],["Meticulous Scheming",343,453,603,767,896],["Infinite Fury",255,368,504,677,832],["Blood Rite",283,346,502,643,807],["Unstable Flames",145,230,337,525,657],["Incite the Pack",246,390,497,638,811],["Unstable Catalyst",276,418,560,741,929],["Azerite Globules",187,290,432,592,785],["Bloodcraze",262,359,482,633,815],["Gathering Storm",24,113,228,381,549],["Earthlink",109,216,333,486,676],["Dagger in the Back",328,471,617,777,1023],["Secrets of the Deep",231,388,513,677,892],["Blood Siphon",112,228,346,484,639],["Ruinous Bolt",172,297,450,599,782],["Pulverizing Blows",272,409,549,734,903],["Thunderous Blast",434,592,784,983,1214],["Champion of Azeroth",384,508,672,798,1016],["Overwhelming Power",137,235,363,504,656],["Filthy Transfusion",304,457,606,805,1005],["Elemental Whirl",134,260,345,531,637],["Lifespeed",167,250,371,490,672],["Blightborne Infusion",351,476,606,763,945],["Rezan's Fury",339,461,605,802,1020]],"metas":{"build_date":"Aug 27 2018","build_time":"13:50:42","git_revision":"4aa7462e31","options":{"debug":false,"max_time":300.0,"expected_iteration_time":246.48000000000002,"vary_combat_length":0.2,"iterations":741,"target_error":0.2,"threads":32,"seed":2607531162816124725,"single_actor_batch":false,"queue_lag":0.005,"queue_lag_stddev":0.001,"gcd_lag":0.15,"gcd_lag_stddev":0.037,"channel_lag":0.25,"channel_lag_stddev":0.062,"queue_gcd_reduction":0.1,"strict_gcd_queue":0,"confidence":0.95,"confidence_estimator":1.9599639854089754,"world_lag":0.1,"world_lag_stddev":0.01,"travel_variance":0.0,"default_skill":1.0,"reaction_time":0.5,"regen_periodicity":0.25,"ignite_sampling_delta":0.2,"fixed_time":true,"optimize_expressions":true,"optimal_raid":1,"log":0,"debug_each":0,"stat_cache":1,"max_aoe_enemies":20,"show_etmi":false,"tmi_window_global":0.0,"tmi_bin_size":0.5,"enemy_death_pct":0.0,"challenge_mode":false,"timewalk":-1,"pvp_crit":false,"rng":{"name":"sse2-sfmt"},"deterministic":0,"average_range":1,"average_gauss":0,"fight_style":"Patchwerk","default_aura_delay":0.03,"default_aura_delay_stddev":0.005,"dbc":{"Live":{"build_level":27404,"wow_version":"8.0.1"},"version_used":"Live"}},"overrides":{"arcane_intellect":1,"battle_shout":1,"power_word_fortitude":1,"chaos_brand":1,"mystic_touch":1,"mortal_wounds":1,"bleeding":1,"bloodlust":1,"bloodlust_percent":25,"bloodlust_time":0.5},"statistics":{"elapsed_cpu_seconds":14035.832432000005,"elapsed_time_seconds":14.798094,"init_time_seconds":2.7107088320000003,"merge_time_seconds":0.0057135,"analyze_time_seconds":0.16141050300000012,"simulation_length":{"sum":212956.69200000004,"count":709,"mean":300.36204795486606,"min":240.189,"max":359.994,"median":299.378,"variance":1249.756802409548,"std_dev":35.35189955871605,"mean_variance":1.7627035294916051,"mean_std_dev":1.3276684561635126},"raid_dps":{"sum":8356348.996008362,"count":709,"mean":11786.105777162711},"total_dmg":{"sum":2507590966.081142,"count":709,"mean":3536799.6700721327},"total_iterations":152263,"total_actors":216,"total_iterations_mean":704.9212962962963,"total_iterations_variance":561057.6620370372,"total_iterations_stddev":749.037824169806,"total_mean_dps_stddev":12.556740567900183,"total_mean_dps_variance":157.67173368955022},"player":{"name":"Template","race":"human","level":120,"role":"attack","specialization":"Fury Warrior","profile_source":"default","talents":[{"tier":1,"id":22633,"spell_id":202296,"name":"Endless Rage"},{"tier":2,"id":19676,"spell_id":103827,"name":"Double Time"},{"tier":3,"id":22381,"spell_id":280721,"name":"Sudden Death"},{"tier":4,"id":22627,"spell_id":202163,"name":"Bounding Stride"},{"tier":5,"id":22383,"spell_id":202922,"name":"Carnage"},{"tier":6,"id":22398,"spell_id":118000,"name":"Dragon Roar"},{"tier":7,"id":16037,"spell_id":280772,"name":"Siegebreaker"}],"party":0,"ready_type":0,"bugs":true,"scale_player":true,"potion_used":false,"timeofday":"DAY_TIME","invert_scaling":0,"reaction_offset":0.1,"reaction_max":1.4000000000000001,"reaction_mean":0.3,"reaction_stddev":0.06,"reaction_nu":0.25,"world_lag":0.1,"brain_lag":0.0,"brain_lag_stddev":0.0,"world_lag_override":false,"world_lag_stddev_override":false,"dbc":{"Live":{"build_level":27404,"wow_version":"8.0.1"},"version_used":"Live"},"collected_data":{"fight_length":{"sum":212956.69200000004,"count":709,"mean":300.36204795486606,"min":240.189,"max":359.994},"executed_foreground_actions":{"sum":223116.0,"count":709,"mean":314.6911142454161,"min":250.0,"max":377.0},"dmg":{"sum":2507590966.081142,"count":709,"mean":3536799.6700721327,"min":2721492.5351350275,"max":4385551.179474478},"compound_dmg":{"sum":2507590966.081142,"count":709,"mean":3536799.6700721327,"min":2721492.5351350275,"max":4385551.179474478},"timeline_dmg":{"mean":12178.99787963939,"mean_std_dev":3076.3371485156526,"min":1326.6886974662154,"max":32572.332251546093,