{"results":[["Trait","325","340","355","370","385"],["Laser Matrix",397,572,700,945,1191],["Archive of the Titans",218,360,498,681,883],["Relational Normalization Gizmo",355,509,676,890,1059],["Synaptic Spark Capacitor",496,670,847,1116,1357],["Gutripper",143,278,448,593,792],["Sylvanas' Resolve / Anduin's Dedication",239,360,553,724,941],["Swirling Sands",318,492,623,801,982],["Tradewinds",390,547,683,868,1113],["Ricocheting Inflatable Pyrosaw",235,378,496,692,933],["Heed My Call",206,316,488,656,856],["Tidal Surge",247,423,575,744,983],["Collective Will / Stand As One",100,214,340,499,702],["Wracking Brilliance",389,559,709,936,1187],["Combined Might / Stronger Together",94,176,337,507,668],["Cascading Calamity",282,440,563,708,934],["Barrage Of Many Bombs",404,547,765,974,1249],["Battlefield Focus / Battlefield Precision",162,314,473,626,839],["Retaliatory Fury / Last Gift",262,330,476,652,822],["Glory in Battle / Liberator's Might",289,375,542,706,870],["Blood Rite",341,475,612,782,963],["Unstable Flames",115,229,384,488,683],["Meticulous Scheming",421,502,651,817,1064],["Incite the Pack",385,513,663,840,1029],["Unstable Catalyst",274,392,575,757,995],["Dreadful Calling",220,327,512,631,838],["Azerite Globules",130,260,411,574,768],["Dagger in the Back",364,529,693,930,1170],["Secrets of the Deep",228,398,550,749,956],["Blood Siphon",273,402,599,732,954],["Earthlink",130,221,365,527,707],["Ruinous Bolt",167,297,475,603,844],["Inevitable Demise",220,311,542,692,933],["Thunderous Blast",410,598,829,1010,1287],["Overwhelming Power",260,366,508,676,880],["Champion of Azeroth",493,593,766,963,1136],["Filthy Transfusion",279,413,575,760,955],["Deathbloom",7,119,247,382,571],["Elemental Whirl",184,276,434,544,734],["Rezan's Fury",290,417,586,822,1041],["Blightborne Infusion",404,531,670,877,1057],["Sudden Onset",423,553,691,854,1106]],"metas":{"build_date":"Aug 24 2018","build_time":"06:29:59","git_revision":"d11d257b76","options":{"debug":false,"max_time":300.0,"expected_iteration_time":271.96500000000003,"vary_combat_length":0.2,"iterations":996,"target_error":0.2,"threads":32,"seed":6099612243744724938,"single_actor_batch":false,"queue_lag":0.005,"queue_lag_stddev":0.001,"gcd_lag":0.15,"gcd_lag_stddev":0.037,"channel_lag":0.25,"channel_lag_stddev":0.062,"queue_gcd_reduction":0.1,"strict_gcd_queue":0,"confidence":0.95,"confidence_estimator":1.9599639854089754,"world_lag":0.1,"world_lag_stddev":0.01,"travel_variance":0.0,"default_skill":1.0,"reaction_time":0.5,"regen_periodicity":0.25,"ignite_sampling_delta":0.2,"fixed_time":true,"optimize_expressions":true,"optimal_raid":1,"log":0,"debug_each":0,"stat_cache":1,"max_aoe_enemies":20,"show_etmi":false,"tmi_window_global":0.0,"tmi_bin_size":0.5,"enemy_death_pct":0.0,"challenge_mode":false,"timewalk":-1,"pvp_crit":false,"rng":{"name":"sse2-sfmt"},"deterministic":0,"average_range":1,"average_gauss":0,"fight_style":"Patchwerk","default_aura_delay":0.03,"default_aura_delay_stddev":0.005,"dbc":{"Live":{"build_level":27404,"wow_version":"8.0.1"},"version_used":"Live"}},"overrides":{"arcane_intellect":1,"battle_shout":1,"power_word_fortitude":1,"chaos_brand":1,"mystic_touch":1,"mortal_wounds":1,"bleeding":1,"bloodlust":1,"bloodlust_percent":25,"bloodlust_time":0.5},"statistics":{"elapsed_cpu_seconds":19786.600449000023,"elapsed_time_seconds":21.038714999999996,"init_time_seconds":3.2748583610000006,"merge_time_seconds":0.007868049,"analyze_time_seconds":0.17265162900000008,"simulation_length":{"sum":290928.965,"count":964,"mean":301.7935321576764,"min":240.03900000000002,"max":359.98,"median":303.321,"variance":1202.5081474190904,"std_dev":34.67719924415884,"mean_variance":1.2474150906837038,"mean_std_dev":1.11687738390734},"raid_dps":{"sum":14535514.88057959,"count":964,"mean":15078.334938360571},"total_dmg":{"sum":4375633727.932592,"count":964,"mean":4539039.136859535},"total_iterations":186439,"total_actors":206,"total_iterations_mean":905.0436893203884,"total_iterations_variance":948230.6067961163,"total_iterations_stddev":973.7713318824478,"total_mean_dps_stddev":15.973659275050283,"total_mean_dps_variance":255.15779063539992},"player":{"name":"Template","race":"troll","level":120,"role":"spell","specialization":"Affliction Warlock","profile_source":"default","talents":[{"tier":1,"id":23141,"spell_id":264106,"name":"Deathbolt"},{"tier":2,"id":22089,"spell_id":63106,"name":"Siphon Life"},{"tier":4,"id":19292,"spell_id":205179,"name":"Phantom Singularity"},{"tier":6,"id":23159,"spell_id":48181,"name":"Haunt"},{"tier":7,"id":19293,"spell_id":113860,"name":"Dark Soul: Misery"}],"party":0,"ready_type":0,"bugs":true,"scale_player":true,"potion_used":false,"timeofday":"DAY_TIME","invert_scaling":0,"reaction_offset":0.1,"reaction_max":1.4000000000000001,"reaction_mean":0.3,"reaction_stddev":0.06,"reaction_nu":0.25,"world_lag":0.1,"brain_lag":0.0,"brain_lag_stddev":0.0,"world_lag_override":false,"world_lag_stddev_override":false,"dbc":{"Live":{"build_level":27404,"wow_version":"8.0.1"},"version_used":"Live"},"base_mana_regen_per_second":1000.0,"collected_data":{"fight_length":{"sum":290928.9650000001,"count":964,"mean":301.79353215767645,"min":240.03900000000002,"max":359.98},"executed_foreground_actions":{"sum":233751.0,"count":964,"mean":242.48029045643153,"min":193.0,"max":286.0},"dmg":{"sum":3591513222.179431,"count":964,"mean":3725636.1225927705,"min":2889120.6143890778,"max":4718984.287788089},"compound_dmg":{"sum":4375633727.932593,"count":964,"mean":4539039.136859537,"min":3584860.759326019,"max":5603392.123077265},"timeline_dmg":{"mean":14929.920386764992,"mean_std_dev":10505.82329385464,"min":0.0,"max":118832.90495117987,