{"results":[["Trait","325","340","355","370","385"],["Thunderous Blast",322,627,877,1160,1588],["Tidal Surge",235,428,725,1011,1350],["Azerite Globules",232,421,674,932,1303],["Secrets of the Deep",356,662,933,1239,1698],["Filthy Transfusion",231,426,686,985,1362],["Blood Rite",238,419,702,904,1235],["Relational Normalization Gizmo",374,601,823,1170,1526],["Synaptic Spark Capacitor",578,904,1180,1543,2062],["Gutripper",43,336,494,801,1094],["Sylvanas' Resolve / Anduin's Dedication",405,607,905,1210,1626],["Swirling Sands",701,903,1142,1531,1890],["Meticulous Scheming",288,525,783,1012,1376],["Ricocheting Inflatable Pyrosaw",295,577,851,1086,1488],["Laser Matrix",321,508,805,1137,1517],["Tradewinds",535,776,1018,1285,1668],["Heed My Call",188,387,639,886,1260],["Collective Will / Stand As One",113,331,588,863,1178],["Barrage Of Many Bombs",524,773,1096,1385,1793],["Dagger in the Back",433,652,915,1244,1677],["Unstable Flames",231,393,685,921,1253],["Shrouded Suffocation",586,933,1204,1649,2097],["Fan of Blades",273,527,789,1104,1384],["Twist the Knife",187,354,596,934,1244],["Scent of Blood",754,1105,1447,1809,2287],["Sharpened Blades",-131,85,367,629,1013],["Poisoned Wire",-26,163,398,618,886],["Double Dose",2,207,378,605,862],["Overwhelming Power",172,312,641,836,1164],["Unstable Catalyst",427,674,964,1256,1687],["Earthlink",92,322,533,855,1201],["Incite the Pack",493,723,1002,1288,1635],["Combined Might / Stronger Together",104,262,517,784,1053],["Battlefield Focus / Battlefield Precision",-31,195,406,660,913],["Retaliatory Fury / Last Gift",212,509,730,975,1313],["Glory in Battle / Liberator's Might",342,624,887,1090,1388],["Ruinous Bolt",126,301,605,850,1125],["Blood Siphon",177,373,578,892,1193],["Champion of Azeroth",623,877,1159,1473,1861],["Blightborne Infusion",756,1016,1276,1634,2016],["Rezan's Fury",245,480,737,1070,1421],["Elemental Whirl",179,367,654,907,1183]],"metas":{"build_date":"Aug 20 2018","build_time":"15:55:45","git_revision":"04f3f715c8","options":{"debug":false,"max_time":300.0,"expected_iteration_time":253.40800000000002,"vary_combat_length":0.2,"iterations":547,"target_error":0.2,"threads":32,"seed":9760429000212685782,"single_actor_batch":false,"queue_lag":0.005,"queue_lag_stddev":0.001,"gcd_lag":0.15,"gcd_lag_stddev":0.037,"channel_lag":0.25,"channel_lag_stddev":0.062,"queue_gcd_reduction":0.1,"strict_gcd_queue":0,"confidence":0.95,"confidence_estimator":1.9599639854089754,"world_lag":0.1,"world_lag_stddev":0.01,"travel_variance":0.0,"default_skill":1.0,"reaction_time":0.5,"regen_periodicity":0.25,"ignite_sampling_delta":0.2,"fixed_time":true,"optimize_expressions":true,"optimal_raid":1,"log":0,"debug_each":0,"stat_cache":1,"max_aoe_enemies":20,"show_etmi":false,"tmi_window_global":0.0,"tmi_bin_size":0.5,"enemy_death_pct":0.0,"challenge_mode":false,"timewalk":-1,"pvp_crit":false,"rng":{"name":"sse2-sfmt"},"deterministic":0,"average_range":1,"average_gauss":0,"fight_style":"Patchwerk","default_aura_delay":0.03,"default_aura_delay_stddev":0.005,"dbc":{"bfa-BETA":{"build_level":26095,"wow_version":"8.0.1"},"version_used":"bfa-BETA"}},"overrides":{"arcane_intellect":1,"battle_shout":1,"power_word_fortitude":1,"chaos_brand":1,"mystic_touch":1,"mortal_wounds":1,"bleeding":1,"bloodlust":1,"bloodlust_percent":25,"bloodlust_time":0.5},"statistics":{"elapsed_cpu_seconds":15752.440492,"elapsed_time_seconds":16.860530999999998,"init_time_seconds":3.132241627999999,"merge_time_seconds":0.007112083999999999,"analyze_time_seconds":0.10274148199999998,"simulation_length":{"sum":154374.114,"count":515,"mean":299.75556116504856,"min":240.175,"max":359.982,"median":299.339,"variance":1191.020525104511,"std_dev":34.511165223801285,"mean_variance":2.312661213795167,"mean_std_dev":1.5207436384200879},"raid_dps":{"sum":12758004.182004413,"count":515,"mean":24772.823654377502},"total_dmg":{"sum":3822287734.283103,"count":515,"mean":7421917.930646802},"total_iterations":93703,"total_actors":206,"total_iterations_mean":454.86893203883494,"total_iterations_variance":470743.4611650484,"total_iterations_stddev":686.1074705649607,"total_mean_dps_stddev":26.08552231861102,"total_mean_dps_variance":680.4544746347536},"player":{"name":"Template","race":"troll","level":120,"role":"attack","specialization":"Assassination Rogue","profile_source":"default","talents":[{"tier":1,"id":22338,"spell_id":193640,"name":"Elaborate Planning"},{"tier":2,"id":22332,"spell_id":108208,"name":"Subterfuge"},{"tier":3,"id":19239,"spell_id":14983,"name":"Vigor"},{"tier":6,"id":23015,"spell_id":245388,"name":"Toxic Blade"},{"tier":7,"id":21186,"spell_id":255544,"name":"Poison Bomb"}],"party":0,"ready_type":1,"bugs":true,"scale_player":true,"potion_used":false,"timeofday":"DAY_TIME","invert_scaling":0,"reaction_offset":0.1,"reaction_max":1.4000000000000001,"reaction_mean":0.3,"reaction_stddev":0.06,"reaction_nu":0.25,"world_lag":0.1,"brain_lag":0.0,"brain_lag_stddev":0.0,"world_lag_override":false,"world_lag_stddev_override":false,"dbc":{"bfa-BETA":{"build_level":26095,"wow_version":"8.0.1"},"version_used":"bfa-BETA"},"base_energy_regen_per_second":11.0,"collected_data":{"fight_length":{"sum":154374.114,"count":515,"mean":299.75556116504856,"min":240.175,"max":359.982},"executed_foreground_actions":{"sum":159597.0,"count":515,"mean":309.8970873786408,"min":248.0,"max":371.0},"dmg":{"sum":3822287734.283103,"count":515,"mean":7421917.930646802,"min":5695523.02548323,"max":9079505.743504884},"compound_dmg":{"sum":3822287734.283103,"count":515,"mean":7421917.930646802,"min":5695523.02548323,"max":9079505.743504884},"timeline_dmg":{"mean":25812.581846053858,"mean_std_dev":5615.325738570405,"min":3601.1412640346216,"max":50486.49617948857,