{"results":[["Trait","325","340","355","370","385"],["Thunderous Blast",449,675,918,1262,1616],["Dagger in the Back",468,687,968,1272,1604],["Unstable Flames",153,363,551,785,1044],["Secrets of the Deep",400,579,888,1161,1507],["Gutripper",120,275,503,733,1037],["Blood Rite",172,392,578,802,1076],["Heed My Call",200,411,631,902,1228],["Tidal Surge",281,501,725,1029,1351],["Filthy Transfusion",269,467,748,984,1342],["Relational Normalization Gizmo",317,540,762,1010,1323],["Synaptic Spark Capacitor",544,787,1070,1429,1825],["Sylvanas' Resolve / Anduin's Dedication",392,566,823,1141,1440],["Swirling Sands",409,614,837,1119,1443],["Meticulous Scheming",200,386,597,847,1128],["Ricocheting Inflatable Pyrosaw",314,456,716,993,1335],["Laser Matrix",411,632,886,1205,1561],["Tradewinds",325,538,728,961,1288],["Collective Will / Stand As One",127,304,539,772,1076],["Barrage Of Many Bombs",543,782,1065,1412,1742],["Snake Eyes",116,325,552,784,1060],["Overwhelming Power",95,254,457,696,965],["Paradise Lost",411,610,876,1190,1570],["Brigand's Blitz",180,349,597,833,1094],["Azerite Globules",204,429,679,954,1283],["Ace Up Your Sleeve",-3,183,437,663,947],["Deadshot",485,706,1053,1418,1814],["Incite the Pack",328,529,703,969,1300],["Combined Might / Stronger Together",81,250,437,686,921],["Storm of Steel",401,634,915,1168,1581],["Battlefield Focus / Battlefield Precision",15,199,411,639,875],["Retaliatory Fury / Last Gift",196,378,570,810,1101],["Glory in Battle / Liberator's Might",203,417,622,893,1167],["Ruinous Bolt",136,384,572,871,1150],["Unstable Catalyst",396,591,893,1205,1556],["Blood Siphon",100,269,457,758,962],["Champion of Azeroth",426,603,906,1139,1436],["Blightborne Infusion",470,662,906,1179,1477],["Earthlink",119,342,534,825,1094],["Rezan's Fury",329,566,788,1088,1402],["Elemental Whirl",121,319,508,736,1023]],"metas":{"build_date":"Aug 18 2018","build_time":"08:59:09","git_revision":"7948886e6d","options":{"debug":false,"max_time":300.0,"expected_iteration_time":332.26800000000003,"vary_combat_length":0.2,"iterations":2352,"target_error":0.2,"threads":32,"seed":9253951331822996047,"single_actor_batch":false,"queue_lag":0.005,"queue_lag_stddev":0.001,"gcd_lag":0.15,"gcd_lag_stddev":0.037,"channel_lag":0.25,"channel_lag_stddev":0.062,"queue_gcd_reduction":0.1,"strict_gcd_queue":0,"confidence":0.95,"confidence_estimator":1.9599639854089754,"world_lag":0.1,"world_lag_stddev":0.01,"travel_variance":0.0,"default_skill":1.0,"reaction_time":0.5,"regen_periodicity":0.25,"ignite_sampling_delta":0.2,"fixed_time":true,"optimize_expressions":true,"optimal_raid":1,"log":0,"debug_each":0,"stat_cache":1,"max_aoe_enemies":20,"show_etmi":false,"tmi_window_global":0.0,"tmi_bin_size":0.5,"enemy_death_pct":0.0,"challenge_mode":false,"timewalk":-1,"pvp_crit":false,"rng":{"name":"sse2-sfmt"},"deterministic":0,"average_range":1,"average_gauss":0,"fight_style":"Patchwerk","default_aura_delay":0.03,"default_aura_delay_stddev":0.005,"dbc":{"bfa-BETA":{"build_level":26095,"wow_version":"8.0.1"},"version_used":"bfa-BETA"}},"overrides":{"arcane_intellect":1,"battle_shout":1,"power_word_fortitude":1,"chaos_brand":1,"mystic_touch":1,"mortal_wounds":1,"bleeding":1,"bloodlust":1,"bloodlust_percent":25,"bloodlust_time":0.5},"statistics":{"elapsed_cpu_seconds":52917.61595500002,"elapsed_time_seconds":56.321524000000004,"init_time_seconds":2.7823976459999997,"merge_time_seconds":0.007546926,"analyze_time_seconds":0.39771436199999993,"simulation_length":{"sum":697582.2810000003,"count":2320,"mean":300.6820176724139,"min":240.02100000000002,"max":359.961,"median":300.972,"variance":1206.381204909602,"std_dev":34.732998789473996,"mean_variance":0.5199918986679319,"mean_std_dev":0.7211046378078094},"raid_dps":{"sum":40220203.93882649,"count":2320,"mean":17336.29480121831},"total_dmg":{"sum":12088131493.679445,"count":2320,"mean":5210401.505896312},"total_iterations":445486,"total_actors":201,"total_iterations_mean":2216.3482587064677,"total_iterations_variance":2329897.6218905477,"total_iterations_stddev":1526.4002168142363,"total_mean_dps_stddev":18.444173247535097,"total_mean_dps_variance":340.1875267850894},"player":{"name":"Template","race":"dwarf","level":120,"role":"attack","specialization":"Outlaw Rogue","profile_source":"default","talents":[{"tier":1,"id":22119,"spell_id":196938,"name":"Quick Draw"},{"tier":2,"id":19238,"spell_id":196922,"name":"Hit and Run"},{"tier":3,"id":19239,"spell_id":14983,"name":"Vigor"},{"tier":6,"id":23128,"spell_id":193539,"name":"Alacrity"},{"tier":7,"id":23075,"spell_id":271877,"name":"Blade Rush"}],"party":0,"ready_type":1,"bugs":true,"scale_player":true,"potion_used":false,"timeofday":"DAY_TIME","invert_scaling":0,"reaction_offset":0.1,"reaction_max":1.4000000000000001,"reaction_mean":0.3,"reaction_stddev":0.06,"reaction_nu":0.25,"world_lag":0.1,"brain_lag":0.0,"brain_lag_stddev":0.0,"world_lag_override":false,"world_lag_stddev_override":false,"dbc":{"bfa-BETA":{"build_level":26095,"wow_version":"8.0.1"},"version_used":"bfa-BETA"},"base_energy_regen_per_second":14.85,"collected_data":{"fight_length":{"sum":697582.2809999998,"count":2320,"mean":300.68201767241374,"min":240.02100000000002,"max":359.961},"waiting_time":{"sum":41098.59999999999,"count":2320,"mean":17.714913793103445,"min":2.25,"max":33.351},"executed_foreground_actions":{"sum":710288.0,"count":2320,"mean":306.15862068965515,"min":232.0,"max":383.0},"dmg":{"sum":12088131493.679445,"count":2320,"mean":5210401.505896312,"min":3613847.768929948,"max":6882487.42670788},"compound_dmg":{"sum":12088131493.679445,"count":2320,"mean":5210401.505896312,"min":3613847.768929948,"max":6882487.42670788},"timeline_dmg":{"mean":17221.270115595158,"mean_std_dev":11525.977510253399,"min":4575.831554067315,"max":67474.06561461733,