{"results":[["Trait","325","340","355","370","385"],["Thunderous Blast",372,572,827,1105,1457],["Dagger in the Back",384,615,810,1126,1430],["Unstable Flames",111,314,501,715,965],["Secrets of the Deep",312,485,717,988,1313],["Gutripper",67,251,423,681,961],["Blood Rite",213,416,535,803,1052],["Heed My Call",152,358,529,790,1124],["Tidal Surge",251,439,662,943,1211],["Filthy Transfusion",223,417,635,853,1146],["Relational Normalization Gizmo",276,496,736,990,1252],["Synaptic Spark Capacitor",564,865,1101,1451,1807],["Sylvanas' Resolve / Anduin's Dedication",280,482,701,1000,1290],["Swirling Sands",407,670,844,1075,1330],["Meticulous Scheming",254,382,645,871,1097],["Ricocheting Inflatable Pyrosaw",360,539,766,1050,1385],["Laser Matrix",323,551,796,1072,1410],["Tradewinds",284,503,691,895,1155],["Collective Will / Stand As One",80,215,454,677,926],["Barrage Of Many Bombs",526,781,1064,1390,1727],["Snake Eyes",34,251,442,679,877],["Overwhelming Power",96,257,397,647,913],["Paradise Lost",314,520,719,1044,1366],["Brigand's Blitz",221,423,642,830,1133],["Azerite Globules",219,423,621,921,1167],["Ace Up Your Sleeve",22,240,381,648,890],["Deadshot",390,649,912,1218,1586],["Incite the Pack",252,441,673,889,1119],["Combined Might / Stronger Together",55,172,379,595,879],["Storm of Steel",329,526,722,1050,1354],["Battlefield Focus / Battlefield Precision",-26,179,324,556,783],["Retaliatory Fury / Last Gift",132,301,477,713,1001],["Glory in Battle / Liberator's Might",250,403,626,886,1119],["Ruinous Bolt",151,264,512,733,1021],["Unstable Catalyst",340,530,777,1036,1324],["Blood Siphon",52,220,433,631,869],["Champion of Azeroth",454,603,865,1139,1381],["Blightborne Infusion",433,676,910,1130,1438],["Earthlink",86,262,439,694,916],["Rezan's Fury",281,495,708,934,1293],["Elemental Whirl",85,284,466,660,927]],"metas":{"build_date":"Aug 17 2018","build_time":"18:41:44","git_revision":"d045f58118","options":{"debug":false,"max_time":300.0,"expected_iteration_time":253.80100000000002,"vary_combat_length":0.2,"iterations":2457,"target_error":0.2,"threads":32,"seed":12130238519183630128,"single_actor_batch":false,"queue_lag":0.005,"queue_lag_stddev":0.001,"gcd_lag":0.15,"gcd_lag_stddev":0.037,"channel_lag":0.25,"channel_lag_stddev":0.062,"queue_gcd_reduction":0.1,"strict_gcd_queue":0,"confidence":0.95,"confidence_estimator":1.9599639854089754,"world_lag":0.1,"world_lag_stddev":0.01,"travel_variance":0.0,"default_skill":1.0,"reaction_time":0.5,"regen_periodicity":0.25,"ignite_sampling_delta":0.2,"fixed_time":true,"optimize_expressions":true,"optimal_raid":1,"log":0,"debug_each":0,"stat_cache":1,"max_aoe_enemies":20,"show_etmi":false,"tmi_window_global":0.0,"tmi_bin_size":0.5,"enemy_death_pct":0.0,"challenge_mode":false,"timewalk":-1,"pvp_crit":false,"rng":{"name":"sse2-sfmt"},"deterministic":0,"average_range":1,"average_gauss":0,"fight_style":"Patchwerk","default_aura_delay":0.03,"default_aura_delay_stddev":0.005,"dbc":{"bfa-BETA":{"build_level":26095,"wow_version":"8.0.1"},"version_used":"bfa-BETA"}},"overrides":{"arcane_intellect":1,"battle_shout":1,"power_word_fortitude":1,"chaos_brand":1,"mystic_touch":1,"mortal_wounds":1,"bleeding":1,"bloodlust":1,"bloodlust_percent":25,"bloodlust_time":0.5},"statistics":{"elapsed_cpu_seconds":37172.54171600003,"elapsed_time_seconds":39.629579,"init_time_seconds":2.4685203380000025,"merge_time_seconds":0.007165097000000002,"analyze_time_seconds":0.46010505900000004,"simulation_length":{"sum":725796.5180000003,"count":2425,"mean":299.2975331958764,"min":240.072,"max":359.784,"median":299.321,"variance":1180.2917349350837,"std_dev":34.3553741783594,"mean_variance":0.4867182412103438,"mean_std_dev":0.6976519484745555},"raid_dps":{"sum":50790870.45285687,"count":2425,"mean":20944.688846538917},"total_dmg":{"sum":15180934583.769516,"count":2425,"mean":6260179.209801862},"total_iterations":451017,"total_actors":201,"total_iterations_mean":2243.865671641791,"total_iterations_variance":1953115.3731343283,"total_iterations_stddev":1397.539041720956,"total_mean_dps_stddev":22.059837205933604,"total_mean_dps_variance":486.6364175522925},"player":{"name":"Template","race":"dwarf","level":120,"role":"attack","specialization":"Outlaw Rogue","profile_source":"default","talents":[{"tier":1,"id":22119,"spell_id":196938,"name":"Quick Draw"},{"tier":2,"id":19238,"spell_id":196922,"name":"Hit and Run"},{"tier":3,"id":19239,"spell_id":14983,"name":"Vigor"},{"tier":6,"id":23128,"spell_id":193539,"name":"Alacrity"},{"tier":7,"id":23175,"spell_id":51690,"name":"Killing Spree"}],"party":0,"ready_type":1,"bugs":true,"scale_player":true,"potion_used":false,"timeofday":"DAY_TIME","invert_scaling":0,"reaction_offset":0.1,"reaction_max":1.4000000000000001,"reaction_mean":0.3,"reaction_stddev":0.06,"reaction_nu":0.25,"world_lag":0.1,"brain_lag":0.0,"brain_lag_stddev":0.0,"world_lag_override":false,"world_lag_stddev_override":false,"dbc":{"bfa-BETA":{"build_level":26095,"wow_version":"8.0.1"},"version_used":"bfa-BETA"},"base_energy_regen_per_second":14.85,"collected_data":{"fight_length":{"sum":725796.5179999999,"count":2425,"mean":299.29753319587627,"min":240.072,"max":359.784},"waiting_time":{"sum":53401.691999999995,"count":2425,"mean":22.021316288659794,"min":7.212,"max":40.052},"executed_foreground_actions":{"sum":684989.0,"count":2425,"mean":282.4696907216495,"min":213.0,"max":359.0},"dmg":{"sum":15180934583.769516,"count":2425,"mean":6260179.209801862,"min":4580420.304182118,"max":8534433.0077815},"compound_dmg":{"sum":15180934583.769516,"count":2425,"mean":6260179.209801862,"min":4580420.304182118,"max":8534433.0077815},"timeline_dmg":{"mean":20762.745016974088,"mean_std_dev":9037.56189722419,"min":5686.645313374895,"max":58355.18128897231,