{"results":[["Trait","325","340","355","370","385"],["Thunderous Blast",347,581,789,1033,1402],["Night's Vengeance",238,350,589,845,1099],["Azerite Globules",174,338,492,769,1020],["Tidal Surge",299,494,678,955,1219],["Dagger in the Back",376,578,774,1065,1407],["Unstable Flames",143,267,512,695,907],["Secrets of the Deep",333,496,784,1023,1269],["Gutripper",161,282,468,683,884],["Blood Rite",174,308,511,733,940],["Heed My Call",181,355,524,760,1038],["Filthy Transfusion",225,413,614,820,1115],["Relational Normalization Gizmo",308,421,645,865,1116],["Synaptic Spark Capacitor",551,800,1051,1366,1697],["Sylvanas' Resolve / Anduin's Dedication",351,506,718,949,1265],["Swirling Sands",377,572,783,1016,1210],["Meticulous Scheming",159,295,446,671,907],["Ricocheting Inflatable Pyrosaw",254,451,646,851,1161],["Laser Matrix",321,551,786,1045,1343],["Tradewinds",474,666,860,1085,1314],["Collective Will / Stand As One",103,274,437,643,916],["Barrage Of Many Bombs",469,647,906,1172,1503],["Sharpened Blades",-8,184,354,513,790],["Blade In The Shadows",258,396,604,805,1071],["Overwhelming Power",109,276,455,619,904],["Blightborne Infusion",463,623,822,1097,1337],["Perforate",60,256,435,644,855],["Champion of Azeroth",472,643,905,1096,1361],["Incite the Pack",446,624,777,1037,1301],["The First Dance",380,563,751,1042,1271],["Inevitability",202,331,529,779,1005],["Combined Might / Stronger Together",43,214,386,609,795],["Battlefield Focus / Battlefield Precision",14,227,369,542,823],["Glory in Battle / Liberator's Might",253,400,584,816,1048],["Ruinous Bolt",187,375,544,794,1072],["Unstable Catalyst",323,556,754,1009,1305],["Blood Siphon",173,324,516,718,962],["Earthlink",138,314,492,733,953],["Retaliatory Fury / Last Gift",287,390,601,810,1023],["Rezan's Fury",274,456,659,925,1178],["Elemental Whirl",182,325,480,701,949]],"metas":{"build_date":"Aug 19 2018","build_time":"01:32:03","git_revision":"08c89b7e98","options":{"debug":false,"max_time":300.0,"expected_iteration_time":313.11400000000003,"vary_combat_length":0.2,"iterations":763,"target_error":0.2,"threads":32,"seed":832506289057265452,"single_actor_batch":false,"queue_lag":0.005,"queue_lag_stddev":0.001,"gcd_lag":0.15,"gcd_lag_stddev":0.037,"channel_lag":0.25,"channel_lag_stddev":0.062,"queue_gcd_reduction":0.1,"strict_gcd_queue":0,"confidence":0.95,"confidence_estimator":1.9599639854089754,"world_lag":0.1,"world_lag_stddev":0.01,"travel_variance":0.0,"default_skill":1.0,"reaction_time":0.5,"regen_periodicity":0.25,"ignite_sampling_delta":0.2,"fixed_time":true,"optimize_expressions":true,"optimal_raid":1,"log":0,"debug_each":0,"stat_cache":1,"max_aoe_enemies":20,"show_etmi":false,"tmi_window_global":0.0,"tmi_bin_size":0.5,"enemy_death_pct":0.0,"challenge_mode":false,"timewalk":-1,"pvp_crit":false,"rng":{"name":"sse2-sfmt"},"deterministic":0,"average_range":1,"average_gauss":0,"fight_style":"Patchwerk","default_aura_delay":0.03,"default_aura_delay_stddev":0.005,"dbc":{"bfa-BETA":{"build_level":26095,"wow_version":"8.0.1"},"version_used":"bfa-BETA"}},"overrides":{"arcane_intellect":1,"battle_shout":1,"power_word_fortitude":1,"chaos_brand":1,"mystic_touch":1,"mortal_wounds":1,"bleeding":1,"bloodlust":1,"bloodlust_percent":25,"bloodlust_time":0.5},"statistics":{"elapsed_cpu_seconds":14813.678257999998,"elapsed_time_seconds":15.854604,"init_time_seconds":2.952021008999999,"merge_time_seconds":0.007683188,"analyze_time_seconds":0.13221907200000005,"simulation_length":{"sum":219579.76200000005,"count":731,"mean":300.3827113543092,"min":240.25900000000001,"max":359.984,"median":301.746,"variance":1140.0747764652474,"std_dev":33.764993357992054,"mean_variance":1.5596098173259199,"mean_std_dev":1.2488433918333874},"raid_dps":{"sum":14178730.746130118,"count":731,"mean":19396.348489918084},"total_dmg":{"sum":4256656726.580257,"count":731,"mean":5823059.817483252},"total_iterations":134424,"total_actors":201,"total_iterations_mean":668.776119402985,"total_iterations_variance":410094.9253731344,"total_iterations_stddev":640.3865437164762,"total_mean_dps_stddev":20.44372867775571,"total_mean_dps_variance":417.9460422496913},"player":{"name":"Template","race":"night_elf","level":120,"role":"attack","specialization":"Subtlety Rogue","profile_source":"default","talents":[{"tier":1,"id":19234,"spell_id":91023,"name":"Find Weakness"},{"tier":2,"id":22333,"spell_id":108209,"name":"Shadow Focus"},{"tier":3,"id":19241,"spell_id":137619,"name":"Marked for Death"},{"tier":6,"id":22336,"spell_id":238104,"name":"Enveloping Shadows"},{"tier":7,"id":22132,"spell_id":196976,"name":"Master of Shadows"}],"party":0,"ready_type":1,"bugs":true,"scale_player":true,"potion_used":false,"timeofday":"DAY_TIME","invert_scaling":0,"reaction_offset":0.1,"reaction_max":1.4000000000000001,"reaction_mean":0.3,"reaction_stddev":0.06,"reaction_nu":0.25,"world_lag":0.1,"brain_lag":0.0,"brain_lag_stddev":0.0,"world_lag_override":false,"world_lag_stddev_override":false,"dbc":{"bfa-BETA":{"build_level":26095,"wow_version":"8.0.1"},"version_used":"bfa-BETA"},"base_energy_regen_per_second":10.0,"collected_data":{"fight_length":{"sum":219579.76199999996,"count":731,"mean":300.3827113543091,"min":240.25900000000001,"max":359.984},"waiting_time":{"sum":23999.406000000003,"count":731,"mean":32.83092476060192,"min":22.319,"max":44.418},"executed_foreground_actions":{"sum":249584.0,"count":731,"mean":341.4281805745554,"min":270.0,"max":411.0},"dmg":{"sum":4256656726.580257,"count":731,"mean":5823059.817483252,"min":4376137.142529076,"max":7276590.70288428},"compound_dmg":{"sum":4256656726.580257,"count":731,"mean":5823059.817483252,"min":4376137.142529076,"max":7276590.70288428},"timeline_dmg":{"mean":20024.83651215218,"mean_std_dev":9193.645182420803,"min":2796.225557862587,"max":42374.93917471333,