{"results":[["Trait","325","340","355","370","385"],["Laser Matrix",277,438,615,852,1100],["Archive of the Titans",220,398,573,784,997],["Relational Normalization Gizmo",281,473,604,822,1055],["Synaptic Spark Capacitor",392,566,805,1018,1281],["Gutripper",95,217,359,520,750],["Sylvanas' Resolve / Anduin's Dedication",243,417,582,822,1036],["Feeding Frenzy",153,328,445,610,834],["Swirling Sands",301,416,585,760,995],["Tradewinds",267,393,570,762,985],["Ricocheting Inflatable Pyrosaw",175,317,478,676,877],["Heed My Call",144,267,420,617,853],["Barrage Of Many Bombs",308,469,626,864,1096],["Serrated Jaws",113,265,413,604,815],["Tidal Surge",237,406,577,804,1046],["Collective Will / Stand As One",52,203,348,513,704],["Combined Might / Stronger Together",55,194,314,490,679],["Battlefield Focus / Battlefield Precision",54,211,360,516,731],["Retaliatory Fury / Last Gift",138,279,407,604,802],["Glory in Battle / Liberator's Might",210,324,477,679,869],["Blood Rite",213,349,520,673,901],["Unstable Flames",99,241,369,557,772],["Meticulous Scheming",76,196,344,488,736],["Incite the Pack",232,367,538,708,959],["Unstable Catalyst",261,463,653,850,1118],["Azerite Globules",102,274,396,617,835],["Earthlink",99,252,397,559,801],["Haze of Rage",265,404,599,803,1065],["Dagger in the Back",252,423,605,816,1069],["Secrets of the Deep",247,410,608,783,1034],["Blood Siphon",93,223,367,541,710],["Pack Alpha",-8,121,248,378,577],["Dance of Death",173,325,460,672,869],["Ruinous Bolt",156,301,444,631,861],["Overwhelming Power",83,201,374,518,726],["Thunderous Blast",311,467,682,874,1150],["Champion of Azeroth",335,496,688,896,1040],["Rapid Reload",6,111,269,437,577],["Filthy Transfusion",204,356,509,717,934],["Primal Instincts",421,596,745,950,1171],["Elemental Whirl",100,226,396,527,754],["Rezan's Fury",238,392,561,796,1006],["Blightborne Infusion",336,476,644,831,1035]],"metas":{"build_date":"Aug 29 2018","build_time":"06:51:22","git_revision":"744e4aaddc","options":{"debug":false,"max_time":300.0,"expected_iteration_time":317.44100000000003,"vary_combat_length":0.2,"iterations":801,"target_error":0.2,"threads":32,"seed":9364518897119724147,"single_actor_batch":false,"queue_lag":0.005,"queue_lag_stddev":0.001,"gcd_lag":0.15,"gcd_lag_stddev":0.037,"channel_lag":0.25,"channel_lag_stddev":0.062,"queue_gcd_reduction":0.1,"strict_gcd_queue":0,"confidence":0.95,"confidence_estimator":1.9599639854089754,"world_lag":0.1,"world_lag_stddev":0.01,"travel_variance":0.0,"default_skill":1.0,"reaction_time":0.5,"regen_periodicity":0.25,"ignite_sampling_delta":0.2,"fixed_time":true,"optimize_expressions":true,"optimal_raid":1,"log":0,"debug_each":0,"stat_cache":1,"max_aoe_enemies":20,"show_etmi":false,"tmi_window_global":0.0,"tmi_bin_size":0.5,"enemy_death_pct":0.0,"challenge_mode":false,"timewalk":-1,"pvp_crit":false,"rng":{"name":"sse2-sfmt"},"deterministic":0,"average_range":1,"average_gauss":0,"fight_style":"Patchwerk","default_aura_delay":0.03,"default_aura_delay_stddev":0.005,"dbc":{"Live":{"build_level":27481,"wow_version":"8.0.1"},"version_used":"Live"}},"overrides":{"arcane_intellect":1,"battle_shout":1,"power_word_fortitude":1,"chaos_brand":1,"mystic_touch":1,"mortal_wounds":1,"bleeding":1,"bloodlust":1,"bloodlust_percent":25,"bloodlust_time":0.5},"statistics":{"elapsed_cpu_seconds":9815.889073,"elapsed_time_seconds":10.436387999999999,"init_time_seconds":2.280435899000001,"merge_time_seconds":0.005773733,"analyze_time_seconds":0.14555283800000002,"simulation_length":{"sum":229956.376,"count":769,"mean":299.0329986996099,"min":240.76,"max":359.921,"median":297.399,"variance":1233.5662581703496,"std_dev":35.12216192335474,"mean_variance":1.6041173708327043,"mean_std_dev":1.2665375520815418},"raid_dps":{"sum":9747591.85622503,"count":769,"mean":12675.672114726958},"total_dmg":{"sum":2910598551.1099625,"count":769,"mean":3784913.590520107},"total_iterations":146853,"total_actors":211,"total_iterations_mean":695.9857819905213,"total_iterations_variance":461718.9573459717,"total_iterations_stddev":679.4990488190339,"total_mean_dps_stddev":13.458795234062064,"total_mean_dps_variance":181.13916915241174},"player":{"name":"Template","race":"orc","level":120,"role":"attack","specialization":"Beast Mastery Hunter","profile_source":"default","talents":[{"tier":1,"id":22291,"spell_id":273887,"name":"Killer Instinct"},{"tier":2,"id":22290,"spell_id":53209,"name":"Chimaera Shot"},{"tier":4,"id":22269,"spell_id":131894,"name":"A Murder of Crows"},{"tier":6,"id":19357,"spell_id":199530,"name":"Stomp"},{"tier":7,"id":22273,"spell_id":191384,"name":"Aspect of the Beast"}],"party":0,"ready_type":0,"bugs":true,"scale_player":true,"potion_used":false,"timeofday":"DAY_TIME","invert_scaling":0,"reaction_offset":0.1,"reaction_max":1.4000000000000001,"reaction_mean":0.3,"reaction_stddev":0.06,"reaction_nu":0.25,"world_lag":0.1,"brain_lag":0.0,"brain_lag_stddev":0.0,"world_lag_override":false,"world_lag_stddev_override":false,"dbc":{"Live":{"build_level":27481,"wow_version":"8.0.1"},"version_used":"Live"},"base_focus_regen_per_second":10.0,"collected_data":{"fight_length":{"sum":229956.37599999996,"count":769,"mean":299.03299869960983,"min":240.76,"max":359.921},"waiting_time":{"sum":32661.6,"count":769,"mean":42.47282184655396,"min":26.0,"max":58.2},"executed_foreground_actions":{"sum":158789.0,"count":769,"mean":206.48764629388816,"min":161.0,"max":247.0},"dmg":{"sum":1039030698.0882674,"count":769,"mean":1351145.2510900747,"min":1007942.4648489602,"max":1692954.6964173247},"compound_dmg":{"sum":2910598551.1099625,"count":769,"mean":3784913.590520107,"min":2857116.2485594656,"max":4632585.398497262},"timeline_dmg":{"mean":12854.86108335123,"mean_std_dev":5236.406177417707,"min":3107.6110632293485,"max":44677.65925210147,