{"results":[["Trait","325","340","355","370","385"],["Laser Matrix",368,574,763,1030,1337],["Archive of the Titans",349,530,775,970,1236],["Relational Normalization Gizmo",342,567,748,1021,1354],["Synaptic Spark Capacitor",479,734,949,1291,1611],["Swirling Sands",550,705,921,1204,1478],["Tradewinds",500,644,829,1153,1444],["Ricocheting Inflatable Pyrosaw",194,440,679,927,1189],["Heed My Call",113,381,594,826,1053],["Tidal Surge",296,423,650,926,1256],["Collective Will / Stand As One",147,276,457,681,948],["Combined Might / Stronger Together",89,235,422,641,830],["Barrage Of Many Bombs",470,627,867,1212,1539],["Sylvanas' Resolve / Anduin's Dedication",306,518,754,1055,1331],["Battlefield Focus / Battlefield Precision",101,283,452,695,952],["Gutripper",140,308,482,668,958],["Retaliatory Fury / Last Gift",269,375,640,874,1103],["Glory in Battle / Liberator's Might",256,421,627,844,1130],["Executioner's Precision",31,156,288,502,733],["Blood Rite",223,478,699,945,1180],["Unstable Flames",188,353,536,727,999],["Meticulous Scheming",407,560,768,1006,1247],["Incite the Pack",445,612,897,1140,1344],["Unstable Catalyst",337,581,812,1078,1452],["Azerite Globules",114,353,503,718,987],["Test of Might",-3008,-2804,-2570,-2358,-2084],["Gathering Storm",478,721,943,1265,1604],["Earthlink",137,310,488,713,964],["Dagger in the Back",280,458,668,922,1239],["Secrets of the Deep",318,542,737,1013,1350],["Blood Siphon",149,287,561,752,984],["Seismic Wave",832,1085,1367,1663,2033],["Lifespeed",74,218,375,580,878],["Ruinous Bolt",119,322,542,747,1024],["Blightborne Infusion",622,790,1027,1340,1561],["Overwhelming Power",193,316,527,790,1008],["Lord of War",1006,1305,1576,2002,2334],["Champion of Azeroth",543,773,988,1294,1515],["Crushing Assault",202,340,540,753,1065],["Filthy Transfusion",204,371,639,824,1100],["Elemental Whirl",172,331,537,718,988],["Thunderous Blast",319,552,809,1063,1430],["Rezan's Fury",210,446,653,921,1181]],"metas":{"build_date":"Aug 29 2018","build_time":"06:51:22","git_revision":"744e4aaddc","options":{"debug":false,"max_time":300.0,"expected_iteration_time":297.44100000000003,"vary_combat_length":0.2,"iterations":823,"target_error":0.2,"threads":32,"seed":2604475337047403262,"single_actor_batch":false,"queue_lag":0.005,"queue_lag_stddev":0.001,"gcd_lag":0.15,"gcd_lag_stddev":0.037,"channel_lag":0.25,"channel_lag_stddev":0.062,"queue_gcd_reduction":0.1,"strict_gcd_queue":0,"confidence":0.95,"confidence_estimator":1.9599639854089754,"world_lag":0.1,"world_lag_stddev":0.01,"travel_variance":0.0,"default_skill":1.0,"reaction_time":0.5,"regen_periodicity":0.25,"ignite_sampling_delta":0.2,"fixed_time":true,"optimize_expressions":true,"optimal_raid":1,"log":0,"debug_each":0,"stat_cache":1,"max_aoe_enemies":20,"show_etmi":false,"tmi_window_global":0.0,"tmi_bin_size":0.5,"enemy_death_pct":0.0,"challenge_mode":false,"timewalk":-1,"pvp_crit":false,"rng":{"name":"sse2-sfmt"},"deterministic":0,"average_range":1,"average_gauss":0,"fight_style":"Patchwerk","default_aura_delay":0.03,"default_aura_delay_stddev":0.005,"dbc":{"Live":{"build_level":27481,"wow_version":"8.0.1"},"version_used":"Live"}},"overrides":{"arcane_intellect":1,"battle_shout":1,"power_word_fortitude":1,"chaos_brand":1,"mystic_touch":1,"mortal_wounds":1,"bleeding":1,"bloodlust":1,"bloodlust_percent":25,"bloodlust_time":0.5},"statistics":{"elapsed_cpu_seconds":17136.694375,"elapsed_time_seconds":18.162425,"init_time_seconds":3.634316232000001,"merge_time_seconds":0.00683572,"analyze_time_seconds":0.15033436200000008,"simulation_length":{"sum":237343.11700000006,"count":791,"mean":300.05450948166884,"min":240.463,"max":359.988,"median":298.258,"variance":1104.3395781588863,"std_dev":33.23160510957733,"mean_variance":1.3961309458393,"mean_std_dev":1.1815798516559515},"raid_dps":{"sum":17789398.791809823,"count":791,"mean":22489.75827030319},"total_dmg":{"sum":5335360913.649763,"count":791,"mean":6745083.329519296},"total_iterations":158691,"total_actors":211,"total_iterations_mean":752.0900473933649,"total_iterations_variance":2265603.289099526,"total_iterations_stddev":1505.1921103631676,"total_mean_dps_stddev":23.608187623651798,"total_mean_dps_variance":557.346522873546},"player":{"name":"Template","race":"pandaren","level":120,"role":"attack","specialization":"Arms Warrior","profile_source":"default","talents":[{"tier":1,"id":22371,"spell_id":260643,"name":"Skullsplitter"},{"tier":2,"id":22789,"spell_id":107570,"name":"Storm Bolt"},{"tier":3,"id":22380,"spell_id":281001,"name":"Massacre"},{"tier":4,"id":22627,"spell_id":202163,"name":"Bounding Stride"},{"tier":5,"id":22391,"spell_id":262161,"name":"Warbreaker"},{"tier":6,"id":22394,"spell_id":248621,"name":"In For The Kill"},{"tier":7,"id":21204,"spell_id":152278,"name":"Anger Management"}],"party":0,"ready_type":0,"bugs":true,"scale_player":true,"potion_used":false,"timeofday":"DAY_TIME","invert_scaling":0,"reaction_offset":0.1,"reaction_max":1.4000000000000001,"reaction_mean":0.3,"reaction_stddev":0.06,"reaction_nu":0.25,"world_lag":0.1,"brain_lag":0.0,"brain_lag_stddev":0.0,"world_lag_override":false,"world_lag_stddev_override":false,"dbc":{"Live":{"build_level":27481,"wow_version":"8.0.1"},"version_used":"Live"},"collected_data":{"fight_length":{"sum":237343.11700000003,"count":791,"mean":300.0545094816688,"min":240.463,"max":359.988},"waiting_time":{"sum":28395.8,"count":791,"mean":35.89860935524652,"min":21.7,"max":53.800000000000004},"executed_foreground_actions":{"sum":167304.0,"count":791,"mean":211.5094816687737,"min":167.0,"max":258.0},"dmg":{"sum":5335360913.649763,"count":791,"mean":6745083.329519296,"min":5301205.114789614,"max":8416228.607642625},"compound_dmg":{"sum":5335360913.649763,"count":791,"mean":6745083.329519296,"min":5301205.114789614,"max":8416228.607642625},"timeline_dmg":{"mean":23211.904772642763,"mean_std_dev":19002.344703450126,"min":0.0,"max":97631.09651979557,