{"results":[["Trait","325","340","355","370","385"],["Thunderous Blast",387,574,826,1050,1390],["Dagger in the Back",441,600,865,1152,1422],["Unstable Flames",123,334,484,741,953],["Secrets of the Deep",290,510,659,971,1274],["Gutripper",105,290,408,669,910],["Blood Rite",275,467,615,817,1127],["Heed My Call",155,392,558,724,1090],["Tidal Surge",243,448,603,897,1162],["Filthy Transfusion",237,427,625,846,1186],["Relational Normalization Gizmo",303,547,726,1003,1322],["Synaptic Spark Capacitor",621,837,1168,1471,1813],["Sylvanas' Resolve / Anduin's Dedication",315,466,720,982,1285],["Swirling Sands",440,620,810,1094,1393],["Meticulous Scheming",304,477,663,927,1141],["Ricocheting Inflatable Pyrosaw",304,484,703,934,1261],["Collective Will / Stand As One",132,270,516,663,906],["Barrage Of Many Bombs",524,778,999,1320,1654],["Crashing Chaos",211,452,655,860,1175],["Ruinous Bolt",124,319,558,717,975],["Accelerant",262,477,667,905,1179],["Rolling Havoc",455,660,924,1194,1535],["Laser Matrix",331,577,763,1041,1370],["Tradewinds",450,602,807,1043,1319],["Azerite Globules",207,372,571,839,1111],["Blood Siphon",313,507,684,927,1139],["Earthlink",156,255,449,674,934],["Bursting Flare",381,601,816,1030,1317],["Incite the Pack",357,602,805,985,1297],["Combined Might / Stronger Together",66,226,406,604,835],["Battlefield Focus / Battlefield Precision",9,173,306,523,742],["Retaliatory Fury / Last Gift",199,397,575,796,1023],["Glory in Battle / Liberator's Might",232,481,659,894,1098],["Unstable Catalyst",330,533,790,1017,1360],["Overwhelming Power",187,320,515,824,1034],["Champion of Azeroth",498,638,878,1111,1391],["Chaotic Inferno",141,259,470,750,1018],["Blightborne Infusion",540,719,942,1166,1448],["Rezan's Fury",236,472,702,918,1253],["Elemental Whirl",135,355,511,744,937],["Flashpoint",205,400,565,776,1042]],"metas":{"build_date":"Aug 19 2018","build_time":"01:32:03","git_revision":"08c89b7e98","options":{"debug":false,"max_time":300.0,"expected_iteration_time":351.25100000000003,"vary_combat_length":0.2,"iterations":1497,"target_error":0.2,"threads":32,"seed":17158413511083827920,"single_actor_batch":false,"queue_lag":0.005,"queue_lag_stddev":0.001,"gcd_lag":0.15,"gcd_lag_stddev":0.037,"channel_lag":0.25,"channel_lag_stddev":0.062,"queue_gcd_reduction":0.1,"strict_gcd_queue":0,"confidence":0.95,"confidence_estimator":1.9599639854089754,"world_lag":0.1,"world_lag_stddev":0.01,"travel_variance":0.0,"default_skill":1.0,"reaction_time":0.5,"regen_periodicity":0.25,"ignite_sampling_delta":0.2,"fixed_time":true,"optimize_expressions":true,"optimal_raid":1,"log":0,"debug_each":0,"stat_cache":1,"max_aoe_enemies":20,"show_etmi":false,"tmi_window_global":0.0,"tmi_bin_size":0.5,"enemy_death_pct":0.0,"challenge_mode":false,"timewalk":-1,"pvp_crit":false,"rng":{"name":"sse2-sfmt"},"deterministic":0,"average_range":1,"average_gauss":0,"fight_style":"Patchwerk","default_aura_delay":0.03,"default_aura_delay_stddev":0.005,"dbc":{"bfa-BETA":{"build_level":26095,"wow_version":"8.0.1"},"version_used":"bfa-BETA"}},"overrides":{"arcane_intellect":1,"battle_shout":1,"power_word_fortitude":1,"chaos_brand":1,"mystic_touch":1,"mortal_wounds":1,"bleeding":1,"bloodlust":1,"bloodlust_percent":25,"bloodlust_time":0.5},"statistics":{"elapsed_cpu_seconds":25199.303698999996,"elapsed_time_seconds":26.883909,"init_time_seconds":3.439900269000001,"merge_time_seconds":0.007471465000000001,"analyze_time_seconds":0.2972269360000002,"simulation_length":{"sum":438810.673,"count":1465,"mean":299.5294696245734,"min":240.228,"max":359.866,"median":299.327,"variance":1222.9233885671663,"std_dev":34.970321539373444,"mean_variance":0.8347599921960179,"mean_std_dev":0.9136520082591719},"raid_dps":{"sum":30556886.692309335,"count":1465,"mean":20857.94313468214},"total_dmg":{"sum":9116068560.493546,"count":1465,"mean":6222572.396241328},"total_iterations":288849,"total_actors":201,"total_iterations_mean":1437.0597014925372,"total_iterations_variance":777319.28358209,"total_iterations_stddev":881.6571235928909,"total_mean_dps_stddev":21.994974749927877,"total_mean_dps_variance":483.7789142499649},"player":{"name":"Template","race":"troll","level":120,"role":"spell","specialization":"Destruction Warlock","profile_source":"default","talents":[{"tier":1,"id":22038,"spell_id":267115,"name":"Flashover"},{"tier":2,"id":23148,"spell_id":205148,"name":"Reverse Entropy"},{"tier":4,"id":23143,"spell_id":152108,"name":"Cataclysm"},{"tier":6,"id":23156,"spell_id":266086,"name":"Grimoire of Supremacy"},{"tier":7,"id":23092,"spell_id":113858,"name":"Dark Soul: Instability"}],"party":0,"ready_type":0,"bugs":true,"scale_player":true,"potion_used":false,"timeofday":"DAY_TIME","invert_scaling":0,"reaction_offset":0.1,"reaction_max":1.4000000000000001,"reaction_mean":0.3,"reaction_stddev":0.06,"reaction_nu":0.25,"world_lag":0.1,"brain_lag":0.0,"brain_lag_stddev":0.0,"world_lag_override":false,"world_lag_stddev_override":false,"dbc":{"bfa-BETA":{"build_level":26095,"wow_version":"8.0.1"},"version_used":"bfa-BETA"},"base_mana_regen_per_second":1000.0,"collected_data":{"fight_length":{"sum":438810.67300000007,"count":1465,"mean":299.52946962457344,"min":240.228,"max":359.866},"waiting_time":{"sum":14901.999999999998,"count":1465,"mean":10.172013651877132,"min":0.0,"max":28.1},"executed_foreground_actions":{"sum":352431.0,"count":1465,"mean":240.56723549488055,"min":198.0,"max":283.0},"dmg":{"sum":7297163334.182301,"count":1465,"mean":4980998.862923072,"min":4000553.579133396,"max":5949782.631300696},"compound_dmg":{"sum":9116068560.493546,"count":1465,"mean":6222572.396241328,"min":5158696.818227228,"max":7332665.418986144},"timeline_dmg":{"mean":20166.184412759547,"mean_std_dev":13343.301074906502,"min":7615.501751049611,"max":105501.60819655917,