{"results":[["Trait","325","340","355","370","385"],["Laser Matrix",323,512,700,975,1275],["Archive of the Titans",246,437,625,861,1116],["Relational Normalization Gizmo",277,481,644,869,1129],["Synaptic Spark Capacitor",393,569,822,1065,1345],["Gutripper",95,243,430,586,821],["Sylvanas' Resolve / Anduin's Dedication",277,435,630,880,1115],["Swirling Sands",361,533,686,908,1169],["Tradewinds",285,441,622,852,1108],["Ricocheting Inflatable Pyrosaw",179,357,561,774,1005],["Heed My Call",123,282,467,678,944],["Barrage Of Many Bombs",315,509,738,971,1251],["Fan of Blades",-27,131,282,405,658],["Twist the Knife",183,367,562,758,1000],["Meticulous Scheming",272,402,577,774,1032],["Poisoned Wire",1,140,294,467,672],["Tidal Surge",241,407,675,858,1077],["Collective Will / Stand As One",93,230,373,608,836],["Combined Might / Stronger Together",3,172,349,509,756],["Battlefield Focus / Battlefield Precision",75,216,391,605,823],["Retaliatory Fury / Last Gift",133,308,453,670,887],["Glory in Battle / Liberator's Might",216,381,531,774,996],["Blood Rite",219,360,547,730,959],["Incite the Pack",297,428,624,832,1075],["Unstable Flames",82,270,418,622,838],["Unstable Catalyst",275,496,700,963,1217],["Azerite Globules",126,302,457,662,911],["Dagger in the Back",405,608,811,1068,1394],["Scent of Blood",357,553,748,1051,1318],["Earthlink",73,248,400,580,831],["Rezan's Fury",263,432,660,873,1143],["Double Dose",-15,100,274,466,657],["Secrets of the Deep",287,426,664,896,1184],["Blood Siphon",108,252,374,592,812],["Ruinous Bolt",112,306,470,664,965],["Sharpened Blades",26,191,401,623,884],["Overwhelming Power",82,234,388,575,800],["Thunderous Blast",303,567,759,1017,1333],["Shrouded Suffocation",777,1065,1346,1647,2006],["Champion of Azeroth",375,565,759,972,1208],["Filthy Transfusion",226,378,565,764,1040],["Blightborne Infusion",392,601,722,975,1233],["Elemental Whirl",109,271,386,642,813]],"metas":{"build_date":"Aug 24 2018","build_time":"06:29:59","git_revision":"d11d257b76","options":{"debug":false,"max_time":300.0,"expected_iteration_time":247.01500000000001,"vary_combat_length":0.2,"iterations":583,"target_error":0.2,"threads":32,"seed":12935588016377750012,"single_actor_batch":false,"queue_lag":0.005,"queue_lag_stddev":0.001,"gcd_lag":0.15,"gcd_lag_stddev":0.037,"channel_lag":0.25,"channel_lag_stddev":0.062,"queue_gcd_reduction":0.1,"strict_gcd_queue":0,"confidence":0.95,"confidence_estimator":1.9599639854089754,"world_lag":0.1,"world_lag_stddev":0.01,"travel_variance":0.0,"default_skill":1.0,"reaction_time":0.5,"regen_periodicity":0.25,"ignite_sampling_delta":0.2,"fixed_time":true,"optimize_expressions":true,"optimal_raid":1,"log":0,"debug_each":0,"stat_cache":1,"max_aoe_enemies":20,"show_etmi":false,"tmi_window_global":0.0,"tmi_bin_size":0.5,"enemy_death_pct":0.0,"challenge_mode":false,"timewalk":-1,"pvp_crit":false,"rng":{"name":"sse2-sfmt"},"deterministic":0,"average_range":1,"average_gauss":0,"fight_style":"Patchwerk","default_aura_delay":0.03,"default_aura_delay_stddev":0.005,"dbc":{"Live":{"build_level":27404,"wow_version":"8.0.1"},"version_used":"Live"}},"overrides":{"arcane_intellect":1,"battle_shout":1,"power_word_fortitude":1,"chaos_brand":1,"mystic_touch":1,"mortal_wounds":1,"bleeding":1,"bloodlust":1,"bloodlust_percent":25,"bloodlust_time":0.5},"statistics":{"elapsed_cpu_seconds":14781.825651000001,"elapsed_time_seconds":15.707522,"init_time_seconds":3.287195209000001,"merge_time_seconds":0.006438549,"analyze_time_seconds":0.10190758600000001,"simulation_length":{"sum":165291.392,"count":551,"mean":299.9843774954628,"min":240.072,"max":359.794,"median":299.182,"variance":1241.3613425181143,"std_dev":35.23295818574016,"mean_variance":2.2529243965845995,"mean_std_dev":1.5009744823229338},"raid_dps":{"sum":7706255.739480386,"count":551,"mean":13985.945080726653},"total_dmg":{"sum":2308945044.3716826,"count":551,"mean":4190462.8754477},"total_iterations":100641,"total_actors":211,"total_iterations_mean":476.97156398104266,"total_iterations_variance":477867.82938388636,"total_iterations_stddev":691.2798488194824,"total_mean_dps_stddev":14.865200221259235,"total_mean_dps_variance":220.9741776181256},"player":{"name":"Template","race":"troll","level":120,"role":"attack","specialization":"Assassination Rogue","profile_source":"default","talents":[{"tier":1,"id":22338,"spell_id":193640,"name":"Elaborate Planning"},{"tier":2,"id":22332,"spell_id":108208,"name":"Subterfuge"},{"tier":3,"id":19239,"spell_id":14983,"name":"Vigor"},{"tier":6,"id":23015,"spell_id":245388,"name":"Toxic Blade"},{"tier":7,"id":21186,"spell_id":255544,"name":"Poison Bomb"}],"party":0,"ready_type":1,"bugs":true,"scale_player":true,"potion_used":false,"timeofday":"DAY_TIME","invert_scaling":0,"reaction_offset":0.1,"reaction_max":1.4000000000000001,"reaction_mean":0.3,"reaction_stddev":0.06,"reaction_nu":0.25,"world_lag":0.1,"brain_lag":0.0,"brain_lag_stddev":0.0,"world_lag_override":false,"world_lag_stddev_override":false,"dbc":{"Live":{"build_level":27404,"wow_version":"8.0.1"},"version_used":"Live"},"base_energy_regen_per_second":11.0,"collected_data":{"fight_length":{"sum":165291.392,"count":551,"mean":299.9843774954628,"min":240.072,"max":359.794},"waiting_time":{"sum":3475.1,"count":551,"mean":6.3068965517241375,"min":2.915,"max":10.633000000000001},"executed_foreground_actions":{"sum":161758.0,"count":551,"mean":293.5716878402904,"min":233.0,"max":350.0},"dmg":{"sum":2308945044.3716826,"count":551,"mean":4190462.8754477,"min":3287116.309390233,"max":5041771.504304966},"compound_dmg":{"sum":2308945044.3716826,"count":551,"mean":4190462.8754477,"min":3287116.309390233,"max":5041771.504304966},"timeline_dmg":{"mean":14337.489286407588,"mean_std_dev":4097.305635927108,"min":2699.1805786811697,"max":34106.575010057066,