{"results":[["Trait","325","340","355","370","385"],["Thunderous Blast",359,490,649,868,1072],["Azerite Globules",80,194,298,432,607],["Tidal Surge",273,406,571,751,957],["Secrets of the Deep",212,333,456,641,844],["Gutripper",85,190,315,486,641],["Unstable Flames",64,184,278,417,555],["Blood Rite",147,227,367,505,682],["Heed My Call",104,220,340,521,655],["Relational Normalization Gizmo",195,305,455,603,792],["Arcane Pummeling",118,215,328,494,673],["Synaptic Spark Capacitor",211,327,473,655,819],["Sylvanas' Resolve / Anduin's Dedication",193,308,472,652,820],["Swirling Sands",159,301,432,586,740],["Meticulous Scheming",38,116,235,364,518],["Ricocheting Inflatable Pyrosaw",88,221,334,458,639],["Laser Matrix",315,449,631,810,1038],["Tradewinds",190,304,418,560,713],["Collective Will / Stand As One",56,154,274,424,598],["Barrage Of Many Bombs",152,298,431,565,760],["Incite the Pack",167,285,394,539,709],["Brain Storm",153,267,403,567,743],["Arcane Pressure",309,471,650,824,1059],["Glory in Battle / Liberator's Might",128,227,383,503,673],["Explosive Echo",19,96,196,327,471],["Ruinous Bolt",174,292,420,566,771],["Dagger in the Back",340,499,669,873,1088],["Galvanizing Spark",403,530,710,916,1133],["Filthy Transfusion",244,365,506,670,885],["Combined Might / Stronger Together",41,135,227,373,532],["Battlefield Focus / Battlefield Precision",28,114,260,358,526],["Anomalous Impact",85,175,317,455,605],["Retaliatory Fury / Last Gift",123,189,315,451,606],["Unstable Catalyst",213,358,496,656,838],["Blood Siphon",54,139,264,396,553],["Overwhelming Power",48,178,293,406,560],["Champion of Azeroth",217,308,463,614,768],["Blightborne Infusion",260,347,488,647,819],["Earthlink",85,195,306,442,614],["Rezan's Fury",248,375,525,716,912],["Elemental Whirl",73,161,291,415,603]],"metas":{"build_date":"Aug 17 2018","build_time":"18:41:44","git_revision":"d045f58118","options":{"debug":false,"max_time":300.0,"expected_iteration_time":276.67900000000003,"vary_combat_length":0.2,"iterations":1825,"target_error":0.2,"threads":32,"seed":11836206632577622231,"single_actor_batch":false,"queue_lag":0.005,"queue_lag_stddev":0.001,"gcd_lag":0.15,"gcd_lag_stddev":0.037,"channel_lag":0.25,"channel_lag_stddev":0.062,"queue_gcd_reduction":0.1,"strict_gcd_queue":0,"confidence":0.95,"confidence_estimator":1.9599639854089754,"world_lag":0.1,"world_lag_stddev":0.01,"travel_variance":0.0,"default_skill":1.0,"reaction_time":0.5,"regen_periodicity":0.25,"ignite_sampling_delta":0.2,"fixed_time":true,"optimize_expressions":true,"optimal_raid":1,"log":0,"debug_each":0,"stat_cache":1,"max_aoe_enemies":20,"show_etmi":false,"tmi_window_global":0.0,"tmi_bin_size":0.5,"enemy_death_pct":0.0,"challenge_mode":false,"timewalk":-1,"pvp_crit":false,"rng":{"name":"sse2-sfmt"},"deterministic":0,"average_range":1,"average_gauss":0,"fight_style":"Patchwerk","default_aura_delay":0.03,"default_aura_delay_stddev":0.005,"dbc":{"bfa-BETA":{"build_level":26095,"wow_version":"8.0.1"},"version_used":"bfa-BETA"}},"overrides":{"arcane_intellect":1,"battle_shout":1,"power_word_fortitude":1,"chaos_brand":1,"mystic_touch":1,"mortal_wounds":1,"bleeding":1,"bloodlust":1,"bloodlust_percent":25,"bloodlust_time":0.5},"statistics":{"elapsed_cpu_seconds":8923.989392000005,"elapsed_time_seconds":9.692585000000001,"init_time_seconds":2.6213521760000007,"merge_time_seconds":0.004965439000000001,"analyze_time_seconds":0.4472530310000003,"simulation_length":{"sum":537850.385,"count":1793,"mean":299.97232849972113,"min":240.137,"max":359.934,"median":300.641,"variance":1235.1894450471355,"std_dev":35.145262056885215,"mean_variance":0.6888953960106723,"mean_std_dev":0.8299972265078193},"raid_dps":{"sum":18063248.77925974,"count":1793,"mean":10074.316106670241},"total_dmg":{"sum":5406211417.772305,"count":1793,"mean":3015176.47393882},"total_iterations":334809,"total_actors":201,"total_iterations_mean":1665.7164179104477,"total_iterations_variance":1348882.8358208945,"total_iterations_stddev":1161.4141534443665,"total_mean_dps_stddev":10.712366135948768,"total_mean_dps_variance":114.75478823062194},"player":{"name":"Template","race":"troll","level":120,"role":"spell","specialization":"Arcane Mage","profile_source":"default","talents":[{"tier":1,"id":22461,"spell_id":264354,"name":"Rule of Threes"},{"tier":3,"id":22447,"spell_id":116011,"name":"Rune of Power"},{"tier":4,"id":22467,"spell_id":205032,"name":"Charged Up"},{"tier":6,"id":22449,"spell_id":210725,"name":"Touch of the Magi"},{"tier":7,"id":21630,"spell_id":155147,"name":"Overpowered"}],"party":0,"ready_type":0,"bugs":true,"scale_player":true,"potion_used":false,"timeofday":"DAY_TIME","invert_scaling":0,"reaction_offset":0.1,"reaction_max":1.4000000000000001,"reaction_mean":0.3,"reaction_stddev":0.06,"reaction_nu":0.25,"world_lag":0.1,"brain_lag":0.0,"brain_lag_stddev":0.0,"world_lag_override":false,"world_lag_stddev_override":false,"dbc":{"bfa-BETA":{"build_level":26095,"wow_version":"8.0.1"},"version_used":"bfa-BETA"},"base_mana_regen_per_second":2000.0,"collected_data":{"fight_length":{"sum":537850.3850000001,"count":1793,"mean":299.9723284997212,"min":240.137,"max":359.934},"executed_foreground_actions":{"sum":374194.0,"count":1793,"mean":208.69715560513106,"min":165.0,"max":251.0},"dmg":{"sum":5406211417.772305,"count":1793,"mean":3015176.47393882,"min":2320398.767004697,"max":3828548.0268671336},"compound_dmg":{"sum":5406211417.772305,"count":1793,"mean":3015176.47393882,"min":2320398.767004697,"max":3828548.0268671336},"timeline_dmg":{"mean":10084.128567315367,"mean_std_dev":7170.769418273789,"min":0.0,"max":77475.05775721568,