{"results":[["Trait","325","340","355","370","385"],["Thunderous Blast",420,734,989,1275,1624],["Dagger in the Back",463,699,1013,1264,1671],["Unstable Flames",216,427,611,871,1122],["Secrets of the Deep",415,645,936,1199,1544],["Gutripper",171,299,553,829,1049],["Blood Rite",266,488,755,977,1248],["Heed My Call",216,424,678,925,1221],["Tidal Surge",318,525,829,1077,1379],["Filthy Transfusion",256,536,679,1010,1360],["Relational Normalization Gizmo",386,626,863,1138,1504],["Synaptic Spark Capacitor",593,858,1113,1464,1799],["Sylvanas' Resolve / Anduin's Dedication",386,624,886,1171,1522],["Swirling Sands",547,758,995,1311,1638],["Meticulous Scheming",298,533,761,956,1289],["Ricocheting Inflatable Pyrosaw",275,508,743,1069,1335],["Laser Matrix",392,660,902,1260,1549],["Tradewinds",401,600,844,1106,1402],["Collective Will / Stand As One",170,412,548,841,1079],["Barrage Of Many Bombs",553,758,1056,1387,1753],["Snake Eyes",182,337,586,831,1146],["Overwhelming Power",165,361,578,788,1075],["Paradise Lost",437,686,967,1215,1622],["Brigand's Blitz",344,525,746,1001,1276],["Azerite Globules",237,490,696,967,1287],["Ace Up Your Sleeve",130,295,507,799,1059],["Deadshot",531,748,1041,1438,1894],["Incite the Pack",346,592,787,1058,1345],["Combined Might / Stronger Together",115,299,527,772,1047],["Storm of Steel",435,673,915,1234,1577],["Battlefield Focus / Battlefield Precision",333,574,810,1106,1456],["Retaliatory Fury / Last Gift",281,419,669,907,1200],["Glory in Battle / Liberator's Might",337,532,739,1063,1290],["Ruinous Bolt",227,406,651,868,1181],["Unstable Catalyst",406,671,947,1210,1574],["Blood Siphon",176,365,575,772,1057],["Champion of Azeroth",593,774,1114,1337,1661],["Blightborne Infusion",620,835,1049,1382,1647],["Earthlink",218,354,630,905,1187],["Rezan's Fury",352,584,814,1126,1395],["Elemental Whirl",187,409,590,882,1103]],"metas":{"build_date":"Aug 21 2018","build_time":"06:51:36","git_revision":"57250019bf","options":{"debug":false,"max_time":300.0,"expected_iteration_time":340.92900000000003,"vary_combat_length":0.2,"iterations":2456,"target_error":0.2,"threads":32,"seed":8164111219297459230,"single_actor_batch":false,"queue_lag":0.005,"queue_lag_stddev":0.001,"gcd_lag":0.15,"gcd_lag_stddev":0.037,"channel_lag":0.25,"channel_lag_stddev":0.062,"queue_gcd_reduction":0.1,"strict_gcd_queue":0,"confidence":0.95,"confidence_estimator":1.9599639854089754,"world_lag":0.1,"world_lag_stddev":0.01,"travel_variance":0.0,"default_skill":1.0,"reaction_time":0.5,"regen_periodicity":0.25,"ignite_sampling_delta":0.2,"fixed_time":true,"optimize_expressions":true,"optimal_raid":1,"log":0,"debug_each":0,"stat_cache":1,"max_aoe_enemies":20,"show_etmi":false,"tmi_window_global":0.0,"tmi_bin_size":0.5,"enemy_death_pct":0.0,"challenge_mode":false,"timewalk":-1,"pvp_crit":false,"rng":{"name":"sse2-sfmt"},"deterministic":0,"average_range":1,"average_gauss":0,"fight_style":"Patchwerk","default_aura_delay":0.03,"default_aura_delay_stddev":0.005,"dbc":{"bfa-BETA":{"build_level":26095,"wow_version":"8.0.1"},"version_used":"bfa-BETA"}},"overrides":{"arcane_intellect":1,"battle_shout":1,"power_word_fortitude":1,"chaos_brand":1,"mystic_touch":1,"mortal_wounds":1,"bleeding":1,"bloodlust":1,"bloodlust_percent":25,"bloodlust_time":0.5},"statistics":{"elapsed_cpu_seconds":58205.010673999976,"elapsed_time_seconds":61.654202,"init_time_seconds":2.769667310000001,"merge_time_seconds":0.007533135000000001,"analyze_time_seconds":0.41975715299999994,"simulation_length":{"sum":727379.024,"count":2424,"mean":300.07385478547855,"min":240.216,"max":359.794,"median":300.207,"variance":1153.4318429789128,"std_dev":33.96221198595452,"mean_variance":0.47583821905070656,"mean_std_dev":0.6898102775768904},"raid_dps":{"sum":56273273.905903384,"count":2424,"mean":23215.046990884235},"total_dmg":{"sum":16884000015.775227,"count":2424,"mean":6965346.5411613975},"total_iterations":463379,"total_actors":201,"total_iterations_mean":2305.36815920398,"total_iterations_variance":1914026.756218904,"total_iterations_stddev":1383.483558347877,"total_mean_dps_stddev":24.522023567421435,"total_mean_dps_variance":601.3296398411723},"player":{"name":"Template","race":"dwarf","level":120,"role":"attack","specialization":"Outlaw Rogue","profile_source":"default","talents":[{"tier":1,"id":22119,"spell_id":196938,"name":"Quick Draw"},{"tier":2,"id":19238,"spell_id":196922,"name":"Hit and Run"},{"tier":3,"id":19239,"spell_id":14983,"name":"Vigor"},{"tier":6,"id":23128,"spell_id":193539,"name":"Alacrity"},{"tier":7,"id":23175,"spell_id":51690,"name":"Killing Spree"}],"party":0,"ready_type":1,"bugs":true,"scale_player":true,"potion_used":false,"timeofday":"DAY_TIME","invert_scaling":0,"reaction_offset":0.1,"reaction_max":1.4000000000000001,"reaction_mean":0.3,"reaction_stddev":0.06,"reaction_nu":0.25,"world_lag":0.1,"brain_lag":0.0,"brain_lag_stddev":0.0,"world_lag_override":false,"world_lag_stddev_override":false,"dbc":{"bfa-BETA":{"build_level":26095,"wow_version":"8.0.1"},"version_used":"bfa-BETA"},"base_energy_regen_per_second":14.85,"collected_data":{"fight_length":{"sum":727379.024,"count":2424,"mean":300.07385478547855,"min":240.216,"max":359.794},"waiting_time":{"sum":54878.21200000001,"count":2424,"mean":22.639526402640268,"min":4.3950000000000005,"max":42.462},"executed_foreground_actions":{"sum":686935.0,"count":2424,"mean":283.38902640264024,"min":215.0,"max":358.0},"dmg":{"sum":16884000015.775227,"count":2424,"mean":6965346.5411613975,"min":4855886.27025869,"max":9645269.554660412},"compound_dmg":{"sum":16884000015.775227,"count":2424,"mean":6965346.5411613975,"min":4855886.27025869,"max":9645269.554660412},"timeline_dmg":{"mean":23114.21170321688,"mean_std_dev":13627.468872571215,"min":3322.6457516877645,"max":59855.14977135978,