{"results":[["Trait","325","340","355","370","385"],["Laser Matrix",333,521,709,911,1198],["Archive of the Titans",214,384,538,702,964],["Relational Normalization Gizmo",243,383,553,756,968],["Synaptic Spark Capacitor",482,671,893,1147,1425],["Ricocheting Inflatable Pyrosaw",236,383,506,757,967],["Heed My Call",184,328,475,672,889],["Barrage Of Many Bombs",429,597,833,1050,1325],["Tidal Surge",234,392,582,778,1001],["Collective Will / Stand As One",88,207,358,514,709],["On My Way",33,223,355,510,723],["Indomitable Justice",154,284,444,584,838],["Combined Might / Stronger Together",35,163,281,441,647],["Sylvanas' Resolve / Anduin's Dedication",203,382,542,748,964],["Battlefield Focus / Battlefield Precision",199,315,527,717,911],["Gutripper",121,222,380,557,782],["Retaliatory Fury / Last Gift",154,286,422,555,755],["Glory in Battle / Liberator's Might",198,310,471,632,848],["Expurgation",122,265,458,640,851],["Dagger in the Back",280,450,672,859,1138],["Secrets of the Deep",252,380,553,759,996],["Unstable Flames",83,234,385,589,738],["Earthlink",108,194,365,543,737],["Blood Rite",215,328,466,632,833],["Relentless Inquisitor",292,415,563,773,970],["Swirling Sands",244,390,583,736,938],["Meticulous Scheming",236,385,556,765,947],["Incite the Pack",230,389,536,743,939],["Unstable Catalyst",258,381,570,782,1008],["Azerite Globules",200,316,498,693,911],["Tradewinds",280,401,577,744,926],["Divine Right",223,390,574,764,1005],["Blood Siphon",81,212,377,513,714],["Ruinous Bolt",134,291,428,612,861],["Thunderous Blast",358,512,729,940,1229],["Champion of Azeroth",340,474,657,842,1053],["Overwhelming Power",142,242,390,592,767],["Deferred Sentence",-15,103,252,373,613],["Filthy Transfusion",235,377,561,747,1021],["Avenger's Might",227,344,517,677,893],["Lifespeed",118,226,370,572,697],["Rezan's Fury",257,447,613,809,1071],["Zealotry",125,247,427,598,813],["Blightborne Infusion",322,458,605,806,1011],["Elemental Whirl",114,223,389,524,740]],"metas":{"build_date":"Aug 27 2018","build_time":"13:50:42","git_revision":"4aa7462e31","options":{"debug":false,"max_time":300.0,"expected_iteration_time":283.03000000000003,"vary_combat_length":0.2,"iterations":901,"target_error":0.2,"threads":32,"seed":15532810616147486627,"single_actor_batch":false,"queue_lag":0.005,"queue_lag_stddev":0.001,"gcd_lag":0.15,"gcd_lag_stddev":0.037,"channel_lag":0.25,"channel_lag_stddev":0.062,"queue_gcd_reduction":0.1,"strict_gcd_queue":0,"confidence":0.95,"confidence_estimator":1.9599639854089754,"world_lag":0.1,"world_lag_stddev":0.01,"travel_variance":0.0,"default_skill":1.0,"reaction_time":0.5,"regen_periodicity":0.25,"ignite_sampling_delta":0.2,"fixed_time":true,"optimize_expressions":true,"optimal_raid":1,"log":0,"debug_each":0,"stat_cache":1,"max_aoe_enemies":20,"show_etmi":false,"tmi_window_global":0.0,"tmi_bin_size":0.5,"enemy_death_pct":0.0,"challenge_mode":false,"timewalk":-1,"pvp_crit":false,"rng":{"name":"sse2-sfmt"},"deterministic":0,"average_range":1,"average_gauss":0,"fight_style":"Patchwerk","default_aura_delay":0.03,"default_aura_delay_stddev":0.005,"dbc":{"Live":{"build_level":27404,"wow_version":"8.0.1"},"version_used":"Live"}},"overrides":{"arcane_intellect":1,"battle_shout":1,"power_word_fortitude":1,"chaos_brand":1,"mystic_touch":1,"mortal_wounds":1,"bleeding":1,"bloodlust":1,"bloodlust_percent":25,"bloodlust_time":0.5},"statistics":{"elapsed_cpu_seconds":16529.266186999994,"elapsed_time_seconds":17.426141,"init_time_seconds":3.5333689689999996,"merge_time_seconds":0.006471905000000003,"analyze_time_seconds":0.18666081299999995,"simulation_length":{"sum":261079.993,"count":869,"mean":300.4372761795167,"min":240.094,"max":359.73,"median":300.549,"variance":1204.2831917534143,"std_dev":34.70278363119325,"mean_variance":1.3858264577139405,"mean_std_dev":1.1772113054647158},"raid_dps":{"sum":11366828.542169886,"count":869,"mean":13080.355054280652},"total_dmg":{"sum":3411716614.4168687,"count":869,"mean":3926026.0234946706},"total_iterations":194798,"total_actors":221,"total_iterations_mean":881.4389140271493,"total_iterations_variance":664408.4253393661,"total_iterations_stddev":815.1125231152851,"total_mean_dps_stddev":13.882427422290055,"total_mean_dps_variance":192.7217911351509},"player":{"name":"Template","race":"human","level":120,"role":"attack","specialization":"Retribution Paladin","profile_source":"default","talents":[{"tier":1,"id":22557,"spell_id":267610,"name":"Righteous Verdict"},{"tier":2,"id":22593,"spell_id":24275,"name":"Hammer of Wrath"},{"tier":4,"id":22183,"spell_id":255937,"name":"Wake of Ashes"},{"tier":7,"id":22634,"spell_id":84963,"name":"Inquisition"}],"party":0,"ready_type":0,"bugs":true,"scale_player":true,"potion_used":false,"timeofday":"DAY_TIME","invert_scaling":0,"reaction_offset":0.1,"reaction_max":1.4000000000000001,"reaction_mean":0.3,"reaction_stddev":0.06,"reaction_nu":0.25,"world_lag":0.1,"brain_lag":0.0,"brain_lag_stddev":0.0,"world_lag_override":false,"world_lag_stddev_override":false,"dbc":{"Live":{"build_level":27404,"wow_version":"8.0.1"},"version_used":"Live"},"base_mana_regen_per_second":300.0,"collected_data":{"fight_length":{"sum":261079.993,"count":869,"mean":300.4372761795167,"min":240.094,"max":359.73},"waiting_time":{"sum":25301.8,"count":869,"mean":29.115995397008053,"min":17.2,"max":41.1},"executed_foreground_actions":{"sum":209862.0,"count":869,"mean":241.4982738780207,"min":193.0,"max":294.0},"dmg":{"sum":3411716614.4168687,"count":869,"mean":3926026.0234946706,"min":2970253.343355807,"max":4861342.640081778},"compound_dmg":{"sum":3411716614.4168687,"count":869,"mean":3926026.0234946706,"min":2970253.343355807,"max":4861342.640081778},"timeline_dmg":{"mean":13215.193401298002,"mean_std_dev":7739.988177887075,"min":595.8520428553447,"max":60353.18084087603,