{"results":[["Trait","325","340","355","370","385"],["Laser Matrix",377,647,898,1159,1567],["Archive of the Titans",429,643,894,1149,1474],["Relational Normalization Gizmo",397,555,877,1124,1390],["Synaptic Spark Capacitor",557,798,1090,1395,1819],["Sylvanas' Resolve / Anduin's Dedication",365,543,799,1126,1479],["Gutripper",131,332,527,752,1060],["Swirling Sands",529,752,973,1266,1623],["Tradewinds",375,610,817,1093,1441],["Ricocheting Inflatable Pyrosaw",283,523,753,1004,1364],["Heed My Call",173,415,647,888,1230],["Barrage Of Many Bombs",532,799,1014,1361,1750],["Snake Eyes",307,526,797,1101,1429],["Tidal Surge",295,504,748,1038,1337],["Collective Will / Stand As One",113,360,537,841,1083],["Combined Might / Stronger Together",88,317,450,731,974],["Battlefield Focus / Battlefield Precision",318,522,735,1063,1352],["Retaliatory Fury / Last Gift",182,393,617,861,1154],["Glory in Battle / Liberator's Might",309,528,756,1045,1283],["Blood Rite",284,422,681,934,1208],["Unstable Flames",250,382,611,842,1135],["Meticulous Scheming",315,518,734,987,1280],["Incite the Pack",366,525,758,1043,1329],["Unstable Catalyst",374,665,942,1169,1580],["Deadshot",479,720,1042,1452,1832],["Azerite Globules",233,442,707,975,1248],["Storm of Steel",372,582,919,1186,1550],["Earthlink",143,388,535,837,1128],["Dagger in the Back",371,601,838,1166,1465],["Secrets of the Deep",403,627,859,1188,1556],["Blood Siphon",146,294,545,782,1037],["Brigand's Blitz",298,504,709,933,1256],["Ruinous Bolt",186,445,597,887,1138],["Blightborne Infusion",593,804,1033,1354,1637],["Overwhelming Power",145,278,533,734,1017],["Rezan's Fury",318,522,800,1055,1410],["Paradise Lost",252,551,735,1016,1366],["Thunderous Blast",437,649,927,1235,1573],["Champion of Azeroth",547,778,1037,1321,1626],["Filthy Transfusion",246,500,669,937,1254],["Ace Up Your Sleeve",57,231,491,692,1022],["Elemental Whirl",163,364,584,830,1077]],"metas":{"build_date":"Aug 29 2018","build_time":"06:51:22","git_revision":"744e4aaddc","options":{"debug":false,"max_time":300.0,"expected_iteration_time":274.19100000000003,"vary_combat_length":0.2,"iterations":2514,"target_error":0.2,"threads":32,"seed":3006673990555865385,"single_actor_batch":false,"queue_lag":0.005,"queue_lag_stddev":0.001,"gcd_lag":0.15,"gcd_lag_stddev":0.037,"channel_lag":0.25,"channel_lag_stddev":0.062,"queue_gcd_reduction":0.1,"strict_gcd_queue":0,"confidence":0.95,"confidence_estimator":1.9599639854089754,"world_lag":0.1,"world_lag_stddev":0.01,"travel_variance":0.0,"default_skill":1.0,"reaction_time":0.5,"regen_periodicity":0.25,"ignite_sampling_delta":0.2,"fixed_time":true,"optimize_expressions":true,"optimal_raid":1,"log":0,"debug_each":0,"stat_cache":1,"max_aoe_enemies":20,"show_etmi":false,"tmi_window_global":0.0,"tmi_bin_size":0.5,"enemy_death_pct":0.0,"challenge_mode":false,"timewalk":-1,"pvp_crit":false,"rng":{"name":"sse2-sfmt"},"deterministic":0,"average_range":1,"average_gauss":0,"fight_style":"Patchwerk","default_aura_delay":0.03,"default_aura_delay_stddev":0.005,"dbc":{"Live":{"build_level":27481,"wow_version":"8.0.1"},"version_used":"Live"}},"overrides":{"arcane_intellect":1,"battle_shout":1,"power_word_fortitude":1,"chaos_brand":1,"mystic_touch":1,"mortal_wounds":1,"bleeding":1,"bloodlust":1,"bloodlust_percent":25,"bloodlust_time":0.5},"statistics":{"elapsed_cpu_seconds":59365.398782000026,"elapsed_time_seconds":62.994526,"init_time_seconds":2.7894576039999994,"merge_time_seconds":0.007827479999999998,"analyze_time_seconds":0.43429594400000016,"simulation_length":{"sum":744129.6290000001,"count":2482,"mean":299.81048710717164,"min":240.013,"max":359.997,"median":299.778,"variance":1214.5295443191324,"std_dev":34.85010106612508,"mean_variance":0.4893350299432443,"mean_std_dev":0.6995248601323932},"raid_dps":{"sum":57688447.35306286,"count":2482,"mean":23242.726572547486},"total_dmg":{"sum":17289676097.672493,"count":2482,"mean":6966025.825009063},"total_iterations":474375,"total_actors":206,"total_iterations_mean":2302.7912621359224,"total_iterations_variance":1809988.0242718444,"total_iterations_stddev":1345.3579539556915,"total_mean_dps_stddev":24.521942986118507,"total_mean_dps_variance":601.3256878144466},"player":{"name":"Template","race":"dwarf","level":120,"role":"attack","specialization":"Outlaw Rogue","profile_source":"default","talents":[{"tier":1,"id":22119,"spell_id":196938,"name":"Quick Draw"},{"tier":2,"id":19238,"spell_id":196922,"name":"Hit and Run"},{"tier":3,"id":19239,"spell_id":14983,"name":"Vigor"},{"tier":6,"id":23128,"spell_id":193539,"name":"Alacrity"},{"tier":7,"id":23175,"spell_id":51690,"name":"Killing Spree"}],"party":0,"ready_type":1,"bugs":true,"scale_player":true,"potion_used":false,"timeofday":"DAY_TIME","invert_scaling":0,"reaction_offset":0.1,"reaction_max":1.4000000000000001,"reaction_mean":0.3,"reaction_stddev":0.06,"reaction_nu":0.25,"world_lag":0.1,"brain_lag":0.0,"brain_lag_stddev":0.0,"world_lag_override":false,"world_lag_stddev_override":false,"dbc":{"Live":{"build_level":27481,"wow_version":"8.0.1"},"version_used":"Live"},"base_energy_regen_per_second":14.85,"collected_data":{"fight_length":{"sum":744129.629,"count":2482,"mean":299.81048710717164,"min":240.013,"max":359.997},"waiting_time":{"sum":55890.241000000016,"count":2482,"mean":22.518227639000813,"min":6.5360000000000005,"max":37.709},"executed_foreground_actions":{"sum":703434.0,"count":2482,"mean":283.41418211120066,"min":212.0,"max":366.0},"dmg":{"sum":17289676097.672493,"count":2482,"mean":6966025.825009063,"min":4683331.735994012,"max":9366673.7435516},"compound_dmg":{"sum":17289676097.672493,"count":2482,"mean":6966025.825009063,"min":4683331.735994012,"max":9366673.7435516},"timeline_dmg":{"mean":23151.66897545231,"mean_std_dev":13622.428005543481,"min":7129.701274608663,"max":60436.58791747209,