{"results":[["Trait","325","340","355","370","385"],["Thunderous Blast",430,659,895,1181,1476],["Dagger in the Back",488,636,892,1196,1523],["Unstable Flames",153,356,562,707,1034],["Secrets of the Deep",344,565,770,1050,1355],["Gutripper",161,302,481,717,948],["Blood Rite",264,421,612,882,1124],["Heed My Call",201,414,619,872,1137],["Tidal Surge",245,515,721,948,1265],["Filthy Transfusion",256,461,646,903,1216],["Relational Normalization Gizmo",369,548,767,1008,1275],["Synaptic Spark Capacitor",633,869,1202,1475,1873],["Sylvanas' Resolve / Anduin's Dedication",331,516,730,1001,1347],["Swirling Sands",486,657,907,1119,1364],["Meticulous Scheming",292,481,643,903,1176],["Ricocheting Inflatable Pyrosaw",370,572,781,1065,1399],["Laser Matrix",353,610,873,1101,1406],["Tradewinds",348,505,725,953,1250],["Collective Will / Stand As One",128,290,500,680,1004],["Barrage Of Many Bombs",609,795,1160,1396,1801],["Snake Eyes",141,317,470,718,970],["Overwhelming Power",135,285,465,666,949],["Paradise Lost",380,532,763,1074,1399],["Brigand's Blitz",321,463,685,914,1179],["Azerite Globules",292,448,666,926,1271],["Ace Up Your Sleeve",95,245,451,650,889],["Deadshot",429,669,982,1303,1664],["Incite the Pack",320,506,715,905,1198],["Combined Might / Stronger Together",70,195,434,632,882],["Storm of Steel",380,559,812,1070,1390],["Battlefield Focus / Battlefield Precision",22,223,346,549,844],["Retaliatory Fury / Last Gift",167,342,566,780,1006],["Glory in Battle / Liberator's Might",322,436,661,880,1184],["Ruinous Bolt",190,325,533,770,1088],["Unstable Catalyst",357,538,748,1081,1375],["Blood Siphon",182,280,480,691,903],["Champion of Azeroth",470,676,938,1158,1410],["Blightborne Infusion",523,735,931,1172,1486],["Earthlink",144,296,487,727,1022],["Rezan's Fury",352,534,747,974,1319],["Elemental Whirl",164,308,538,757,962]],"metas":{"build_date":"Aug 18 2018","build_time":"08:59:09","git_revision":"7948886e6d","options":{"debug":false,"max_time":300.0,"expected_iteration_time":245.66400000000002,"vary_combat_length":0.2,"iterations":2278,"target_error":0.2,"threads":32,"seed":18264077281318605759,"single_actor_batch":false,"queue_lag":0.005,"queue_lag_stddev":0.001,"gcd_lag":0.15,"gcd_lag_stddev":0.037,"channel_lag":0.25,"channel_lag_stddev":0.062,"queue_gcd_reduction":0.1,"strict_gcd_queue":0,"confidence":0.95,"confidence_estimator":1.9599639854089754,"world_lag":0.1,"world_lag_stddev":0.01,"travel_variance":0.0,"default_skill":1.0,"reaction_time":0.5,"regen_periodicity":0.25,"ignite_sampling_delta":0.2,"fixed_time":true,"optimize_expressions":true,"optimal_raid":1,"log":0,"debug_each":0,"stat_cache":1,"max_aoe_enemies":20,"show_etmi":false,"tmi_window_global":0.0,"tmi_bin_size":0.5,"enemy_death_pct":0.0,"challenge_mode":false,"timewalk":-1,"pvp_crit":false,"rng":{"name":"sse2-sfmt"},"deterministic":0,"average_range":1,"average_gauss":0,"fight_style":"Patchwerk","default_aura_delay":0.03,"default_aura_delay_stddev":0.005,"dbc":{"bfa-BETA":{"build_level":26095,"wow_version":"8.0.1"},"version_used":"bfa-BETA"}},"overrides":{"arcane_intellect":1,"battle_shout":1,"power_word_fortitude":1,"chaos_brand":1,"mystic_touch":1,"mortal_wounds":1,"bleeding":1,"bloodlust":1,"bloodlust_percent":25,"bloodlust_time":0.5},"statistics":{"elapsed_cpu_seconds":36964.358634999975,"elapsed_time_seconds":39.352037,"init_time_seconds":2.394845806999999,"merge_time_seconds":0.0069869999999999976,"analyze_time_seconds":0.44960556700000026,"simulation_length":{"sum":674904.588,"count":2246,"mean":300.49180231522706,"min":240.012,"max":359.934,"median":300.322,"variance":1184.9705214293092,"std_dev":34.423400782451886,"mean_variance":0.5275915055339756,"mean_std_dev":0.7263549445925013},"raid_dps":{"sum":46945550.268168956,"count":2246,"mean":20901.847848694993},"total_dmg":{"sum":14093291176.096588,"count":2246,"mean":6274840.238689487},"total_iterations":448170,"total_actors":201,"total_iterations_mean":2229.7014925373132,"total_iterations_variance":1474894.089552239,"total_iterations_stddev":1214.452176725061,"total_mean_dps_stddev":22.063650574506124,"total_mean_dps_variance":486.8046766739044},"player":{"name":"Template","race":"dwarf","level":120,"role":"attack","specialization":"Outlaw Rogue","profile_source":"default","talents":[{"tier":1,"id":22119,"spell_id":196938,"name":"Quick Draw"},{"tier":2,"id":19238,"spell_id":196922,"name":"Hit and Run"},{"tier":3,"id":19239,"spell_id":14983,"name":"Vigor"},{"tier":6,"id":23128,"spell_id":193539,"name":"Alacrity"},{"tier":7,"id":23175,"spell_id":51690,"name":"Killing Spree"}],"party":0,"ready_type":1,"bugs":true,"scale_player":true,"potion_used":false,"timeofday":"DAY_TIME","invert_scaling":0,"reaction_offset":0.1,"reaction_max":1.4000000000000001,"reaction_mean":0.3,"reaction_stddev":0.06,"reaction_nu":0.25,"world_lag":0.1,"brain_lag":0.0,"brain_lag_stddev":0.0,"world_lag_override":false,"world_lag_stddev_override":false,"dbc":{"bfa-BETA":{"build_level":26095,"wow_version":"8.0.1"},"version_used":"bfa-BETA"},"base_energy_regen_per_second":14.85,"collected_data":{"fight_length":{"sum":674904.588,"count":2246,"mean":300.49180231522706,"min":240.012,"max":359.934},"waiting_time":{"sum":49706.183,"count":2246,"mean":22.13098085485307,"min":4.231,"max":40.583},"executed_foreground_actions":{"sum":636872.0,"count":2246,"mean":283.5583259127337,"min":215.0,"max":355.0},"dmg":{"sum":14093291176.096588,"count":2246,"mean":6274840.238689487,"min":4550784.925820441,"max":8238776.186978034},"compound_dmg":{"sum":14093291176.096588,"count":2246,"mean":6274840.238689487,"min":4550784.925820441,"max":8238776.186978034},"timeline_dmg":{"mean":20778.891551100292,"mean_std_dev":8999.152043667062,"min":5902.908291901482,"max":58902.80121261464,