{"results":[["Trait","325","340","355","370","385"],["Laser Matrix",320,499,685,894,1209],["Archive of the Titans",259,430,613,845,1068],["Relational Normalization Gizmo",290,450,648,901,1096],["Synaptic Spark Capacitor",437,629,841,1094,1425],["Swirling Sands",390,554,702,963,1204],["Tradewinds",236,403,569,786,992],["Ancestral Resonance",300,493,671,889,1110],["Ricocheting Inflatable Pyrosaw",200,362,514,769,990],["Barrage Of Many Bombs",386,559,797,1034,1316],["Rumbling Tremors",272,441,638,856,1121],["Synapse Shock",226,410,599,810,1068],["Tidal Surge",181,357,562,747,1039],["Collective Will / Stand As One",75,227,393,594,810],["On My Way",75,223,398,576,788],["Combined Might / Stronger Together",40,188,341,556,770],["Sylvanas' Resolve / Anduin's Dedication",252,461,663,859,1134],["Battlefield Focus / Battlefield Precision",78,231,401,581,821],["Gutripper",135,244,424,617,867],["Retaliatory Fury / Last Gift",127,269,447,623,850],["Lava Shock",91,321,454,661,916],["Echo of the Elementals",233,388,578,800,1125],["Glory in Battle / Liberator's Might",234,365,575,785,947],["Blood Rite",204,375,529,735,953],["Heed My Call",124,324,468,649,964],["Meticulous Scheming",205,369,545,712,953],["Incite the Pack",208,389,539,767,951],["Natural Harmony",210,368,516,760,931],["Unstable Flames",121,305,419,638,860],["Unstable Catalyst",292,471,685,932,1208],["Azerite Globules",85,236,417,612,844],["Earthlink",91,238,400,622,839],["Rezan's Fury",217,366,561,776,1015],["Igneous Potential",218,360,540,795,1054],["Filthy Transfusion",206,358,549,764,1032],["Thunderous Blast",350,528,731,1002,1262],["Secrets of the Deep",239,439,643,883,1160],["Dagger in the Back",208,375,597,814,1067],["Blood Siphon",76,224,416,568,745],["Champion of Azeroth",391,506,753,949,1180],["Overwhelming Power",135,295,412,642,867],["Elemental Whirl",87,236,428,612,808],["Blightborne Infusion",438,601,792,1033,1287],["Ruinous Bolt",140,276,442,635,898]],"metas":{"build_date":"Aug 29 2018","build_time":"06:51:22","git_revision":"744e4aaddc","options":{"debug":false,"max_time":300.0,"expected_iteration_time":346.65500000000003,"vary_combat_length":0.2,"iterations":785,"target_error":0.2,"threads":32,"seed":3756579992648060812,"single_actor_batch":false,"queue_lag":0.005,"queue_lag_stddev":0.001,"gcd_lag":0.15,"gcd_lag_stddev":0.037,"channel_lag":0.25,"channel_lag_stddev":0.062,"queue_gcd_reduction":0.1,"strict_gcd_queue":0,"confidence":0.95,"confidence_estimator":1.9599639854089754,"world_lag":0.1,"world_lag_stddev":0.01,"travel_variance":0.0,"default_skill":1.0,"reaction_time":0.5,"regen_periodicity":0.25,"ignite_sampling_delta":0.2,"fixed_time":true,"optimize_expressions":true,"optimal_raid":1,"log":0,"debug_each":0,"stat_cache":1,"max_aoe_enemies":20,"show_etmi":false,"tmi_window_global":0.0,"tmi_bin_size":0.5,"enemy_death_pct":0.0,"challenge_mode":false,"timewalk":-1,"pvp_crit":false,"rng":{"name":"sse2-sfmt"},"deterministic":0,"average_range":1,"average_gauss":0,"fight_style":"Patchwerk","default_aura_delay":0.03,"default_aura_delay_stddev":0.005,"dbc":{"Live":{"build_level":27481,"wow_version":"8.0.1"},"version_used":"Live"}},"overrides":{"arcane_intellect":1,"battle_shout":1,"power_word_fortitude":1,"chaos_brand":1,"mystic_touch":1,"mortal_wounds":1,"bleeding":1,"bloodlust":1,"bloodlust_percent":25,"bloodlust_time":0.5},"statistics":{"elapsed_cpu_seconds":13899.787607000002,"elapsed_time_seconds":14.643186,"init_time_seconds":3.225561201999999,"merge_time_seconds":0.008079503,"analyze_time_seconds":0.15277931000000006,"simulation_length":{"sum":226691.76800000004,"count":753,"mean":301.0514847277557,"min":240.28,"max":359.82,"median":303.134,"variance":1177.746263081108,"std_dev":34.31830798686188,"mean_variance":1.564072062524712,"mean_std_dev":1.2506286669210458},"raid_dps":{"sum":10752061.92112034,"count":753,"mean":14278.966694714927},"total_dmg":{"sum":3234234243.806923,"count":753,"mean":4295131.79788436},"total_iterations":157114,"total_actors":216,"total_iterations_mean":727.3796296296297,"total_iterations_variance":790718.8703703707,"total_iterations_stddev":889.2237459550721,"total_mean_dps_stddev":15.15408383974876,"total_mean_dps_variance":229.6462570221345},"player":{"name":"Template","race":"troll","level":120,"role":"spell","specialization":"Elemental Shaman","profile_source":"default","talents":[{"tier":1,"id":22357,"spell_id":108283,"name":"Echo of the Elements"},{"tier":2,"id":23190,"spell_id":210643,"name":"Totem Mastery"},{"tier":4,"id":19273,"spell_id":192222,"name":"Liquid Magma Totem"},{"tier":6,"id":19266,"spell_id":117013,"name":"Primal Elementalist"},{"tier":7,"id":21675,"spell_id":114050,"name":"Ascendance"}],"party":0,"ready_type":0,"bugs":true,"scale_player":true,"potion_used":false,"timeofday":"DAY_TIME","invert_scaling":0,"reaction_offset":0.1,"reaction_max":1.4000000000000001,"reaction_mean":0.3,"reaction_stddev":0.06,"reaction_nu":0.25,"world_lag":0.1,"brain_lag":0.0,"brain_lag_stddev":0.0,"world_lag_override":false,"world_lag_stddev_override":false,"dbc":{"Live":{"build_level":27481,"wow_version":"8.0.1"},"version_used":"Live"},"base_mana_regen_per_second":640.0,"collected_data":{"fight_length":{"sum":226691.76800000007,"count":753,"mean":301.05148472775574,"min":240.28,"max":359.82},"executed_foreground_actions":{"sum":172997.0,"count":753,"mean":229.7436918990704,"min":185.0,"max":273.0},"dmg":{"sum":2674133550.051027,"count":753,"mean":3551306.1753665693,"min":2655285.2634943635,"max":4393578.010134965},"compound_dmg":{"sum":3234234243.806923,"count":753,"mean":4295131.79788436,"min":3320613.0667237067,"max":5308067.49088052},"timeline_dmg":{"mean":14530.66128029504,"mean_std_dev":8212.03132275217,"min":1070.1211947775664,"max":53161.21614853094,