{"results":[["Trait","325","340","355","370","385"],["Laser Matrix",345,487,695,921,1193],["Archive of the Titans",242,422,593,762,984],["Relational Normalization Gizmo",267,442,585,803,1007],["Synaptic Spark Capacitor",494,679,894,1137,1414],["Gutripper",103,233,386,563,773],["Sylvanas' Resolve / Anduin's Dedication",251,424,602,806,1049],["Swirling Sands",212,361,537,686,904],["Tradewinds",233,370,540,703,924],["Ricocheting Inflatable Pyrosaw",207,339,499,689,951],["Heed My Call",175,311,456,655,868],["Elemental Whirl",97,228,370,524,748],["Unerring Vision",118,255,390,547,745],["Arcane Flurry",24,175,327,476,671],["Tidal Surge",250,395,588,798,1041],["Collective Will / Stand As One",92,223,362,558,721],["Combined Might / Stronger Together",80,194,338,478,659],["Barrage Of Many Bombs",370,551,736,965,1234],["Battlefield Focus / Battlefield Precision",157,268,445,623,825],["Retaliatory Fury / Last Gift",133,254,404,563,753],["Glory in Battle / Liberator's Might",174,301,446,624,829],["Blood Rite",205,340,493,684,886],["Unstable Flames",70,226,345,514,684],["Meticulous Scheming",472,650,847,1030,1262],["Incite the Pack",201,353,501,708,895],["In The Rhythm",225,361,525,679,878],["Unstable Catalyst",258,449,656,844,1092],["Azerite Globules",153,280,430,619,835],["Steady Aim",265,443,626,850,1075],["Earthlink",90,251,373,561,776],["Focused Fire",200,356,521,715,942],["Rezan's Fury",235,412,598,799,1038],["Secrets of the Deep",275,397,593,808,1013],["Dagger in the Back",292,429,637,848,1100],["Blood Siphon",164,291,452,619,837],["Ruinous Bolt",136,284,480,630,823],["Thunderous Blast",359,546,722,966,1235],["Rapid Reload",100,215,386,549,759],["Overwhelming Power",132,249,439,598,761],["Champion of Azeroth",311,431,620,802,1000],["Filthy Transfusion",244,378,581,740,1006],["Blightborne Infusion",267,421,562,740,955]],"metas":{"build_date":"Aug 27 2018","build_time":"13:50:42","git_revision":"4aa7462e31","options":{"debug":false,"max_time":300.0,"expected_iteration_time":270.19100000000003,"vary_combat_length":0.2,"iterations":985,"target_error":0.2,"threads":32,"seed":2690237358427661882,"single_actor_batch":false,"queue_lag":0.005,"queue_lag_stddev":0.001,"gcd_lag":0.15,"gcd_lag_stddev":0.037,"channel_lag":0.25,"channel_lag_stddev":0.062,"queue_gcd_reduction":0.1,"strict_gcd_queue":0,"confidence":0.95,"confidence_estimator":1.9599639854089754,"world_lag":0.1,"world_lag_stddev":0.01,"travel_variance":0.0,"default_skill":1.0,"reaction_time":0.5,"regen_periodicity":0.25,"ignite_sampling_delta":0.2,"fixed_time":true,"optimize_expressions":true,"optimal_raid":1,"log":0,"debug_each":0,"stat_cache":1,"max_aoe_enemies":20,"show_etmi":false,"tmi_window_global":0.0,"tmi_bin_size":0.5,"enemy_death_pct":0.0,"challenge_mode":false,"timewalk":-1,"pvp_crit":false,"rng":{"name":"sse2-sfmt"},"deterministic":0,"average_range":1,"average_gauss":0,"fight_style":"Patchwerk","default_aura_delay":0.03,"default_aura_delay_stddev":0.005,"dbc":{"Live":{"build_level":27404,"wow_version":"8.0.1"},"version_used":"Live"}},"overrides":{"arcane_intellect":1,"battle_shout":1,"power_word_fortitude":1,"chaos_brand":1,"mystic_touch":1,"mortal_wounds":1,"bleeding":1,"bloodlust":1,"bloodlust_percent":25,"bloodlust_time":0.5},"statistics":{"elapsed_cpu_seconds":14087.304002000006,"elapsed_time_seconds":15.314454999999999,"init_time_seconds":2.720438150000002,"merge_time_seconds":0.006853374000000001,"analyze_time_seconds":0.1815512510000001,"simulation_length":{"sum":284564.0290000001,"count":953,"mean":298.59814165792244,"min":240.05100000000002,"max":359.964,"median":296.434,"variance":1214.0564822852846,"std_dev":34.84331330808373,"mean_variance":1.2739312510863428,"mean_std_dev":1.1286856298750076},"raid_dps":{"sum":12096663.725111611,"count":953,"mean":12693.246301271365},"total_dmg":{"sum":3609697387.6285124,"count":953,"mean":3787720.2388546825},"total_iterations":187651,"total_actors":206,"total_iterations_mean":910.9271844660194,"total_iterations_variance":779319.9077669906,"total_iterations_stddev":882.7909762605135,"total_mean_dps_stddev":13.500995577038166,"total_mean_dps_variance":182.27688157120411},"player":{"name":"Template","race":"lightforged_draenei","level":120,"role":"attack","specialization":"Marksmanship Hunter","profile_source":"default","talents":[{"tier":1,"id":22501,"spell_id":271788,"name":"Serpent Sting"},{"tier":2,"id":22495,"spell_id":260228,"name":"Careful Aim"},{"tier":4,"id":21998,"spell_id":257284,"name":"Hunter's Mark"},{"tier":6,"id":23063,"spell_id":260393,"name":"Lethal Shots"},{"tier":7,"id":22308,"spell_id":194595,"name":"Lock and Load"}],"party":0,"ready_type":0,"bugs":true,"scale_player":true,"potion_used":false,"timeofday":"DAY_TIME","invert_scaling":0,"reaction_offset":0.1,"reaction_max":1.4000000000000001,"reaction_mean":0.3,"reaction_stddev":0.06,"reaction_nu":0.25,"world_lag":0.1,"brain_lag":0.0,"brain_lag_stddev":0.0,"world_lag_override":false,"world_lag_stddev_override":false,"dbc":{"Live":{"build_level":27404,"wow_version":"8.0.1"},"version_used":"Live"},"base_focus_regen_per_second":2.999999999999999,"collected_data":{"fight_length":{"sum":284564.029,"count":953,"mean":298.5981416579223,"min":240.05100000000002,"max":359.964},"executed_foreground_actions":{"sum":207856.0,"count":953,"mean":218.10703043022036,"min":178.0,"max":259.0},"dmg":{"sum":3339145337.3840523,"count":953,"mean":3503825.1179266027,"min":2592099.661568946,"max":4390232.891301793},"compound_dmg":{"sum":3609697387.6285124,"count":953,"mean":3787720.2388546825,"min":2812108.814423561,"max":4724541.733817594},"timeline_dmg":{"mean":13082.936501530136,"mean_std_dev":8511.762429993047,"min":1529.7488329434154,"max":120400.46361339088,