{"results":[["Trait","325","340","355","370","385"],["In The Rhythm",81,147,283,403,560],["Relational Normalization Gizmo",222,331,470,654,797],["Thunderous Blast",346,500,685,861,1097],["Azerite Globules",76,179,298,432,582],["Tidal Surge",260,408,543,713,909],["Dagger in the Back",370,512,677,887,1101],["Unstable Flames",40,170,263,406,553],["Secrets of the Deep",201,316,447,646,810],["Heed My Call",108,221,360,495,681],["Blood Rite",161,287,392,521,699],["Filthy Transfusion",230,370,509,695,867],["Synaptic Spark Capacitor",202,319,458,600,807],["Gutripper",71,221,330,474,630],["Sylvanas' Resolve / Anduin's Dedication",194,307,448,621,805],["Swirling Sands",160,290,412,553,690],["Meticulous Scheming",395,520,662,833,1008],["Ricocheting Inflatable Pyrosaw",95,199,334,469,636],["Laser Matrix",327,458,627,825,1030],["Tradewinds",181,279,411,549,711],["Collective Will / Stand As One",56,149,285,412,563],["Focused Fire",93,213,317,473,640],["Barrage Of Many Bombs",166,299,409,587,764],["Elemental Whirl",63,174,288,406,554],["Unerring Vision",94,216,308,479,610],["Arcane Flurry",64,170,286,421,581],["Overwhelming Power",134,226,329,450,631],["Unstable Catalyst",232,353,498,647,830],["Rapid Reload",-13,105,221,330,459],["Steady Aim",315,444,591,784,1000],["Incite the Pack",163,279,394,524,678],["Combined Might / Stronger Together",38,140,265,376,535],["Battlefield Focus / Battlefield Precision",26,111,246,376,503],["Retaliatory Fury / Last Gift",87,204,306,448,610],["Glory in Battle / Liberator's Might",123,231,380,490,652],["Ruinous Bolt",160,286,406,548,738],["Blood Siphon",119,234,358,473,615],["Champion of Azeroth",233,356,485,618,766],["Blightborne Infusion",189,315,444,587,734],["Earthlink",90,181,309,441,608],["Rezan's Fury",264,389,545,726,911]],"metas":{"build_date":"Aug 17 2018","build_time":"14:03:13","git_revision":"f3206853b5","options":{"debug":false,"max_time":300.0,"expected_iteration_time":267.51300000000003,"vary_combat_length":0.2,"iterations":1169,"target_error":0.2,"threads":32,"seed":13084338411991131578,"single_actor_batch":false,"queue_lag":0.005,"queue_lag_stddev":0.001,"gcd_lag":0.15,"gcd_lag_stddev":0.037,"channel_lag":0.25,"channel_lag_stddev":0.062,"queue_gcd_reduction":0.1,"strict_gcd_queue":0,"confidence":0.95,"confidence_estimator":1.9599639854089754,"world_lag":0.1,"world_lag_stddev":0.01,"travel_variance":0.0,"default_skill":1.0,"reaction_time":0.5,"regen_periodicity":0.25,"ignite_sampling_delta":0.2,"fixed_time":true,"optimize_expressions":true,"optimal_raid":1,"log":0,"debug_each":0,"stat_cache":1,"max_aoe_enemies":20,"show_etmi":false,"tmi_window_global":0.0,"tmi_bin_size":0.5,"enemy_death_pct":0.0,"challenge_mode":false,"timewalk":-1,"pvp_crit":false,"rng":{"name":"sse2-sfmt"},"deterministic":0,"average_range":1,"average_gauss":0,"fight_style":"Patchwerk","default_aura_delay":0.03,"default_aura_delay_stddev":0.005,"dbc":{"bfa-BETA":{"build_level":26095,"wow_version":"8.0.1"},"version_used":"bfa-BETA"}},"overrides":{"arcane_intellect":1,"battle_shout":1,"power_word_fortitude":1,"chaos_brand":1,"mystic_touch":1,"mortal_wounds":1,"bleeding":1,"bloodlust":1,"bloodlust_percent":25,"bloodlust_time":0.5},"statistics":{"elapsed_cpu_seconds":9559.298382999992,"elapsed_time_seconds":10.282402,"init_time_seconds":2.5333047489999987,"merge_time_seconds":0.0050116579999999996,"analyze_time_seconds":0.18987887100000006,"simulation_length":{"sum":342883.39099999995,"count":1137,"mean":301.56850571679854,"min":240.126,"max":359.8,"median":301.48,"variance":1184.7447497785517,"std_dev":34.420121292327714,"mean_variance":1.0419918643610833,"mean_std_dev":1.020780027410942},"raid_dps":{"sum":11367400.397315983,"count":1137,"mean":9997.713630005263},"total_dmg":{"sum":3422548824.101375,"count":1137,"mean":3010157.277134015},"total_iterations":209413,"total_actors":201,"total_iterations_mean":1041.8557213930349,"total_iterations_variance":721434.8159203979,"total_iterations_stddev":849.3731900174374,"total_mean_dps_stddev":10.627881904280414,"total_mean_dps_variance":112.9518737713311},"player":{"name":"Template","race":"lightforged_draenei","level":120,"role":"attack","specialization":"Marksmanship Hunter","profile_source":"default","talents":[{"tier":1,"id":22501,"spell_id":271788,"name":"Serpent Sting"},{"tier":2,"id":22495,"spell_id":260228,"name":"Careful Aim"},{"tier":4,"id":21998,"spell_id":257284,"name":"Hunter's Mark"},{"tier":6,"id":23063,"spell_id":260393,"name":"Lethal Shots"},{"tier":7,"id":22308,"spell_id":194595,"name":"Lock and Load"}],"party":0,"ready_type":0,"bugs":true,"scale_player":true,"potion_used":false,"timeofday":"DAY_TIME","invert_scaling":0,"reaction_offset":0.1,"reaction_max":1.4000000000000001,"reaction_mean":0.3,"reaction_stddev":0.06,"reaction_nu":0.25,"world_lag":0.1,"brain_lag":0.0,"brain_lag_stddev":0.0,"world_lag_override":false,"world_lag_stddev_override":false,"dbc":{"bfa-BETA":{"build_level":26095,"wow_version":"8.0.1"},"version_used":"bfa-BETA"},"base_focus_regen_per_second":2.999999999999999,"collected_data":{"fight_length":{"sum":342883.39099999995,"count":1137,"mean":301.56850571679854,"min":240.126,"max":359.8},"executed_foreground_actions":{"sum":252713.0,"count":1137,"mean":222.26297273526825,"min":177.0,"max":265.0},"dmg":{"sum":3096618842.100838,"count":1137,"mean":2723499.421372769,"min":2126140.403255774,"max":3379751.0630898112},"compound_dmg":{"sum":3422548824.101375,"count":1137,"mean":3010157.277134015,"min":2359003.2955487547,"max":3715974.5055215764},"timeline_dmg":{"mean":10237.732240336512,"mean_std_dev":3543.521217036446,"min":1540.763395383415,"max":38994.828706145294,