{"results":[["Trait","325","340","355","370","385"],["Thunderous Blast",367,546,810,1041,1360],["Azerite Globules",135,278,467,718,907],["Tidal Surge",293,401,650,914,1154],["Dagger in the Back",276,504,736,1032,1284],["Unstable Flames",212,351,557,796,1015],["Secrets of the Deep",362,527,793,1038,1339],["Heed My Call",160,352,527,751,1059],["Blood Rite",0,211,404,590,850],["Supreme Commander",462,647,893,1192,1469],["Relational Normalization Gizmo",138,333,551,791,1056],["Synaptic Spark Capacitor",478,686,1018,1263,1572],["Shadow's Bite",59,221,390,580,875],["Gutripper",105,311,493,677,939],["Sylvanas' Resolve / Anduin's Dedication",338,569,754,1037,1381],["Swirling Sands",350,558,753,990,1251],["Meticulous Scheming",289,460,704,928,1136],["Ricocheting Inflatable Pyrosaw",207,420,539,822,1092],["Laser Matrix",324,522,791,984,1327],["Tradewinds",458,634,871,1089,1384],["Umbral Blaze",107,277,477,653,953],["Collective Will / Stand As One",128,333,431,681,954],["Barrage Of Many Bombs",321,551,757,1046,1369],["Filthy Transfusion",193,408,617,845,1116],["Explosive Potential",215,352,552,705,960],["Incite the Pack",399,603,834,1055,1315],["Combined Might / Stronger Together",67,273,398,651,896],["Battlefield Focus / Battlefield Precision",-3,240,373,577,803],["Retaliatory Fury / Last Gift",205,430,615,825,1075],["Glory in Battle / Liberator's Might",266,430,541,819,1084],["Ruinous Bolt",138,321,527,741,1057],["Unstable Catalyst",360,573,864,1080,1396],["Forbidden Knowledge",-147,81,231,436,708],["Blood Siphon",308,473,710,931,1171],["Overwhelming Power",-198,-43,153,344,622],["Champion of Azeroth",605,747,1024,1243,1497],["Demonic Meteor",208,397,540,790,1019],["Earthlink",203,291,462,752,1004],["Rezan's Fury",230,437,636,922,1175],["Blightborne Infusion",511,718,992,1229,1505],["Elemental Whirl",166,339,488,727,983]],"metas":{"build_date":"Aug 18 2018","build_time":"08:59:09","git_revision":"7948886e6d","options":{"debug":false,"max_time":300.0,"expected_iteration_time":269.07800000000003,"vary_combat_length":0.2,"iterations":1612,"target_error":0.2,"threads":32,"seed":10783483310768592089,"single_actor_batch":false,"queue_lag":0.005,"queue_lag_stddev":0.001,"gcd_lag":0.15,"gcd_lag_stddev":0.037,"channel_lag":0.25,"channel_lag_stddev":0.062,"queue_gcd_reduction":0.1,"strict_gcd_queue":0,"confidence":0.95,"confidence_estimator":1.9599639854089754,"world_lag":0.1,"world_lag_stddev":0.01,"travel_variance":0.0,"default_skill":1.0,"reaction_time":0.5,"regen_periodicity":0.25,"ignite_sampling_delta":0.2,"fixed_time":true,"optimize_expressions":true,"optimal_raid":1,"log":0,"debug_each":0,"stat_cache":1,"max_aoe_enemies":20,"show_etmi":false,"tmi_window_global":0.0,"tmi_bin_size":0.5,"enemy_death_pct":0.0,"challenge_mode":false,"timewalk":-1,"pvp_crit":false,"rng":{"name":"sse2-sfmt"},"deterministic":0,"average_range":1,"average_gauss":0,"fight_style":"Patchwerk","default_aura_delay":0.03,"default_aura_delay_stddev":0.005,"dbc":{"bfa-BETA":{"build_level":26095,"wow_version":"8.0.1"},"version_used":"bfa-BETA"}},"overrides":{"arcane_intellect":1,"battle_shout":1,"power_word_fortitude":1,"chaos_brand":1,"mystic_touch":1,"mortal_wounds":1,"bleeding":1,"bloodlust":1,"bloodlust_percent":25,"bloodlust_time":0.5},"statistics":{"elapsed_cpu_seconds":50848.61560800001,"elapsed_time_seconds":53.72410000000001,"init_time_seconds":2.954783688999999,"merge_time_seconds":0.026389278000000006,"analyze_time_seconds":0.3430799969999999,"simulation_length":{"sum":472808.70100000006,"count":1580,"mean":299.24601329113926,"min":240.006,"max":359.985,"median":298.399,"variance":1193.4013338612158,"std_dev":34.545641314950515,"mean_variance":0.7553172999121619,"mean_std_dev":0.8690899262516865},"raid_dps":{"sum":32918976.736425996,"count":1580,"mean":20834.795402801265},"total_dmg":{"sum":9842040501.125252,"count":1580,"mean":6229139.55767421},"total_iterations":326827,"total_actors":201,"total_iterations_mean":1626.004975124378,"total_iterations_variance":4728174.995024875,"total_iterations_stddev":2174.4367075233245,"total_mean_dps_stddev":21.91614875177615,"total_mean_dps_variance":480.31757610997926},"player":{"name":"Template","race":"troll","level":120,"role":"spell","specialization":"Demonology Warlock","profile_source":"default","talents":[{"tier":1,"id":22048,"spell_id":267171,"name":"Demonic Strength"},{"tier":2,"id":23158,"spell_id":265412,"name":"Doom"},{"tier":4,"id":23160,"spell_id":264119,"name":"Summon Vilefiend"},{"tier":6,"id":23146,"spell_id":267216,"name":"Inner Demons"},{"tier":7,"id":23161,"spell_id":267214,"name":"Sacrificed Souls"}],"party":0,"ready_type":0,"bugs":true,"scale_player":true,"potion_used":false,"timeofday":"DAY_TIME","invert_scaling":0,"reaction_offset":0.1,"reaction_max":1.4000000000000001,"reaction_mean":0.3,"reaction_stddev":0.06,"reaction_nu":0.25,"world_lag":0.1,"brain_lag":0.0,"brain_lag_stddev":0.0,"world_lag_override":false,"world_lag_stddev_override":false,"dbc":{"bfa-BETA":{"build_level":26095,"wow_version":"8.0.1"},"version_used":"bfa-BETA"},"base_mana_regen_per_second":1000.0,"collected_data":{"fight_length":{"sum":472808.70099999994,"count":1580,"mean":299.2460132911392,"min":240.006,"max":359.985},"executed_foreground_actions":{"sum":361892.0,"count":1580,"mean":229.04556962025316,"min":184.0,"max":275.0},"dmg":{"sum":3861539658.531844,"count":1580,"mean":2444012.442108762,"min":1719697.3699987128,"max":3434822.670361078},"compound_dmg":{"sum":9842040501.125252,"count":1580,"mean":6229139.55767421,"min":4674663.1056352975,"max":7937418.474216799},"timeline_dmg":{"mean":20562.8800601534,"mean_std_dev":16008.883262407666,"min":1995.5574255950412,"max":104647.58169730092,