{"results":[["Trait","325","340","355","370","385"],["Thunderous Blast",362,626,838,1142,1424],["Tidal Surge",329,511,762,1045,1260],["Azerite Globules",238,437,620,926,1247],["Secrets of the Deep",435,613,852,1136,1469],["Gutripper",86,347,490,760,976],["Unstable Flames",215,377,602,865,1111],["Blood Rite",391,604,814,1024,1315],["Heed My Call",225,436,604,879,1223],["Filthy Transfusion",298,450,665,967,1211],["Relational Normalization Gizmo",438,701,896,1185,1487],["Synaptic Spark Capacitor",644,908,1189,1512,1955],["Sylvanas' Resolve / Anduin's Dedication",413,550,813,1112,1476],["Feeding Frenzy",370,510,716,962,1270],["Swirling Sands",522,725,954,1235,1548],["Meticulous Scheming",121,363,550,743,996],["Ricocheting Inflatable Pyrosaw",349,532,759,1048,1387],["Laser Matrix",327,563,826,1095,1395],["Tradewinds",504,747,984,1225,1573],["Collective Will / Stand As One",100,308,494,744,1027],["Barrage Of Many Bombs",527,809,1006,1315,1668],["Serrated Jaws",159,341,529,727,1058],["Primal Instincts",883,1055,1279,1566,1908],["Overwhelming Power",284,438,654,929,1191],["Unstable Catalyst",435,616,954,1188,1551],["Rapid Reload",260,461,712,944,1240],["Pack Alpha",19,218,369,576,855],["Dance of Death",257,498,696,985,1273],["Haze of Rage",407,594,853,1141,1487],["Dagger in the Back",408,635,850,1151,1515],["Incite the Pack",489,705,935,1148,1481],["Combined Might / Stronger Together",143,325,485,702,993],["Battlefield Focus / Battlefield Precision",96,293,510,740,958],["Retaliatory Fury / Last Gift",288,526,729,972,1194],["Glory in Battle / Liberator's Might",309,583,777,1040,1341],["Ruinous Bolt",192,363,602,866,1088],["Blood Siphon",213,357,575,819,1072],["Blightborne Infusion",574,834,1019,1340,1620],["Champion of Azeroth",669,928,1151,1391,1653],["Earthlink",163,370,558,806,1075],["Rezan's Fury",305,494,734,994,1320],["Elemental Whirl",248,435,530,856,1141]],"metas":{"build_date":"Aug 23 2018","build_time":"08:35:52","git_revision":"0f9699d9e7","options":{"debug":false,"max_time":300.0,"expected_iteration_time":333.04200000000003,"vary_combat_length":0.2,"iterations":699,"target_error":0.2,"threads":32,"seed":632955004898019758,"single_actor_batch":false,"queue_lag":0.005,"queue_lag_stddev":0.001,"gcd_lag":0.15,"gcd_lag_stddev":0.037,"channel_lag":0.25,"channel_lag_stddev":0.062,"queue_gcd_reduction":0.1,"strict_gcd_queue":0,"confidence":0.95,"confidence_estimator":1.9599639854089754,"world_lag":0.1,"world_lag_stddev":0.01,"travel_variance":0.0,"default_skill":1.0,"reaction_time":0.5,"regen_periodicity":0.25,"ignite_sampling_delta":0.2,"fixed_time":true,"optimize_expressions":true,"optimal_raid":1,"log":0,"debug_each":0,"stat_cache":1,"max_aoe_enemies":20,"show_etmi":false,"tmi_window_global":0.0,"tmi_bin_size":0.5,"enemy_death_pct":0.0,"challenge_mode":false,"timewalk":-1,"pvp_crit":false,"rng":{"name":"sse2-sfmt"},"deterministic":0,"average_range":1,"average_gauss":0,"fight_style":"Patchwerk","default_aura_delay":0.03,"default_aura_delay_stddev":0.005,"dbc":{"Live":{"build_level":27404,"wow_version":"8.0.1"},"version_used":"Live"}},"overrides":{"arcane_intellect":1,"battle_shout":1,"power_word_fortitude":1,"chaos_brand":1,"mystic_touch":1,"mortal_wounds":1,"bleeding":1,"bloodlust":1,"bloodlust_percent":25,"bloodlust_time":0.5},"statistics":{"elapsed_cpu_seconds":10151.084551,"elapsed_time_seconds":10.988033999999999,"init_time_seconds":2.203728748999999,"merge_time_seconds":0.005981725,"analyze_time_seconds":0.14044607900000006,"simulation_length":{"sum":200630.6479999999,"count":667,"mean":300.7955742128934,"min":240.232,"max":359.75600000000003,"median":300.02500000000003,"variance":1148.4722983254521,"std_dev":33.8891176976541,"mean_variance":1.721847523726315,"mean_std_dev":1.3121918776331132},"raid_dps":{"sum":14249622.496599466,"count":667,"mean":21363.751868964715},"total_dmg":{"sum":4280688629.9863224,"count":667,"mean":6417824.032963002},"total_iterations":129916,"total_actors":206,"total_iterations_mean":630.6601941747573,"total_iterations_variance":435912.2135922328,"total_iterations_stddev":660.2364830818067,"total_mean_dps_stddev":22.58858857667725,"total_mean_dps_variance":510.2443338863939},"player":{"name":"Template","race":"orc","level":120,"role":"attack","specialization":"Beast Mastery Hunter","profile_source":"default","talents":[{"tier":1,"id":22291,"spell_id":273887,"name":"Killer Instinct"},{"tier":2,"id":22290,"spell_id":53209,"name":"Chimaera Shot"},{"tier":4,"id":22269,"spell_id":131894,"name":"A Murder of Crows"},{"tier":6,"id":19357,"spell_id":199530,"name":"Stomp"},{"tier":7,"id":22273,"spell_id":191384,"name":"Aspect of the Beast"}],"party":0,"ready_type":0,"bugs":true,"scale_player":true,"potion_used":false,"timeofday":"DAY_TIME","invert_scaling":0,"reaction_offset":0.1,"reaction_max":1.4000000000000001,"reaction_mean":0.3,"reaction_stddev":0.06,"reaction_nu":0.25,"world_lag":0.1,"brain_lag":0.0,"brain_lag_stddev":0.0,"world_lag_override":false,"world_lag_stddev_override":false,"dbc":{"Live":{"build_level":27404,"wow_version":"8.0.1"},"version_used":"Live"},"base_focus_regen_per_second":10.0,"collected_data":{"fight_length":{"sum":200630.64800000002,"count":667,"mean":300.7955742128936,"min":240.232,"max":359.75600000000003},"waiting_time":{"sum":29374.399999999998,"count":667,"mean":44.03958020989505,"min":22.2,"max":62.800000000000004},"executed_foreground_actions":{"sum":143599.0,"count":667,"mean":215.29085457271364,"min":169.0,"max":258.0},"dmg":{"sum":1227492969.3017092,"count":667,"mean":1840319.2943054112,"min":1367174.986722639,"max":2283451.0099077993},"compound_dmg":{"sum":4280688629.9863224,"count":667,"mean":6417824.032963002,"min":4941944.075603711,"max":7823898.71144573},"timeline_dmg":{"mean":21792.793279521247,"mean_std_dev":7994.425935279024,"min":6221.848157149658,"max":70623.28033350328,