{"results":[["Trait","325","340","355","370","385"],["Laser Matrix",300,462,633,832,1107],["Archive of the Titans",257,424,556,715,950],["Relational Normalization Gizmo",273,430,585,777,1009],["Synaptic Spark Capacitor",442,565,809,1025,1296],["Gutripper",98,216,397,533,737],["Sylvanas' Resolve / Anduin's Dedication",254,420,553,777,982],["Swirling Sands",264,398,545,720,918],["Tradewinds",256,360,516,731,901],["Ricocheting Inflatable Pyrosaw",187,329,494,711,892],["Heed My Call",165,274,443,602,824],["Barrage Of Many Bombs",295,467,653,847,1111],["Perforate",25,131,248,418,590],["Champion of Azeroth",318,493,638,826,1017],["The First Dance",179,326,467,632,841],["Inevitability",353,494,645,838,1023],["Tidal Surge",273,422,609,786,1061],["Collective Will / Stand As One",88,207,350,506,698],["Combined Might / Stronger Together",60,176,344,454,674],["Battlefield Focus / Battlefield Precision",95,214,365,551,713],["Retaliatory Fury / Last Gift",132,281,421,552,737],["Glory in Battle / Liberator's Might",191,308,493,650,832],["Blood Rite",217,363,494,642,837],["Unstable Flames",97,216,363,504,704],["Meticulous Scheming",209,347,501,702,883],["Incite the Pack",202,355,516,679,868],["Unstable Catalyst",282,440,613,800,1068],["Azerite Globules",112,282,417,594,835],["Earthlink",116,220,371,552,737],["Night's Vengeance",294,450,622,810,1086],["Dagger in the Back",313,453,632,829,1082],["Secrets of the Deep",259,417,572,798,1011],["Blood Siphon",89,214,346,499,687],["Ruinous Bolt",177,296,469,663,865],["Sharpened Blades",15,120,252,409,585],["Thunderous Blast",323,473,658,880,1140],["Overwhelming Power",97,201,339,483,695],["Filthy Transfusion",204,344,515,696,912],["Blightborne Infusion",258,420,576,766,970],["Blade In The Shadows",476,684,884,1133,1417],["Rezan's Fury",241,422,568,764,1022],["Elemental Whirl",98,227,369,526,728]],"metas":{"build_date":"Aug 25 2018","build_time":"17:36:54","git_revision":"81398f5484","options":{"debug":false,"max_time":300.0,"expected_iteration_time":295.59000000000003,"vary_combat_length":0.2,"iterations":1009,"target_error":0.2,"threads":32,"seed":13577181054914053372,"single_actor_batch":false,"queue_lag":0.005,"queue_lag_stddev":0.001,"gcd_lag":0.15,"gcd_lag_stddev":0.037,"channel_lag":0.25,"channel_lag_stddev":0.062,"queue_gcd_reduction":0.1,"strict_gcd_queue":0,"confidence":0.95,"confidence_estimator":1.9599639854089754,"world_lag":0.1,"world_lag_stddev":0.01,"travel_variance":0.0,"default_skill":1.0,"reaction_time":0.5,"regen_periodicity":0.25,"ignite_sampling_delta":0.2,"fixed_time":true,"optimize_expressions":true,"optimal_raid":1,"log":0,"debug_each":0,"stat_cache":1,"max_aoe_enemies":20,"show_etmi":false,"tmi_window_global":0.0,"tmi_bin_size":0.5,"enemy_death_pct":0.0,"challenge_mode":false,"timewalk":-1,"pvp_crit":false,"rng":{"name":"sse2-sfmt"},"deterministic":0,"average_range":1,"average_gauss":0,"fight_style":"Patchwerk","default_aura_delay":0.03,"default_aura_delay_stddev":0.005,"dbc":{"Live":{"build_level":27404,"wow_version":"8.0.1"},"version_used":"Live"}},"overrides":{"arcane_intellect":1,"battle_shout":1,"power_word_fortitude":1,"chaos_brand":1,"mystic_touch":1,"mortal_wounds":1,"bleeding":1,"bloodlust":1,"bloodlust_percent":25,"bloodlust_time":0.5},"statistics":{"elapsed_cpu_seconds":14504.730708000001,"elapsed_time_seconds":15.549703,"init_time_seconds":2.972915111999998,"merge_time_seconds":0.006098020000000001,"analyze_time_seconds":0.20187604800000003,"simulation_length":{"sum":293670.461,"count":977,"mean":300.5838904810645,"min":240.019,"max":359.963,"median":302.458,"variance":1232.633708105713,"std_dev":35.10888360665592,"mean_variance":1.2616516971399314,"mean_std_dev":1.1232326994616617},"raid_dps":{"sum":11600739.416481195,"count":977,"mean":11873.837683194672},"total_dmg":{"sum":3481492818.629572,"count":977,"mean":3563452.219682264},"total_iterations":188477,"total_actors":206,"total_iterations_mean":914.9368932038835,"total_iterations_variance":491878.17961165047,"total_iterations_stddev":701.3402737699087,"total_mean_dps_stddev":12.648680074512788,"total_mean_dps_variance":159.98910762737682},"player":{"name":"Template","race":"blood_elf","level":120,"role":"attack","specialization":"Subtlety Rogue","profile_source":"default","talents":[{"tier":1,"id":19234,"spell_id":91023,"name":"Find Weakness"},{"tier":2,"id":22333,"spell_id":108209,"name":"Shadow Focus"},{"tier":3,"id":19241,"spell_id":137619,"name":"Marked for Death"},{"tier":6,"id":22336,"spell_id":238104,"name":"Enveloping Shadows"},{"tier":7,"id":22132,"spell_id":196976,"name":"Master of Shadows"}],"party":0,"ready_type":1,"bugs":true,"scale_player":true,"potion_used":false,"timeofday":"DAY_TIME","invert_scaling":0,"reaction_offset":0.1,"reaction_max":1.4000000000000001,"reaction_mean":0.3,"reaction_stddev":0.06,"reaction_nu":0.25,"world_lag":0.1,"brain_lag":0.0,"brain_lag_stddev":0.0,"world_lag_override":false,"world_lag_stddev_override":false,"dbc":{"Live":{"build_level":27404,"wow_version":"8.0.1"},"version_used":"Live"},"base_energy_regen_per_second":10.0,"collected_data":{"fight_length":{"sum":293670.461,"count":977,"mean":300.5838904810645,"min":240.019,"max":359.963},"waiting_time":{"sum":44362.46,"count":977,"mean":45.40681678607984,"min":32.281,"max":60.068},"executed_foreground_actions":{"sum":281852.0,"count":977,"mean":288.48720573183215,"min":231.0,"max":345.0},"dmg":{"sum":3481492818.629572,"count":977,"mean":3563452.219682264,"min":2771621.1539300857,"max":4398893.686526287},"compound_dmg":{"sum":3481492818.629572,"count":977,"mean":3563452.219682264,"min":2771621.1539300857,"max":4398893.686526287},"timeline_dmg":{"mean":12081.08575924653,"mean_std_dev":4943.0738813386415,"min":1089.6021808694884,"max":31004.569015174366,