{"results":[["Trait","325","340","355","370","385"],["Thunderous Blast",437,625,848,1090,1383],["Dagger in the Back",442,639,830,1121,1407],["Unstable Flames",127,264,401,555,785],["Secrets of the Deep",266,425,623,823,1115],["Gutripper",119,263,444,598,838],["Blood Rite",117,296,443,619,807],["Heed My Call",174,333,498,728,938],["Tidal Surge",295,484,650,859,1135],["Filthy Transfusion",274,453,644,859,1111],["Relational Normalization Gizmo",240,369,555,742,967],["Synaptic Spark Capacitor",430,615,832,1049,1351],["Sylvanas' Resolve / Anduin's Dedication",279,412,571,809,1073],["Swirling Sands",289,462,631,826,1042],["Meticulous Scheming",181,286,477,643,875],["Ricocheting Inflatable Pyrosaw",259,439,614,791,1035],["Laser Matrix",401,591,790,1051,1314],["Tradewinds",203,367,533,686,958],["Collective Will / Stand As One",112,261,414,573,795],["Barrage Of Many Bombs",419,595,795,1014,1325],["Snake Eyes",136,264,396,623,783],["Overwhelming Power",90,218,351,485,740],["Paradise Lost",294,482,666,880,1137],["Brigand's Blitz",163,286,440,602,826],["Azerite Globules",180,331,511,684,930],["Ace Up Your Sleeve",16,152,319,506,689],["Deadshot",376,563,796,1036,1354],["Incite the Pack",230,349,508,680,915],["Combined Might / Stronger Together",56,166,312,482,697],["Storm of Steel",315,491,682,898,1143],["Battlefield Focus / Battlefield Precision",304,454,679,876,1152],["Retaliatory Fury / Last Gift",128,274,396,561,796],["Glory in Battle / Liberator's Might",180,325,470,650,883],["Ruinous Bolt",208,329,502,673,913],["Unstable Catalyst",319,456,637,881,1142],["Blood Siphon",63,213,368,569,724],["Champion of Azeroth",309,473,633,798,1037],["Blightborne Infusion",330,485,685,849,1078],["Earthlink",114,238,394,573,804],["Rezan's Fury",318,482,689,897,1162],["Elemental Whirl",64,237,352,550,748]],"metas":{"build_date":"Aug 23 2018","build_time":"08:35:52","git_revision":"0f9699d9e7","options":{"debug":false,"max_time":300.0,"expected_iteration_time":329.84000000000003,"vary_combat_length":0.2,"iterations":2125,"target_error":0.2,"threads":32,"seed":7799289460429417965,"single_actor_batch":false,"queue_lag":0.005,"queue_lag_stddev":0.001,"gcd_lag":0.15,"gcd_lag_stddev":0.037,"channel_lag":0.25,"channel_lag_stddev":0.062,"queue_gcd_reduction":0.1,"strict_gcd_queue":0,"confidence":0.95,"confidence_estimator":1.9599639854089754,"world_lag":0.1,"world_lag_stddev":0.01,"travel_variance":0.0,"default_skill":1.0,"reaction_time":0.5,"regen_periodicity":0.25,"ignite_sampling_delta":0.2,"fixed_time":true,"optimize_expressions":true,"optimal_raid":1,"log":0,"debug_each":0,"stat_cache":1,"max_aoe_enemies":20,"show_etmi":false,"tmi_window_global":0.0,"tmi_bin_size":0.5,"enemy_death_pct":0.0,"challenge_mode":false,"timewalk":-1,"pvp_crit":false,"rng":{"name":"sse2-sfmt"},"deterministic":0,"average_range":1,"average_gauss":0,"fight_style":"Patchwerk","default_aura_delay":0.03,"default_aura_delay_stddev":0.005,"dbc":{"Live":{"build_level":27404,"wow_version":"8.0.1"},"version_used":"Live"}},"overrides":{"arcane_intellect":1,"battle_shout":1,"power_word_fortitude":1,"chaos_brand":1,"mystic_touch":1,"mortal_wounds":1,"bleeding":1,"bloodlust":1,"bloodlust_percent":25,"bloodlust_time":0.5},"statistics":{"elapsed_cpu_seconds":28095.15401400001,"elapsed_time_seconds":29.895666,"init_time_seconds":2.462625854000002,"merge_time_seconds":0.006119755000000002,"analyze_time_seconds":0.397641297,"simulation_length":{"sum":627681.8910000001,"count":2093,"mean":299.89579120879125,"min":240.07500000000002,"max":359.947,"median":299.051,"variance":1190.5807489564063,"std_dev":34.5047931301784,"mean_variance":0.5688393449385601,"mean_std_dev":0.7542143892412555},"raid_dps":{"sum":26588297.693838336,"count":2093,"mean":12703.438936377608},"total_dmg":{"sum":7965686493.379696,"count":2093,"mean":3805870.2787289517},"total_iterations":416939,"total_actors":201,"total_iterations_mean":2074.323383084577,"total_iterations_variance":2380967.980099504,"total_iterations_stddev":1543.038554314021,"total_mean_dps_stddev":13.55397694861243,"total_mean_dps_variance":183.71029112351712},"player":{"name":"Template","race":"dwarf","level":120,"role":"attack","specialization":"Outlaw Rogue","profile_source":"default","talents":[{"tier":1,"id":22119,"spell_id":196938,"name":"Quick Draw"},{"tier":2,"id":19238,"spell_id":196922,"name":"Hit and Run"},{"tier":3,"id":19239,"spell_id":14983,"name":"Vigor"},{"tier":6,"id":23128,"spell_id":193539,"name":"Alacrity"},{"tier":7,"id":23075,"spell_id":271877,"name":"Blade Rush"}],"party":0,"ready_type":1,"bugs":true,"scale_player":true,"potion_used":false,"timeofday":"DAY_TIME","invert_scaling":0,"reaction_offset":0.1,"reaction_max":1.4000000000000001,"reaction_mean":0.3,"reaction_stddev":0.06,"reaction_nu":0.25,"world_lag":0.1,"brain_lag":0.0,"brain_lag_stddev":0.0,"world_lag_override":false,"world_lag_stddev_override":false,"dbc":{"Live":{"build_level":27404,"wow_version":"8.0.1"},"version_used":"Live"},"base_energy_regen_per_second":14.85,"collected_data":{"fight_length":{"sum":627681.891,"count":2093,"mean":299.8957912087912,"min":240.07500000000002,"max":359.947},"waiting_time":{"sum":35978.737,"count":2093,"mean":17.190032011466794,"min":3.5020000000000002,"max":34.951},"executed_foreground_actions":{"sum":638640.0,"count":2093,"mean":305.1313903487817,"min":232.0,"max":387.0},"dmg":{"sum":7965686493.379696,"count":2093,"mean":3805870.2787289517,"min":2790566.688510239,"max":4947334.569427004},"compound_dmg":{"sum":7965686493.379696,"count":2093,"mean":3805870.2787289517,"min":2790566.688510239,"max":4947334.569427004},"timeline_dmg":{"mean":12640.990949695846,"mean_std_dev":4649.172044430666,"min":2758.051843634936,"max":28573.735135863324,