{"results":[["Trait","325","340","355","370","385"],["Thunderous Blast",346,537,732,985,1209],["Azerite Globules",243,373,608,788,1016],["Tidal Surge",286,479,641,899,1148],["Secrets of the Deep",243,416,615,806,1089],["Gutripper",114,252,420,549,750],["Unstable Flames",122,260,446,602,826],["Blood Rite",282,433,616,754,1026],["Heed My Call",196,323,493,719,927],["Filthy Transfusion",200,350,523,728,963],["Relational Normalization Gizmo",321,524,671,895,1109],["Synaptic Spark Capacitor",650,847,1148,1471,1759],["Flames of Alacrity",271,396,599,764,988],["Sylvanas' Resolve / Anduin's Dedication",250,411,580,813,1046],["Swirling Sands",435,614,789,993,1213],["Meticulous Scheming",264,449,594,816,970],["Ricocheting Inflatable Pyrosaw",326,455,662,897,1166],["Laser Matrix",367,526,711,941,1193],["Tradewinds",620,824,1019,1256,1491],["Collective Will / Stand As One",69,222,366,550,767],["Barrage Of Many Bombs",507,704,928,1194,1490],["Preheat",-36,107,288,468,733],["Blood Siphon",223,372,498,723,934],["Firemind",229,448,591,793,1064],["Incite the Pack",577,767,991,1179,1460],["Combined Might / Stronger Together",64,187,339,547,727],["Blaster Master",830,1019,1211,1418,1687],["Duplicative Incineration",740,963,1186,1446,1747],["Battlefield Focus / Battlefield Precision",193,334,566,729,955],["Blightborne Infusion",462,664,821,1057,1294],["Trailing Embers",281,463,670,856,1117],["Retaliatory Fury / Last Gift",351,485,677,891,1106],["Glory in Battle / Liberator's Might",239,396,594,783,949],["Ruinous Bolt",218,348,518,682,927],["Overwhelming Power",165,341,525,645,848],["Unstable Catalyst",282,491,623,850,1148],["Champion of Azeroth",549,663,918,1105,1319],["Dagger in the Back",362,518,763,958,1225],["Earthlink",87,244,412,579,793],["Rezan's Fury",275,429,607,813,1093],["Elemental Whirl",203,308,472,621,866]],"metas":{"build_date":"Aug 21 2018","build_time":"06:51:36","git_revision":"57250019bf","options":{"debug":false,"max_time":300.0,"expected_iteration_time":244.30100000000002,"vary_combat_length":0.2,"iterations":1712,"target_error":0.2,"threads":32,"seed":9074679205776130123,"single_actor_batch":false,"queue_lag":0.005,"queue_lag_stddev":0.001,"gcd_lag":0.15,"gcd_lag_stddev":0.037,"channel_lag":0.25,"channel_lag_stddev":0.062,"queue_gcd_reduction":0.1,"strict_gcd_queue":0,"confidence":0.95,"confidence_estimator":1.9599639854089754,"world_lag":0.1,"world_lag_stddev":0.01,"travel_variance":0.0,"default_skill":1.0,"reaction_time":0.5,"regen_periodicity":0.25,"ignite_sampling_delta":0.2,"fixed_time":true,"optimize_expressions":true,"optimal_raid":1,"log":0,"debug_each":0,"stat_cache":1,"max_aoe_enemies":20,"show_etmi":false,"tmi_window_global":0.0,"tmi_bin_size":0.5,"enemy_death_pct":0.0,"challenge_mode":false,"timewalk":-1,"pvp_crit":false,"rng":{"name":"sse2-sfmt"},"deterministic":0,"average_range":1,"average_gauss":0,"fight_style":"Patchwerk","default_aura_delay":0.03,"default_aura_delay_stddev":0.005,"dbc":{"bfa-BETA":{"build_level":26095,"wow_version":"8.0.1"},"version_used":"bfa-BETA"}},"overrides":{"arcane_intellect":1,"battle_shout":1,"power_word_fortitude":1,"chaos_brand":1,"mystic_touch":1,"mortal_wounds":1,"bleeding":1,"bloodlust":1,"bloodlust_percent":25,"bloodlust_time":0.5},"statistics":{"elapsed_cpu_seconds":20816.659650999994,"elapsed_time_seconds":22.19762,"init_time_seconds":3.188487098,"merge_time_seconds":0.005687981999999999,"analyze_time_seconds":0.3365406350000002,"simulation_length":{"sum":502419.669,"count":1680,"mean":299.0593267857143,"min":240.05700000000002,"max":359.918,"median":299.642,"variance":1176.8274045616638,"std_dev":34.30491808125569,"mean_variance":0.7004925027152761,"mean_std_dev":0.8369543014497721},"raid_dps":{"sum":29286686.969827417,"count":1680,"mean":17432.551767754416},"total_dmg":{"sum":8753516670.881014,"count":1680,"mean":5210426.589810127},"total_iterations":330152,"total_actors":201,"total_iterations_mean":1642.547263681592,"total_iterations_variance":1871285.8009950244,"total_iterations_stddev":1367.9494877352104,"total_mean_dps_stddev":18.47591318022637,"total_mean_dps_variance":341.35936784326253},"player":{"name":"Template","race":"dark_iron_dwarf","level":120,"role":"spell","specialization":"Fire Mage","profile_source":"default","talents":[{"tier":1,"id":22456,"spell_id":205026,"name":"Firestarter"},{"tier":3,"id":22444,"spell_id":1463,"name":"Incanter's Flow"},{"tier":4,"id":22450,"spell_id":205029,"name":"Flame On"},{"tier":6,"id":23362,"spell_id":205023,"name":"Conflagration"},{"tier":7,"id":22220,"spell_id":269650,"name":"Pyroclasm"}],"party":0,"ready_type":0,"bugs":true,"scale_player":true,"potion_used":false,"timeofday":"DAY_TIME","invert_scaling":0,"reaction_offset":0.1,"reaction_max":1.4000000000000001,"reaction_mean":0.3,"reaction_stddev":0.06,"reaction_nu":0.25,"world_lag":0.1,"brain_lag":0.0,"brain_lag_stddev":0.0,"world_lag_override":false,"world_lag_stddev_override":false,"dbc":{"bfa-BETA":{"build_level":26095,"wow_version":"8.0.1"},"version_used":"bfa-BETA"},"base_mana_regen_per_second":2000.0,"collected_data":{"fight_length":{"sum":502419.6689999999,"count":1680,"mean":299.05932678571423,"min":240.05700000000002,"max":359.918},"executed_foreground_actions":{"sum":353992.0,"count":1680,"mean":210.7095238095238,"min":166.0,"max":257.0},"dmg":{"sum":8753516670.881014,"count":1680,"mean":5210426.589810127,"min":3693457.2996382643,"max":6586089.259977721},"compound_dmg":{"sum":8753516670.881014,"count":1680,"mean":5210426.589810127,"min":3693457.2996382643,"max":6586089.259977721},"timeline_dmg":{"mean":17141.861991737274,"mean_std_dev":8382.495188323166,"min":1033.9677551173381,"max":51209.87527934252,