{"results":[["Trait","325","340","355","370","385"],["Laser Matrix",368,539,694,888,1102],["Archive of the Titans",213,331,455,578,785],["Relational Normalization Gizmo",275,441,565,752,914],["Synaptic Spark Capacitor",202,315,477,618,803],["Ricocheting Inflatable Pyrosaw",106,254,334,504,678],["Heed My Call",115,238,352,498,714],["Barrage Of Many Bombs",175,327,430,626,825],["Wild Fleshrending",4,103,188,315,442],["Tidal Surge",245,409,537,720,919],["Collective Will / Stand As One",72,199,305,414,625],["On My Way",99,203,314,413,562],["Combined Might / Stronger Together",50,165,260,388,556],["Sylvanas' Resolve / Anduin's Dedication",210,326,449,645,788],["Battlefield Focus / Battlefield Precision",297,422,590,780,1004],["Gutripper",102,205,361,524,658],["Retaliatory Fury / Last Gift",93,202,318,439,575],["Glory in Battle / Liberator's Might",216,330,478,614,781],["Blood Mist",217,302,449,573,724],["Blood Rite",282,423,511,663,819],["Unstable Flames",132,194,319,446,601],["Swirling Sands",317,472,562,740,919],["Meticulous Scheming",291,374,547,709,854],["Incite the Pack",179,298,402,517,701],["Unstable Catalyst",229,355,520,662,876],["Twisted Claws",10,98,227,328,481],["Azerite Globules",62,209,336,449,619],["Tradewinds",164,284,426,570,711],["Shredding Fury",90,200,309,461,625],["Earthlink",55,168,302,439,577],["Dagger in the Back",343,496,669,835,1041],["Secrets of the Deep",223,330,469,643,822],["Blood Siphon",123,262,362,498,627],["Ruinous Bolt",159,260,404,574,747],["Iron Jaws",-17,80,207,309,494],["Thunderous Blast",414,583,734,949,1186],["Champion of Azeroth",352,478,672,795,963],["Overwhelming Power",156,246,337,491,659],["Filthy Transfusion",276,371,536,745,937],["Raking Ferocity",285,447,578,770,997],["Lifespeed",123,231,334,487,645],["Rezan's Fury",303,427,597,747,979],["Blightborne Infusion",363,516,618,817,941],["Gushing Lacerations",226,313,441,592,782],["Elemental Whirl",116,209,343,450,613]],"metas":{"build_date":"Aug 29 2018","build_time":"06:51:22","git_revision":"744e4aaddc","options":{"debug":false,"max_time":300.0,"expected_iteration_time":295.03700000000003,"vary_combat_length":0.2,"iterations":504,"target_error":0.2,"threads":32,"seed":11265112578883448390,"single_actor_batch":false,"queue_lag":0.005,"queue_lag_stddev":0.001,"gcd_lag":0.15,"gcd_lag_stddev":0.037,"channel_lag":0.25,"channel_lag_stddev":0.062,"queue_gcd_reduction":0.1,"strict_gcd_queue":0,"confidence":0.95,"confidence_estimator":1.9599639854089754,"world_lag":0.1,"world_lag_stddev":0.01,"travel_variance":0.0,"default_skill":1.0,"reaction_time":0.5,"regen_periodicity":0.25,"ignite_sampling_delta":0.2,"fixed_time":true,"optimize_expressions":true,"optimal_raid":1,"log":0,"debug_each":0,"stat_cache":1,"max_aoe_enemies":20,"show_etmi":false,"tmi_window_global":0.0,"tmi_bin_size":0.5,"enemy_death_pct":0.0,"challenge_mode":false,"timewalk":-1,"pvp_crit":false,"rng":{"name":"sse2-sfmt"},"deterministic":0,"average_range":1,"average_gauss":0,"fight_style":"Patchwerk","default_aura_delay":0.03,"default_aura_delay_stddev":0.005,"dbc":{"Live":{"build_level":27481,"wow_version":"8.0.1"},"version_used":"Live"}},"overrides":{"arcane_intellect":1,"battle_shout":1,"power_word_fortitude":1,"chaos_brand":1,"mystic_touch":1,"mortal_wounds":1,"bleeding":1,"bloodlust":1,"bloodlust_percent":25,"bloodlust_time":0.5},"statistics":{"elapsed_cpu_seconds":16901.396876999996,"elapsed_time_seconds":17.644136000000003,"init_time_seconds":2.7968746800000006,"merge_time_seconds":0.005044331000000001,"analyze_time_seconds":0.09741310800000008,"simulation_length":{"sum":142598.26399999997,"count":472,"mean":302.11496610169485,"min":240.738,"max":359.874,"median":303.081,"variance":1171.6668836174947,"std_dev":34.22961997477469,"mean_variance":2.4823450924099464,"mean_std_dev":1.5755459664541516},"raid_dps":{"sum":6292085.794150522,"count":472,"mean":13330.690241844326},"total_dmg":{"sum":1899286798.467381,"count":472,"mean":4023912.708617333},"total_iterations":103011,"total_actors":221,"total_iterations_mean":466.1131221719457,"total_iterations_variance":374306.17194570147,"total_iterations_stddev":611.8056651794764,"total_mean_dps_stddev":14.05470399085574,"total_mean_dps_variance":197.53470427057627},"player":{"name":"Template","race":"night_elf","level":120,"role":"attack","specialization":"Feral Druid","profile_source":"default","talents":[{"tier":1,"id":22365,"spell_id":155580,"name":"Lunar Inspiration"},{"tier":5,"id":18579,"spell_id":202032,"name":"Jagged Wounds"},{"tier":6,"id":21714,"spell_id":202031,"name":"Sabertooth"},{"tier":7,"id":21649,"spell_id":155672,"name":"Bloodtalons"}],"party":0,"ready_type":0,"bugs":true,"scale_player":true,"potion_used":false,"timeofday":"DAY_TIME","invert_scaling":0,"reaction_offset":0.1,"reaction_max":1.4000000000000001,"reaction_mean":0.3,"reaction_stddev":0.06,"reaction_nu":0.25,"world_lag":0.1,"brain_lag":0.0,"brain_lag_stddev":0.0,"world_lag_override":false,"world_lag_stddev_override":false,"dbc":{"Live":{"build_level":27481,"wow_version":"8.0.1"},"version_used":"Live"},"base_mana_regen_per_second":640.0,"base_energy_regen_per_second":10.0,"collected_data":{"fight_length":{"sum":142598.26400000002,"count":472,"mean":302.11496610169496,"min":240.738,"max":359.874},"waiting_time":{"sum":29713.387,"count":472,"mean":62.95209110169491,"min":39.92,"max":92.94200000000001},"executed_foreground_actions":{"sum":106303.0,"count":472,"mean":225.21822033898306,"min":175.0,"max":273.0},"dmg":{"sum":1899286798.467381,"count":472,"mean":4023912.708617333,"min":3141829.1404475174,"max":4888428.844066954},"compound_dmg":{"sum":1899286798.467381,"count":472,"mean":4023912.708617333,"min":3141829.1404475174,"max":4888428.844066954},"timeline_dmg":{"mean":13867.243284372164,"mean_std_dev":3113.7714602716833,"min":3812.604045723592,"max":29925.931019621854,