{"results":[["Trait","325","340","355","370","385"],["Laser Matrix",343,586,790,1125,1439],["Archive of the Titans",367,631,873,1145,1456],["Relational Normalization Gizmo",333,549,801,1078,1373],["Synaptic Spark Capacitor",625,885,1219,1585,1988],["Gutripper",112,307,501,790,1066],["Sylvanas' Resolve / Anduin's Dedication",380,607,872,1167,1530],["Swirling Sands",445,680,884,1195,1512],["Tradewinds",388,608,851,1169,1500],["Ricocheting Inflatable Pyrosaw",304,551,757,1089,1434],["Heed My Call",184,392,652,885,1211],["Barrage Of Many Bombs",538,756,1085,1403,1794],["Fan of Blades",306,517,753,1067,1398],["Twist the Knife",184,381,643,906,1159],["Meticulous Scheming",225,419,656,943,1175],["Poisoned Wire",20,191,372,618,901],["Tidal Surge",276,476,704,999,1324],["Collective Will / Stand As One",129,328,510,788,1105],["Combined Might / Stronger Together",60,268,458,703,1006],["Battlefield Focus / Battlefield Precision",38,237,445,671,955],["Retaliatory Fury / Last Gift",240,446,643,885,1199],["Glory in Battle / Liberator's Might",279,434,718,947,1225],["Blood Rite",208,328,609,844,1135],["Incite the Pack",429,601,838,1145,1448],["Unstable Flames",180,340,555,853,1075],["Unstable Catalyst",401,648,942,1266,1601],["Azerite Globules",208,456,707,936,1260],["Dagger in the Back",306,532,824,1116,1445],["Scent of Blood",762,1049,1333,1705,2169],["Earthlink",178,368,563,866,1104],["Rezan's Fury",288,487,780,1059,1394],["Double Dose",-14,197,397,619,822],["Secrets of the Deep",404,615,890,1158,1533],["Blood Siphon",141,329,579,810,1084],["Ruinous Bolt",131,372,600,869,1135],["Sharpened Blades",-12,208,447,699,1035],["Overwhelming Power",146,337,536,747,1040],["Thunderous Blast",383,600,872,1173,1554],["Shrouded Suffocation",600,872,1206,1555,1910],["Champion of Azeroth",493,682,920,1214,1562],["Filthy Transfusion",237,454,707,979,1291],["Blightborne Infusion",535,752,1006,1296,1564],["Elemental Whirl",182,347,576,836,1086]],"metas":{"build_date":"Aug 26 2018","build_time":"08:15:22","git_revision":"8a4b661fb5","options":{"debug":false,"max_time":300.0,"expected_iteration_time":241.00300000000001,"vary_combat_length":0.2,"iterations":480,"target_error":0.2,"threads":32,"seed":10698880938862304925,"single_actor_batch":false,"queue_lag":0.005,"queue_lag_stddev":0.001,"gcd_lag":0.15,"gcd_lag_stddev":0.037,"channel_lag":0.25,"channel_lag_stddev":0.062,"queue_gcd_reduction":0.1,"strict_gcd_queue":0,"confidence":0.95,"confidence_estimator":1.9599639854089754,"world_lag":0.1,"world_lag_stddev":0.01,"travel_variance":0.0,"default_skill":1.0,"reaction_time":0.5,"regen_periodicity":0.25,"ignite_sampling_delta":0.2,"fixed_time":true,"optimize_expressions":true,"optimal_raid":1,"log":0,"debug_each":0,"stat_cache":1,"max_aoe_enemies":20,"show_etmi":false,"tmi_window_global":0.0,"tmi_bin_size":0.5,"enemy_death_pct":0.0,"challenge_mode":false,"timewalk":-1,"pvp_crit":false,"rng":{"name":"sse2-sfmt"},"deterministic":0,"average_range":1,"average_gauss":0,"fight_style":"Patchwerk","default_aura_delay":0.03,"default_aura_delay_stddev":0.005,"dbc":{"Live":{"build_level":27404,"wow_version":"8.0.1"},"version_used":"Live"}},"overrides":{"arcane_intellect":1,"battle_shout":1,"power_word_fortitude":1,"chaos_brand":1,"mystic_touch":1,"mortal_wounds":1,"bleeding":1,"bloodlust":1,"bloodlust_percent":25,"bloodlust_time":0.5},"statistics":{"elapsed_cpu_seconds":15073.547074999997,"elapsed_time_seconds":16.021736999999998,"init_time_seconds":3.2510867039999995,"merge_time_seconds":0.00697956,"analyze_time_seconds":0.09989919200000003,"simulation_length":{"sum":133900.60600000003,"count":448,"mean":298.88528125000005,"min":240.273,"max":359.83,"median":297.40500000000003,"variance":1251.8395378450057,"std_dev":35.38134448893945,"mean_variance":2.794284682689745,"mean_std_dev":1.6716114030149904},"raid_dps":{"sum":8064548.610421316,"count":448,"mean":18001.224576833294},"total_dmg":{"sum":2408094163.651102,"count":448,"mean":5375210.18672121},"total_iterations":87686,"total_actors":211,"total_iterations_mean":415.5734597156398,"total_iterations_variance":411535.6113744075,"total_iterations_stddev":641.5104140810245,"total_mean_dps_stddev":19.13135019560969,"total_mean_dps_variance":366.00856030705495},"player":{"name":"Template","race":"troll","level":120,"role":"attack","specialization":"Assassination Rogue","profile_source":"default","talents":[{"tier":1,"id":22338,"spell_id":193640,"name":"Elaborate Planning"},{"tier":2,"id":22332,"spell_id":108208,"name":"Subterfuge"},{"tier":3,"id":19239,"spell_id":14983,"name":"Vigor"},{"tier":6,"id":23015,"spell_id":245388,"name":"Toxic Blade"},{"tier":7,"id":21186,"spell_id":255544,"name":"Poison Bomb"}],"party":0,"ready_type":1,"bugs":true,"scale_player":true,"potion_used":false,"timeofday":"DAY_TIME","invert_scaling":0,"reaction_offset":0.1,"reaction_max":1.4000000000000001,"reaction_mean":0.3,"reaction_stddev":0.06,"reaction_nu":0.25,"world_lag":0.1,"brain_lag":0.0,"brain_lag_stddev":0.0,"world_lag_override":false,"world_lag_stddev_override":false,"dbc":{"Live":{"build_level":27404,"wow_version":"8.0.1"},"version_used":"Live"},"base_energy_regen_per_second":11.0,"collected_data":{"fight_length":{"sum":133900.606,"count":448,"mean":298.88528125,"min":240.273,"max":359.83},"executed_foreground_actions":{"sum":138452.0,"count":448,"mean":309.04464285714283,"min":248.0,"max":371.0},"dmg":{"sum":2408094163.651102,"count":448,"mean":5375210.18672121,"min":4315838.705702861,"max":6507395.243883548},"compound_dmg":{"sum":2408094163.651102,"count":448,"mean":5375210.18672121,"min":4315838.705702861,"max":6507395.243883548},"timeline_dmg":{"mean":18886.5440049995,"mean_std_dev":4262.655224819827,"min":2858.5563620892035,"max":37998.502383909195,