{"results":[["Trait","325","340","355","370","385"],["Laser Matrix",340,469,676,843,1076],["Archive of the Titans",201,321,464,612,787],["Relational Normalization Gizmo",231,371,505,672,858],["Synaptic Spark Capacitor",200,335,482,626,832],["Gutripper",100,217,358,512,668],["Sylvanas' Resolve / Anduin's Dedication",217,340,495,640,837],["Swirling Sands",257,373,506,643,822],["Tradewinds",200,346,448,619,796],["Ricocheting Inflatable Pyrosaw",123,211,347,488,681],["Heed My Call",141,231,360,528,689],["Barrage Of Many Bombs",162,300,441,613,801],["Fan of Blades",2,93,204,348,498],["Twist the Knife",204,306,436,586,768],["Meticulous Scheming",167,269,422,562,732],["Poisoned Wire",91,172,313,452,589],["Tidal Surge",272,395,568,743,944],["Collective Will / Stand As One",77,176,294,441,616],["Combined Might / Stronger Together",45,150,249,401,554],["Battlefield Focus / Battlefield Precision",288,417,562,746,987],["Retaliatory Fury / Last Gift",115,213,354,475,655],["Glory in Battle / Liberator's Might",148,266,388,536,698],["Blood Rite",189,282,427,555,754],["Incite the Pack",203,322,462,622,773],["Unstable Flames",91,176,321,428,613],["Unstable Catalyst",238,370,538,695,889],["Azerite Globules",63,181,319,474,634],["Dagger in the Back",388,535,724,931,1145],["Scent of Blood",129,270,401,571,739],["Earthlink",73,209,312,459,641],["Rezan's Fury",283,412,547,760,973],["Double Dose",275,434,588,766,1000],["Secrets of the Deep",207,353,479,664,833],["Blood Siphon",57,194,305,443,584],["Ruinous Bolt",156,279,411,576,784],["Sharpened Blades",55,191,326,533,741],["Overwhelming Power",75,187,296,435,580],["Thunderous Blast",375,532,704,910,1143],["Shrouded Suffocation",336,484,660,842,1054],["Champion of Azeroth",270,389,529,706,830],["Filthy Transfusion",219,363,487,676,888],["Blightborne Infusion",264,412,531,685,859],["Elemental Whirl",75,188,318,451,605]],"metas":{"build_date":"Aug 24 2018","build_time":"16:25:12","git_revision":"54b1c51bc4","options":{"debug":false,"max_time":300.0,"expected_iteration_time":243.01500000000001,"vary_combat_length":0.2,"iterations":764,"target_error":0.2,"threads":32,"seed":8438512706783914390,"single_actor_batch":false,"queue_lag":0.005,"queue_lag_stddev":0.001,"gcd_lag":0.15,"gcd_lag_stddev":0.037,"channel_lag":0.25,"channel_lag_stddev":0.062,"queue_gcd_reduction":0.1,"strict_gcd_queue":0,"confidence":0.95,"confidence_estimator":1.9599639854089754,"world_lag":0.1,"world_lag_stddev":0.01,"travel_variance":0.0,"default_skill":1.0,"reaction_time":0.5,"regen_periodicity":0.25,"ignite_sampling_delta":0.2,"fixed_time":true,"optimize_expressions":true,"optimal_raid":1,"log":0,"debug_each":0,"stat_cache":1,"max_aoe_enemies":20,"show_etmi":false,"tmi_window_global":0.0,"tmi_bin_size":0.5,"enemy_death_pct":0.0,"challenge_mode":false,"timewalk":-1,"pvp_crit":false,"rng":{"name":"sse2-sfmt"},"deterministic":0,"average_range":1,"average_gauss":0,"fight_style":"Patchwerk","default_aura_delay":0.03,"default_aura_delay_stddev":0.005,"dbc":{"Live":{"build_level":27404,"wow_version":"8.0.1"},"version_used":"Live"}},"overrides":{"arcane_intellect":1,"battle_shout":1,"power_word_fortitude":1,"chaos_brand":1,"mystic_touch":1,"mortal_wounds":1,"bleeding":1,"bloodlust":1,"bloodlust_percent":25,"bloodlust_time":0.5},"statistics":{"elapsed_cpu_seconds":18676.065513000005,"elapsed_time_seconds":19.781598,"init_time_seconds":3.1650259799999994,"merge_time_seconds":0.005669363,"analyze_time_seconds":0.13408923499999995,"simulation_length":{"sum":219283.558,"count":732,"mean":299.5677021857923,"min":240.006,"max":359.44100000000003,"median":298.949,"variance":1192.8799915861707,"std_dev":34.53809478801879,"mean_variance":1.6296174748444956,"mean_std_dev":1.2765647162774378},"raid_dps":{"sum":7360032.712921119,"count":732,"mean":10054.689498526119},"total_dmg":{"sum":2200501801.727942,"count":732,"mean":3006150.0023605763},"total_iterations":143121,"total_actors":211,"total_iterations_mean":678.2985781990521,"total_iterations_variance":529036.1895734597,"total_iterations_stddev":727.3487399957875,"total_mean_dps_stddev":10.722707190565677,"total_mean_dps_variance":114.97644949460887},"player":{"name":"Template","race":"human","level":120,"role":"attack","specialization":"Assassination Rogue","profile_source":"default","talents":[{"tier":1,"id":22338,"spell_id":193640,"name":"Elaborate Planning"},{"tier":2,"id":22332,"spell_id":108208,"name":"Subterfuge"},{"tier":3,"id":19239,"spell_id":14983,"name":"Vigor"},{"tier":6,"id":22344,"spell_id":200806,"name":"Exsanguinate"},{"tier":7,"id":21186,"spell_id":255544,"name":"Poison Bomb"}],"party":0,"ready_type":1,"bugs":true,"scale_player":true,"potion_used":false,"timeofday":"DAY_TIME","invert_scaling":0,"reaction_offset":0.1,"reaction_max":1.4000000000000001,"reaction_mean":0.3,"reaction_stddev":0.06,"reaction_nu":0.25,"world_lag":0.1,"brain_lag":0.0,"brain_lag_stddev":0.0,"world_lag_override":false,"world_lag_stddev_override":false,"dbc":{"Live":{"build_level":27404,"wow_version":"8.0.1"},"version_used":"Live"},"base_energy_regen_per_second":11.0,"collected_data":{"fight_length":{"sum":219283.558,"count":732,"mean":299.5677021857923,"min":240.006,"max":359.44100000000003},"waiting_time":{"sum":58518.377,"count":732,"mean":79.94313797814208,"min":62.131,"max":101.09700000000001},"executed_foreground_actions":{"sum":143859.0,"count":732,"mean":196.52868852459017,"min":156.0,"max":234.0},"dmg":{"sum":2200501801.727942,"count":732,"mean":3006150.0023605763,"min":2356468.6292525474,"max":3618434.1640206426},"compound_dmg":{"sum":2200501801.727942,"count":732,"mean":3006150.0023605763,"min":2356468.6292525474,"max":3618434.1640206426},"timeline_dmg":{"mean":10100.991293742361,"mean_std_dev":4612.996899066959,"min":2670.4607930991974,"max":33575.11669517621,