{"results":[["Trait","325","340","355","370","385"],["Thunderous Blast",350,519,689,865,1090],["Azerite Globules",70,195,302,458,630],["Packed Ice",92,228,341,485,644],["Tidal Surge",281,434,567,753,973],["Dagger in the Back",369,516,664,848,1111],["Unstable Flames",119,246,369,464,636],["Secrets of the Deep",234,334,508,672,852],["Gutripper",86,225,350,491,656],["Blood Rite",227,361,475,623,767],["Tunnel of Ice",235,343,515,687,877],["Filthy Transfusion",237,354,486,655,859],["Relational Normalization Gizmo",260,421,521,735,868],["Synaptic Spark Capacitor",242,369,503,647,807],["Sylvanas' Resolve / Anduin's Dedication",242,335,513,690,866],["Swirling Sands",307,431,550,702,892],["Meticulous Scheming",230,346,466,647,774],["Ricocheting Inflatable Pyrosaw",100,212,334,513,685],["Laser Matrix",305,484,648,802,1041],["Tradewinds",207,334,492,656,809],["Heed My Call",127,229,389,489,709],["Collective Will / Stand As One",96,211,319,439,600],["Barrage Of Many Bombs",150,305,436,579,777],["Frigid Grasp",133,236,377,509,674],["Retaliatory Fury / Last Gift",143,248,353,486,669],["Earthlink",82,226,332,464,620],["Winter's Reach",-46,93,242,355,520],["Whiteout",253,407,501,661,865],["Incite the Pack",222,310,470,598,782],["Combined Might / Stronger Together",87,159,311,409,586],["Battlefield Focus / Battlefield Precision",62,143,249,377,548],["Glory in Battle / Liberator's Might",212,311,462,608,770],["Ruinous Bolt",165,291,425,589,777],["Unstable Catalyst",253,383,567,686,926],["Blood Siphon",104,184,320,435,581],["Overwhelming Power",181,261,399,527,686],["Champion of Azeroth",345,480,636,780,920],["Blightborne Infusion",340,460,585,711,854],["Elemental Whirl",120,219,361,497,649],["Glacial Assault",95,199,328,507,652],["Rezan's Fury",265,382,561,713,939]],"metas":{"build_date":"Aug 17 2018","build_time":"14:03:13","git_revision":"f3206853b5","options":{"debug":false,"max_time":300.0,"expected_iteration_time":267.54200000000003,"vary_combat_length":0.2,"iterations":1248,"target_error":0.2,"threads":32,"seed":9774678393617489573,"single_actor_batch":false,"queue_lag":0.005,"queue_lag_stddev":0.001,"gcd_lag":0.15,"gcd_lag_stddev":0.037,"channel_lag":0.25,"channel_lag_stddev":0.062,"queue_gcd_reduction":0.1,"strict_gcd_queue":0,"confidence":0.95,"confidence_estimator":1.9599639854089754,"world_lag":0.1,"world_lag_stddev":0.01,"travel_variance":0.0,"default_skill":1.0,"reaction_time":0.5,"regen_periodicity":0.25,"ignite_sampling_delta":0.2,"fixed_time":true,"optimize_expressions":true,"optimal_raid":1,"log":0,"debug_each":0,"stat_cache":1,"max_aoe_enemies":20,"show_etmi":false,"tmi_window_global":0.0,"tmi_bin_size":0.5,"enemy_death_pct":0.0,"challenge_mode":false,"timewalk":-1,"pvp_crit":false,"rng":{"name":"sse2-sfmt"},"deterministic":0,"average_range":1,"average_gauss":0,"fight_style":"Patchwerk","default_aura_delay":0.03,"default_aura_delay_stddev":0.005,"dbc":{"bfa-BETA":{"build_level":26095,"wow_version":"8.0.1"},"version_used":"bfa-BETA"}},"overrides":{"arcane_intellect":1,"battle_shout":1,"power_word_fortitude":1,"chaos_brand":1,"mystic_touch":1,"mortal_wounds":1,"bleeding":1,"bloodlust":1,"bloodlust_percent":25,"bloodlust_time":0.5},"statistics":{"elapsed_cpu_seconds":8882.385819999998,"elapsed_time_seconds":9.623843,"init_time_seconds":2.535978967999999,"merge_time_seconds":0.005016266000000001,"analyze_time_seconds":0.20188699799999998,"simulation_length":{"sum":364866.569,"count":1216,"mean":300.05474424342106,"min":240.359,"max":359.933,"median":299.59000000000003,"variance":1180.1273120192925,"std_dev":34.35298112273944,"mean_variance":0.9704994342263918,"mean_std_dev":0.985139296864353},"raid_dps":{"sum":16721764.53856231,"count":1216,"mean":13751.451100791373},"total_dmg":{"sum":5009789524.625946,"count":1216,"mean":4119892.701172653},"total_iterations":217367,"total_actors":201,"total_iterations_mean":1081.4278606965174,"total_iterations_variance":637049.2039800994,"total_iterations_stddev":798.1536217922584,"total_mean_dps_stddev":14.49506377231929,"total_mean_dps_variance":210.10687376360312},"player":{"name":"Template","race":"pandaren","level":120,"role":"spell","specialization":"Frost Mage","profile_source":"default","talents":[{"tier":1,"id":22457,"spell_id":205027,"name":"Bone Chilling"},{"tier":3,"id":22444,"spell_id":1463,"name":"Incanter's Flow"},{"tier":4,"id":22469,"spell_id":257537,"name":"Ebonbolt"},{"tier":6,"id":22473,"spell_id":153595,"name":"Comet Storm"},{"tier":7,"id":21634,"spell_id":199786,"name":"Glacial Spike"}],"party":0,"ready_type":0,"bugs":true,"scale_player":true,"potion_used":false,"timeofday":"DAY_TIME","invert_scaling":0,"reaction_offset":0.1,"reaction_max":1.4000000000000001,"reaction_mean":0.3,"reaction_stddev":0.06,"reaction_nu":0.25,"world_lag":0.1,"brain_lag":0.0,"brain_lag_stddev":0.0,"world_lag_override":false,"world_lag_stddev_override":false,"dbc":{"bfa-BETA":{"build_level":26095,"wow_version":"8.0.1"},"version_used":"bfa-BETA"},"base_mana_regen_per_second":2000.0,"collected_data":{"fight_length":{"sum":364866.56899999996,"count":1216,"mean":300.054744243421,"min":240.359,"max":359.933},"executed_foreground_actions":{"sum":236977.0,"count":1216,"mean":194.88240131578948,"min":158.0,"max":232.0},"dmg":{"sum":4640767674.017142,"count":1216,"mean":3816420.784553571,"min":2812918.292475314,"max":4782638.120812925},"compound_dmg":{"sum":5009789524.625946,"count":1216,"mean":4119892.701172653,"min":3059609.3520595734,"max":5160939.227738177},"timeline_dmg":{"mean":13708.612484932977,"mean_std_dev":5222.432590918005,"min":3692.5953502941165,"max":53280.92863368897,