{"results":[["Trait","325","340","355","370","385"],["Laser Matrix",352,489,654,800,1031],["Archive of the Titans",155,287,390,509,672],["Relational Normalization Gizmo",203,333,437,553,723],["Synaptic Spark Capacitor",159,274,396,547,680],["Swirling Sands",229,344,456,593,748],["Tradewinds",195,309,427,554,690],["Ricocheting Inflatable Pyrosaw",133,231,310,436,581],["Heed My Call",127,231,329,472,618],["Reckless Flurry",347,483,629,809,998],["Barrage Of Many Bombs",200,294,418,558,723],["Tidal Surge",215,341,478,642,829],["Collective Will / Stand As One",65,156,252,383,510],["Combined Might / Stronger Together",47,112,232,329,467],["Sylvanas' Resolve / Anduin's Dedication",155,282,412,538,706],["Trample the Weak",190,280,417,539,697],["Battlefield Focus / Battlefield Precision",289,408,549,706,879],["Gutripper",114,206,316,458,598],["Retaliatory Fury / Last Gift",111,212,309,428,564],["Glory in Battle / Liberator's Might",178,258,364,481,635],["Simmering Rage",301,395,512,632,784],["Meticulous Scheming",234,339,447,573,721],["Infinite Fury",195,309,398,530,647],["Blood Rite",188,274,400,507,635],["Unstable Flames",102,176,284,388,514],["Incite the Pack",199,294,418,542,653],["Unstable Catalyst",189,308,443,579,725],["Azerite Globules",83,183,282,413,541],["Bloodcraze",176,267,364,499,634],["Gathering Storm",7,66,158,258,410],["Earthlink",68,148,251,363,519],["Dagger in the Back",288,408,533,683,878],["Secrets of the Deep",190,275,409,528,710],["Blood Siphon",75,148,272,366,489],["Ruinous Bolt",147,250,345,491,642],["Pulverizing Blows",191,310,427,592,728],["Thunderous Blast",423,569,711,910,1119],["Champion of Azeroth",296,400,533,667,798],["Overwhelming Power",81,170,268,394,513],["Filthy Transfusion",269,378,526,672,863],["Elemental Whirl",94,183,273,394,518],["Lifespeed",107,164,279,387,531],["Blightborne Infusion",269,371,485,619,768],["Rezan's Fury",282,400,531,708,883]],"metas":{"build_date":"Aug 29 2018","build_time":"06:51:22","git_revision":"744e4aaddc","options":{"debug":false,"max_time":300.0,"expected_iteration_time":285.70300000000003,"vary_combat_length":0.2,"iterations":1049,"target_error":0.2,"threads":32,"seed":15844468611407035163,"single_actor_batch":false,"queue_lag":0.005,"queue_lag_stddev":0.001,"gcd_lag":0.15,"gcd_lag_stddev":0.037,"channel_lag":0.25,"channel_lag_stddev":0.062,"queue_gcd_reduction":0.1,"strict_gcd_queue":0,"confidence":0.95,"confidence_estimator":1.9599639854089754,"world_lag":0.1,"world_lag_stddev":0.01,"travel_variance":0.0,"default_skill":1.0,"reaction_time":0.5,"regen_periodicity":0.25,"ignite_sampling_delta":0.2,"fixed_time":true,"optimize_expressions":true,"optimal_raid":1,"log":0,"debug_each":0,"stat_cache":1,"max_aoe_enemies":20,"show_etmi":false,"tmi_window_global":0.0,"tmi_bin_size":0.5,"enemy_death_pct":0.0,"challenge_mode":false,"timewalk":-1,"pvp_crit":false,"rng":{"name":"sse2-sfmt"},"deterministic":0,"average_range":1,"average_gauss":0,"fight_style":"Patchwerk","default_aura_delay":0.03,"default_aura_delay_stddev":0.005,"dbc":{"Live":{"build_level":27481,"wow_version":"8.0.1"},"version_used":"Live"}},"overrides":{"arcane_intellect":1,"battle_shout":1,"power_word_fortitude":1,"chaos_brand":1,"mystic_touch":1,"mortal_wounds":1,"bleeding":1,"bloodlust":1,"bloodlust_percent":25,"bloodlust_time":0.5},"statistics":{"elapsed_cpu_seconds":13203.349699000002,"elapsed_time_seconds":14.032682000000001,"init_time_seconds":2.574587292000001,"merge_time_seconds":0.005138762999999999,"analyze_time_seconds":0.183343143,"simulation_length":{"sum":304077.20600000006,"count":1017,"mean":298.99430285152414,"min":240.412,"max":359.842,"median":298.686,"variance":1166.5478768325681,"std_dev":34.15476360381621,"mean_variance":1.1470480598157011,"mean_std_dev":1.0710032958939488},"raid_dps":{"sum":9971974.189025594,"count":1017,"mean":9805.284354990752},"total_dmg":{"sum":2978353468.0007396,"count":1017,"mean":2928567.8151433035},"total_iterations":198653,"total_actors":216,"total_iterations_mean":919.6898148148148,"total_iterations_variance":704076.2175925921,"total_iterations_stddev":839.0924964463644,"total_mean_dps_stddev":10.42557546204069,"total_mean_dps_variance":108.69262371470495},"player":{"name":"Template","race":"human","level":120,"role":"attack","specialization":"Fury Warrior","profile_source":"default","talents":[{"tier":1,"id":22633,"spell_id":202296,"name":"Endless Rage"},{"tier":2,"id":19676,"spell_id":103827,"name":"Double Time"},{"tier":3,"id":22381,"spell_id":280721,"name":"Sudden Death"},{"tier":4,"id":22627,"spell_id":202163,"name":"Bounding Stride"},{"tier":5,"id":22383,"spell_id":202922,"name":"Carnage"},{"tier":6,"id":22398,"spell_id":118000,"name":"Dragon Roar"},{"tier":7,"id":16037,"spell_id":280772,"name":"Siegebreaker"}],"party":0,"ready_type":0,"bugs":true,"scale_player":true,"potion_used":false,"timeofday":"DAY_TIME","invert_scaling":0,"reaction_offset":0.1,"reaction_max":1.4000000000000001,"reaction_mean":0.3,"reaction_stddev":0.06,"reaction_nu":0.25,"world_lag":0.1,"brain_lag":0.0,"brain_lag_stddev":0.0,"world_lag_override":false,"world_lag_stddev_override":false,"dbc":{"Live":{"build_level":27481,"wow_version":"8.0.1"},"version_used":"Live"},"collected_data":{"fight_length":{"sum":304077.20599999995,"count":1017,"mean":298.994302851524,"min":240.412,"max":359.842},"executed_foreground_actions":{"sum":322905.0,"count":1017,"mean":317.5073746312684,"min":252.0,"max":382.0},"dmg":{"sum":2978353468.0007396,"count":1017,"mean":2928567.8151433035,"min":2238067.9096394246,"max":3679390.4561423194},"compound_dmg":{"sum":2978353468.0007396,"count":1017,"mean":2928567.8151433035,"min":2238067.9096394246,"max":3679390.4561423194},"timeline_dmg":{"mean":10106.532201671069,"mean_std_dev":2903.290687528017,"min":4409.200540127851,"max":28895.083995551562,