{"results":[["Trait","325","340","355","370","385"],["Laser Matrix",325,536,741,1034,1306],["Archive of the Titans",308,531,738,984,1291],["Relational Normalization Gizmo",367,558,753,1019,1272],["Synaptic Spark Capacitor",603,821,1133,1447,1782],["Shadow's Bite",78,217,402,617,883],["Gutripper",92,261,457,669,951],["Sylvanas' Resolve / Anduin's Dedication",356,535,765,1017,1311],["Swirling Sands",306,484,699,924,1155],["Tradewinds",361,551,717,968,1214],["Ricocheting Inflatable Pyrosaw",296,447,709,962,1279],["Umbral Blaze",92,250,451,687,954],["Heed My Call",197,385,547,814,1081],["Barrage Of Many Bombs",478,716,940,1227,1604],["Tidal Surge",236,467,668,929,1184],["Collective Will / Stand As One",129,290,495,730,966],["Combined Might / Stronger Together",56,255,433,640,865],["Battlefield Focus / Battlefield Precision",45,232,405,581,820],["Retaliatory Fury / Last Gift",187,349,543,752,1034],["Glory in Battle / Liberator's Might",265,421,627,854,1051],["Blood Rite",244,450,638,853,1100],["Meticulous Scheming",285,427,678,911,1136],["Incite the Pack",293,504,691,913,1191],["Explosive Potential",114,281,447,708,946],["Unstable Flames",156,279,475,715,949],["Unstable Catalyst",399,593,856,1079,1439],["Forbidden Knowledge",8,159,373,602,850],["Supreme Commander",383,582,784,1062,1342],["Azerite Globules",231,381,590,850,1134],["Earthlink",122,323,502,734,993],["Rezan's Fury",275,458,698,955,1211],["Dagger in the Back",287,494,749,1014,1294],["Secrets of the Deep",329,557,794,1017,1333],["Blood Siphon",123,318,490,675,930],["Excoriate",42,188,340,518,776],["Demonic Meteor",275,473,674,930,1150],["Ruinous Bolt",168,315,534,757,1035],["Thunderous Blast",360,548,803,1069,1365],["Champion of Azeroth",433,591,830,1084,1293],["Overwhelming Power",143,274,479,686,912],["Filthy Transfusion",228,405,611,871,1166],["Blightborne Infusion",417,591,827,1044,1325],["Elemental Whirl",160,300,493,694,945]],"metas":{"build_date":"Aug 25 2018","build_time":"09:42:16","git_revision":"d4b8c45266","options":{"debug":false,"max_time":300.0,"expected_iteration_time":313.05400000000003,"vary_combat_length":0.2,"iterations":552,"target_error":0.2,"threads":32,"seed":15163148176403127811,"single_actor_batch":false,"queue_lag":0.005,"queue_lag_stddev":0.001,"gcd_lag":0.15,"gcd_lag_stddev":0.037,"channel_lag":0.25,"channel_lag_stddev":0.062,"queue_gcd_reduction":0.1,"strict_gcd_queue":0,"confidence":0.95,"confidence_estimator":1.9599639854089754,"world_lag":0.1,"world_lag_stddev":0.01,"travel_variance":0.0,"default_skill":1.0,"reaction_time":0.5,"regen_periodicity":0.25,"ignite_sampling_delta":0.2,"fixed_time":true,"optimize_expressions":true,"optimal_raid":1,"log":0,"debug_each":0,"stat_cache":1,"max_aoe_enemies":20,"show_etmi":false,"tmi_window_global":0.0,"tmi_bin_size":0.5,"enemy_death_pct":0.0,"challenge_mode":false,"timewalk":-1,"pvp_crit":false,"rng":{"name":"sse2-sfmt"},"deterministic":0,"average_range":1,"average_gauss":0,"fight_style":"Patchwerk","default_aura_delay":0.03,"default_aura_delay_stddev":0.005,"dbc":{"Live":{"build_level":27404,"wow_version":"8.0.1"},"version_used":"Live"}},"overrides":{"arcane_intellect":1,"battle_shout":1,"power_word_fortitude":1,"chaos_brand":1,"mystic_touch":1,"mortal_wounds":1,"bleeding":1,"bloodlust":1,"bloodlust_percent":25,"bloodlust_time":0.5},"statistics":{"elapsed_cpu_seconds":11145.935986999999,"elapsed_time_seconds":11.885485000000001,"init_time_seconds":2.935716848999999,"merge_time_seconds":0.014090072000000006,"analyze_time_seconds":0.13165037900000007,"simulation_length":{"sum":156426.906,"count":520,"mean":300.82097307692305,"min":240.125,"max":359.741,"median":299.62,"variance":1277.8146588108136,"std_dev":35.746533521599176,"mean_variance":2.4573358823284877,"mean_std_dev":1.5675891943773048},"raid_dps":{"sum":8287726.416393902,"count":520,"mean":15937.93541614212},"total_dmg":{"sum":2489299473.6377583,"count":520,"mean":4787114.372380304},"total_iterations":99319,"total_actors":211,"total_iterations_mean":470.70616113744074,"total_iterations_variance":485679.7819905211,"total_iterations_stddev":696.907297989138,"total_mean_dps_stddev":16.917439695338512,"total_mean_dps_variance":286.1997658454152},"player":{"name":"Template","race":"troll","level":120,"role":"spell","specialization":"Demonology Warlock","profile_source":"default","talents":[{"tier":1,"id":22048,"spell_id":267171,"name":"Demonic Strength"},{"tier":2,"id":23158,"spell_id":265412,"name":"Doom"},{"tier":4,"id":23160,"spell_id":264119,"name":"Summon Vilefiend"},{"tier":6,"id":21717,"spell_id":111898,"name":"Grimoire: Felguard"},{"tier":7,"id":23161,"spell_id":267214,"name":"Sacrificed Souls"}],"party":0,"ready_type":0,"bugs":true,"scale_player":true,"potion_used":false,"timeofday":"DAY_TIME","invert_scaling":0,"reaction_offset":0.1,"reaction_max":1.4000000000000001,"reaction_mean":0.3,"reaction_stddev":0.06,"reaction_nu":0.25,"world_lag":0.1,"brain_lag":0.0,"brain_lag_stddev":0.0,"world_lag_override":false,"world_lag_stddev_override":false,"dbc":{"Live":{"build_level":27404,"wow_version":"8.0.1"},"version_used":"Live"},"base_mana_regen_per_second":1000.0,"collected_data":{"fight_length":{"sum":156426.906,"count":520,"mean":300.82097307692305,"min":240.125,"max":359.741},"executed_foreground_actions":{"sum":119508.0,"count":520,"mean":229.8230769230769,"min":184.0,"max":274.0},"dmg":{"sum":1164335947.6858468,"count":520,"mean":2239107.5917035514,"min":1708571.0396448113,"max":2835479.661090592},"compound_dmg":{"sum":2489299473.6377583,"count":520,"mean":4787114.372380304,"min":3781219.6626329534,"max":5761418.595065689},"timeline_dmg":{"mean":16337.42760644874,"mean_std_dev":9364.049158404307,"min":1492.598248999151,"max":95694.92227022734,