{"results":[["Trait","325","340","355","370","385"],["Thunderous Blast",356,546,724,986,1296],["Tidal Surge",257,421,605,817,1057],["Azerite Globules",108,256,418,638,843],["Secrets of the Deep",281,430,616,867,1130],["Filthy Transfusion",206,383,554,769,1008],["Blood Rite",168,313,510,671,900],["Relational Normalization Gizmo",273,421,609,848,1042],["Synaptic Spark Capacitor",480,684,931,1170,1498],["Gutripper",130,283,440,636,853],["Sylvanas' Resolve / Anduin's Dedication",257,439,626,858,1123],["Swirling Sands",328,491,645,879,1087],["Meticulous Scheming",198,374,533,740,935],["Ricocheting Inflatable Pyrosaw",230,382,595,823,1060],["Laser Matrix",338,479,703,968,1203],["Tradewinds",281,428,602,786,1031],["Heed My Call",159,317,491,717,926],["Collective Will / Stand As One",64,240,402,617,795],["Barrage Of Many Bombs",453,624,875,1123,1423],["Dagger in the Back",355,512,718,931,1219],["Unstable Flames",87,227,419,599,816],["Shrouded Suffocation",402,588,824,1076,1328],["Fan of Blades",164,340,537,701,902],["Twist the Knife",151,300,487,666,920],["Scent of Blood",288,495,652,927,1179],["Sharpened Blades",-40,138,341,540,782],["Poisoned Wire",79,221,367,549,770],["Double Dose",25,132,298,498,692],["Overwhelming Power",85,217,362,562,754],["Unstable Catalyst",296,510,699,926,1184],["Earthlink",106,272,423,641,832],["Incite the Pack",255,405,594,754,1009],["Combined Might / Stronger Together",34,181,326,526,717],["Battlefield Focus / Battlefield Precision",121,277,443,667,907],["Retaliatory Fury / Last Gift",156,274,449,635,864],["Glory in Battle / Liberator's Might",214,342,500,693,875],["Ruinous Bolt",149,314,471,673,923],["Blood Siphon",91,245,396,541,788],["Champion of Azeroth",347,513,699,910,1097],["Blightborne Infusion",361,539,721,913,1167],["Rezan's Fury",241,388,585,824,1094],["Elemental Whirl",88,219,406,576,784]],"metas":{"build_date":"Aug 23 2018","build_time":"08:35:52","git_revision":"0f9699d9e7","options":{"debug":false,"max_time":300.0,"expected_iteration_time":345.70300000000003,"vary_combat_length":0.2,"iterations":786,"target_error":0.2,"threads":32,"seed":7120764058026936880,"single_actor_batch":false,"queue_lag":0.005,"queue_lag_stddev":0.001,"gcd_lag":0.15,"gcd_lag_stddev":0.037,"channel_lag":0.25,"channel_lag_stddev":0.062,"queue_gcd_reduction":0.1,"strict_gcd_queue":0,"confidence":0.95,"confidence_estimator":1.9599639854089754,"world_lag":0.1,"world_lag_stddev":0.01,"travel_variance":0.0,"default_skill":1.0,"reaction_time":0.5,"regen_periodicity":0.25,"ignite_sampling_delta":0.2,"fixed_time":true,"optimize_expressions":true,"optimal_raid":1,"log":0,"debug_each":0,"stat_cache":1,"max_aoe_enemies":20,"show_etmi":false,"tmi_window_global":0.0,"tmi_bin_size":0.5,"enemy_death_pct":0.0,"challenge_mode":false,"timewalk":-1,"pvp_crit":false,"rng":{"name":"sse2-sfmt"},"deterministic":0,"average_range":1,"average_gauss":0,"fight_style":"Patchwerk","default_aura_delay":0.03,"default_aura_delay_stddev":0.005,"dbc":{"Live":{"build_level":27404,"wow_version":"8.0.1"},"version_used":"Live"}},"overrides":{"arcane_intellect":1,"battle_shout":1,"power_word_fortitude":1,"chaos_brand":1,"mystic_touch":1,"mortal_wounds":1,"bleeding":1,"bloodlust":1,"bloodlust_percent":25,"bloodlust_time":0.5},"statistics":{"elapsed_cpu_seconds":26680.80691399999,"elapsed_time_seconds":28.422427,"init_time_seconds":3.4088565410000027,"merge_time_seconds":0.007487546000000001,"analyze_time_seconds":0.145816005,"simulation_length":{"sum":225519.36000000002,"count":754,"mean":299.09729442970826,"min":240.002,"max":359.999,"median":297.355,"variance":1258.0282727780325,"std_dev":35.468694263787505,"mean_variance":1.668472510315693,"mean_std_dev":1.2916936596251036},"raid_dps":{"sum":10059469.583868032,"count":754,"mean":13341.471596641954},"total_dmg":{"sum":3005139216.9320407,"count":754,"mean":3985595.778424457},"total_iterations":156573,"total_actors":206,"total_iterations_mean":760.0631067961165,"total_iterations_variance":766932.1796116506,"total_iterations_stddev":875.7466412220207,"total_mean_dps_stddev":14.191931892804622,"total_mean_dps_variance":201.41093085000497},"player":{"name":"Template","race":"human","level":120,"role":"attack","specialization":"Assassination Rogue","profile_source":"default","talents":[{"tier":1,"id":22338,"spell_id":193640,"name":"Elaborate Planning"},{"tier":2,"id":22332,"spell_id":108208,"name":"Subterfuge"},{"tier":3,"id":19239,"spell_id":14983,"name":"Vigor"},{"tier":6,"id":22344,"spell_id":200806,"name":"Exsanguinate"},{"tier":7,"id":21186,"spell_id":255544,"name":"Poison Bomb"}],"party":0,"ready_type":1,"bugs":true,"scale_player":true,"potion_used":false,"timeofday":"DAY_TIME","invert_scaling":0,"reaction_offset":0.1,"reaction_max":1.4000000000000001,"reaction_mean":0.3,"reaction_stddev":0.06,"reaction_nu":0.25,"world_lag":0.1,"brain_lag":0.0,"brain_lag_stddev":0.0,"world_lag_override":false,"world_lag_stddev_override":false,"dbc":{"Live":{"build_level":27404,"wow_version":"8.0.1"},"version_used":"Live"},"base_energy_regen_per_second":11.0,"collected_data":{"fight_length":{"sum":225519.36,"count":754,"mean":299.0972944297082,"min":240.002,"max":359.999},"waiting_time":{"sum":26767.936000000005,"count":754,"mean":35.50124137931035,"min":23.535,"max":50.612},"executed_foreground_actions":{"sum":193227.0,"count":754,"mean":256.2692307692308,"min":199.0,"max":311.0},"dmg":{"sum":3005139216.9320407,"count":754,"mean":3985595.778424457,"min":3025078.812925881,"max":4911380.373996638},"compound_dmg":{"sum":3005139216.9320407,"count":754,"mean":3985595.778424457,"min":3025078.812925881,"max":4911380.373996638},"timeline_dmg":{"mean":13475.524277068625,"mean_std_dev":5573.269273122753,"min":2659.652772483088,"max":33267.31535933594,