{"results":[["Trait","325","340","355","370","385"],["In The Rhythm",310,504,639,858,1040],["Relational Normalization Gizmo",385,523,719,903,1181],["Thunderous Blast",377,543,749,941,1247],["Azerite Globules",143,313,467,640,830],["Tidal Surge",292,436,635,838,1060],["Dagger in the Back",373,523,689,954,1189],["Unstable Flames",134,270,417,565,781],["Secrets of the Deep",253,429,658,866,1090],["Heed My Call",169,311,452,692,877],["Blood Rite",302,458,626,820,1024],["Filthy Transfusion",220,399,575,760,1013],["Synaptic Spark Capacitor",505,696,936,1197,1452],["Gutripper",100,230,401,587,795],["Sylvanas' Resolve / Anduin's Dedication",239,425,589,817,1085],["Swirling Sands",279,472,611,812,1047],["Meticulous Scheming",356,501,706,857,1088],["Ricocheting Inflatable Pyrosaw",211,354,540,746,957],["Laser Matrix",327,483,685,928,1220],["Tradewinds",316,464,612,803,1056],["Collective Will / Stand As One",93,246,379,531,777],["Focused Fire",301,388,560,758,966],["Barrage Of Many Bombs",391,553,747,975,1227],["Elemental Whirl",133,286,418,620,811],["Unerring Vision",152,330,460,629,847],["Arcane Flurry",43,159,291,470,683],["Overwhelming Power",228,354,520,664,886],["Unstable Catalyst",316,472,647,871,1122],["Rapid Reload",125,241,412,589,771],["Steady Aim",258,422,642,864,1093],["Incite the Pack",293,399,559,789,989],["Combined Might / Stronger Together",64,217,316,513,726],["Battlefield Focus / Battlefield Precision",29,157,295,455,660],["Retaliatory Fury / Last Gift",219,322,446,632,862],["Glory in Battle / Liberator's Might",231,436,544,752,941],["Ruinous Bolt",184,340,470,674,909],["Blood Siphon",128,264,391,544,774],["Champion of Azeroth",411,597,782,997,1163],["Blightborne Infusion",374,523,681,871,1115],["Earthlink",145,264,403,600,819],["Rezan's Fury",272,388,613,806,1038]],"metas":{"build_date":"Aug 17 2018","build_time":"18:41:44","git_revision":"d045f58118","options":{"debug":false,"max_time":300.0,"expected_iteration_time":245.03900000000002,"vary_combat_length":0.2,"iterations":954,"target_error":0.2,"threads":32,"seed":8706169549045272651,"single_actor_batch":false,"queue_lag":0.005,"queue_lag_stddev":0.001,"gcd_lag":0.15,"gcd_lag_stddev":0.037,"channel_lag":0.25,"channel_lag_stddev":0.062,"queue_gcd_reduction":0.1,"strict_gcd_queue":0,"confidence":0.95,"confidence_estimator":1.9599639854089754,"world_lag":0.1,"world_lag_stddev":0.01,"travel_variance":0.0,"default_skill":1.0,"reaction_time":0.5,"regen_periodicity":0.25,"ignite_sampling_delta":0.2,"fixed_time":true,"optimize_expressions":true,"optimal_raid":1,"log":0,"debug_each":0,"stat_cache":1,"max_aoe_enemies":20,"show_etmi":false,"tmi_window_global":0.0,"tmi_bin_size":0.5,"enemy_death_pct":0.0,"challenge_mode":false,"timewalk":-1,"pvp_crit":false,"rng":{"name":"sse2-sfmt"},"deterministic":0,"average_range":1,"average_gauss":0,"fight_style":"Patchwerk","default_aura_delay":0.03,"default_aura_delay_stddev":0.005,"dbc":{"bfa-BETA":{"build_level":26095,"wow_version":"8.0.1"},"version_used":"bfa-BETA"}},"overrides":{"arcane_intellect":1,"battle_shout":1,"power_word_fortitude":1,"chaos_brand":1,"mystic_touch":1,"mortal_wounds":1,"bleeding":1,"bloodlust":1,"bloodlust_percent":25,"bloodlust_time":0.5},"statistics":{"elapsed_cpu_seconds":13624.227433,"elapsed_time_seconds":14.682262,"init_time_seconds":2.7068437519999997,"merge_time_seconds":0.006705216999999999,"analyze_time_seconds":0.17290180300000005,"simulation_length":{"sum":275880.711,"count":922,"mean":299.2198600867679,"min":240.339,"max":359.993,"median":300.314,"variance":1178.7728942027666,"std_dev":34.33326221323524,"mean_variance":1.2784955468576644,"mean_std_dev":1.1307057737792199},"raid_dps":{"sum":15960596.994586859,"count":922,"mean":17310.842727317635},"total_dmg":{"sum":4774519290.192704,"count":922,"mean":5178437.408018118},"total_iterations":182603,"total_actors":201,"total_iterations_mean":908.4726368159204,"total_iterations_variance":468292.0995024876,"total_iterations_stddev":684.318711933619,"total_mean_dps_stddev":18.248012295159658,"total_mean_dps_variance":332.98995272429806},"player":{"name":"Template","race":"lightforged_draenei","level":120,"role":"attack","specialization":"Marksmanship Hunter","profile_source":"default","talents":[{"tier":1,"id":22501,"spell_id":271788,"name":"Serpent Sting"},{"tier":2,"id":22495,"spell_id":260228,"name":"Careful Aim"},{"tier":4,"id":21998,"spell_id":257284,"name":"Hunter's Mark"},{"tier":6,"id":23063,"spell_id":260393,"name":"Lethal Shots"},{"tier":7,"id":22308,"spell_id":194595,"name":"Lock and Load"}],"party":0,"ready_type":0,"bugs":true,"scale_player":true,"potion_used":false,"timeofday":"DAY_TIME","invert_scaling":0,"reaction_offset":0.1,"reaction_max":1.4000000000000001,"reaction_mean":0.3,"reaction_stddev":0.06,"reaction_nu":0.25,"world_lag":0.1,"brain_lag":0.0,"brain_lag_stddev":0.0,"world_lag_override":false,"world_lag_stddev_override":false,"dbc":{"bfa-BETA":{"build_level":26095,"wow_version":"8.0.1"},"version_used":"bfa-BETA"},"base_focus_regen_per_second":2.999999999999999,"collected_data":{"fight_length":{"sum":275880.711,"count":922,"mean":299.2198600867679,"min":240.339,"max":359.993},"executed_foreground_actions":{"sum":188479.0,"count":922,"mean":204.42407809110628,"min":166.0,"max":244.0},"dmg":{"sum":4436208604.227704,"count":922,"mean":4811506.078338074,"min":3610755.747787531,"max":5980210.006842161},"compound_dmg":{"sum":4774519290.192704,"count":922,"mean":5178437.408018118,"min":3899653.6508424785,"max":6392355.22408358},"timeline_dmg":{"mean":17835.933481295455,"mean_std_dev":10957.3323589753,"min":2230.5008740594094,"max":147095.99583751085,