{"results":[["Trait","325","340","355","370","385"],["Laser Matrix",320,493,755,977,1321],["Archive of the Titans",313,470,733,945,1214],["Relational Normalization Gizmo",397,608,802,1035,1336],["Synaptic Spark Capacitor",637,796,1087,1431,1766],["Gutripper",114,268,443,663,915],["Sylvanas' Resolve / Anduin's Dedication",309,506,758,974,1255],["Swirling Sands",654,825,1063,1325,1592],["Tradewinds",336,535,763,980,1239],["Ricocheting Inflatable Pyrosaw",306,494,683,931,1264],["Heed My Call",178,333,519,795,1039],["Whispers of the Damned",237,430,623,881,1159],["Barrage Of Many Bombs",485,671,989,1280,1583],["Tidal Surge",260,389,643,858,1160],["Collective Will / Stand As One",74,237,443,682,893],["On My Way",125,316,465,652,872],["Combined Might / Stronger Together",94,225,429,614,884],["Battlefield Focus / Battlefield Precision",38,205,341,534,748],["Retaliatory Fury / Last Gift",183,365,536,756,971],["Glory in Battle / Liberator's Might",341,562,814,1006,1274],["Unstable Flames",236,372,577,792,1014],["Blood Rite",358,533,721,980,1211],["Searing Dialogue",8,102,319,521,704],["Meticulous Scheming",421,657,844,1077,1324],["Incite the Pack",340,543,692,958,1204],["Unstable Catalyst",370,545,773,1071,1360],["Azerite Globules",212,356,553,847,1063],["Earthlink",123,322,491,684,950],["Rezan's Fury",287,483,674,934,1215],["Dagger in the Back",294,461,741,983,1229],["Secrets of the Deep",316,539,753,979,1265],["Blood Siphon",95,272,458,696,904],["Champion of Azeroth",633,827,1073,1245,1540],["Chorus of Insanity",365,557,737,967,1188],["Ruinous Bolt",126,314,490,726,1000],["Thunderous Blast",333,581,799,1040,1376],["Blightborne Infusion",729,920,1091,1444,1658],["Death Throes",538,709,1036,1357,1684],["Overwhelming Power",250,394,624,812,1051],["Filthy Transfusion",227,448,637,865,1115],["Thought Harvester",153,307,500,691,974],["Elemental Whirl",162,340,514,726,968],["Spiteful Apparitions",358,574,793,1040,1384]],"metas":{"build_date":"Aug 25 2018","build_time":"09:42:16","git_revision":"d4b8c45266","options":{"debug":false,"max_time":300.0,"expected_iteration_time":275.53000000000003,"vary_combat_length":0.2,"iterations":488,"target_error":0.2,"threads":32,"seed":865041230008939851,"single_actor_batch":false,"queue_lag":0.005,"queue_lag_stddev":0.001,"gcd_lag":0.15,"gcd_lag_stddev":0.037,"channel_lag":0.25,"channel_lag_stddev":0.062,"queue_gcd_reduction":0.1,"strict_gcd_queue":0,"confidence":0.95,"confidence_estimator":1.9599639854089754,"world_lag":0.1,"world_lag_stddev":0.01,"travel_variance":0.0,"default_skill":1.0,"reaction_time":0.5,"regen_periodicity":0.25,"ignite_sampling_delta":0.2,"fixed_time":true,"optimize_expressions":true,"optimal_raid":1,"log":0,"debug_each":0,"stat_cache":1,"max_aoe_enemies":20,"show_etmi":false,"tmi_window_global":0.0,"tmi_bin_size":0.5,"enemy_death_pct":0.0,"challenge_mode":false,"timewalk":-1,"pvp_crit":false,"rng":{"name":"sse2-sfmt"},"deterministic":0,"average_range":1,"average_gauss":0,"fight_style":"Patchwerk","default_aura_delay":0.03,"default_aura_delay_stddev":0.005,"dbc":{"Live":{"build_level":27404,"wow_version":"8.0.1"},"version_used":"Live"}},"overrides":{"arcane_intellect":1,"battle_shout":1,"power_word_fortitude":1,"chaos_brand":1,"mystic_touch":1,"mortal_wounds":1,"bleeding":1,"bloodlust":1,"bloodlust_percent":25,"bloodlust_time":0.5},"statistics":{"elapsed_cpu_seconds":9073.907768,"elapsed_time_seconds":9.997279,"init_time_seconds":2.8601923549999997,"merge_time_seconds":0.006056276000000002,"analyze_time_seconds":0.10674552200000004,"simulation_length":{"sum":136522.699,"count":456,"mean":299.3918837719298,"min":240.211,"max":359.883,"median":299.187,"variance":1228.1811879228942,"std_dev":35.04541607575653,"mean_variance":2.6933797980765224,"mean_std_dev":1.6411519728765287},"raid_dps":{"sum":9111620.05388536,"count":456,"mean":19981.622925187192},"total_dmg":{"sum":2725230639.5428686,"count":456,"mean":5976382.981453659},"total_iterations":96185,"total_actors":211,"total_iterations_mean":455.8530805687204,"total_iterations_variance":499624.44549763046,"total_iterations_stddev":706.841174166892,"total_mean_dps_stddev":21.091286442272434,"total_mean_dps_variance":444.842363789985},"player":{"name":"Template","race":"troll","level":120,"role":"spell","specialization":"Shadow Priest","profile_source":"default","talents":[{"tier":1,"id":22328,"spell_id":193195,"name":"Fortress of the Mind"},{"tier":2,"id":22315,"spell_id":64129,"name":"Body and Soul"},{"tier":3,"id":23125,"spell_id":109142,"name":"Twist of Fate"},{"tier":4,"id":23137,"spell_id":263716,"name":"Last Word"},{"tier":5,"id":22310,"spell_id":155271,"name":"Auspicious Spirits"},{"tier":6,"id":21719,"spell_id":200174,"name":"Mindbender"},{"tier":7,"id":21978,"spell_id":280711,"name":"Dark Ascension"}],"party":0,"ready_type":0,"bugs":true,"scale_player":true,"potion_used":false,"timeofday":"DAY_TIME","invert_scaling":0,"reaction_offset":0.1,"reaction_max":1.4000000000000001,"reaction_mean":0.3,"reaction_stddev":0.06,"reaction_nu":0.25,"world_lag":0.1,"brain_lag":0.0,"brain_lag_stddev":0.0,"world_lag_override":false,"world_lag_stddev_override":false,"dbc":{"Live":{"build_level":27404,"wow_version":"8.0.1"},"version_used":"Live"},"base_mana_regen_per_second":640.0,"collected_data":{"fight_length":{"sum":136522.69900000002,"count":456,"mean":299.3918837719299,"min":240.211,"max":359.883},"executed_foreground_actions":{"sum":97753.0,"count":456,"mean":214.37061403508773,"min":168.0,"max":260.0},"dmg":{"sum":2565139609.60347,"count":456,"mean":5625306.161411118,"min":4400782.557477423,"max":6841895.651413581},"compound_dmg":{"sum":2725230639.5428686,"count":456,"mean":5976382.981453659,"min":4688773.616732788,"max":7233037.1649720315},"timeline_dmg":{"mean":20956.09520209208,"mean_std_dev":8021.25111651091,"min":6085.173291336884,"max":82182.87355421174,