{"results":[["Trait","325","340","355","370","385"],["Laser Matrix",370,596,851,1140,1462],["Archive of the Titans",363,583,828,1065,1381],["Relational Normalization Gizmo",344,543,759,1054,1345],["Synaptic Spark Capacitor",585,811,1095,1452,1814],["Sylvanas' Resolve / Anduin's Dedication",325,560,811,1105,1468],["Gutripper",108,289,501,769,1043],["Swirling Sands",369,587,754,1030,1320],["Tradewinds",272,489,710,964,1297],["Ricocheting Inflatable Pyrosaw",276,462,680,965,1262],["Heed My Call",198,365,618,846,1181],["Barrage Of Many Bombs",442,694,971,1326,1683],["Snake Eyes",312,522,800,1090,1416],["Tidal Surge",306,494,776,1022,1308],["Collective Will / Stand As One",93,276,473,741,1042],["Combined Might / Stronger Together",80,216,473,669,927],["Battlefield Focus / Battlefield Precision",260,473,711,1015,1294],["Retaliatory Fury / Last Gift",158,358,519,766,1035],["Glory in Battle / Liberator's Might",198,429,655,871,1148],["Blood Rite",248,443,625,859,1141],["Unstable Flames",149,295,516,742,1009],["Meticulous Scheming",248,419,661,913,1144],["Incite the Pack",287,480,669,962,1207],["Unstable Catalyst",386,582,875,1170,1468],["Deadshot",554,818,1136,1449,1865],["Azerite Globules",218,397,605,900,1211],["Storm of Steel",372,616,897,1140,1511],["Earthlink",113,315,512,772,1052],["Dagger in the Back",313,569,813,1107,1414],["Secrets of the Deep",329,588,825,1106,1466],["Blood Siphon",122,291,480,727,1011],["Brigand's Blitz",268,439,665,882,1158],["Ruinous Bolt",177,377,545,808,1122],["Blightborne Infusion",392,584,825,1121,1424],["Overwhelming Power",129,336,549,753,1024],["Rezan's Fury",246,483,749,1013,1334],["Paradise Lost",256,498,720,1012,1309],["Thunderous Blast",406,621,897,1199,1487],["Champion of Azeroth",430,618,911,1102,1396],["Filthy Transfusion",222,405,644,934,1257],["Ace Up Your Sleeve",124,312,490,713,1049],["Elemental Whirl",128,305,519,737,989]],"metas":{"build_date":"Aug 26 2018","build_time":"08:15:22","git_revision":"8a4b661fb5","options":{"debug":false,"max_time":300.0,"expected_iteration_time":302.59000000000003,"vary_combat_length":0.2,"iterations":2274,"target_error":0.2,"threads":32,"seed":18392805980080674645,"single_actor_batch":false,"queue_lag":0.005,"queue_lag_stddev":0.001,"gcd_lag":0.15,"gcd_lag_stddev":0.037,"channel_lag":0.25,"channel_lag_stddev":0.062,"queue_gcd_reduction":0.1,"strict_gcd_queue":0,"confidence":0.95,"confidence_estimator":1.9599639854089754,"world_lag":0.1,"world_lag_stddev":0.01,"travel_variance":0.0,"default_skill":1.0,"reaction_time":0.5,"regen_periodicity":0.25,"ignite_sampling_delta":0.2,"fixed_time":true,"optimize_expressions":true,"optimal_raid":1,"log":0,"debug_each":0,"stat_cache":1,"max_aoe_enemies":20,"show_etmi":false,"tmi_window_global":0.0,"tmi_bin_size":0.5,"enemy_death_pct":0.0,"challenge_mode":false,"timewalk":-1,"pvp_crit":false,"rng":{"name":"sse2-sfmt"},"deterministic":0,"average_range":1,"average_gauss":0,"fight_style":"Patchwerk","default_aura_delay":0.03,"default_aura_delay_stddev":0.005,"dbc":{"Live":{"build_level":27404,"wow_version":"8.0.1"},"version_used":"Live"}},"overrides":{"arcane_intellect":1,"battle_shout":1,"power_word_fortitude":1,"chaos_brand":1,"mystic_touch":1,"mortal_wounds":1,"bleeding":1,"bloodlust":1,"bloodlust_percent":25,"bloodlust_time":0.5},"statistics":{"elapsed_cpu_seconds":62993.04617699998,"elapsed_time_seconds":66.67845,"init_time_seconds":2.8541499779999966,"merge_time_seconds":0.007669411000000001,"analyze_time_seconds":0.4324893600000003,"simulation_length":{"sum":671411.362,"count":2242,"mean":299.4698314005352,"min":240.14600000000002,"max":359.92,"median":300.101,"variance":1207.780864128577,"std_dev":34.75314178788123,"mean_variance":0.5387068974703733,"mean_std_dev":0.7339665506481704},"raid_dps":{"sum":39581376.777768366,"count":2242,"mean":17654.49454851399},"total_dmg":{"sum":11848548101.605997,"count":2242,"mean":5284811.82052007},"total_iterations":471303,"total_actors":206,"total_iterations_mean":2287.878640776699,"total_iterations_variance":2431849.966019418,"total_iterations_stddev":1559.4389907974655,"total_mean_dps_stddev":18.764904109755275,"total_mean_dps_variance":352.1216262483104},"player":{"name":"Template","race":"dwarf","level":120,"role":"attack","specialization":"Outlaw Rogue","profile_source":"default","talents":[{"tier":1,"id":22119,"spell_id":196938,"name":"Quick Draw"},{"tier":2,"id":19238,"spell_id":196922,"name":"Hit and Run"},{"tier":3,"id":19239,"spell_id":14983,"name":"Vigor"},{"tier":6,"id":23128,"spell_id":193539,"name":"Alacrity"},{"tier":7,"id":23075,"spell_id":271877,"name":"Blade Rush"}],"party":0,"ready_type":1,"bugs":true,"scale_player":true,"potion_used":false,"timeofday":"DAY_TIME","invert_scaling":0,"reaction_offset":0.1,"reaction_max":1.4000000000000001,"reaction_mean":0.3,"reaction_stddev":0.06,"reaction_nu":0.25,"world_lag":0.1,"brain_lag":0.0,"brain_lag_stddev":0.0,"world_lag_override":false,"world_lag_stddev_override":false,"dbc":{"Live":{"build_level":27404,"wow_version":"8.0.1"},"version_used":"Live"},"base_energy_regen_per_second":14.85,"collected_data":{"fight_length":{"sum":671411.3619999998,"count":2242,"mean":299.46983140053516,"min":240.14600000000002,"max":359.92},"waiting_time":{"sum":62867.134000000005,"count":2242,"mean":28.040648528099915,"min":9.533,"max":51.206},"executed_foreground_actions":{"sum":634315.0,"count":2242,"mean":282.9237288135593,"min":211.0,"max":362.0},"dmg":{"sum":11848548101.605997,"count":2242,"mean":5284811.82052007,"min":3687292.83098812,"max":6979751.469121638},"compound_dmg":{"sum":11848548101.605997,"count":2242,"mean":5284811.82052007,"min":3687292.83098812,"max":6979751.469121638},"timeline_dmg":{"mean":17541.024811425126,"mean_std_dev":11534.365401869218,"min":3050.663016394473,"max":70345.9045422565,