{"results":[["Trait","325","340","355","370","385"],["Thunderous Blast",364,581,775,1011,1291],["Tidal Surge",229,401,599,844,1088],["Azerite Globules",127,258,433,605,838],["Secrets of the Deep",268,398,618,861,1102],["Filthy Transfusion",203,373,543,752,998],["Blood Rite",209,336,487,659,909],["Relational Normalization Gizmo",259,442,621,828,1080],["Synaptic Spark Capacitor",482,679,922,1188,1497],["Gutripper",96,288,431,627,847],["Sylvanas' Resolve / Anduin's Dedication",281,430,610,867,1082],["Swirling Sands",356,512,687,866,1122],["Meticulous Scheming",211,352,542,723,940],["Ricocheting Inflatable Pyrosaw",244,381,590,772,1045],["Laser Matrix",359,533,725,978,1267],["Tradewinds",282,425,604,763,996],["Heed My Call",174,316,485,706,934],["Collective Will / Stand As One",106,246,394,610,808],["Barrage Of Many Bombs",452,650,881,1163,1431],["Dagger in the Back",345,520,739,940,1254],["Unstable Flames",143,257,441,576,833],["Shrouded Suffocation",475,671,877,1110,1388],["Fan of Blades",153,300,484,673,903],["Twist the Knife",211,359,534,746,984],["Scent of Blood",275,465,672,877,1129],["Sharpened Blades",-77,113,259,482,718],["Poisoned Wire",90,215,413,580,766],["Double Dose",17,149,314,483,677],["Overwhelming Power",104,222,369,569,740],["Unstable Catalyst",285,466,669,886,1156],["Earthlink",119,288,461,628,834],["Incite the Pack",268,424,556,763,978],["Combined Might / Stronger Together",59,186,309,520,734],["Battlefield Focus / Battlefield Precision",120,247,424,616,822],["Retaliatory Fury / Last Gift",145,269,450,650,829],["Glory in Battle / Liberator's Might",210,354,495,702,929],["Ruinous Bolt",159,298,485,666,899],["Blood Siphon",85,232,374,539,778],["Champion of Azeroth",361,497,721,930,1141],["Blightborne Infusion",372,565,736,939,1152],["Rezan's Fury",268,396,624,821,1069],["Elemental Whirl",116,235,383,560,814]],"metas":{"build_date":"Aug 21 2018","build_time":"06:51:36","git_revision":"57250019bf","options":{"debug":false,"max_time":300.0,"expected_iteration_time":338.01300000000003,"vary_combat_length":0.2,"iterations":955,"target_error":0.2,"threads":32,"seed":6310583330557701934,"single_actor_batch":false,"queue_lag":0.005,"queue_lag_stddev":0.001,"gcd_lag":0.15,"gcd_lag_stddev":0.037,"channel_lag":0.25,"channel_lag_stddev":0.062,"queue_gcd_reduction":0.1,"strict_gcd_queue":0,"confidence":0.95,"confidence_estimator":1.9599639854089754,"world_lag":0.1,"world_lag_stddev":0.01,"travel_variance":0.0,"default_skill":1.0,"reaction_time":0.5,"regen_periodicity":0.25,"ignite_sampling_delta":0.2,"fixed_time":true,"optimize_expressions":true,"optimal_raid":1,"log":0,"debug_each":0,"stat_cache":1,"max_aoe_enemies":20,"show_etmi":false,"tmi_window_global":0.0,"tmi_bin_size":0.5,"enemy_death_pct":0.0,"challenge_mode":false,"timewalk":-1,"pvp_crit":false,"rng":{"name":"sse2-sfmt"},"deterministic":0,"average_range":1,"average_gauss":0,"fight_style":"Patchwerk","default_aura_delay":0.03,"default_aura_delay_stddev":0.005,"dbc":{"bfa-BETA":{"build_level":26095,"wow_version":"8.0.1"},"version_used":"bfa-BETA"}},"overrides":{"arcane_intellect":1,"battle_shout":1,"power_word_fortitude":1,"chaos_brand":1,"mystic_touch":1,"mortal_wounds":1,"bleeding":1,"bloodlust":1,"bloodlust_percent":25,"bloodlust_time":0.5},"statistics":{"elapsed_cpu_seconds":31890.059849000005,"elapsed_time_seconds":33.65979600000001,"init_time_seconds":3.3778128130000016,"merge_time_seconds":0.007529363000000002,"analyze_time_seconds":0.17279612099999994,"simulation_length":{"sum":274850.77099999983,"count":923,"mean":297.77981690140825,"min":240.203,"max":359.979,"median":296.564,"variance":1169.2556584789343,"std_dev":34.19438051023785,"mean_variance":1.2667991966185637,"mean_std_dev":1.1255217441784782},"raid_dps":{"sum":12107700.48231241,"count":923,"mean":13117.768669894267},"total_dmg":{"sum":3600814544.6934505,"count":923,"mean":3901207.5240449086},"total_iterations":190390,"total_actors":206,"total_iterations_mean":924.2233009708738,"total_iterations_variance":793211.7281553393,"total_iterations_stddev":890.6243473852145,"total_mean_dps_stddev":13.968013385421294,"total_mean_dps_variance":195.10539793530845},"player":{"name":"Template","race":"troll","level":120,"role":"attack","specialization":"Assassination Rogue","profile_source":"default","talents":[{"tier":1,"id":22338,"spell_id":193640,"name":"Elaborate Planning"},{"tier":2,"id":22332,"spell_id":108208,"name":"Subterfuge"},{"tier":3,"id":19239,"spell_id":14983,"name":"Vigor"},{"tier":6,"id":23015,"spell_id":245388,"name":"Toxic Blade"},{"tier":7,"id":21186,"spell_id":255544,"name":"Poison Bomb"}],"party":0,"ready_type":1,"bugs":true,"scale_player":true,"potion_used":false,"timeofday":"DAY_TIME","invert_scaling":0,"reaction_offset":0.1,"reaction_max":1.4000000000000001,"reaction_mean":0.3,"reaction_stddev":0.06,"reaction_nu":0.25,"world_lag":0.1,"brain_lag":0.0,"brain_lag_stddev":0.0,"world_lag_override":false,"world_lag_stddev_override":false,"dbc":{"bfa-BETA":{"build_level":26095,"wow_version":"8.0.1"},"version_used":"bfa-BETA"},"base_energy_regen_per_second":11.0,"collected_data":{"fight_length":{"sum":274850.771,"count":923,"mean":297.7798169014085,"min":240.203,"max":359.979},"waiting_time":{"sum":42963.158,"count":923,"mean":46.54730010834236,"min":31.061,"max":64.697},"executed_foreground_actions":{"sum":221647.0,"count":923,"mean":240.13759479956664,"min":186.0,"max":291.0},"dmg":{"sum":3600814544.6934505,"count":923,"mean":3901207.5240449086,"min":2970302.487130666,"max":4822568.217614531},"compound_dmg":{"sum":3600814544.6934505,"count":923,"mean":3901207.5240449086,"min":2970302.487130666,"max":4822568.217614531},"timeline_dmg":{"mean":13120.901922465775,"mean_std_dev":5548.215279826788,"min":2704.0571540643045,"max":31925.81285151569,