{"results":[["Trait","325","340","355","370","385"],["Thunderous Blast",407,515,804,1012,1351],["Tidal Surge",229,412,630,859,1150],["Azerite Globules",148,316,496,710,947],["Secrets of the Deep",247,485,683,918,1271],["Filthy Transfusion",224,412,593,821,1096],["Blood Rite",249,448,609,819,1092],["Relational Normalization Gizmo",335,519,717,941,1235],["Synaptic Spark Capacitor",388,590,819,1108,1374],["Gutripper",84,256,430,640,859],["Sylvanas' Resolve / Anduin's Dedication",266,451,679,917,1205],["Swirling Sands",502,664,866,1116,1410],["Meticulous Scheming",307,519,695,872,1113],["Ricocheting Inflatable Pyrosaw",197,361,565,755,1063],["Laser Matrix",319,536,746,1010,1246],["Tradewinds",424,587,749,980,1249],["Heed My Call",145,296,517,706,974],["Collective Will / Stand As One",62,240,425,658,853],["Barrage Of Many Bombs",337,527,788,995,1307],["Dagger in the Back",374,621,832,1109,1437],["Unstable Flames",137,358,510,687,918],["Shrouded Suffocation",599,838,1061,1416,1688],["Fan of Blades",-50,82,260,447,670],["Twist the Knife",173,302,548,728,964],["Scent of Blood",357,587,769,1065,1350],["Sharpened Blades",-7,131,373,590,845],["Poisoned Wire",-4,110,302,496,718],["Double Dose",-29,133,326,494,665],["Overwhelming Power",120,252,461,619,882],["Unstable Catalyst",338,509,714,963,1265],["Earthlink",106,234,435,642,862],["Incite the Pack",369,513,720,939,1195],["Combined Might / Stronger Together",29,220,362,548,781],["Battlefield Focus / Battlefield Precision",-5,161,300,474,678],["Retaliatory Fury / Last Gift",174,376,531,745,994],["Glory in Battle / Liberator's Might",265,450,660,851,1113],["Ruinous Bolt",129,262,465,697,986],["Blood Siphon",66,258,492,670,847],["Champion of Azeroth",477,687,928,1165,1386],["Blightborne Infusion",600,738,953,1220,1456],["Rezan's Fury",261,440,690,923,1176],["Elemental Whirl",178,300,475,694,878]],"metas":{"build_date":"Aug 17 2018","build_time":"18:41:44","git_revision":"d045f58118","options":{"debug":false,"max_time":300.0,"expected_iteration_time":348.31600000000003,"vary_combat_length":0.2,"iterations":451,"target_error":0.2,"threads":32,"seed":14992108738148467505,"single_actor_batch":false,"queue_lag":0.005,"queue_lag_stddev":0.001,"gcd_lag":0.15,"gcd_lag_stddev":0.037,"channel_lag":0.25,"channel_lag_stddev":0.062,"queue_gcd_reduction":0.1,"strict_gcd_queue":0,"confidence":0.95,"confidence_estimator":1.9599639854089754,"world_lag":0.1,"world_lag_stddev":0.01,"travel_variance":0.0,"default_skill":1.0,"reaction_time":0.5,"regen_periodicity":0.25,"ignite_sampling_delta":0.2,"fixed_time":true,"optimize_expressions":true,"optimal_raid":1,"log":0,"debug_each":0,"stat_cache":1,"max_aoe_enemies":20,"show_etmi":false,"tmi_window_global":0.0,"tmi_bin_size":0.5,"enemy_death_pct":0.0,"challenge_mode":false,"timewalk":-1,"pvp_crit":false,"rng":{"name":"sse2-sfmt"},"deterministic":0,"average_range":1,"average_gauss":0,"fight_style":"Patchwerk","default_aura_delay":0.03,"default_aura_delay_stddev":0.005,"dbc":{"bfa-BETA":{"build_level":26095,"wow_version":"8.0.1"},"version_used":"bfa-BETA"}},"overrides":{"arcane_intellect":1,"battle_shout":1,"power_word_fortitude":1,"chaos_brand":1,"mystic_touch":1,"mortal_wounds":1,"bleeding":1,"bloodlust":1,"bloodlust_percent":25,"bloodlust_time":0.5},"statistics":{"elapsed_cpu_seconds":12626.453070000005,"elapsed_time_seconds":13.880806,"init_time_seconds":3.0374173439999996,"merge_time_seconds":0.006770612,"analyze_time_seconds":0.093111056,"simulation_length":{"sum":125585.76800000001,"count":419,"mean":299.727369928401,"min":241.74800000000002,"max":359.75600000000003,"median":297.762,"variance":1215.8862985051578,"std_dev":34.86956120322075,"mean_variance":2.9018766074108777,"mean_std_dev":1.7034895383919673},"raid_dps":{"sum":7785647.550142644,"count":419,"mean":18581.497733037337},"total_dmg":{"sum":2331582325.237656,"count":419,"mean":5564635.621092258},"total_iterations":83193,"total_actors":206,"total_iterations_mean":403.8495145631068,"total_iterations_variance":526904.3349514565,"total_iterations_stddev":725.8817637545777,"total_mean_dps_stddev":19.578228437300062,"total_mean_dps_variance":383.3070287431048},"player":{"name":"Template","race":"human","level":120,"role":"attack","specialization":"Assassination Rogue","profile_source":"default","talents":[{"tier":1,"id":22338,"spell_id":193640,"name":"Elaborate Planning"},{"tier":2,"id":22332,"spell_id":108208,"name":"Subterfuge"},{"tier":3,"id":19239,"spell_id":14983,"name":"Vigor"},{"tier":6,"id":22344,"spell_id":200806,"name":"Exsanguinate"},{"tier":7,"id":21186,"spell_id":255544,"name":"Poison Bomb"}],"party":0,"ready_type":1,"bugs":true,"scale_player":true,"potion_used":false,"timeofday":"DAY_TIME","invert_scaling":0,"reaction_offset":0.1,"reaction_max":1.4000000000000001,"reaction_mean":0.3,"reaction_stddev":0.06,"reaction_nu":0.25,"world_lag":0.1,"brain_lag":0.0,"brain_lag_stddev":0.0,"world_lag_override":false,"world_lag_stddev_override":false,"dbc":{"bfa-BETA":{"build_level":26095,"wow_version":"8.0.1"},"version_used":"bfa-BETA"},"base_energy_regen_per_second":11.0,"collected_data":{"fight_length":{"sum":125585.768,"count":419,"mean":299.72736992840095,"min":241.74800000000002,"max":359.75600000000003},"waiting_time":{"sum":971.1500000000001,"count":419,"mean":2.317780429594272,"min":0.214,"max":5.735},"executed_foreground_actions":{"sum":127592.0,"count":419,"mean":304.51551312649167,"min":244.0,"max":364.0},"dmg":{"sum":2331582325.237656,"count":419,"mean":5564635.621092258,"min":4420525.809104256,"max":6814422.397700017},"compound_dmg":{"sum":2331582325.237656,"count":419,"mean":5564635.621092258,"min":4420525.809104256,"max":6814422.397700017},"timeline_dmg":{"mean":19422.093106875887,"mean_std_dev":4553.9984173959565,"min":3723.1619795465426,"max":39429.27453805587,