{"results":[["Trait","325","340","355","370","385"],["Thunderous Blast",335,467,621,806,1036],["Azerite Globules",42,162,259,389,545],["Packed Ice",71,146,282,430,589],["Tidal Surge",233,376,509,683,871],["Dagger in the Back",320,459,634,796,1033],["Unstable Flames",71,163,271,390,573],["Secrets of the Deep",174,296,433,584,781],["Gutripper",76,169,291,429,612],["Blood Rite",125,223,343,489,651],["Tunnel of Ice",201,318,451,641,799],["Filthy Transfusion",203,324,464,639,814],["Relational Normalization Gizmo",211,304,428,589,751],["Synaptic Spark Capacitor",150,295,446,587,780],["Sylvanas' Resolve / Anduin's Dedication",159,293,431,591,779],["Swirling Sands",187,303,439,560,741],["Meticulous Scheming",118,230,343,466,633],["Ricocheting Inflatable Pyrosaw",92,171,291,421,600],["Laser Matrix",286,442,571,772,987],["Tradewinds",128,251,375,497,660],["Heed My Call",85,210,322,442,617],["Collective Will / Stand As One",19,138,240,376,537],["Barrage Of Many Bombs",136,258,377,513,724],["Frigid Grasp",87,187,292,439,594],["Retaliatory Fury / Last Gift",58,149,272,411,547],["Earthlink",55,143,266,409,573],["Winter's Reach",109,238,380,548,743],["Whiteout",200,322,428,593,780],["Incite the Pack",113,241,348,490,651],["Combined Might / Stronger Together",6,124,226,323,486],["Battlefield Focus / Battlefield Precision",217,342,475,650,846],["Glory in Battle / Liberator's Might",129,224,354,492,643],["Ruinous Bolt",120,247,370,544,720],["Unstable Catalyst",203,313,464,640,831],["Blood Siphon",18,128,247,348,514],["Overwhelming Power",49,139,242,365,526],["Champion of Azeroth",202,340,468,596,760],["Blightborne Infusion",252,346,485,618,738],["Elemental Whirl",57,153,278,396,565],["Glacial Assault",61,156,280,433,570],["Rezan's Fury",219,340,479,694,864]],"metas":{"build_date":"Aug 21 2018","build_time":"06:51:36","git_revision":"57250019bf","options":{"debug":false,"max_time":300.0,"expected_iteration_time":296.92900000000003,"vary_combat_length":0.2,"iterations":1179,"target_error":0.2,"threads":32,"seed":5306772767588845162,"single_actor_batch":false,"queue_lag":0.005,"queue_lag_stddev":0.001,"gcd_lag":0.15,"gcd_lag_stddev":0.037,"channel_lag":0.25,"channel_lag_stddev":0.062,"queue_gcd_reduction":0.1,"strict_gcd_queue":0,"confidence":0.95,"confidence_estimator":1.9599639854089754,"world_lag":0.1,"world_lag_stddev":0.01,"travel_variance":0.0,"default_skill":1.0,"reaction_time":0.5,"regen_periodicity":0.25,"ignite_sampling_delta":0.2,"fixed_time":true,"optimize_expressions":true,"optimal_raid":1,"log":0,"debug_each":0,"stat_cache":1,"max_aoe_enemies":20,"show_etmi":false,"tmi_window_global":0.0,"tmi_bin_size":0.5,"enemy_death_pct":0.0,"challenge_mode":false,"timewalk":-1,"pvp_crit":false,"rng":{"name":"sse2-sfmt"},"deterministic":0,"average_range":1,"average_gauss":0,"fight_style":"Patchwerk","default_aura_delay":0.03,"default_aura_delay_stddev":0.005,"dbc":{"bfa-BETA":{"build_level":26095,"wow_version":"8.0.1"},"version_used":"bfa-BETA"}},"overrides":{"arcane_intellect":1,"battle_shout":1,"power_word_fortitude":1,"chaos_brand":1,"mystic_touch":1,"mortal_wounds":1,"bleeding":1,"bloodlust":1,"bloodlust_percent":25,"bloodlust_time":0.5},"statistics":{"elapsed_cpu_seconds":9813.621423999994,"elapsed_time_seconds":10.576876,"init_time_seconds":2.6886952449999986,"merge_time_seconds":0.005080819,"analyze_time_seconds":0.22065070800000006,"simulation_length":{"sum":343041.786,"count":1147,"mean":299.0774071490846,"min":240.056,"max":359.921,"median":297.333,"variance":1168.6726378786934,"std_dev":34.185854353499685,"mean_variance":1.0188950635385297,"mean_std_dev":1.0094033205505764},"raid_dps":{"sum":11706865.934747692,"count":1147,"mean":10206.509097426062},"total_dmg":{"sum":3495987384.5628905,"count":1147,"mean":3047940.178346025},"total_iterations":239870,"total_actors":201,"total_iterations_mean":1193.3830845771145,"total_iterations_variance":646159.5024875626,"total_iterations_stddev":803.8404707947732,"total_mean_dps_stddev":10.81659866179214,"total_mean_dps_variance":116.99880661028352},"player":{"name":"Template","race":"pandaren","level":120,"role":"spell","specialization":"Frost Mage","profile_source":"default","talents":[{"tier":1,"id":22457,"spell_id":205027,"name":"Bone Chilling"},{"tier":3,"id":22444,"spell_id":1463,"name":"Incanter's Flow"},{"tier":4,"id":22469,"spell_id":257537,"name":"Ebonbolt"},{"tier":6,"id":22473,"spell_id":153595,"name":"Comet Storm"},{"tier":7,"id":21634,"spell_id":199786,"name":"Glacial Spike"}],"party":0,"ready_type":0,"bugs":true,"scale_player":true,"potion_used":false,"timeofday":"DAY_TIME","invert_scaling":0,"reaction_offset":0.1,"reaction_max":1.4000000000000001,"reaction_mean":0.3,"reaction_stddev":0.06,"reaction_nu":0.25,"world_lag":0.1,"brain_lag":0.0,"brain_lag_stddev":0.0,"world_lag_override":false,"world_lag_stddev_override":false,"dbc":{"bfa-BETA":{"build_level":26095,"wow_version":"8.0.1"},"version_used":"bfa-BETA"},"base_mana_regen_per_second":2000.0,"collected_data":{"fight_length":{"sum":343041.78599999996,"count":1147,"mean":299.07740714908454,"min":240.056,"max":359.921},"executed_foreground_actions":{"sum":224260.0,"count":1147,"mean":195.5187445510026,"min":158.0,"max":233.0},"dmg":{"sum":3225553079.4728417,"count":1147,"mean":2812164.8469684757,"min":2168938.520918788,"max":3487763.1977935852},"compound_dmg":{"sum":3495987384.5628905,"count":1147,"mean":3047940.178346025,"min":2355224.818439315,"max":3785227.4742026166},"timeline_dmg":{"mean":10148.752807070967,"mean_std_dev":4095.7644132646733,"min":993.6089322753177,"max":42297.44172592118,