{"results":[["Trait","325","340","355","370","385"],["Thunderous Blast",337,506,671,810,1055],["Azerite Globules",78,157,286,416,563],["Packed Ice",78,195,293,443,602],["Tidal Surge",258,384,559,716,903],["Dagger in the Back",329,491,648,858,1050],["Unstable Flames",82,180,292,418,566],["Secrets of the Deep",200,341,458,593,799],["Gutripper",85,188,319,452,597],["Blood Rite",141,263,382,502,689],["Tunnel of Ice",218,339,474,641,824],["Filthy Transfusion",221,344,489,661,837],["Relational Normalization Gizmo",198,314,443,598,805],["Synaptic Spark Capacitor",186,309,452,617,800],["Sylvanas' Resolve / Anduin's Dedication",183,322,445,603,812],["Swirling Sands",212,337,450,619,755],["Meticulous Scheming",145,247,370,528,654],["Ricocheting Inflatable Pyrosaw",87,196,307,459,597],["Laser Matrix",322,434,601,783,988],["Tradewinds",169,271,381,538,687],["Heed My Call",98,212,345,478,621],["Collective Will / Stand As One",78,142,279,414,572],["Barrage Of Many Bombs",171,269,401,559,713],["Frigid Grasp",118,206,325,476,616],["Retaliatory Fury / Last Gift",83,183,299,417,571],["Earthlink",83,165,302,439,585],["Winter's Reach",134,269,410,547,766],["Whiteout",212,308,458,615,787],["Incite the Pack",166,261,371,498,677],["Combined Might / Stronger Together",20,113,258,373,528],["Battlefield Focus / Battlefield Precision",12,116,235,363,487],["Glory in Battle / Liberator's Might",161,260,374,514,669],["Ruinous Bolt",167,278,414,556,725],["Unstable Catalyst",224,361,497,672,849],["Blood Siphon",33,164,259,377,535],["Overwhelming Power",63,182,274,383,548],["Champion of Azeroth",223,350,477,604,785],["Blightborne Infusion",270,379,500,635,800],["Elemental Whirl",72,179,269,401,565],["Glacial Assault",108,169,306,437,606],["Rezan's Fury",252,373,547,675,891]],"metas":{"build_date":"Aug 19 2018","build_time":"01:32:03","git_revision":"08c89b7e98","options":{"debug":false,"max_time":300.0,"expected_iteration_time":255.71200000000002,"vary_combat_length":0.2,"iterations":1289,"target_error":0.2,"threads":32,"seed":2471982839356860693,"single_actor_batch":false,"queue_lag":0.005,"queue_lag_stddev":0.001,"gcd_lag":0.15,"gcd_lag_stddev":0.037,"channel_lag":0.25,"channel_lag_stddev":0.062,"queue_gcd_reduction":0.1,"strict_gcd_queue":0,"confidence":0.95,"confidence_estimator":1.9599639854089754,"world_lag":0.1,"world_lag_stddev":0.01,"travel_variance":0.0,"default_skill":1.0,"reaction_time":0.5,"regen_periodicity":0.25,"ignite_sampling_delta":0.2,"fixed_time":true,"optimize_expressions":true,"optimal_raid":1,"log":0,"debug_each":0,"stat_cache":1,"max_aoe_enemies":20,"show_etmi":false,"tmi_window_global":0.0,"tmi_bin_size":0.5,"enemy_death_pct":0.0,"challenge_mode":false,"timewalk":-1,"pvp_crit":false,"rng":{"name":"sse2-sfmt"},"deterministic":0,"average_range":1,"average_gauss":0,"fight_style":"Patchwerk","default_aura_delay":0.03,"default_aura_delay_stddev":0.005,"dbc":{"bfa-BETA":{"build_level":26095,"wow_version":"8.0.1"},"version_used":"bfa-BETA"}},"overrides":{"arcane_intellect":1,"battle_shout":1,"power_word_fortitude":1,"chaos_brand":1,"mystic_touch":1,"mortal_wounds":1,"bleeding":1,"bloodlust":1,"bloodlust_percent":25,"bloodlust_time":0.5},"statistics":{"elapsed_cpu_seconds":9662.629974999998,"elapsed_time_seconds":10.386906,"init_time_seconds":2.6875614090000006,"merge_time_seconds":0.005030975,"analyze_time_seconds":0.21721296199999993,"simulation_length":{"sum":375761.82600000006,"count":1257,"mean":298.9354224343676,"min":240.03900000000002,"max":359.835,"median":298.374,"variance":1175.2693937777942,"std_dev":34.2822022889107,"mean_variance":0.9349796290992795,"mean_std_dev":0.9669434466913147},"raid_dps":{"sum":12802326.628139384,"count":1257,"mean":10184.826275369438},"total_dmg":{"sum":3821826439.2344656,"count":1257,"mean":3040434.716972526},"total_iterations":240182,"total_actors":201,"total_iterations_mean":1194.9353233830846,"total_iterations_variance":698066.1592039798,"total_iterations_stddev":835.5035363204513,"total_mean_dps_stddev":10.80987674634599,"total_mean_dps_variance":116.85343527119177},"player":{"name":"Template","race":"pandaren","level":120,"role":"spell","specialization":"Frost Mage","profile_source":"default","talents":[{"tier":1,"id":22457,"spell_id":205027,"name":"Bone Chilling"},{"tier":3,"id":22444,"spell_id":1463,"name":"Incanter's Flow"},{"tier":4,"id":22469,"spell_id":257537,"name":"Ebonbolt"},{"tier":6,"id":22473,"spell_id":153595,"name":"Comet Storm"},{"tier":7,"id":21634,"spell_id":199786,"name":"Glacial Spike"}],"party":0,"ready_type":0,"bugs":true,"scale_player":true,"potion_used":false,"timeofday":"DAY_TIME","invert_scaling":0,"reaction_offset":0.1,"reaction_max":1.4000000000000001,"reaction_mean":0.3,"reaction_stddev":0.06,"reaction_nu":0.25,"world_lag":0.1,"brain_lag":0.0,"brain_lag_stddev":0.0,"world_lag_override":false,"world_lag_stddev_override":false,"dbc":{"bfa-BETA":{"build_level":26095,"wow_version":"8.0.1"},"version_used":"bfa-BETA"},"base_mana_regen_per_second":2000.0,"collected_data":{"fight_length":{"sum":375761.8259999999,"count":1257,"mean":298.93542243436747,"min":240.03900000000002,"max":359.835},"executed_foreground_actions":{"sum":245699.0,"count":1257,"mean":195.46459824980113,"min":157.0,"max":234.0},"dmg":{"sum":3525654273.8823056,"count":1257,"mean":2804816.4470026297,"min":2097856.728968978,"max":3578783.8585256776},"compound_dmg":{"sum":3821826439.2344656,"count":1257,"mean":3040434.716972526,"min":2295392.335617749,"max":3851393.4806409525},"timeline_dmg":{"mean":10134.957847784555,"mean_std_dev":4043.382636937564,"min":2813.9158882044117,"max":42329.49571913853,