{"results":[["Trait","325","340","355","370","385"],["In The Rhythm",69,179,288,412,575],["Relational Normalization Gizmo",222,328,469,612,806],["Thunderous Blast",366,519,666,872,1092],["Azerite Globules",60,171,298,436,589],["Tidal Surge",264,385,545,705,924],["Dagger in the Back",352,506,666,877,1109],["Unstable Flames",75,163,259,404,559],["Secrets of the Deep",186,301,463,622,799],["Heed My Call",126,228,365,475,643],["Blood Rite",159,262,373,518,687],["Filthy Transfusion",233,377,511,667,889],["Synaptic Spark Capacitor",175,321,456,630,809],["Gutripper",90,228,337,483,624],["Sylvanas' Resolve / Anduin's Dedication",199,326,447,595,792],["Swirling Sands",188,277,418,535,720],["Meticulous Scheming",389,541,667,799,997],["Ricocheting Inflatable Pyrosaw",96,211,355,489,627],["Laser Matrix",314,465,624,810,1030],["Tradewinds",171,297,409,542,707],["Collective Will / Stand As One",68,161,276,433,566],["Focused Fire",86,198,301,461,625],["Barrage Of Many Bombs",186,288,414,577,761],["Elemental Whirl",79,188,290,414,564],["Unerring Vision",115,222,325,458,605],["Arcane Flurry",69,171,275,401,564],["Overwhelming Power",115,223,326,477,617],["Unstable Catalyst",216,363,491,642,856],["Rapid Reload",24,87,190,326,469],["Steady Aim",285,452,603,780,1000],["Incite the Pack",159,287,402,524,676],["Combined Might / Stronger Together",48,143,258,371,512],["Battlefield Focus / Battlefield Precision",36,112,248,356,535],["Retaliatory Fury / Last Gift",99,192,320,431,593],["Glory in Battle / Liberator's Might",136,231,367,485,651],["Ruinous Bolt",153,274,390,563,722],["Blood Siphon",131,248,343,478,637],["Champion of Azeroth",224,332,474,600,767],["Blightborne Infusion",173,314,437,568,747],["Earthlink",79,172,302,446,597],["Rezan's Fury",288,404,528,706,910]],"metas":{"build_date":"Aug 20 2018","build_time":"15:55:45","git_revision":"04f3f715c8","options":{"debug":false,"max_time":300.0,"expected_iteration_time":329.91200000000003,"vary_combat_length":0.2,"iterations":1180,"target_error":0.2,"threads":32,"seed":1831117262456110185,"single_actor_batch":false,"queue_lag":0.005,"queue_lag_stddev":0.001,"gcd_lag":0.15,"gcd_lag_stddev":0.037,"channel_lag":0.25,"channel_lag_stddev":0.062,"queue_gcd_reduction":0.1,"strict_gcd_queue":0,"confidence":0.95,"confidence_estimator":1.9599639854089754,"world_lag":0.1,"world_lag_stddev":0.01,"travel_variance":0.0,"default_skill":1.0,"reaction_time":0.5,"regen_periodicity":0.25,"ignite_sampling_delta":0.2,"fixed_time":true,"optimize_expressions":true,"optimal_raid":1,"log":0,"debug_each":0,"stat_cache":1,"max_aoe_enemies":20,"show_etmi":false,"tmi_window_global":0.0,"tmi_bin_size":0.5,"enemy_death_pct":0.0,"challenge_mode":false,"timewalk":-1,"pvp_crit":false,"rng":{"name":"sse2-sfmt"},"deterministic":0,"average_range":1,"average_gauss":0,"fight_style":"Patchwerk","default_aura_delay":0.03,"default_aura_delay_stddev":0.005,"dbc":{"bfa-BETA":{"build_level":26095,"wow_version":"8.0.1"},"version_used":"bfa-BETA"}},"overrides":{"arcane_intellect":1,"battle_shout":1,"power_word_fortitude":1,"chaos_brand":1,"mystic_touch":1,"mortal_wounds":1,"bleeding":1,"bloodlust":1,"bloodlust_percent":25,"bloodlust_time":0.5},"statistics":{"elapsed_cpu_seconds":9528.101089000002,"elapsed_time_seconds":10.247967,"init_time_seconds":2.5201664929999987,"merge_time_seconds":0.004685486,"analyze_time_seconds":0.19568315899999994,"simulation_length":{"sum":344326.7500000001,"count":1148,"mean":299.93619337979106,"min":240.032,"max":359.92,"median":300.421,"variance":1201.817201837169,"std_dev":34.66723527824463,"mean_variance":1.0468790956769765,"mean_std_dev":1.0231710979484205},"raid_dps":{"sum":11477803.033892613,"count":1148,"mean":9998.08626645698},"total_dmg":{"sum":3436834434.030735,"count":1148,"mean":2993758.2177968076},"total_iterations":209283,"total_actors":201,"total_iterations_mean":1041.2089552238806,"total_iterations_variance":693685.223880597,"total_iterations_stddev":832.8776764210919,"total_mean_dps_stddev":10.62671785728382,"total_mean_dps_variance":112.92713241831483},"player":{"name":"Template","race":"lightforged_draenei","level":120,"role":"attack","specialization":"Marksmanship Hunter","profile_source":"default","talents":[{"tier":1,"id":22501,"spell_id":271788,"name":"Serpent Sting"},{"tier":2,"id":22495,"spell_id":260228,"name":"Careful Aim"},{"tier":4,"id":21998,"spell_id":257284,"name":"Hunter's Mark"},{"tier":6,"id":23063,"spell_id":260393,"name":"Lethal Shots"},{"tier":7,"id":22308,"spell_id":194595,"name":"Lock and Load"}],"party":0,"ready_type":0,"bugs":true,"scale_player":true,"potion_used":false,"timeofday":"DAY_TIME","invert_scaling":0,"reaction_offset":0.1,"reaction_max":1.4000000000000001,"reaction_mean":0.3,"reaction_stddev":0.06,"reaction_nu":0.25,"world_lag":0.1,"brain_lag":0.0,"brain_lag_stddev":0.0,"world_lag_override":false,"world_lag_stddev_override":false,"dbc":{"bfa-BETA":{"build_level":26095,"wow_version":"8.0.1"},"version_used":"bfa-BETA"},"base_focus_regen_per_second":2.999999999999999,"collected_data":{"fight_length":{"sum":344326.74999999994,"count":1148,"mean":299.9361933797909,"min":240.032,"max":359.92},"executed_foreground_actions":{"sum":253790.0,"count":1148,"mean":221.07142857142858,"min":177.0,"max":266.0},"dmg":{"sum":3109296610.738853,"count":1148,"mean":2708446.525033844,"min":2035052.1339636003,"max":3364820.1240307125},"compound_dmg":{"sum":3436834434.030735,"count":1148,"mean":2993758.2177968076,"min":2269446.231472089,"max":3686121.2300887564},"timeline_dmg":{"mean":10256.718432177342,"mean_std_dev":3518.999425797837,"min":1662.1486326953227,"max":38990.90791855661,