{"results":[["Trait","325","340","355","370","385"],["Thunderous Blast",361,513,769,976,1292],["Tidal Surge",236,400,589,830,1107],["Azerite Globules",157,329,486,695,904],["Dagger in the Back",357,522,724,959,1286],["Unstable Flames",119,245,403,588,778],["Secrets of the Deep",270,443,621,883,1126],["Gutripper",133,250,423,629,858],["Blood Rite",188,343,517,698,911],["Heed My Call",172,320,510,686,944],["Filthy Transfusion",214,363,580,806,1031],["Relational Normalization Gizmo",260,429,614,851,1071],["Synaptic Spark Capacitor",497,719,938,1184,1509],["Sylvanas' Resolve / Anduin's Dedication",262,467,630,864,1128],["Swirling Sands",300,435,615,818,1036],["Laser Matrix",314,502,756,959,1238],["Tradewinds",107,286,411,626,814],["Ricocheting Inflatable Pyrosaw",218,408,574,817,1058],["Barrage Of Many Bombs",444,635,861,1130,1436],["Blur of Talons",137,266,470,670,872],["Up Close And Personal",118,253,431,594,822],["Serrated Jaws",96,263,414,599,842],["Glory in Battle / Liberator's Might",194,335,494,693,936],["Latent Poison",246,426,636,835,1145],["Venomous Fangs",174,337,538,730,964],["Combined Might / Stronger Together",51,190,351,526,714],["Meticulous Scheming",168,299,495,668,869],["Wilderness Survival",184,350,496,690,908],["Retaliatory Fury / Last Gift",58,206,350,533,771],["Wildfire Cluster",473,659,860,1129,1410],["Incite the Pack",126,265,417,630,798],["Collective Will / Stand As One",93,231,418,564,822],["Battlefield Focus / Battlefield Precision",-4,161,321,482,706],["Overwhelming Power",101,279,430,650,841],["Ruinous Bolt",137,320,484,688,898],["Unstable Catalyst",331,452,709,910,1201],["Blood Siphon",98,241,378,573,754],["Champion of Azeroth",304,426,643,822,1060],["Blightborne Infusion",335,502,661,871,1096],["Earthlink",84,257,411,627,844],["Rezan's Fury",244,419,607,826,1127],["Elemental Whirl",73,229,387,586,767]],"metas":{"build_date":"Aug 19 2018","build_time":"01:32:03","git_revision":"08c89b7e98","options":{"debug":false,"max_time":300.0,"expected_iteration_time":270.72700000000003,"vary_combat_length":0.2,"iterations":1027,"target_error":0.2,"threads":32,"seed":8186368188112025600,"single_actor_batch":false,"queue_lag":0.005,"queue_lag_stddev":0.001,"gcd_lag":0.15,"gcd_lag_stddev":0.037,"channel_lag":0.25,"channel_lag_stddev":0.062,"queue_gcd_reduction":0.1,"strict_gcd_queue":0,"confidence":0.95,"confidence_estimator":1.9599639854089754,"world_lag":0.1,"world_lag_stddev":0.01,"travel_variance":0.0,"default_skill":1.0,"reaction_time":0.5,"regen_periodicity":0.25,"ignite_sampling_delta":0.2,"fixed_time":true,"optimize_expressions":true,"optimal_raid":1,"log":0,"debug_each":0,"stat_cache":1,"max_aoe_enemies":20,"show_etmi":false,"tmi_window_global":0.0,"tmi_bin_size":0.5,"enemy_death_pct":0.0,"challenge_mode":false,"timewalk":-1,"pvp_crit":false,"rng":{"name":"sse2-sfmt"},"deterministic":0,"average_range":1,"average_gauss":0,"fight_style":"Patchwerk","default_aura_delay":0.03,"default_aura_delay_stddev":0.005,"dbc":{"bfa-BETA":{"build_level":26095,"wow_version":"8.0.1"},"version_used":"bfa-BETA"}},"overrides":{"arcane_intellect":1,"battle_shout":1,"power_word_fortitude":1,"chaos_brand":1,"mystic_touch":1,"mortal_wounds":1,"bleeding":1,"bloodlust":1,"bloodlust_percent":25,"bloodlust_time":0.5},"statistics":{"elapsed_cpu_seconds":22129.21627,"elapsed_time_seconds":23.594821,"init_time_seconds":2.946453631999998,"merge_time_seconds":0.008287567000000001,"analyze_time_seconds":0.17101144600000007,"simulation_length":{"sum":298699.176,"count":995,"mean":300.2001768844221,"min":240.005,"max":359.994,"median":299.84000000000003,"variance":1223.5904465275062,"std_dev":34.97985772594718,"mean_variance":1.2297391422386996,"mean_std_dev":1.1089360406437783},"raid_dps":{"sum":13638579.367238354,"count":995,"mean":13707.114941948095},"total_dmg":{"sum":4091351722.3088775,"count":995,"mean":4111911.2787023894},"total_iterations":181492,"total_actors":206,"total_iterations_mean":881.0291262135922,"total_iterations_variance":713953.8252427186,"total_iterations_stddev":844.95788370943,"total_mean_dps_stddev":14.559016025729317,"total_mean_dps_variance":211.9649476374431},"player":{"name":"Template","race":"lightforged_draenei","level":120,"role":"attack","specialization":"Survival Hunter","profile_source":"default","talents":[{"tier":1,"id":22275,"spell_id":268501,"name":"Viper's Venom"},{"tier":2,"id":21997,"spell_id":264332,"name":"Guerrilla Tactics"},{"tier":4,"id":22277,"spell_id":260248,"name":"Bloodseeker"},{"tier":6,"id":22278,"spell_id":259387,"name":"Mongoose Bite"},{"tier":7,"id":22272,"spell_id":260331,"name":"Birds of Prey"}],"party":0,"ready_type":0,"bugs":true,"scale_player":true,"potion_used":false,"timeofday":"DAY_TIME","invert_scaling":0,"reaction_offset":0.1,"reaction_max":1.4000000000000001,"reaction_mean":0.3,"reaction_stddev":0.06,"reaction_nu":0.25,"world_lag":0.1,"brain_lag":0.0,"brain_lag_stddev":0.0,"world_lag_override":false,"world_lag_stddev_override":false,"dbc":{"bfa-BETA":{"build_level":26095,"wow_version":"8.0.1"},"version_used":"bfa-BETA"},"base_focus_regen_per_second":5.0,"collected_data":{"fight_length":{"sum":298699.17600000004,"count":995,"mean":300.20017688442215,"min":240.005,"max":359.994},"waiting_time":{"sum":65087.19999999999,"count":995,"mean":65.41427135678391,"min":25.3,"max":111.60000000000001},"executed_foreground_actions":{"sum":213659.0,"count":995,"mean":214.73266331658292,"min":159.0,"max":284.0},"dmg":{"sum":3215832272.758209,"count":995,"mean":3231992.2339278483,"min":2406604.9045149093,"max":4069515.725990525},"compound_dmg":{"sum":4091351722.3088775,"count":995,"mean":4111911.2787023894,"min":3106864.386988343,"max":5166273.769004447},"timeline_dmg":{"mean":13679.933632638145,"mean_std_dev":11729.901354486123,"min":3970.659497519412,"max":159304.04915372678,