{"results":[["Trait","325","340","355","370","385"],["Thunderous Blast",351,538,714,928,1162],["Night's Vengeance",171,292,434,620,822],["Azerite Globules",49,214,347,491,667],["Tidal Surge",301,422,632,802,1031],["Dagger in the Back",353,518,739,971,1171],["Unstable Flames",124,216,350,455,670],["Secrets of the Deep",217,370,548,711,947],["Gutripper",101,235,377,509,744],["Blood Rite",192,324,484,645,817],["Heed My Call",111,233,398,545,745],["Filthy Transfusion",218,358,527,696,910],["Relational Normalization Gizmo",270,374,576,727,916],["Synaptic Spark Capacitor",218,349,505,685,947],["Sylvanas' Resolve / Anduin's Dedication",233,354,552,719,904],["Swirling Sands",274,447,592,747,953],["Meticulous Scheming",187,302,452,632,823],["Ricocheting Inflatable Pyrosaw",113,231,351,531,720],["Laser Matrix",351,497,684,895,1134],["Tradewinds",301,424,556,724,916],["Collective Will / Stand As One",91,185,329,484,662],["Barrage Of Many Bombs",181,323,436,633,859],["Sharpened Blades",12,98,238,376,519],["Blade In The Shadows",496,651,863,1099,1388],["Overwhelming Power",140,270,393,521,718],["Blightborne Infusion",345,484,604,806,1002],["Perforate",113,225,406,563,770],["Champion of Azeroth",369,477,683,856,1020],["Incite the Pack",261,396,542,728,858],["The First Dance",223,386,477,655,852],["Inevitability",477,634,788,984,1203],["Combined Might / Stronger Together",39,187,288,429,639],["Battlefield Focus / Battlefield Precision",59,149,268,390,617],["Glory in Battle / Liberator's Might",212,310,453,598,810],["Ruinous Bolt",181,306,460,605,825],["Unstable Catalyst",226,426,570,760,981],["Blood Siphon",114,213,338,515,699],["Earthlink",94,217,376,518,719],["Retaliatory Fury / Last Gift",144,264,419,559,696],["Rezan's Fury",293,427,573,796,1012],["Elemental Whirl",138,240,352,533,688]],"metas":{"build_date":"Aug 19 2018","build_time":"01:32:03","git_revision":"08c89b7e98","options":{"debug":false,"max_time":300.0,"expected_iteration_time":316.09000000000003,"vary_combat_length":0.2,"iterations":875,"target_error":0.2,"threads":32,"seed":6677100130702350969,"single_actor_batch":false,"queue_lag":0.005,"queue_lag_stddev":0.001,"gcd_lag":0.15,"gcd_lag_stddev":0.037,"channel_lag":0.25,"channel_lag_stddev":0.062,"queue_gcd_reduction":0.1,"strict_gcd_queue":0,"confidence":0.95,"confidence_estimator":1.9599639854089754,"world_lag":0.1,"world_lag_stddev":0.01,"travel_variance":0.0,"default_skill":1.0,"reaction_time":0.5,"regen_periodicity":0.25,"ignite_sampling_delta":0.2,"fixed_time":true,"optimize_expressions":true,"optimal_raid":1,"log":0,"debug_each":0,"stat_cache":1,"max_aoe_enemies":20,"show_etmi":false,"tmi_window_global":0.0,"tmi_bin_size":0.5,"enemy_death_pct":0.0,"challenge_mode":false,"timewalk":-1,"pvp_crit":false,"rng":{"name":"sse2-sfmt"},"deterministic":0,"average_range":1,"average_gauss":0,"fight_style":"Patchwerk","default_aura_delay":0.03,"default_aura_delay_stddev":0.005,"dbc":{"bfa-BETA":{"build_level":26095,"wow_version":"8.0.1"},"version_used":"bfa-BETA"}},"overrides":{"arcane_intellect":1,"battle_shout":1,"power_word_fortitude":1,"chaos_brand":1,"mystic_touch":1,"mortal_wounds":1,"bleeding":1,"bloodlust":1,"bloodlust_percent":25,"bloodlust_time":0.5},"statistics":{"elapsed_cpu_seconds":10864.694326000004,"elapsed_time_seconds":11.713449,"init_time_seconds":2.7975064389999993,"merge_time_seconds":0.005414885999999999,"analyze_time_seconds":0.16970364500000001,"simulation_length":{"sum":253429.88599999997,"count":843,"mean":300.628571767497,"min":240.08700000000002,"max":359.961,"median":299.633,"variance":1179.7819585081947,"std_dev":34.34795421139656,"mean_variance":1.3995041026194481,"mean_std_dev":1.183006383169359},"raid_dps":{"sum":12310560.335205892,"count":843,"mean":14603.274418986823},"total_dmg":{"sum":3694851390.3381033,"count":843,"mean":4382979.110721356},"total_iterations":185286,"total_actors":201,"total_iterations_mean":921.820895522388,"total_iterations_variance":436963.5522388061,"total_iterations_stddev":661.0321869915308,"total_mean_dps_stddev":15.413606151462242,"total_mean_dps_variance":237.57925459239465},"player":{"name":"Template","race":"night_elf","level":120,"role":"attack","specialization":"Subtlety Rogue","profile_source":"default","talents":[{"tier":1,"id":19234,"spell_id":91023,"name":"Find Weakness"},{"tier":2,"id":22333,"spell_id":108209,"name":"Shadow Focus"},{"tier":3,"id":19241,"spell_id":137619,"name":"Marked for Death"},{"tier":6,"id":22336,"spell_id":238104,"name":"Enveloping Shadows"},{"tier":7,"id":22132,"spell_id":196976,"name":"Master of Shadows"}],"party":0,"ready_type":1,"bugs":true,"scale_player":true,"potion_used":false,"timeofday":"DAY_TIME","invert_scaling":0,"reaction_offset":0.1,"reaction_max":1.4000000000000001,"reaction_mean":0.3,"reaction_stddev":0.06,"reaction_nu":0.25,"world_lag":0.1,"brain_lag":0.0,"brain_lag_stddev":0.0,"world_lag_override":false,"world_lag_stddev_override":false,"dbc":{"bfa-BETA":{"build_level":26095,"wow_version":"8.0.1"},"version_used":"bfa-BETA"},"base_energy_regen_per_second":10.0,"collected_data":{"fight_length":{"sum":253429.88599999994,"count":843,"mean":300.62857176749696,"min":240.08700000000002,"max":359.961},"waiting_time":{"sum":48642.233,"count":843,"mean":57.701344009489915,"min":41.906,"max":73.312},"executed_foreground_actions":{"sum":231938.0,"count":843,"mean":275.13404507710555,"min":221.0,"max":328.0},"dmg":{"sum":3694851390.3381033,"count":843,"mean":4382979.110721356,"min":3385085.0979220797,"max":5393165.659911075},"compound_dmg":{"sum":3694851390.3381033,"count":843,"mean":4382979.110721356,"min":3385085.0979220797,"max":5393165.659911075},"timeline_dmg":{"mean":14893.436186014744,"mean_std_dev":5965.2732213077725,"min":2775.878733231725,"max":35199.68573163967,