{"results":[["Trait","325","340","355","370","385"],["Laser Matrix",347,534,714,976,1317],["Archive of the Titans",296,483,726,932,1226],["Relational Normalization Gizmo",247,432,682,899,1166],["Synaptic Spark Capacitor",615,890,1123,1414,1829],["Gutripper",99,244,452,645,888],["Sylvanas' Resolve / Anduin's Dedication",340,508,736,982,1278],["Swirling Sands",340,530,738,931,1225],["Tradewinds",216,424,551,808,1068],["Ricocheting Inflatable Pyrosaw",291,461,702,897,1242],["Heed My Call",167,317,518,808,1039],["Barrage Of Many Bombs",462,701,945,1195,1569],["Collective Will / Stand As One",92,280,449,685,927],["Combined Might / Stronger Together",57,209,402,567,808],["Battlefield Focus / Battlefield Precision",70,239,436,640,886],["Retaliatory Fury / Last Gift",115,256,469,656,906],["Tunnel of Ice",139,303,526,710,962],["Glory in Battle / Liberator's Might",126,300,475,703,957],["Blood Rite",170,338,531,734,970],["Unstable Flames",96,271,477,666,890],["Meticulous Scheming",203,403,585,792,1047],["Winter's Reach",86,276,448,698,949],["Azerite Globules",210,407,583,817,1103],["Incite the Pack",213,403,543,770,1037],["Tidal Surge",299,417,668,904,1246],["Unstable Catalyst",333,580,800,1065,1376],["Packed Ice",146,335,494,774,1051],["Glacial Assault",135,293,521,727,1002],["Rezan's Fury",235,433,683,925,1204],["Earthlink",111,296,470,720,998],["Dagger in the Back",285,458,676,992,1244],["Secrets of the Deep",308,503,774,1024,1303],["Blood Siphon",38,230,412,634,880],["Thunderous Blast",327,544,770,1031,1358],["Champion of Azeroth",350,486,774,1005,1249],["Overwhelming Power",-42,110,275,500,721],["Frigid Grasp",151,333,479,738,983],["Filthy Transfusion",227,388,632,864,1150],["Ruinous Bolt",138,336,508,725,1033],["Elemental Whirl",65,242,410,612,891],["Whiteout",291,459,686,937,1173],["Blightborne Infusion",350,570,797,1010,1275]],"metas":{"build_date":"Aug 27 2018","build_time":"13:50:42","git_revision":"4aa7462e31","options":{"debug":false,"max_time":300.0,"expected_iteration_time":296.11400000000003,"vary_combat_length":0.2,"iterations":598,"target_error":0.2,"threads":32,"seed":1601255058843161195,"single_actor_batch":false,"queue_lag":0.005,"queue_lag_stddev":0.001,"gcd_lag":0.15,"gcd_lag_stddev":0.037,"channel_lag":0.25,"channel_lag_stddev":0.062,"queue_gcd_reduction":0.1,"strict_gcd_queue":0,"confidence":0.95,"confidence_estimator":1.9599639854089754,"world_lag":0.1,"world_lag_stddev":0.01,"travel_variance":0.0,"default_skill":1.0,"reaction_time":0.5,"regen_periodicity":0.25,"ignite_sampling_delta":0.2,"fixed_time":true,"optimize_expressions":true,"optimal_raid":1,"log":0,"debug_each":0,"stat_cache":1,"max_aoe_enemies":20,"show_etmi":false,"tmi_window_global":0.0,"tmi_bin_size":0.5,"enemy_death_pct":0.0,"challenge_mode":false,"timewalk":-1,"pvp_crit":false,"rng":{"name":"sse2-sfmt"},"deterministic":0,"average_range":1,"average_gauss":0,"fight_style":"Patchwerk","default_aura_delay":0.03,"default_aura_delay_stddev":0.005,"dbc":{"Live":{"build_level":27404,"wow_version":"8.0.1"},"version_used":"Live"}},"overrides":{"arcane_intellect":1,"battle_shout":1,"power_word_fortitude":1,"chaos_brand":1,"mystic_touch":1,"mortal_wounds":1,"bleeding":1,"bloodlust":1,"bloodlust_percent":25,"bloodlust_time":0.5},"statistics":{"elapsed_cpu_seconds":7960.862296000001,"elapsed_time_seconds":8.629743,"init_time_seconds":2.9028292859999993,"merge_time_seconds":0.005939310000000001,"analyze_time_seconds":0.11865421200000001,"simulation_length":{"sum":168835.13300000003,"count":566,"mean":298.2952879858658,"min":240.156,"max":359.895,"median":298.61400000000003,"variance":1174.4442081343786,"std_dev":34.27016498551442,"mean_variance":2.0749897670218704,"mean_std_dev":1.4404824771658524},"raid_dps":{"sum":9180917.985571243,"count":566,"mean":16220.703154719511},"total_dmg":{"sum":2735760893.4703636,"count":566,"mean":4833499.811785094},"total_iterations":107537,"total_actors":206,"total_iterations_mean":522.0242718446602,"total_iterations_variance":447448.8786407765,"total_iterations_stddev":668.916197023795,"total_mean_dps_stddev":17.174678721530878,"total_mean_dps_variance":294.9695891878055},"player":{"name":"Template","race":"pandaren","level":120,"role":"spell","specialization":"Frost Mage","profile_source":"default","talents":[{"tier":1,"id":22457,"spell_id":205027,"name":"Bone Chilling"},{"tier":3,"id":22444,"spell_id":1463,"name":"Incanter's Flow"},{"tier":4,"id":22469,"spell_id":257537,"name":"Ebonbolt"},{"tier":6,"id":22473,"spell_id":153595,"name":"Comet Storm"},{"tier":7,"id":21634,"spell_id":199786,"name":"Glacial Spike"}],"party":0,"ready_type":0,"bugs":true,"scale_player":true,"potion_used":false,"timeofday":"DAY_TIME","invert_scaling":0,"reaction_offset":0.1,"reaction_max":1.4000000000000001,"reaction_mean":0.3,"reaction_stddev":0.06,"reaction_nu":0.25,"world_lag":0.1,"brain_lag":0.0,"brain_lag_stddev":0.0,"world_lag_override":false,"world_lag_stddev_override":false,"dbc":{"Live":{"build_level":27404,"wow_version":"8.0.1"},"version_used":"Live"},"base_mana_regen_per_second":2000.0,"collected_data":{"fight_length":{"sum":168835.13300000003,"count":566,"mean":298.2952879858658,"min":240.156,"max":359.895},"executed_foreground_actions":{"sum":112275.0,"count":566,"mean":198.36572438162545,"min":161.0,"max":238.0},"dmg":{"sum":2602417372.4922085,"count":566,"mean":4597910.552106376,"min":3590909.7569862143,"max":5588949.974554389},"compound_dmg":{"sum":2735760893.4703636,"count":566,"mean":4833499.811785094,"min":3779606.7390352855,"max":5860871.64077084},"timeline_dmg":{"mean":16690.0449857743,"mean_std_dev":5961.495242834939,"min":2794.37178731256,"max":66254.64995159951,