{"results":[["Trait","325","340","355","370","385"],["Laser Matrix",325,547,787,1036,1336],["Archive of the Titans",313,502,697,923,1206],["Relational Normalization Gizmo",380,499,763,1026,1287],["Synaptic Spark Capacitor",608,875,1162,1441,1833],["Gutripper",147,259,455,646,902],["Sylvanas' Resolve / Anduin's Dedication",319,535,782,1002,1283],["Swirling Sands",463,647,866,1090,1388],["Heed My Call",178,344,571,782,1067],["Ricocheting Inflatable Pyrosaw",300,553,717,966,1270],["Barrage Of Many Bombs",519,726,1048,1305,1645],["Tidal Surge",290,439,670,935,1208],["Collective Will / Stand As One",125,257,485,654,931],["Rolling Havoc",476,694,920,1207,1542],["Combined Might / Stronger Together",49,209,426,635,869],["Battlefield Focus / Battlefield Precision",59,205,329,556,831],["Retaliatory Fury / Last Gift",204,403,621,841,1069],["Glory in Battle / Liberator's Might",298,470,652,867,1135],["Unstable Flames",150,334,517,725,985],["Blood Rite",286,414,662,868,1070],["Crashing Chaos",228,458,657,916,1207],["Accelerant",334,522,714,915,1190],["Ruinous Bolt",217,307,538,737,1048],["Meticulous Scheming",324,472,660,948,1124],["Blood Siphon",315,508,706,935,1155],["Earthlink",75,306,483,676,913],["Bursting Flare",410,582,786,1049,1303],["Incite the Pack",429,551,771,1031,1326],["Unstable Catalyst",371,537,775,1035,1400],["Azerite Globules",219,373,580,845,1108],["Tradewinds",417,621,832,998,1310],["Rezan's Fury",262,488,714,943,1218],["Dagger in the Back",345,546,772,1051,1310],["Secrets of the Deep",289,495,733,972,1294],["Thunderous Blast",363,598,839,1085,1380],["Flashpoint",221,385,570,786,1060],["Filthy Transfusion",261,374,622,855,1140],["Chaotic Inferno",149,328,532,712,998],["Blightborne Infusion",529,726,942,1184,1488],["Champion of Azeroth",500,698,878,1161,1408],["Elemental Whirl",131,370,532,751,989],["Overwhelming Power",201,331,520,760,1060]],"metas":{"build_date":"Aug 25 2018","build_time":"09:42:16","git_revision":"d4b8c45266","options":{"debug":false,"max_time":300.0,"expected_iteration_time":292.51300000000003,"vary_combat_length":0.2,"iterations":1534,"target_error":0.2,"threads":32,"seed":8549381439491771236,"single_actor_batch":false,"queue_lag":0.005,"queue_lag_stddev":0.001,"gcd_lag":0.15,"gcd_lag_stddev":0.037,"channel_lag":0.25,"channel_lag_stddev":0.062,"queue_gcd_reduction":0.1,"strict_gcd_queue":0,"confidence":0.95,"confidence_estimator":1.9599639854089754,"world_lag":0.1,"world_lag_stddev":0.01,"travel_variance":0.0,"default_skill":1.0,"reaction_time":0.5,"regen_periodicity":0.25,"ignite_sampling_delta":0.2,"fixed_time":true,"optimize_expressions":true,"optimal_raid":1,"log":0,"debug_each":0,"stat_cache":1,"max_aoe_enemies":20,"show_etmi":false,"tmi_window_global":0.0,"tmi_bin_size":0.5,"enemy_death_pct":0.0,"challenge_mode":false,"timewalk":-1,"pvp_crit":false,"rng":{"name":"sse2-sfmt"},"deterministic":0,"average_range":1,"average_gauss":0,"fight_style":"Patchwerk","default_aura_delay":0.03,"default_aura_delay_stddev":0.005,"dbc":{"Live":{"build_level":27404,"wow_version":"8.0.1"},"version_used":"Live"}},"overrides":{"arcane_intellect":1,"battle_shout":1,"power_word_fortitude":1,"chaos_brand":1,"mystic_touch":1,"mortal_wounds":1,"bleeding":1,"bloodlust":1,"bloodlust_percent":25,"bloodlust_time":0.5},"statistics":{"elapsed_cpu_seconds":25790.885131999996,"elapsed_time_seconds":27.671217000000002,"init_time_seconds":3.490532137000002,"merge_time_seconds":0.0071231900000000015,"analyze_time_seconds":0.30431474900000016,"simulation_length":{"sum":450841.95699999994,"count":1502,"mean":300.16108988015975,"min":240.178,"max":359.919,"median":300.596,"variance":1202.7350199832665,"std_dev":34.68047029645455,"mean_variance":0.8007556724256102,"mean_std_dev":0.8948495250183743},"raid_dps":{"sum":31307830.216124684,"count":1502,"mean":20844.094684503783},"total_dmg":{"sum":9359885499.690678,"count":1502,"mean":6231614.846664899},"total_iterations":295645,"total_actors":206,"total_iterations_mean":1435.1699029126214,"total_iterations_variance":780897.0533980583,"total_iterations_stddev":883.6837971797707,"total_mean_dps_stddev":21.989756019096827,"total_mean_dps_variance":483.54936977940514},"player":{"name":"Template","race":"troll","level":120,"role":"spell","specialization":"Destruction Warlock","profile_source":"default","talents":[{"tier":1,"id":22038,"spell_id":267115,"name":"Flashover"},{"tier":2,"id":23148,"spell_id":205148,"name":"Reverse Entropy"},{"tier":4,"id":23143,"spell_id":152108,"name":"Cataclysm"},{"tier":6,"id":23156,"spell_id":266086,"name":"Grimoire of Supremacy"},{"tier":7,"id":23092,"spell_id":113858,"name":"Dark Soul: Instability"}],"party":0,"ready_type":0,"bugs":true,"scale_player":true,"potion_used":false,"timeofday":"DAY_TIME","invert_scaling":0,"reaction_offset":0.1,"reaction_max":1.4000000000000001,"reaction_mean":0.3,"reaction_stddev":0.06,"reaction_nu":0.25,"world_lag":0.1,"brain_lag":0.0,"brain_lag_stddev":0.0,"world_lag_override":false,"world_lag_stddev_override":false,"dbc":{"Live":{"build_level":27404,"wow_version":"8.0.1"},"version_used":"Live"},"base_mana_regen_per_second":1000.0,"collected_data":{"fight_length":{"sum":450841.957,"count":1502,"mean":300.1610898801598,"min":240.178,"max":359.919},"waiting_time":{"sum":15340.3,"count":1502,"mean":10.213249001331558,"min":0.0,"max":29.8},"executed_foreground_actions":{"sum":361925.0,"count":1502,"mean":240.96205059920106,"min":199.0,"max":281.0},"dmg":{"sum":7493455779.696324,"count":1502,"mean":4988985.206189297,"min":4047270.4409649684,"max":5951091.803399789},"compound_dmg":{"sum":9359885499.690678,"count":1502,"mean":6231614.846664899,"min":5190842.355362134,"max":7275748.540759419},"timeline_dmg":{"mean":20150.425451230527,"mean_std_dev":13360.744277240565,"min":6717.731497351321,"max":104599.19352590099,