{"results":[["Trait","325","340","355","370","385"],["Thunderous Blast",303,521,721,1021,1232],["Dagger in the Back",356,542,782,985,1317],["Unstable Flames",128,259,420,595,837],["Secrets of the Deep",298,454,710,906,1206],["Gutripper",73,216,444,635,847],["Blood Rite",242,409,590,784,1027],["Heed My Call",153,320,512,732,998],["Tidal Surge",216,393,595,833,1111],["Filthy Transfusion",223,380,602,803,1091],["Relational Normalization Gizmo",307,507,691,914,1191],["Synaptic Spark Capacitor",565,767,1018,1349,1697],["Sylvanas' Resolve / Anduin's Dedication",321,487,702,922,1267],["Swirling Sands",337,492,661,921,1159],["Meticulous Scheming",283,445,613,838,1063],["Ricocheting Inflatable Pyrosaw",277,437,661,887,1167],["Collective Will / Stand As One",125,238,422,646,850],["Barrage Of Many Bombs",431,626,901,1161,1515],["Crashing Chaos",209,388,569,839,1053],["Ruinous Bolt",151,304,481,726,916],["Accelerant",225,412,580,733,1006],["Rolling Havoc",398,606,812,1073,1379],["Laser Matrix",331,503,666,941,1245],["Tradewinds",305,498,658,869,1153],["Azerite Globules",190,343,521,755,1025],["Blood Siphon",214,376,528,757,976],["Earthlink",120,253,439,652,927],["Bursting Flare",310,447,648,832,1086],["Incite the Pack",270,449,622,822,1083],["Combined Might / Stronger Together",48,215,359,567,799],["Battlefield Focus / Battlefield Precision",6,151,332,511,731],["Retaliatory Fury / Last Gift",174,319,492,667,898],["Glory in Battle / Liberator's Might",229,400,589,780,1024],["Unstable Catalyst",317,549,746,980,1273],["Overwhelming Power",169,330,472,694,931],["Champion of Azeroth",360,548,737,938,1153],["Chaotic Inferno",136,317,476,695,903],["Blightborne Infusion",390,578,750,969,1226],["Rezan's Fury",245,441,649,858,1135],["Elemental Whirl",112,291,454,649,880],["Flashpoint",203,381,521,714,937]],"metas":{"build_date":"Aug 17 2018","build_time":"14:03:13","git_revision":"f3206853b5","options":{"debug":false,"max_time":300.0,"expected_iteration_time":354.61400000000003,"vary_combat_length":0.2,"iterations":1061,"target_error":0.2,"threads":32,"seed":15997856399096152394,"single_actor_batch":false,"queue_lag":0.005,"queue_lag_stddev":0.001,"gcd_lag":0.15,"gcd_lag_stddev":0.037,"channel_lag":0.25,"channel_lag_stddev":0.062,"queue_gcd_reduction":0.1,"strict_gcd_queue":0,"confidence":0.95,"confidence_estimator":1.9599639854089754,"world_lag":0.1,"world_lag_stddev":0.01,"travel_variance":0.0,"default_skill":1.0,"reaction_time":0.5,"regen_periodicity":0.25,"ignite_sampling_delta":0.2,"fixed_time":true,"optimize_expressions":true,"optimal_raid":1,"log":0,"debug_each":0,"stat_cache":1,"max_aoe_enemies":20,"show_etmi":false,"tmi_window_global":0.0,"tmi_bin_size":0.5,"enemy_death_pct":0.0,"challenge_mode":false,"timewalk":-1,"pvp_crit":false,"rng":{"name":"sse2-sfmt"},"deterministic":0,"average_range":1,"average_gauss":0,"fight_style":"Patchwerk","default_aura_delay":0.03,"default_aura_delay_stddev":0.005,"dbc":{"bfa-BETA":{"build_level":26095,"wow_version":"8.0.1"},"version_used":"bfa-BETA"}},"overrides":{"arcane_intellect":1,"battle_shout":1,"power_word_fortitude":1,"chaos_brand":1,"mystic_touch":1,"mortal_wounds":1,"bleeding":1,"bloodlust":1,"bloodlust_percent":25,"bloodlust_time":0.5},"statistics":{"elapsed_cpu_seconds":16366.510196000001,"elapsed_time_seconds":17.395850000000003,"init_time_seconds":3.4888825650000026,"merge_time_seconds":0.007391091,"analyze_time_seconds":0.22124357000000003,"simulation_length":{"sum":308551.7009999999,"count":1029,"mean":299.8558804664722,"min":240.028,"max":359.946,"median":300.487,"variance":1176.755098900192,"std_dev":34.3038641977867,"mean_variance":1.143590961030313,"mean_std_dev":1.0693881245975725},"raid_dps":{"sum":15300010.116111003,"count":1029,"mean":14868.814495734696},"total_dmg":{"sum":4572829741.081408,"count":1029,"mean":4443955.044782709},"total_iterations":211808,"total_actors":201,"total_iterations_mean":1053.771144278607,"total_iterations_variance":1252889.472636815,"total_iterations_stddev":1119.3254542968346,"total_mean_dps_stddev":15.808688881879918,"total_mean_dps_variance":249.91464416407374},"player":{"name":"Template","race":"troll","level":120,"role":"spell","specialization":"Destruction Warlock","profile_source":"default","talents":[{"tier":1,"id":22038,"spell_id":267115,"name":"Flashover"},{"tier":2,"id":21695,"spell_id":266134,"name":"Internal Combustion"},{"tier":4,"id":23143,"spell_id":152108,"name":"Cataclysm"},{"tier":6,"id":23156,"spell_id":266086,"name":"Grimoire of Supremacy"},{"tier":7,"id":23092,"spell_id":113858,"name":"Dark Soul: Instability"}],"party":0,"ready_type":0,"bugs":true,"scale_player":true,"potion_used":false,"timeofday":"DAY_TIME","invert_scaling":0,"reaction_offset":0.1,"reaction_max":1.4000000000000001,"reaction_mean":0.3,"reaction_stddev":0.06,"reaction_nu":0.25,"world_lag":0.1,"brain_lag":0.0,"brain_lag_stddev":0.0,"world_lag_override":false,"world_lag_stddev_override":false,"dbc":{"bfa-BETA":{"build_level":26095,"wow_version":"8.0.1"},"version_used":"bfa-BETA"},"base_mana_regen_per_second":1000.0,"collected_data":{"fight_length":{"sum":308551.701,"count":1029,"mean":299.8558804664723,"min":240.028,"max":359.946},"waiting_time":{"sum":496.0,"count":1029,"mean":0.48202137998056366,"min":0.0,"max":10.0},"executed_foreground_actions":{"sum":240362.0,"count":1029,"mean":233.5879494655005,"min":190.0,"max":279.0},"dmg":{"sum":3716950211.2674637,"count":1029,"mean":3612196.512407642,"min":2904492.8135153092,"max":4283525.762371933},"compound_dmg":{"sum":4572829741.081408,"count":1029,"mean":4443955.044782709,"min":3677418.687659517,"max":5160188.269804019},"timeline_dmg":{"mean":14578.775022290578,"mean_std_dev":11812.899439080296,"min":0.0,"max":127711.37490561909,