{"results":[["Trait","325","340","355","370","385"],["Thunderous Blast",335,472,655,904,1144],["Night's Vengeance",265,443,626,818,1068],["Azerite Globules",118,279,394,567,775],["Tidal Surge",281,458,619,839,1040],["Dagger in the Back",365,528,747,941,1200],["Unstable Flames",115,214,357,510,694],["Secrets of the Deep",263,387,593,769,1002],["Gutripper",95,218,378,555,726],["Blood Rite",212,352,486,650,846],["Heed My Call",124,244,435,614,835],["Filthy Transfusion",198,341,519,698,916],["Relational Normalization Gizmo",272,420,589,783,968],["Synaptic Spark Capacitor",423,578,809,1030,1280],["Sylvanas' Resolve / Anduin's Dedication",240,368,570,780,1001],["Swirling Sands",236,394,526,727,930],["Meticulous Scheming",222,351,496,686,863],["Ricocheting Inflatable Pyrosaw",191,322,493,671,901],["Laser Matrix",272,463,669,840,1083],["Tradewinds",233,373,484,701,901],["Collective Will / Stand As One",97,188,344,523,712],["Barrage Of Many Bombs",294,447,659,847,1119],["Sharpened Blades",2,119,254,434,570],["Blade In The Shadows",493,664,883,1120,1401],["Overwhelming Power",79,199,332,509,699],["Blightborne Infusion",275,408,584,754,936],["Perforate",11,114,248,419,570],["Champion of Azeroth",359,477,631,825,1036],["Incite the Pack",205,348,492,697,880],["The First Dance",163,318,465,646,817],["Inevitability",347,519,667,836,1030],["Combined Might / Stronger Together",46,183,294,465,672],["Battlefield Focus / Battlefield Precision",31,128,290,430,625],["Glory in Battle / Liberator's Might",191,279,443,624,818],["Ruinous Bolt",172,295,478,660,872],["Unstable Catalyst",282,408,608,826,1091],["Blood Siphon",94,220,357,516,696],["Earthlink",118,216,372,562,730],["Retaliatory Fury / Last Gift",132,248,391,572,744],["Rezan's Fury",246,383,590,768,1024],["Elemental Whirl",113,219,393,547,720]],"metas":{"build_date":"Aug 18 2018","build_time":"08:59:09","git_revision":"7948886e6d","options":{"debug":false,"max_time":300.0,"expected_iteration_time":350.20300000000003,"vary_combat_length":0.2,"iterations":1008,"target_error":0.2,"threads":32,"seed":8438509383466977991,"single_actor_batch":false,"queue_lag":0.005,"queue_lag_stddev":0.001,"gcd_lag":0.15,"gcd_lag_stddev":0.037,"channel_lag":0.25,"channel_lag_stddev":0.062,"queue_gcd_reduction":0.1,"strict_gcd_queue":0,"confidence":0.95,"confidence_estimator":1.9599639854089754,"world_lag":0.1,"world_lag_stddev":0.01,"travel_variance":0.0,"default_skill":1.0,"reaction_time":0.5,"regen_periodicity":0.25,"ignite_sampling_delta":0.2,"fixed_time":true,"optimize_expressions":true,"optimal_raid":1,"log":0,"debug_each":0,"stat_cache":1,"max_aoe_enemies":20,"show_etmi":false,"tmi_window_global":0.0,"tmi_bin_size":0.5,"enemy_death_pct":0.0,"challenge_mode":false,"timewalk":-1,"pvp_crit":false,"rng":{"name":"sse2-sfmt"},"deterministic":0,"average_range":1,"average_gauss":0,"fight_style":"Patchwerk","default_aura_delay":0.03,"default_aura_delay_stddev":0.005,"dbc":{"bfa-BETA":{"build_level":26095,"wow_version":"8.0.1"},"version_used":"bfa-BETA"}},"overrides":{"arcane_intellect":1,"battle_shout":1,"power_word_fortitude":1,"chaos_brand":1,"mystic_touch":1,"mortal_wounds":1,"bleeding":1,"bloodlust":1,"bloodlust_percent":25,"bloodlust_time":0.5},"statistics":{"elapsed_cpu_seconds":13108.085743999998,"elapsed_time_seconds":14.064955,"init_time_seconds":2.9514242399999993,"merge_time_seconds":0.006094482999999999,"analyze_time_seconds":0.179330097,"simulation_length":{"sum":293301.1780000001,"count":976,"mean":300.5135020491804,"min":240.327,"max":359.914,"median":300.858,"variance":1211.1394907520448,"std_dev":34.80142943547067,"mean_variance":1.2409216093770952,"mean_std_dev":1.1139666105306276},"raid_dps":{"sum":11594663.67195864,"count":976,"mean":11879.778352416639},"total_dmg":{"sum":3479071830.6559052,"count":976,"mean":3564622.777311378},"total_iterations":185060,"total_actors":201,"total_iterations_mean":920.6965174129353,"total_iterations_variance":455574.487562189,"total_iterations_stddev":674.9625823423021,"total_mean_dps_stddev":12.65163554177171,"total_mean_dps_variance":160.06388188182117},"player":{"name":"Template","race":"blood_elf","level":120,"role":"attack","specialization":"Subtlety Rogue","profile_source":"default","talents":[{"tier":1,"id":19234,"spell_id":91023,"name":"Find Weakness"},{"tier":2,"id":22333,"spell_id":108209,"name":"Shadow Focus"},{"tier":3,"id":19241,"spell_id":137619,"name":"Marked for Death"},{"tier":6,"id":22336,"spell_id":238104,"name":"Enveloping Shadows"},{"tier":7,"id":22132,"spell_id":196976,"name":"Master of Shadows"}],"party":0,"ready_type":1,"bugs":true,"scale_player":true,"potion_used":false,"timeofday":"DAY_TIME","invert_scaling":0,"reaction_offset":0.1,"reaction_max":1.4000000000000001,"reaction_mean":0.3,"reaction_stddev":0.06,"reaction_nu":0.25,"world_lag":0.1,"brain_lag":0.0,"brain_lag_stddev":0.0,"world_lag_override":false,"world_lag_stddev_override":false,"dbc":{"bfa-BETA":{"build_level":26095,"wow_version":"8.0.1"},"version_used":"bfa-BETA"},"base_energy_regen_per_second":10.0,"collected_data":{"fight_length":{"sum":293301.1780000001,"count":976,"mean":300.5135020491804,"min":240.327,"max":359.914},"waiting_time":{"sum":44213.3,"count":976,"mean":45.30051229508197,"min":30.781000000000002,"max":58.595},"executed_foreground_actions":{"sum":281489.0,"count":976,"mean":288.4108606557377,"min":232.0,"max":344.0},"dmg":{"sum":3479071830.6559052,"count":976,"mean":3564622.777311378,"min":2701436.005407465,"max":4475121.73265375},"compound_dmg":{"sum":3479071830.6559052,"count":976,"mean":3564622.777311378,"min":2701436.005407465,"max":4475121.73265375},"timeline_dmg":{"mean":12098.392931466205,"mean_std_dev":4918.359680762604,"min":2023.2847323801873,"max":30513.862482821645,