{"results":[["Trait","325","340","355","370","385"],["Thunderous Blast",343,521,724,946,1193],["Tidal Surge",274,428,595,799,1070],["Azerite Globules",139,289,424,647,841],["Secrets of the Deep",275,470,638,830,1108],["Gutripper",93,240,379,566,784],["Unstable Flames",120,231,403,567,774],["Blood Rite",228,358,508,697,915],["Heed My Call",150,310,460,638,868],["Filthy Transfusion",225,419,560,765,1017],["Relational Normalization Gizmo",299,440,602,794,1069],["Synaptic Spark Capacitor",387,576,784,1011,1301],["Sylvanas' Resolve / Anduin's Dedication",270,443,617,844,1059],["Feeding Frenzy",222,384,487,655,873],["Swirling Sands",310,448,617,791,1019],["Meticulous Scheming",111,234,373,567,750],["Ricocheting Inflatable Pyrosaw",176,333,533,706,952],["Laser Matrix",300,478,671,882,1137],["Tradewinds",303,400,616,778,1000],["Collective Will / Stand As One",86,246,389,540,755],["Barrage Of Many Bombs",329,469,698,877,1145],["Serrated Jaws",147,300,456,615,846],["Primal Instincts",448,588,769,943,1199],["Overwhelming Power",108,214,398,557,752],["Unstable Catalyst",327,484,658,875,1161],["Rapid Reload",6,144,257,450,633],["Pack Alpha",22,140,263,433,629],["Dance of Death",156,284,449,646,829],["Haze of Rage",273,442,625,846,1095],["Dagger in the Back",344,543,748,950,1257],["Incite the Pack",251,425,569,744,965],["Combined Might / Stronger Together",73,186,349,537,725],["Battlefield Focus / Battlefield Precision",67,176,329,530,698],["Retaliatory Fury / Last Gift",153,276,445,602,832],["Glory in Battle / Liberator's Might",219,382,517,695,904],["Ruinous Bolt",150,314,458,671,897],["Blood Siphon",90,237,407,578,743],["Blightborne Infusion",338,494,668,879,1107],["Champion of Azeroth",334,523,708,866,1077],["Earthlink",81,279,429,606,805],["Rezan's Fury",258,389,612,816,1080],["Elemental Whirl",110,255,424,563,783]],"metas":{"build_date":"Aug 21 2018","build_time":"06:51:36","git_revision":"57250019bf","options":{"debug":false,"max_time":300.0,"expected_iteration_time":304.80400000000003,"vary_combat_length":0.2,"iterations":679,"target_error":0.2,"threads":32,"seed":262845302285586197,"single_actor_batch":false,"queue_lag":0.005,"queue_lag_stddev":0.001,"gcd_lag":0.15,"gcd_lag_stddev":0.037,"channel_lag":0.25,"channel_lag_stddev":0.062,"queue_gcd_reduction":0.1,"strict_gcd_queue":0,"confidence":0.95,"confidence_estimator":1.9599639854089754,"world_lag":0.1,"world_lag_stddev":0.01,"travel_variance":0.0,"default_skill":1.0,"reaction_time":0.5,"regen_periodicity":0.25,"ignite_sampling_delta":0.2,"fixed_time":true,"optimize_expressions":true,"optimal_raid":1,"log":0,"debug_each":0,"stat_cache":1,"max_aoe_enemies":20,"show_etmi":false,"tmi_window_global":0.0,"tmi_bin_size":0.5,"enemy_death_pct":0.0,"challenge_mode":false,"timewalk":-1,"pvp_crit":false,"rng":{"name":"sse2-sfmt"},"deterministic":0,"average_range":1,"average_gauss":0,"fight_style":"Patchwerk","default_aura_delay":0.03,"default_aura_delay_stddev":0.005,"dbc":{"bfa-BETA":{"build_level":26095,"wow_version":"8.0.1"},"version_used":"bfa-BETA"}},"overrides":{"arcane_intellect":1,"battle_shout":1,"power_word_fortitude":1,"chaos_brand":1,"mystic_touch":1,"mortal_wounds":1,"bleeding":1,"bloodlust":1,"bloodlust_percent":25,"bloodlust_time":0.5},"statistics":{"elapsed_cpu_seconds":8917.648729999997,"elapsed_time_seconds":9.574796,"init_time_seconds":2.179007597,"merge_time_seconds":0.005535817,"analyze_time_seconds":0.12757774800000005,"simulation_length":{"sum":193864.82,"count":647,"mean":299.63650695517777,"min":240.113,"max":359.998,"median":299.212,"variance":1159.5608192360417,"std_dev":34.052324725869184,"mean_variance":1.792211467134531,"mean_std_dev":1.3387350249898338},"raid_dps":{"sum":8088457.928274853,"count":647,"mean":12501.480569203792},"total_dmg":{"sum":2420908143.992917,"count":647,"mean":3741743.6537757604},"total_iterations":125408,"total_actors":206,"total_iterations_mean":608.7766990291262,"total_iterations_variance":450645.72815533995,"total_iterations_stddev":671.3015180642302,"total_mean_dps_stddev":13.30581997903596,"total_mean_dps_variance":177.04484531451251},"player":{"name":"Template","race":"orc","level":120,"role":"attack","specialization":"Beast Mastery Hunter","profile_source":"default","talents":[{"tier":1,"id":22291,"spell_id":273887,"name":"Killer Instinct"},{"tier":2,"id":22290,"spell_id":53209,"name":"Chimaera Shot"},{"tier":4,"id":22269,"spell_id":131894,"name":"A Murder of Crows"},{"tier":6,"id":19357,"spell_id":199530,"name":"Stomp"},{"tier":7,"id":22273,"spell_id":191384,"name":"Aspect of the Beast"}],"party":0,"ready_type":0,"bugs":true,"scale_player":true,"potion_used":false,"timeofday":"DAY_TIME","invert_scaling":0,"reaction_offset":0.1,"reaction_max":1.4000000000000001,"reaction_mean":0.3,"reaction_stddev":0.06,"reaction_nu":0.25,"world_lag":0.1,"brain_lag":0.0,"brain_lag_stddev":0.0,"world_lag_override":false,"world_lag_stddev_override":false,"dbc":{"bfa-BETA":{"build_level":26095,"wow_version":"8.0.1"},"version_used":"bfa-BETA"},"base_focus_regen_per_second":10.0,"collected_data":{"fight_length":{"sum":193864.82000000007,"count":647,"mean":299.6365069551778,"min":240.113,"max":359.998},"waiting_time":{"sum":28854.300000000003,"count":647,"mean":44.59706336939722,"min":29.7,"max":61.1},"executed_foreground_actions":{"sum":144832.0,"count":647,"mean":223.8516228748068,"min":178.0,"max":269.0},"dmg":{"sum":816687875.6739776,"count":647,"mean":1262268.7413817274,"min":954554.0932830493,"max":1538006.9844698315},"compound_dmg":{"sum":2420908143.992917,"count":647,"mean":3741743.6537757604,"min":2907992.0865893643,"max":4511870.841759798},"timeline_dmg":{"mean":12763.308718486694,"mean_std_dev":5034.9020402099795,"min":3109.7252160085814,"max":42954.82116083355,