{"results":[["Trait","325","340","355","370","385"],["Laser Matrix",297,484,731,980,1264],["Archive of the Titans",313,498,707,950,1172],["Relational Normalization Gizmo",406,618,778,1014,1362],["Synaptic Spark Capacitor",499,711,973,1281,1615],["Gutripper",76,231,453,651,883],["Sylvanas' Resolve / Anduin's Dedication",320,489,730,934,1239],["Feeding Frenzy",352,499,651,854,1123],["Swirling Sands",439,601,835,1001,1331],["Tradewinds",441,587,810,1027,1260],["Ricocheting Inflatable Pyrosaw",179,352,570,829,1067],["Heed My Call",163,324,448,732,978],["Barrage Of Many Bombs",352,606,798,1040,1349],["Serrated Jaws",131,284,477,716,962],["Tidal Surge",194,440,631,858,1163],["Collective Will / Stand As One",111,233,372,623,884],["Combined Might / Stronger Together",64,221,425,593,863],["Battlefield Focus / Battlefield Precision",118,293,447,668,895],["Retaliatory Fury / Last Gift",207,369,526,814,1015],["Glory in Battle / Liberator's Might",321,464,678,884,1165],["Blood Rite",362,519,720,959,1195],["Unstable Flames",144,316,494,673,944],["Meticulous Scheming",93,263,446,611,883],["Incite the Pack",387,581,756,986,1273],["Unstable Catalyst",351,548,754,1047,1327],["Azerite Globules",140,322,505,732,970],["Earthlink",111,260,449,675,927],["Haze of Rage",306,534,701,982,1257],["Dagger in the Back",349,515,722,1003,1340],["Secrets of the Deep",304,508,692,987,1218],["Blood Siphon",149,272,481,686,888],["Pack Alpha",-8,146,280,471,732],["Dance of Death",159,358,549,785,1049],["Ruinous Bolt",119,290,513,707,981],["Overwhelming Power",275,391,576,837,1007],["Thunderous Blast",321,554,775,1011,1338],["Champion of Azeroth",562,746,988,1233,1522],["Rapid Reload",125,314,463,723,975],["Filthy Transfusion",144,354,601,815,1131],["Primal Instincts",603,861,1029,1295,1550],["Elemental Whirl",160,379,526,740,947],["Rezan's Fury",236,407,616,867,1140],["Blightborne Infusion",495,687,925,1152,1404]],"metas":{"build_date":"Aug 24 2018","build_time":"06:29:59","git_revision":"d11d257b76","options":{"debug":false,"max_time":300.0,"expected_iteration_time":335.05400000000003,"vary_combat_length":0.2,"iterations":943,"target_error":0.2,"threads":32,"seed":6531864442701433718,"single_actor_batch":false,"queue_lag":0.005,"queue_lag_stddev":0.001,"gcd_lag":0.15,"gcd_lag_stddev":0.037,"channel_lag":0.25,"channel_lag_stddev":0.062,"queue_gcd_reduction":0.1,"strict_gcd_queue":0,"confidence":0.95,"confidence_estimator":1.9599639854089754,"world_lag":0.1,"world_lag_stddev":0.01,"travel_variance":0.0,"default_skill":1.0,"reaction_time":0.5,"regen_periodicity":0.25,"ignite_sampling_delta":0.2,"fixed_time":true,"optimize_expressions":true,"optimal_raid":1,"log":0,"debug_each":0,"stat_cache":1,"max_aoe_enemies":20,"show_etmi":false,"tmi_window_global":0.0,"tmi_bin_size":0.5,"enemy_death_pct":0.0,"challenge_mode":false,"timewalk":-1,"pvp_crit":false,"rng":{"name":"sse2-sfmt"},"deterministic":0,"average_range":1,"average_gauss":0,"fight_style":"Patchwerk","default_aura_delay":0.03,"default_aura_delay_stddev":0.005,"dbc":{"Live":{"build_level":27404,"wow_version":"8.0.1"},"version_used":"Live"}},"overrides":{"arcane_intellect":1,"battle_shout":1,"power_word_fortitude":1,"chaos_brand":1,"mystic_touch":1,"mortal_wounds":1,"bleeding":1,"bloodlust":1,"bloodlust_percent":25,"bloodlust_time":0.5},"statistics":{"elapsed_cpu_seconds":16756.902512,"elapsed_time_seconds":17.681829,"init_time_seconds":2.3636839469999997,"merge_time_seconds":0.006440627,"analyze_time_seconds":0.171691769,"simulation_length":{"sum":272767.613,"count":911,"mean":299.4156015367728,"min":240.507,"max":359.907,"median":300.454,"variance":1180.7468047534117,"std_dev":34.361996518732894,"mean_variance":1.2960996759093433,"mean_std_dev":1.1384637349996456},"raid_dps":{"sum":17451285.783150587,"count":911,"mean":19156.18637008846},"total_dmg":{"sum":5221302989.501523,"count":911,"mean":5731397.354008258},"total_iterations":184322,"total_actors":211,"total_iterations_mean":873.5639810426541,"total_iterations_variance":653211.8862559239,"total_iterations_stddev":808.2152474779995,"total_mean_dps_stddev":20.213294705817905,"total_mean_dps_variance":408.5772828642461},"player":{"name":"Template","race":"orc","level":120,"role":"attack","specialization":"Beast Mastery Hunter","profile_source":"default","talents":[{"tier":1,"id":22291,"spell_id":273887,"name":"Killer Instinct"},{"tier":2,"id":22290,"spell_id":53209,"name":"Chimaera Shot"},{"tier":4,"id":22269,"spell_id":131894,"name":"A Murder of Crows"},{"tier":6,"id":19357,"spell_id":199530,"name":"Stomp"},{"tier":7,"id":22273,"spell_id":191384,"name":"Aspect of the Beast"}],"party":0,"ready_type":0,"bugs":true,"scale_player":true,"potion_used":false,"timeofday":"DAY_TIME","invert_scaling":0,"reaction_offset":0.1,"reaction_max":1.4000000000000001,"reaction_mean":0.3,"reaction_stddev":0.06,"reaction_nu":0.25,"world_lag":0.1,"brain_lag":0.0,"brain_lag_stddev":0.0,"world_lag_override":false,"world_lag_stddev_override":false,"dbc":{"Live":{"build_level":27404,"wow_version":"8.0.1"},"version_used":"Live"},"base_focus_regen_per_second":10.0,"collected_data":{"fight_length":{"sum":272767.61300000007,"count":911,"mean":299.41560153677284,"min":240.507,"max":359.907},"waiting_time":{"sum":34031.6,"count":911,"mean":37.35631174533479,"min":21.1,"max":52.9},"executed_foreground_actions":{"sum":199651.0,"count":911,"mean":219.15587266739846,"min":174.0,"max":263.0},"dmg":{"sum":1655081689.4607606,"count":911,"mean":1816774.631680308,"min":1345010.066835207,"max":2244851.6031693704},"compound_dmg":{"sum":5221302989.501523,"count":911,"mean":5731397.354008258,"min":4308641.801984067,"max":7137558.294023629},"timeline_dmg":{"mean":19316.68271443943,"mean_std_dev":9472.631874624936,"min":1617.0336408950263,"max":59558.17502686336,