{"results":[["Trait","325","340","355","370","385"],["Laser Matrix",351,536,797,1043,1355],["Archive of the Titans",334,519,756,956,1235],["Relational Normalization Gizmo",330,556,765,981,1279],["Synaptic Spark Capacitor",593,859,1123,1449,1822],["Sylvanas' Resolve / Anduin's Dedication",288,525,750,1012,1336],["Gutripper",100,286,447,696,952],["Swirling Sands",474,694,910,1107,1419],["Tradewinds",385,504,715,1011,1228],["Ricocheting Inflatable Pyrosaw",315,455,774,984,1288],["Heed My Call",177,388,580,854,1090],["Barrage Of Many Bombs",527,746,994,1317,1691],["Snake Eyes",298,477,674,933,1221],["Tidal Surge",277,472,717,989,1274],["Collective Will / Stand As One",103,308,515,690,929],["Combined Might / Stronger Together",80,222,432,629,883],["Battlefield Focus / Battlefield Precision",261,457,681,921,1222],["Retaliatory Fury / Last Gift",173,375,571,785,1021],["Glory in Battle / Liberator's Might",306,486,659,911,1169],["Blood Rite",240,385,601,779,1072],["Unstable Flames",188,327,566,765,944],["Meticulous Scheming",302,479,655,865,1126],["Incite the Pack",333,505,670,979,1241],["Unstable Catalyst",411,522,815,1076,1361],["Deadshot",284,512,797,1091,1421],["Azerite Globules",250,419,629,910,1149],["Storm of Steel",418,645,833,1097,1417],["Earthlink",125,295,482,756,997],["Dagger in the Back",323,544,775,959,1289],["Secrets of the Deep",330,541,734,1005,1313],["Blood Siphon",141,313,481,676,918],["Brigand's Blitz",207,406,593,816,1044],["Ruinous Bolt",139,383,548,772,1030],["Blightborne Infusion",522,706,895,1229,1494],["Overwhelming Power",108,278,469,672,930],["Rezan's Fury",263,479,708,933,1241],["Paradise Lost",420,702,902,1251,1540],["Thunderous Blast",392,611,808,1097,1418],["Champion of Azeroth",464,648,944,1197,1454],["Filthy Transfusion",266,388,644,850,1152],["Ace Up Your Sleeve",-57,63,287,513,688],["Elemental Whirl",185,294,489,734,993]],"metas":{"build_date":"Aug 26 2018","build_time":"08:15:22","git_revision":"8a4b661fb5","options":{"debug":false,"max_time":300.0,"expected_iteration_time":339.42400000000004,"vary_combat_length":0.2,"iterations":1227,"target_error":0.2,"threads":32,"seed":6524639061978801800,"single_actor_batch":false,"queue_lag":0.005,"queue_lag_stddev":0.001,"gcd_lag":0.15,"gcd_lag_stddev":0.037,"channel_lag":0.25,"channel_lag_stddev":0.062,"queue_gcd_reduction":0.1,"strict_gcd_queue":0,"confidence":0.95,"confidence_estimator":1.9599639854089754,"world_lag":0.1,"world_lag_stddev":0.01,"travel_variance":0.0,"default_skill":1.0,"reaction_time":0.5,"regen_periodicity":0.25,"ignite_sampling_delta":0.2,"fixed_time":true,"optimize_expressions":true,"optimal_raid":1,"log":0,"debug_each":0,"stat_cache":1,"max_aoe_enemies":20,"show_etmi":false,"tmi_window_global":0.0,"tmi_bin_size":0.5,"enemy_death_pct":0.0,"challenge_mode":false,"timewalk":-1,"pvp_crit":false,"rng":{"name":"sse2-sfmt"},"deterministic":0,"average_range":1,"average_gauss":0,"fight_style":"Patchwerk","default_aura_delay":0.03,"default_aura_delay_stddev":0.005,"dbc":{"Live":{"build_level":27404,"wow_version":"8.0.1"},"version_used":"Live"}},"overrides":{"arcane_intellect":1,"battle_shout":1,"power_word_fortitude":1,"chaos_brand":1,"mystic_touch":1,"mortal_wounds":1,"bleeding":1,"bloodlust":1,"bloodlust_percent":25,"bloodlust_time":0.5},"statistics":{"elapsed_cpu_seconds":17873.10111500002,"elapsed_time_seconds":19.171275,"init_time_seconds":2.444466148,"merge_time_seconds":0.007002757000000002,"analyze_time_seconds":0.23879329000000007,"simulation_length":{"sum":359755.4350000001,"count":1195,"mean":301.0505732217574,"min":240.106,"max":359.92,"median":302.113,"variance":1230.8559871567725,"std_dev":35.08355721925547,"mean_variance":1.0300050101730314,"mean_std_dev":1.0148916248413085},"raid_dps":{"sum":24314766.885513507,"count":1195,"mean":20347.085259843938},"total_dmg":{"sum":7310819790.312398,"count":1195,"mean":6117840.828713303},"total_iterations":228043,"total_actors":206,"total_iterations_mean":1107.004854368932,"total_iterations_variance":595630.9951456311,"total_iterations_stddev":771.7713360482048,"total_mean_dps_stddev":21.48188438354004,"total_mean_dps_variance":461.4713566677815},"player":{"name":"Template","race":"dwarf","level":120,"role":"attack","specialization":"Outlaw Rogue","profile_source":"default","talents":[{"tier":1,"id":22119,"spell_id":196938,"name":"Quick Draw"},{"tier":2,"id":19238,"spell_id":196922,"name":"Hit and Run"},{"tier":3,"id":19239,"spell_id":14983,"name":"Vigor"},{"tier":6,"id":19250,"spell_id":5171,"name":"Slice and Dice"},{"tier":7,"id":23075,"spell_id":271877,"name":"Blade Rush"}],"party":0,"ready_type":1,"bugs":true,"scale_player":true,"potion_used":false,"timeofday":"DAY_TIME","invert_scaling":0,"reaction_offset":0.1,"reaction_max":1.4000000000000001,"reaction_mean":0.3,"reaction_stddev":0.06,"reaction_nu":0.25,"world_lag":0.1,"brain_lag":0.0,"brain_lag_stddev":0.0,"world_lag_override":false,"world_lag_stddev_override":false,"dbc":{"Live":{"build_level":27404,"wow_version":"8.0.1"},"version_used":"Live"},"base_energy_regen_per_second":14.85,"collected_data":{"fight_length":{"sum":359755.4350000001,"count":1195,"mean":301.0505732217574,"min":240.106,"max":359.92},"waiting_time":{"sum":22842.974999999995,"count":1195,"mean":19.11546025104602,"min":7.939,"max":32.182},"executed_foreground_actions":{"sum":348365.0,"count":1195,"mean":291.5188284518828,"min":228.0,"max":366.0},"dmg":{"sum":7310819790.312398,"count":1195,"mean":6117840.828713303,"min":4647164.040200395,"max":7695271.156187588},"compound_dmg":{"sum":7310819790.312398,"count":1195,"mean":6117840.828713303,"min":4647164.040200395,"max":7695271.156187588},"timeline_dmg":{"mean":20529.266956616462,"mean_std_dev":10296.757010787693,"min":5764.4436288566885,"max":56853.35419296954,