{"results":[["Trait","325","340","355","370","385"],["Thunderous Blast",401,533,720,918,1167],["Tidal Surge",293,406,568,745,970],["Azerite Globules",75,217,323,477,646],["Secrets of the Deep",222,334,511,661,884],["Filthy Transfusion",232,384,516,697,896],["Blood Rite",181,288,423,580,734],["Relational Normalization Gizmo",263,363,503,673,841],["Synaptic Spark Capacitor",210,312,461,659,851],["Gutripper",127,246,365,521,685],["Sylvanas' Resolve / Anduin's Dedication",204,365,489,663,855],["Swirling Sands",251,387,512,687,847],["Meticulous Scheming",166,291,408,554,718],["Ricocheting Inflatable Pyrosaw",107,245,359,515,693],["Laser Matrix",354,510,666,872,1115],["Tradewinds",242,342,474,644,824],["Heed My Call",123,238,381,543,721],["Collective Will / Stand As One",77,177,327,473,634],["Barrage Of Many Bombs",190,306,450,635,823],["Dagger in the Back",386,565,728,929,1179],["Unstable Flames",89,215,304,473,627],["Shrouded Suffocation",431,616,773,1000,1215],["Fan of Blades",5,94,225,340,479],["Twist the Knife",221,387,521,697,901],["Scent of Blood",154,263,426,570,755],["Sharpened Blades",44,161,344,533,740],["Poisoned Wire",85,174,303,425,596],["Double Dose",63,168,290,429,573],["Overwhelming Power",81,189,306,457,624],["Unstable Catalyst",255,391,529,724,922],["Earthlink",99,197,336,465,648],["Incite the Pack",224,332,467,626,791],["Combined Might / Stronger Together",31,184,267,401,578],["Battlefield Focus / Battlefield Precision",41,129,258,405,554],["Retaliatory Fury / Last Gift",114,222,366,516,679],["Glory in Battle / Liberator's Might",172,272,425,566,734],["Ruinous Bolt",186,275,439,592,790],["Blood Siphon",94,191,313,462,596],["Champion of Azeroth",306,430,557,712,884],["Blightborne Infusion",296,393,545,728,877],["Rezan's Fury",274,434,575,750,995],["Elemental Whirl",102,199,328,475,647]],"metas":{"build_date":"Aug 20 2018","build_time":"15:55:45","git_revision":"04f3f715c8","options":{"debug":false,"max_time":300.0,"expected_iteration_time":242.52700000000002,"vary_combat_length":0.2,"iterations":705,"target_error":0.2,"threads":32,"seed":9239416751682164806,"single_actor_batch":false,"queue_lag":0.005,"queue_lag_stddev":0.001,"gcd_lag":0.15,"gcd_lag_stddev":0.037,"channel_lag":0.25,"channel_lag_stddev":0.062,"queue_gcd_reduction":0.1,"strict_gcd_queue":0,"confidence":0.95,"confidence_estimator":1.9599639854089754,"world_lag":0.1,"world_lag_stddev":0.01,"travel_variance":0.0,"default_skill":1.0,"reaction_time":0.5,"regen_periodicity":0.25,"ignite_sampling_delta":0.2,"fixed_time":true,"optimize_expressions":true,"optimal_raid":1,"log":0,"debug_each":0,"stat_cache":1,"max_aoe_enemies":20,"show_etmi":false,"tmi_window_global":0.0,"tmi_bin_size":0.5,"enemy_death_pct":0.0,"challenge_mode":false,"timewalk":-1,"pvp_crit":false,"rng":{"name":"sse2-sfmt"},"deterministic":0,"average_range":1,"average_gauss":0,"fight_style":"Patchwerk","default_aura_delay":0.03,"default_aura_delay_stddev":0.005,"dbc":{"bfa-BETA":{"build_level":26095,"wow_version":"8.0.1"},"version_used":"bfa-BETA"}},"overrides":{"arcane_intellect":1,"battle_shout":1,"power_word_fortitude":1,"chaos_brand":1,"mystic_touch":1,"mortal_wounds":1,"bleeding":1,"bloodlust":1,"bloodlust_percent":25,"bloodlust_time":0.5},"statistics":{"elapsed_cpu_seconds":17643.131432999988,"elapsed_time_seconds":18.777156999999995,"init_time_seconds":3.1657632649999976,"merge_time_seconds":0.005459918,"analyze_time_seconds":0.12640009,"simulation_length":{"sum":202358.24800000002,"count":673,"mean":300.68090341753344,"min":240.19,"max":359.926,"median":302.104,"variance":1198.980111388889,"std_dev":34.62629219810994,"mean_variance":1.781545484976061,"mean_std_dev":1.334745475727886},"raid_dps":{"sum":6877255.946970525,"count":673,"mean":10218.80527038711},"total_dmg":{"sum":2064182175.1474607,"count":673,"mean":3067135.4757020217},"total_iterations":138543,"total_actors":206,"total_iterations_mean":672.5388349514564,"total_iterations_variance":451921.1893203887,"total_iterations_stddev":672.2508380957131,"total_mean_dps_stddev":10.890618946983238,"total_mean_dps_variance":118.6055810483903},"player":{"name":"Template","race":"troll","level":120,"role":"attack","specialization":"Assassination Rogue","profile_source":"default","talents":[{"tier":1,"id":22338,"spell_id":193640,"name":"Elaborate Planning"},{"tier":2,"id":22332,"spell_id":108208,"name":"Subterfuge"},{"tier":3,"id":19239,"spell_id":14983,"name":"Vigor"},{"tier":6,"id":23015,"spell_id":245388,"name":"Toxic Blade"},{"tier":7,"id":21186,"spell_id":255544,"name":"Poison Bomb"}],"party":0,"ready_type":1,"bugs":true,"scale_player":true,"potion_used":false,"timeofday":"DAY_TIME","invert_scaling":0,"reaction_offset":0.1,"reaction_max":1.4000000000000001,"reaction_mean":0.3,"reaction_stddev":0.06,"reaction_nu":0.25,"world_lag":0.1,"brain_lag":0.0,"brain_lag_stddev":0.0,"world_lag_override":false,"world_lag_stddev_override":false,"dbc":{"bfa-BETA":{"build_level":26095,"wow_version":"8.0.1"},"version_used":"bfa-BETA"},"base_energy_regen_per_second":11.0,"collected_data":{"fight_length":{"sum":202358.24800000005,"count":673,"mean":300.6809034175335,"min":240.19,"max":359.926},"waiting_time":{"sum":56046.962000000014,"count":673,"mean":83.27928974739973,"min":63.923,"max":107.714},"executed_foreground_actions":{"sum":126909.0,"count":673,"mean":188.57206537890045,"min":150.0,"max":222.0},"dmg":{"sum":2064182175.1474607,"count":673,"mean":3067135.4757020217,"min":2399481.4442794616,"max":3676225.974206827},"compound_dmg":{"sum":2064182175.1474607,"count":673,"mean":3067135.4757020217,"min":2399481.4442794616,"max":3676225.974206827},"timeline_dmg":{"mean":10324.042013295475,"mean_std_dev":4660.964444088083,"min":2720.1923436414236,"max":32949.52617878195,