{"results":[["Trait","325","340","355","370","385"],["Laser Matrix",290,445,624,820,1029],["Archive of the Titans",236,340,512,669,863],["Relational Normalization Gizmo",241,378,538,656,853],["Synaptic Spark Capacitor",214,337,489,669,859],["Gutripper",86,220,352,509,698],["Sylvanas' Resolve / Anduin's Dedication",219,343,503,711,909],["Swirling Sands",238,368,487,639,826],["Tradewinds",194,283,455,611,780],["Ricocheting Inflatable Pyrosaw",106,231,356,501,682],["Heed My Call",118,227,349,508,701],["Barrage Of Many Bombs",134,289,426,599,789],["Perforate",144,255,412,567,743],["Champion of Azeroth",279,408,564,701,890],["The First Dance",163,285,449,595,756],["Inevitability",369,505,660,828,1064],["Tidal Surge",295,432,599,784,995],["Collective Will / Stand As One",99,188,314,452,645],["Combined Might / Stronger Together",66,167,290,446,578],["Battlefield Focus / Battlefield Precision",245,391,549,722,921],["Retaliatory Fury / Last Gift",102,237,356,484,682],["Glory in Battle / Liberator's Might",171,284,425,564,739],["Blood Rite",155,275,431,563,734],["Unstable Flames",78,210,329,462,616],["Meticulous Scheming",153,274,412,559,733],["Incite the Pack",211,310,438,579,770],["Unstable Catalyst",256,401,551,734,970],["Azerite Globules",78,185,328,480,664],["Earthlink",119,206,357,532,687],["Night's Vengeance",166,296,449,597,786],["Dagger in the Back",285,412,578,800,987],["Secrets of the Deep",225,364,531,687,899],["Blood Siphon",78,201,316,445,632],["Ruinous Bolt",181,298,465,610,781],["Sharpened Blades",254,408,607,786,1029],["Thunderous Blast",332,498,661,852,1062],["Overwhelming Power",87,199,305,443,612],["Filthy Transfusion",191,316,511,667,854],["Blightborne Infusion",272,391,521,685,885],["Blade In The Shadows",412,591,766,998,1235],["Rezan's Fury",250,387,548,712,921],["Elemental Whirl",94,213,341,460,615]],"metas":{"build_date":"Aug 28 2018","build_time":"05:59:50","git_revision":"6deede5a59","options":{"debug":false,"max_time":300.0,"expected_iteration_time":315.91200000000003,"vary_combat_length":0.2,"iterations":1187,"target_error":0.2,"threads":32,"seed":9755008798402492297,"single_actor_batch":false,"queue_lag":0.005,"queue_lag_stddev":0.001,"gcd_lag":0.15,"gcd_lag_stddev":0.037,"channel_lag":0.25,"channel_lag_stddev":0.062,"queue_gcd_reduction":0.1,"strict_gcd_queue":0,"confidence":0.95,"confidence_estimator":1.9599639854089754,"world_lag":0.1,"world_lag_stddev":0.01,"travel_variance":0.0,"default_skill":1.0,"reaction_time":0.5,"regen_periodicity":0.25,"ignite_sampling_delta":0.2,"fixed_time":true,"optimize_expressions":true,"optimal_raid":1,"log":0,"debug_each":0,"stat_cache":1,"max_aoe_enemies":20,"show_etmi":false,"tmi_window_global":0.0,"tmi_bin_size":0.5,"enemy_death_pct":0.0,"challenge_mode":false,"timewalk":-1,"pvp_crit":false,"rng":{"name":"sse2-sfmt"},"deterministic":0,"average_range":1,"average_gauss":0,"fight_style":"Patchwerk","default_aura_delay":0.03,"default_aura_delay_stddev":0.005,"dbc":{"Live":{"build_level":27404,"wow_version":"8.0.1"},"version_used":"Live"}},"overrides":{"arcane_intellect":1,"battle_shout":1,"power_word_fortitude":1,"chaos_brand":1,"mystic_touch":1,"mortal_wounds":1,"bleeding":1,"bloodlust":1,"bloodlust_percent":25,"bloodlust_time":0.5},"statistics":{"elapsed_cpu_seconds":14243.622397000001,"elapsed_time_seconds":15.24449,"init_time_seconds":2.897336609999998,"merge_time_seconds":0.005047240000000001,"analyze_time_seconds":0.21670548299999998,"simulation_length":{"sum":345755.331,"count":1155,"mean":299.35526493506495,"min":240.067,"max":359.90500000000003,"median":297.57800000000003,"variance":1212.583661971368,"std_dev":34.82217198813664,"mean_variance":1.0498559843907949,"mean_std_dev":1.0246248017644288},"raid_dps":{"sum":12215225.99878467,"count":1155,"mean":10575.953245701014},"total_dmg":{"sum":3650170935.116439,"count":1155,"mean":3160321.1559449686},"total_iterations":234494,"total_actors":206,"total_iterations_mean":1138.3203883495146,"total_iterations_variance":697788.854368932,"total_iterations_stddev":835.3375691113935,"total_mean_dps_stddev":11.278680303832441,"total_mean_dps_variance":127.20862939605786},"player":{"name":"Template","race":"blood_elf","level":120,"role":"attack","specialization":"Subtlety Rogue","profile_source":"default","talents":[{"tier":1,"id":19234,"spell_id":91023,"name":"Find Weakness"},{"tier":2,"id":22333,"spell_id":108209,"name":"Shadow Focus"},{"tier":3,"id":19241,"spell_id":137619,"name":"Marked for Death"},{"tier":6,"id":22336,"spell_id":238104,"name":"Enveloping Shadows"},{"tier":7,"id":22132,"spell_id":196976,"name":"Master of Shadows"}],"party":0,"ready_type":1,"bugs":true,"scale_player":true,"potion_used":false,"timeofday":"DAY_TIME","invert_scaling":0,"reaction_offset":0.1,"reaction_max":1.4000000000000001,"reaction_mean":0.3,"reaction_stddev":0.06,"reaction_nu":0.25,"world_lag":0.1,"brain_lag":0.0,"brain_lag_stddev":0.0,"world_lag_override":false,"world_lag_stddev_override":false,"dbc":{"Live":{"build_level":27404,"wow_version":"8.0.1"},"version_used":"Live"},"base_energy_regen_per_second":10.0,"collected_data":{"fight_length":{"sum":345755.331,"count":1155,"mean":299.35526493506495,"min":240.067,"max":359.90500000000003},"waiting_time":{"sum":73300.80300000001,"count":1155,"mean":63.46389870129872,"min":45.321,"max":81.69500000000001},"executed_foreground_actions":{"sum":304885.0,"count":1155,"mean":263.969696969697,"min":210.0,"max":317.0},"dmg":{"sum":3650170935.116439,"count":1155,"mean":3160321.1559449686,"min":2492117.342634015,"max":3932589.946980373},"compound_dmg":{"sum":3650170935.116439,"count":1155,"mean":3160321.1559449686,"min":2492117.342634015,"max":3932589.946980373},"timeline_dmg":{"mean":10692.934754793414,"mean_std_dev":4649.5356720823565,"min":1978.4332658988048,"max":30326.84761264003,