{"results":[["Trait","325","340","355","370","385"],["Thunderous Blast",400,576,829,1070,1345],["Night's Vengeance",292,523,733,973,1248],["Azerite Globules",285,441,607,805,1086],["Tidal Surge",316,494,700,960,1260],["Dagger in the Back",477,656,885,1111,1484],["Unstable Flames",145,296,482,660,877],["Secrets of the Deep",322,524,725,975,1249],["Gutripper",118,277,414,654,877],["Blood Rite",232,398,556,768,1019],["Heed My Call",245,379,581,801,1045],["Filthy Transfusion",253,415,638,840,1144],["Relational Normalization Gizmo",354,468,667,953,1198],["Synaptic Spark Capacitor",698,957,1219,1525,1885],["Sylvanas' Resolve / Anduin's Dedication",345,497,689,938,1247],["Swirling Sands",413,580,783,976,1221],["Meticulous Scheming",251,376,617,756,1041],["Ricocheting Inflatable Pyrosaw",322,490,725,945,1272],["Laser Matrix",365,554,797,1028,1334],["Tradewinds",506,666,807,1056,1316],["Collective Will / Stand As One",116,219,468,659,878],["Barrage Of Many Bombs",503,743,1006,1329,1638],["Sharpened Blades",50,202,362,495,730],["Blade In The Shadows",62,173,359,509,715],["Overwhelming Power",200,321,455,677,892],["Blightborne Infusion",392,634,832,1072,1300],["Perforate",5,152,357,467,706],["Champion of Azeroth",492,678,883,1138,1405],["Incite the Pack",415,619,791,1037,1234],["The First Dance",346,510,708,898,1137],["Inevitability",14,185,314,515,752],["Combined Might / Stronger Together",107,224,400,653,838],["Battlefield Focus / Battlefield Precision",21,221,320,536,730],["Glory in Battle / Liberator's Might",266,388,640,848,1046],["Ruinous Bolt",170,367,546,783,1017],["Unstable Catalyst",336,571,748,1014,1264],["Blood Siphon",211,332,501,708,933],["Earthlink",136,283,457,712,979],["Retaliatory Fury / Last Gift",255,401,573,793,1000],["Rezan's Fury",314,507,717,940,1228],["Elemental Whirl",190,351,454,697,911]],"metas":{"build_date":"Aug 17 2018","build_time":"18:41:44","git_revision":"d045f58118","options":{"debug":false,"max_time":300.0,"expected_iteration_time":260.92900000000003,"vary_combat_length":0.2,"iterations":616,"target_error":0.2,"threads":32,"seed":9070837105010362440,"single_actor_batch":false,"queue_lag":0.005,"queue_lag_stddev":0.001,"gcd_lag":0.15,"gcd_lag_stddev":0.037,"channel_lag":0.25,"channel_lag_stddev":0.062,"queue_gcd_reduction":0.1,"strict_gcd_queue":0,"confidence":0.95,"confidence_estimator":1.9599639854089754,"world_lag":0.1,"world_lag_stddev":0.01,"travel_variance":0.0,"default_skill":1.0,"reaction_time":0.5,"regen_periodicity":0.25,"ignite_sampling_delta":0.2,"fixed_time":true,"optimize_expressions":true,"optimal_raid":1,"log":0,"debug_each":0,"stat_cache":1,"max_aoe_enemies":20,"show_etmi":false,"tmi_window_global":0.0,"tmi_bin_size":0.5,"enemy_death_pct":0.0,"challenge_mode":false,"timewalk":-1,"pvp_crit":false,"rng":{"name":"sse2-sfmt"},"deterministic":0,"average_range":1,"average_gauss":0,"fight_style":"Patchwerk","default_aura_delay":0.03,"default_aura_delay_stddev":0.005,"dbc":{"bfa-BETA":{"build_level":26095,"wow_version":"8.0.1"},"version_used":"bfa-BETA"}},"overrides":{"arcane_intellect":1,"battle_shout":1,"power_word_fortitude":1,"chaos_brand":1,"mystic_touch":1,"mortal_wounds":1,"bleeding":1,"bloodlust":1,"bloodlust_percent":25,"bloodlust_time":0.5},"statistics":{"elapsed_cpu_seconds":9779.352238000007,"elapsed_time_seconds":10.50145,"init_time_seconds":2.8975261140000015,"merge_time_seconds":0.007042225,"analyze_time_seconds":0.12263774399999995,"simulation_length":{"sum":176199.962,"count":584,"mean":301.7122636986301,"min":240.687,"max":359.958,"median":302.245,"variance":1175.1093945297782,"std_dev":34.279868648082335,"mean_variance":2.0121736207701684,"mean_std_dev":1.4185110576834319},"raid_dps":{"sum":10853489.60642787,"count":584,"mean":18584.742476760053},"total_dmg":{"sum":3271508031.537098,"count":584,"mean":5601897.314275852},"total_iterations":114224,"total_actors":201,"total_iterations_mean":568.2786069651742,"total_iterations_variance":447484.3980099503,"total_iterations_stddev":668.9427464364572,"total_mean_dps_stddev":19.619702694877375,"total_mean_dps_variance":384.93273383537854},"player":{"name":"Template","race":"night_elf","level":120,"role":"attack","specialization":"Subtlety Rogue","profile_source":"default","talents":[{"tier":1,"id":19234,"spell_id":91023,"name":"Find Weakness"},{"tier":2,"id":22333,"spell_id":108209,"name":"Shadow Focus"},{"tier":3,"id":19241,"spell_id":137619,"name":"Marked for Death"},{"tier":6,"id":22336,"spell_id":238104,"name":"Enveloping Shadows"},{"tier":7,"id":22132,"spell_id":196976,"name":"Master of Shadows"}],"party":0,"ready_type":1,"bugs":true,"scale_player":true,"potion_used":false,"timeofday":"DAY_TIME","invert_scaling":0,"reaction_offset":0.1,"reaction_max":1.4000000000000001,"reaction_mean":0.3,"reaction_stddev":0.06,"reaction_nu":0.25,"world_lag":0.1,"brain_lag":0.0,"brain_lag_stddev":0.0,"world_lag_override":false,"world_lag_stddev_override":false,"dbc":{"bfa-BETA":{"build_level":26095,"wow_version":"8.0.1"},"version_used":"bfa-BETA"},"base_energy_regen_per_second":10.0,"collected_data":{"fight_length":{"sum":176199.96200000003,"count":584,"mean":301.7122636986302,"min":240.687,"max":359.958},"waiting_time":{"sum":9146.752000000004,"count":584,"mean":15.662246575342472,"min":6.718,"max":22.215},"executed_foreground_actions":{"sum":195598.0,"count":584,"mean":334.92808219178085,"min":267.0,"max":399.0},"dmg":{"sum":3271508031.537098,"count":584,"mean":5601897.314275852,"min":4368515.412925422,"max":6963022.792395557},"compound_dmg":{"sum":3271508031.537098,"count":584,"mean":5601897.314275852,"min":4368515.412925422,"max":6963022.792395557},"timeline_dmg":{"mean":19383.37296325366,"mean_std_dev":6208.625024924795,"min":2825.6897805159874,"max":53042.712409470296,