{"results":[["Trait","325","340","355","370","385"],["Laser Matrix",346,487,682,868,1051],["Archive of the Titans",193,304,446,582,758],["Relational Normalization Gizmo",274,388,539,665,836],["Synaptic Spark Capacitor",224,320,438,617,801],["Gutripper",124,233,361,496,662],["Sylvanas' Resolve / Anduin's Dedication",182,330,440,580,801],["Swirling Sands",265,399,534,638,853],["Heed My Call",134,249,363,517,664],["Ricocheting Inflatable Pyrosaw",100,220,318,483,634],["Barrage Of Many Bombs",196,300,440,597,769],["Tidal Surge",248,420,562,731,940],["Collective Will / Stand As One",56,198,299,449,586],["Rolling Havoc",10,130,218,329,456],["Combined Might / Stronger Together",52,170,276,394,545],["Battlefield Focus / Battlefield Precision",269,391,532,712,918],["Retaliatory Fury / Last Gift",143,267,397,502,669],["Glory in Battle / Liberator's Might",188,336,431,591,728],["Unstable Flames",99,224,343,457,603],["Blood Rite",222,354,471,621,779],["Crashing Chaos",365,513,700,869,1078],["Accelerant",14,100,203,329,459],["Ruinous Bolt",184,292,411,561,754],["Meticulous Scheming",256,365,499,627,809],["Blood Siphon",205,342,421,578,705],["Earthlink",93,202,309,453,613],["Bursting Flare",273,394,487,638,787],["Incite the Pack",274,380,487,650,806],["Unstable Catalyst",230,349,492,638,838],["Azerite Globules",61,182,316,442,580],["Tradewinds",271,390,516,687,828],["Rezan's Fury",259,402,561,735,949],["Dagger in the Back",346,489,645,813,1037],["Secrets of the Deep",210,317,451,611,786],["Thunderous Blast",371,543,681,897,1107],["Flashpoint",186,313,414,565,715],["Filthy Transfusion",229,367,491,663,875],["Chaotic Inferno",264,364,476,651,820],["Blightborne Infusion",307,423,561,715,882],["Champion of Azeroth",335,478,586,738,893],["Elemental Whirl",148,223,332,472,641],["Overwhelming Power",184,278,414,560,703]],"metas":{"build_date":"Aug 28 2018","build_time":"05:59:50","git_revision":"6deede5a59","options":{"debug":false,"max_time":300.0,"expected_iteration_time":287.26800000000003,"vary_combat_length":0.2,"iterations":1124,"target_error":0.2,"threads":32,"seed":1371105312672294086,"single_actor_batch":false,"queue_lag":0.005,"queue_lag_stddev":0.001,"gcd_lag":0.15,"gcd_lag_stddev":0.037,"channel_lag":0.25,"channel_lag_stddev":0.062,"queue_gcd_reduction":0.1,"strict_gcd_queue":0,"confidence":0.95,"confidence_estimator":1.9599639854089754,"world_lag":0.1,"world_lag_stddev":0.01,"travel_variance":0.0,"default_skill":1.0,"reaction_time":0.5,"regen_periodicity":0.25,"ignite_sampling_delta":0.2,"fixed_time":true,"optimize_expressions":true,"optimal_raid":1,"log":0,"debug_each":0,"stat_cache":1,"max_aoe_enemies":20,"show_etmi":false,"tmi_window_global":0.0,"tmi_bin_size":0.5,"enemy_death_pct":0.0,"challenge_mode":false,"timewalk":-1,"pvp_crit":false,"rng":{"name":"sse2-sfmt"},"deterministic":0,"average_range":1,"average_gauss":0,"fight_style":"Patchwerk","default_aura_delay":0.03,"default_aura_delay_stddev":0.005,"dbc":{"Live":{"build_level":27404,"wow_version":"8.0.1"},"version_used":"Live"}},"overrides":{"arcane_intellect":1,"battle_shout":1,"power_word_fortitude":1,"chaos_brand":1,"mystic_touch":1,"mortal_wounds":1,"bleeding":1,"bloodlust":1,"bloodlust_percent":25,"bloodlust_time":0.5},"statistics":{"elapsed_cpu_seconds":10357.95142,"elapsed_time_seconds":11.196131999999999,"init_time_seconds":3.360357538,"merge_time_seconds":0.006501393,"analyze_time_seconds":0.21722709699999984,"simulation_length":{"sum":329506.29899999994,"count":1092,"mean":301.745695054945,"min":240.056,"max":359.943,"median":301.826,"variance":1162.2774056057267,"std_dev":34.092189803615234,"mean_variance":1.0643565985400427,"mean_std_dev":1.0316765959059278},"raid_dps":{"sum":14198227.599544747,"count":1092,"mean":13002.039926323028},"total_dmg":{"sum":4271327068.998407,"count":1092,"mean":3911471.674906966},"total_iterations":226716,"total_actors":206,"total_iterations_mean":1100.5631067961165,"total_iterations_variance":873248.6796116505,"total_iterations_stddev":934.477757686961,"total_mean_dps_stddev":13.740083243744847,"total_mean_dps_variance":188.7898875450379},"player":{"name":"Template","race":"troll","level":120,"role":"spell","specialization":"Destruction Warlock","profile_source":"default","talents":[{"tier":1,"id":22038,"spell_id":267115,"name":"Flashover"},{"tier":2,"id":23148,"spell_id":205148,"name":"Reverse Entropy"},{"tier":4,"id":23143,"spell_id":152108,"name":"Cataclysm"},{"tier":6,"id":23156,"spell_id":266086,"name":"Grimoire of Supremacy"},{"tier":7,"id":23092,"spell_id":113858,"name":"Dark Soul: Instability"}],"party":0,"ready_type":0,"bugs":true,"scale_player":true,"potion_used":false,"timeofday":"DAY_TIME","invert_scaling":0,"reaction_offset":0.1,"reaction_max":1.4000000000000001,"reaction_mean":0.3,"reaction_stddev":0.06,"reaction_nu":0.25,"world_lag":0.1,"brain_lag":0.0,"brain_lag_stddev":0.0,"world_lag_override":false,"world_lag_stddev_override":false,"dbc":{"Live":{"build_level":27404,"wow_version":"8.0.1"},"version_used":"Live"},"base_mana_regen_per_second":1000.0,"collected_data":{"fight_length":{"sum":329506.299,"count":1092,"mean":301.74569505494503,"min":240.056,"max":359.943},"executed_foreground_actions":{"sum":238071.0,"count":1092,"mean":218.01373626373626,"min":172.0,"max":260.0},"dmg":{"sum":3417130028.5228424,"count":1092,"mean":3129239.952859746,"min":2463894.113146753,"max":3758329.6407509693},"compound_dmg":{"sum":4271327068.998407,"count":1092,"mean":3911471.674906966,"min":3160927.939197222,"max":4636404.615576977},"timeline_dmg":{"mean":12788.305636023888,"mean_std_dev":7679.060251374459,"min":0.0,"max":58817.97843929719,