{"results":[["Trait","325","340","355","370","385"],["Thunderous Blast",362,490,673,891,1127],["Azerite Globules",131,274,412,556,755],["Tidal Surge",284,415,583,764,1020],["Secrets of the Deep",190,348,476,653,856],["Gutripper",85,206,328,486,685],["Unstable Flames",59,195,302,444,605],["Blood Rite",134,260,359,489,692],["Heed My Call",133,272,403,559,750],["Filthy Transfusion",220,339,511,684,880],["Relational Normalization Gizmo",211,337,469,634,819],["Synaptic Spark Capacitor",402,570,787,993,1232],["Flames of Alacrity",205,320,471,646,764],["Sylvanas' Resolve / Anduin's Dedication",208,352,481,668,868],["Swirling Sands",222,367,494,620,813],["Meticulous Scheming",108,210,316,499,634],["Ricocheting Inflatable Pyrosaw",194,313,462,633,846],["Laser Matrix",324,464,645,827,1084],["Tradewinds",302,467,586,750,930],["Collective Will / Stand As One",60,171,298,445,607],["Barrage Of Many Bombs",309,469,652,869,1076],["Preheat",109,250,382,546,760],["Blood Siphon",112,214,335,499,641],["Firemind",167,275,419,593,809],["Incite the Pack",297,398,562,712,916],["Combined Might / Stronger Together",46,135,248,412,571],["Blaster Master",460,629,797,946,1187],["Duplicative Incineration",627,804,1036,1259,1510],["Battlefield Focus / Battlefield Precision",14,124,252,369,518],["Blightborne Infusion",242,376,514,676,851],["Trailing Embers",142,268,394,551,766],["Retaliatory Fury / Last Gift",152,287,408,571,731],["Glory in Battle / Liberator's Might",121,249,380,534,695],["Ruinous Bolt",162,275,435,611,799],["Overwhelming Power",72,171,262,423,569],["Unstable Catalyst",243,374,516,732,943],["Champion of Azeroth",283,403,568,692,901],["Dagger in the Back",338,502,681,876,1119],["Earthlink",77,177,290,462,611],["Rezan's Fury",260,379,536,744,949],["Elemental Whirl",92,192,296,472,630]],"metas":{"build_date":"Aug 18 2018","build_time":"19:28:46","git_revision":"4b57bdcdae","options":{"debug":false,"max_time":300.0,"expected_iteration_time":326.53000000000003,"vary_combat_length":0.2,"iterations":907,"target_error":0.2,"threads":32,"seed":141253897264264496,"single_actor_batch":false,"queue_lag":0.005,"queue_lag_stddev":0.001,"gcd_lag":0.15,"gcd_lag_stddev":0.037,"channel_lag":0.25,"channel_lag_stddev":0.062,"queue_gcd_reduction":0.1,"strict_gcd_queue":0,"confidence":0.95,"confidence_estimator":1.9599639854089754,"world_lag":0.1,"world_lag_stddev":0.01,"travel_variance":0.0,"default_skill":1.0,"reaction_time":0.5,"regen_periodicity":0.25,"ignite_sampling_delta":0.2,"fixed_time":true,"optimize_expressions":true,"optimal_raid":1,"log":0,"debug_each":0,"stat_cache":1,"max_aoe_enemies":20,"show_etmi":false,"tmi_window_global":0.0,"tmi_bin_size":0.5,"enemy_death_pct":0.0,"challenge_mode":false,"timewalk":-1,"pvp_crit":false,"rng":{"name":"sse2-sfmt"},"deterministic":0,"average_range":1,"average_gauss":0,"fight_style":"Patchwerk","default_aura_delay":0.03,"default_aura_delay_stddev":0.005,"dbc":{"bfa-BETA":{"build_level":26095,"wow_version":"8.0.1"},"version_used":"bfa-BETA"}},"overrides":{"arcane_intellect":1,"battle_shout":1,"power_word_fortitude":1,"chaos_brand":1,"mystic_touch":1,"mortal_wounds":1,"bleeding":1,"bloodlust":1,"bloodlust_percent":25,"bloodlust_time":0.5},"statistics":{"elapsed_cpu_seconds":11600.359180999998,"elapsed_time_seconds":12.611058,"init_time_seconds":3.077873399000002,"merge_time_seconds":0.005293187,"analyze_time_seconds":0.19195757400000002,"simulation_length":{"sum":263374.31500000006,"count":875,"mean":300.9992171428572,"min":240.177,"max":359.54900000000004,"median":301.17,"variance":1171.2261975734204,"std_dev":34.22318216609058,"mean_variance":1.3385442257981948,"mean_std_dev":1.1569547207208217},"raid_dps":{"sum":9940576.139243163,"count":875,"mean":11360.658444849329},"total_dmg":{"sum":2988436674.5521927,"count":875,"mean":3415356.1994882203},"total_iterations":181849,"total_actors":201,"total_iterations_mean":904.7213930348258,"total_iterations_variance":879506.3980099502,"total_iterations_stddev":937.8200243170062,"total_mean_dps_stddev":12.092621679186374,"total_mean_dps_variance":146.23149907592827},"player":{"name":"Template","race":"dark_iron_dwarf","level":120,"role":"spell","specialization":"Fire Mage","profile_source":"default","talents":[{"tier":1,"id":22456,"spell_id":205026,"name":"Firestarter"},{"tier":3,"id":22447,"spell_id":116011,"name":"Rune of Power"},{"tier":4,"id":22450,"spell_id":205029,"name":"Flame On"},{"tier":6,"id":23362,"spell_id":205023,"name":"Conflagration"},{"tier":7,"id":21633,"spell_id":153561,"name":"Meteor"}],"party":0,"ready_type":0,"bugs":true,"scale_player":true,"potion_used":false,"timeofday":"DAY_TIME","invert_scaling":0,"reaction_offset":0.1,"reaction_max":1.4000000000000001,"reaction_mean":0.3,"reaction_stddev":0.06,"reaction_nu":0.25,"world_lag":0.1,"brain_lag":0.0,"brain_lag_stddev":0.0,"world_lag_override":false,"world_lag_stddev_override":false,"dbc":{"bfa-BETA":{"build_level":26095,"wow_version":"8.0.1"},"version_used":"bfa-BETA"},"base_mana_regen_per_second":2000.0,"collected_data":{"fight_length":{"sum":263374.315,"count":875,"mean":300.99921714285716,"min":240.177,"max":359.54900000000004},"executed_foreground_actions":{"sum":196636.0,"count":875,"mean":224.72685714285714,"min":178.0,"max":267.0},"dmg":{"sum":2988436674.5521927,"count":875,"mean":3415356.1994882203,"min":2629310.9633951467,"max":4097492.959081859},"compound_dmg":{"sum":2988436674.5521927,"count":875,"mean":3415356.1994882203,"min":2629310.9633951467,"max":4097492.959081859},"timeline_dmg":{"mean":11333.088152228016,"mean_std_dev":9136.880067922473,"min":0.0,"max":74494.20778978674,