{"results":[["Trait","325","340","355","370","385"],["Laser Matrix",308,485,681,912,1166],["Archive of the Titans",181,290,485,654,870],["Relational Normalization Gizmo",181,334,516,699,947],["Synaptic Spark Capacitor",212,379,569,748,1004],["Swirling Sands",171,319,497,668,900],["Heed My Call",114,234,413,604,823],["Ricocheting Inflatable Pyrosaw",109,244,391,574,800],["Barrage Of Many Bombs",164,308,480,683,921],["Meridian Strikes",238,416,594,820,1042],["Tidal Surge",291,473,652,864,1149],["Collective Will / Stand As One",66,198,353,520,750],["Swift Roundhouse",586,778,1029,1274,1613],["On My Way",107,278,437,614,809],["Combined Might / Stronger Together",40,163,319,481,699],["Pressure Point",218,354,518,723,968],["Sunrise Technique",222,372,549,775,1040],["Sylvanas' Resolve / Anduin's Dedication",184,307,500,693,908],["Battlefield Focus / Battlefield Precision",230,406,613,820,1087],["Gutripper",89,232,408,587,812],["Retaliatory Fury / Last Gift",80,235,363,540,752],["Glory in Battle / Liberator's Might",132,273,424,609,807],["Blood Rite",99,249,406,613,800],["Unstable Flames",61,199,369,536,717],["Blightborne Infusion",216,351,524,698,913],["Meticulous Scheming",128,272,425,604,797],["Incite the Pack",150,285,448,631,846],["Open Palm Strikes",174,349,527,745,990],["Unstable Catalyst",199,338,512,707,963],["Azerite Globules",77,207,363,542,754],["Tradewinds",159,307,456,674,872],["Earthlink",67,206,359,534,756],["Secrets of the Deep",163,320,499,716,919],["Dagger in the Back",307,480,643,871,1145],["Blood Siphon",124,255,399,579,810],["Filthy Transfusion",210,376,539,768,1002],["Ruinous Bolt",187,312,487,715,935],["Elemental Whirl",76,210,373,537,726],["Thunderous Blast",371,512,699,944,1218],["Champion of Azeroth",227,360,538,716,932],["Overwhelming Power",69,185,338,514,719],["Iron Fists",8,115,282,441,632],["Rezan's Fury",255,408,610,792,1084],["Lifespeed",55,167,344,501,708]],"metas":{"build_date":"Aug 25 2018","build_time":"17:36:54","git_revision":"81398f5484","options":{"debug":false,"max_time":300.0,"expected_iteration_time":248.38500000000002,"vary_combat_length":0.2,"iterations":864,"target_error":0.2,"threads":32,"seed":11325498504757612651,"single_actor_batch":false,"queue_lag":0.005,"queue_lag_stddev":0.001,"gcd_lag":0.15,"gcd_lag_stddev":0.037,"channel_lag":0.25,"channel_lag_stddev":0.062,"queue_gcd_reduction":0.1,"strict_gcd_queue":0,"confidence":0.95,"confidence_estimator":1.9599639854089754,"world_lag":0.1,"world_lag_stddev":0.01,"travel_variance":0.0,"default_skill":1.0,"reaction_time":0.5,"regen_periodicity":0.25,"ignite_sampling_delta":0.2,"fixed_time":true,"optimize_expressions":true,"optimal_raid":1,"log":0,"debug_each":0,"stat_cache":1,"max_aoe_enemies":20,"show_etmi":false,"tmi_window_global":0.0,"tmi_bin_size":0.5,"enemy_death_pct":0.0,"challenge_mode":false,"timewalk":-1,"pvp_crit":false,"rng":{"name":"sse2-sfmt"},"deterministic":0,"average_range":1,"average_gauss":0,"fight_style":"Patchwerk","default_aura_delay":0.03,"default_aura_delay_stddev":0.005,"dbc":{"Live":{"build_level":27404,"wow_version":"8.0.1"},"version_used":"Live"}},"overrides":{"arcane_intellect":1,"battle_shout":1,"power_word_fortitude":1,"chaos_brand":1,"mystic_touch":1,"mortal_wounds":1,"bleeding":1,"bloodlust":1,"bloodlust_percent":25,"bloodlust_time":0.5},"statistics":{"elapsed_cpu_seconds":14644.888795,"elapsed_time_seconds":15.656796,"init_time_seconds":4.676044077999999,"merge_time_seconds":0.009109622,"analyze_time_seconds":0.17158436400000007,"simulation_length":{"sum":250960.225,"count":832,"mean":301.6348858173077,"min":240.084,"max":359.97,"median":302.683,"variance":1231.6843553703757,"std_dev":35.095360881039184,"mean_variance":1.4803898502047785,"mean_std_dev":1.2167127229567292},"raid_dps":{"sum":9218371.170224575,"count":832,"mean":11079.773041135308},"total_dmg":{"sum":2775251367.2612076,"count":832,"mean":3335638.6625735667},"total_iterations":160355,"total_actors":216,"total_iterations_mean":742.3842592592592,"total_iterations_variance":904377.1064814808,"total_iterations_stddev":950.9874376044517,"total_mean_dps_stddev":11.818130308744484,"total_mean_dps_variance":139.668203994465},"player":{"name":"Template","race":"pandaren","level":120,"role":"dps","specialization":"Windwalker Monk","profile_source":"default","talents":[{"tier":1,"id":20185,"spell_id":123986,"name":"Chi Burst"},{"tier":3,"id":19771,"spell_id":261947,"name":"Fist of the White Tiger"},{"tier":4,"id":23364,"spell_id":280195,"name":"Good Karma"},{"tier":6,"id":22102,"spell_id":123904,"name":"Invoke Xuen, the White Tiger"},{"tier":7,"id":21191,"spell_id":152173,"name":"Serenity"}],"party":0,"ready_type":0,"bugs":true,"scale_player":true,"potion_used":false,"timeofday":"DAY_TIME","invert_scaling":0,"reaction_offset":0.1,"reaction_max":1.4000000000000001,"reaction_mean":0.3,"reaction_stddev":0.06,"reaction_nu":0.25,"world_lag":0.1,"brain_lag":0.0,"brain_lag_stddev":0.0,"world_lag_override":false,"world_lag_stddev_override":false,"dbc":{"Live":{"build_level":27404,"wow_version":"8.0.1"},"version_used":"Live"},"base_energy_regen_per_second":10.0,"collected_data":{"fight_length":{"sum":250960.22499999995,"count":832,"mean":301.63488581730763,"min":240.084,"max":359.97},"waiting_time":{"sum":33427.4,"count":832,"mean":40.17716346153846,"min":24.3,"max":56.300000000000004},"executed_foreground_actions":{"sum":179090.0,"count":832,"mean":215.25240384615384,"min":168.0,"max":263.0},"dmg":{"sum":2586339309.2546005,"count":832,"mean":3108580.9005463948,"min":2386256.1497298595,"max":3685703.2199429343},"compound_dmg":{"sum":2775251367.2612076,"count":832,"mean":3335638.6625735667,"min":2555086.707875225,"max":3916641.755382612},"timeline_dmg":{"mean":10899.544249585933,"mean_std_dev":11495.51473504679,"min":537.0133580651876,"max":130730.28459881539,