{"results":[["Trait","325","340","355","370","385"],["Laser Matrix",318,516,709,973,1291],["Archive of the Titans",314,436,616,841,1071],["Relational Normalization Gizmo",294,456,633,890,1086],["Synaptic Spark Capacitor",402,590,821,1063,1380],["Gutripper",131,228,407,627,833],["Sylvanas' Resolve / Anduin's Dedication",265,452,622,842,1140],["Swirling Sands",355,527,714,902,1142],["Tradewinds",326,477,648,847,1110],["Ricocheting Inflatable Pyrosaw",215,372,534,757,1016],["Heed My Call",160,299,511,686,924],["Barrage Of Many Bombs",345,530,727,953,1284],["Fan of Blades",-22,129,277,470,650],["Twist the Knife",170,315,500,718,930],["Meticulous Scheming",249,393,562,740,984],["Poisoned Wire",18,143,291,449,655],["Tidal Surge",254,423,619,828,1128],["Collective Will / Stand As One",90,243,378,585,801],["Combined Might / Stronger Together",70,192,362,525,754],["Battlefield Focus / Battlefield Precision",96,234,395,618,863],["Retaliatory Fury / Last Gift",161,300,464,672,886],["Glory in Battle / Liberator's Might",189,360,519,732,944],["Blood Rite",216,336,524,713,930],["Incite the Pack",261,453,616,821,1037],["Unstable Flames",121,240,379,617,817],["Unstable Catalyst",329,491,691,922,1208],["Azerite Globules",131,315,447,690,925],["Dagger in the Back",422,581,839,1088,1391],["Scent of Blood",355,538,746,1030,1311],["Earthlink",140,263,421,610,849],["Rezan's Fury",261,458,658,886,1143],["Double Dose",-23,144,275,435,639],["Secrets of the Deep",279,460,635,895,1157],["Blood Siphon",81,231,389,602,814],["Ruinous Bolt",166,300,473,670,934],["Sharpened Blades",54,190,416,636,872],["Overwhelming Power",97,230,375,562,765],["Thunderous Blast",345,562,755,1015,1319],["Shrouded Suffocation",522,742,991,1253,1567],["Champion of Azeroth",387,581,779,966,1192],["Filthy Transfusion",231,406,582,816,1047],["Blightborne Infusion",384,580,732,965,1188],["Elemental Whirl",96,260,419,612,793]],"metas":{"build_date":"Aug 24 2018","build_time":"06:29:59","git_revision":"d11d257b76","options":{"debug":false,"max_time":300.0,"expected_iteration_time":336.92900000000003,"vary_combat_length":0.2,"iterations":515,"target_error":0.2,"threads":32,"seed":14590257146144189549,"single_actor_batch":false,"queue_lag":0.005,"queue_lag_stddev":0.001,"gcd_lag":0.15,"gcd_lag_stddev":0.037,"channel_lag":0.25,"channel_lag_stddev":0.062,"queue_gcd_reduction":0.1,"strict_gcd_queue":0,"confidence":0.95,"confidence_estimator":1.9599639854089754,"world_lag":0.1,"world_lag_stddev":0.01,"travel_variance":0.0,"default_skill":1.0,"reaction_time":0.5,"regen_periodicity":0.25,"ignite_sampling_delta":0.2,"fixed_time":true,"optimize_expressions":true,"optimal_raid":1,"log":0,"debug_each":0,"stat_cache":1,"max_aoe_enemies":20,"show_etmi":false,"tmi_window_global":0.0,"tmi_bin_size":0.5,"enemy_death_pct":0.0,"challenge_mode":false,"timewalk":-1,"pvp_crit":false,"rng":{"name":"sse2-sfmt"},"deterministic":0,"average_range":1,"average_gauss":0,"fight_style":"Patchwerk","default_aura_delay":0.03,"default_aura_delay_stddev":0.005,"dbc":{"Live":{"build_level":27404,"wow_version":"8.0.1"},"version_used":"Live"}},"overrides":{"arcane_intellect":1,"battle_shout":1,"power_word_fortitude":1,"chaos_brand":1,"mystic_touch":1,"mortal_wounds":1,"bleeding":1,"bloodlust":1,"bloodlust_percent":25,"bloodlust_time":0.5},"statistics":{"elapsed_cpu_seconds":14425.653311000011,"elapsed_time_seconds":15.193560999999999,"init_time_seconds":3.329530046000001,"merge_time_seconds":0.006442923,"analyze_time_seconds":0.1030086430000001,"simulation_length":{"sum":144693.259,"count":483,"mean":299.5719648033126,"min":240.31300000000002,"max":359.927,"median":299.224,"variance":1230.790697143689,"std_dev":35.08262671385495,"mean_variance":2.5482209050593974,"mean_std_dev":1.5963147888369003},"raid_dps":{"sum":6565582.685132001,"count":483,"mean":13593.338892612837},"total_dmg":{"sum":1964963576.6102917,"count":483,"mean":4068247.570621722},"total_iterations":98580,"total_actors":211,"total_iterations_mean":467.2037914691943,"total_iterations_variance":637344.2369668246,"total_iterations_stddev":798.3384225795628,"total_mean_dps_stddev":14.456511869133198,"total_mean_dps_variance":208.99073542238904},"player":{"name":"Template","race":"human","level":120,"role":"attack","specialization":"Assassination Rogue","profile_source":"default","talents":[{"tier":1,"id":22338,"spell_id":193640,"name":"Elaborate Planning"},{"tier":2,"id":22332,"spell_id":108208,"name":"Subterfuge"},{"tier":3,"id":19239,"spell_id":14983,"name":"Vigor"},{"tier":6,"id":22344,"spell_id":200806,"name":"Exsanguinate"},{"tier":7,"id":21186,"spell_id":255544,"name":"Poison Bomb"}],"party":0,"ready_type":1,"bugs":true,"scale_player":true,"potion_used":false,"timeofday":"DAY_TIME","invert_scaling":0,"reaction_offset":0.1,"reaction_max":1.4000000000000001,"reaction_mean":0.3,"reaction_stddev":0.06,"reaction_nu":0.25,"world_lag":0.1,"brain_lag":0.0,"brain_lag_stddev":0.0,"world_lag_override":false,"world_lag_stddev_override":false,"dbc":{"Live":{"build_level":27404,"wow_version":"8.0.1"},"version_used":"Live"},"base_energy_regen_per_second":11.0,"collected_data":{"fight_length":{"sum":144693.25899999996,"count":483,"mean":299.57196480331254,"min":240.31300000000002,"max":359.927},"waiting_time":{"sum":1227.7889999999998,"count":483,"mean":2.542006211180124,"min":0.792,"max":6.0840000000000005},"executed_foreground_actions":{"sum":145314.0,"count":483,"mean":300.85714285714283,"min":240.0,"max":360.0},"dmg":{"sum":1964963576.6102917,"count":483,"mean":4068247.570621722,"min":3204344.479062822,"max":4920930.028254175},"compound_dmg":{"sum":1964963576.6102917,"count":483,"mean":4068247.570621722,"min":3204344.479062822,"max":4920930.028254175},"timeline_dmg":{"mean":14079.206643940794,"mean_std_dev":3331.484209327055,"min":2731.5182112241955,"max":29269.635733660052,