{"results":[["Trait","325","340","355","370","385"],["Laser Matrix",376,596,840,1096,1418],["Archive of the Titans",319,491,730,977,1233],["Relational Normalization Gizmo",306,532,710,936,1233],["Synaptic Spark Capacitor",653,872,1170,1499,1904],["Swirling Sands",320,484,711,952,1165],["Tradewinds",226,438,599,834,1087],["Ricocheting Inflatable Pyrosaw",344,547,787,1049,1379],["Heed My Call",222,385,648,826,1149],["Barrage Of Many Bombs",561,807,1079,1419,1765],["Seething Power",274,491,679,928,1236],["Tidal Surge",309,468,747,973,1279],["Collective Will / Stand As One",123,293,487,705,983],["Combined Might / Stronger Together",65,227,427,611,854],["Sylvanas' Resolve / Anduin's Dedication",318,508,751,998,1343],["Battlefield Focus / Battlefield Precision",134,253,446,687,921],["Gutripper",149,291,457,703,983],["Retaliatory Fury / Last Gift",121,315,489,682,929],["Glory in Battle / Liberator's Might",217,421,582,799,1037],["Blood Rite",193,342,565,768,1031],["Unstable Flames",110,276,491,684,912],["Meticulous Scheming",245,413,592,815,1084],["Incite the Pack",235,409,561,837,1092],["Unstable Catalyst",382,561,800,1074,1426],["Azerite Globules",231,445,645,919,1196],["Earthlink",125,323,468,758,988],["Secrets of the Deep",356,538,756,1021,1322],["Unbound Chaos",613,840,1121,1478,1823],["Dagger in the Back",366,584,852,1121,1392],["Blood Siphon",97,247,437,614,875],["Thirsting Blades",326,492,702,898,1196],["Ruinous Bolt",180,338,549,778,1033],["Eyes of Rage",208,419,598,855,1131],["Furious Gaze",171,339,530,747,966],["Filthy Transfusion",326,527,712,969,1259],["Thunderous Blast",454,682,912,1198,1538],["Elemental Whirl",83,310,466,694,906],["Lifespeed",71,263,456,643,877],["Blightborne Infusion",383,546,738,993,1272],["Champion of Azeroth",346,491,710,940,1182],["Overwhelming Power",105,238,428,659,880],["Revolving Blades",966,1206,1527,1874,2274],["Rezan's Fury",334,549,760,1019,1319]],"metas":{"build_date":"Aug 29 2018","build_time":"06:51:22","git_revision":"744e4aaddc","options":{"debug":false,"max_time":300.0,"expected_iteration_time":291.76800000000003,"vary_combat_length":0.2,"iterations":563,"target_error":0.2,"threads":32,"seed":14802401640249241441,"single_actor_batch":false,"queue_lag":0.005,"queue_lag_stddev":0.001,"gcd_lag":0.15,"gcd_lag_stddev":0.037,"channel_lag":0.25,"channel_lag_stddev":0.062,"queue_gcd_reduction":0.1,"strict_gcd_queue":0,"confidence":0.95,"confidence_estimator":1.9599639854089754,"world_lag":0.1,"world_lag_stddev":0.01,"travel_variance":0.0,"default_skill":1.0,"reaction_time":0.5,"regen_periodicity":0.25,"ignite_sampling_delta":0.2,"fixed_time":true,"optimize_expressions":true,"optimal_raid":1,"log":0,"debug_each":0,"stat_cache":1,"max_aoe_enemies":20,"show_etmi":false,"tmi_window_global":0.0,"tmi_bin_size":0.5,"enemy_death_pct":0.0,"challenge_mode":false,"timewalk":-1,"pvp_crit":false,"rng":{"name":"sse2-sfmt"},"deterministic":0,"average_range":1,"average_gauss":0,"fight_style":"Patchwerk","default_aura_delay":0.03,"default_aura_delay_stddev":0.005,"dbc":{"Live":{"build_level":27481,"wow_version":"8.0.1"},"version_used":"Live"}},"overrides":{"arcane_intellect":1,"battle_shout":1,"power_word_fortitude":1,"chaos_brand":1,"mystic_touch":1,"mortal_wounds":1,"bleeding":1,"bloodlust":1,"bloodlust_percent":25,"bloodlust_time":0.5},"statistics":{"elapsed_cpu_seconds":10839.612421999993,"elapsed_time_seconds":11.488624999999999,"init_time_seconds":3.210429572,"merge_time_seconds":0.006097571000000001,"analyze_time_seconds":0.11046171899999997,"simulation_length":{"sum":159802.46400000004,"count":531,"mean":300.94625988700574,"min":240.008,"max":359.898,"median":299.895,"variance":1244.8737501019502,"std_dev":35.28276845858259,"mean_variance":2.3443950096081925,"mean_std_dev":1.5311417340038094},"raid_dps":{"sum":8273235.941873509,"count":531,"mean":15580.481999761789},"total_dmg":{"sum":2488610353.1364303,"count":531,"mean":4686648.499315311},"total_iterations":97842,"total_actors":211,"total_iterations_mean":463.70616113744074,"total_iterations_variance":524545.7819905214,"total_iterations_stddev":724.2553292800277,"total_mean_dps_stddev":16.60604045792741,"total_mean_dps_variance":275.760579690322},"player":{"name":"Template","race":"night_elf","level":120,"role":"attack","specialization":"Havoc Demon Hunter","profile_source":"default","talents":[{"tier":1,"id":22416,"spell_id":232893,"name":"Felblade"},{"tier":2,"id":22765,"spell_id":203555,"name":"Demon Blades"},{"tier":3,"id":22909,"spell_id":258881,"name":"Trail of Ruin"},{"tier":5,"id":21867,"spell_id":206416,"name":"First Blood"},{"tier":6,"id":21870,"spell_id":203556,"name":"Master of the Glaive"},{"tier":7,"id":22547,"spell_id":206491,"name":"Nemesis"}],"party":0,"ready_type":0,"bugs":true,"scale_player":true,"potion_used":false,"timeofday":"NIGHT_TIME","invert_scaling":0,"reaction_offset":0.1,"reaction_max":1.4000000000000001,"reaction_mean":0.3,"reaction_stddev":0.06,"reaction_nu":0.25,"world_lag":0.1,"brain_lag":0.0,"brain_lag_stddev":0.0,"world_lag_override":false,"world_lag_stddev_override":false,"dbc":{"Live":{"build_level":27481,"wow_version":"8.0.1"},"version_used":"Live"},"collected_data":{"fight_length":{"sum":159802.46399999998,"count":531,"mean":300.9462598870056,"min":240.008,"max":359.898},"waiting_time":{"sum":18881.300000000003,"count":531,"mean":35.55800376647835,"min":19.6,"max":55.300000000000004},"executed_foreground_actions":{"sum":141121.0,"count":531,"mean":265.76459510357813,"min":197.0,"max":323.0},"dmg":{"sum":2488610353.1364303,"count":531,"mean":4686648.499315311,"min":3495235.290186485,"max":5620971.982485796},"compound_dmg":{"sum":2488610353.1364303,"count":531,"mean":4686648.499315311,"min":3495235.290186485,"max":5620971.982485796},"timeline_dmg":{"mean":15940.785407032958,"mean_std_dev":6672.202406346293,"min":6070.888502116669,"max":58149.79613031021,