{"results":[["Trait","325","340","355","370","385"],["Laser Matrix",319,469,664,850,1092],["Archive of the Titans",195,347,508,650,869],["Relational Normalization Gizmo",294,466,617,799,1021],["Synaptic Spark Capacitor",411,604,839,1033,1323],["Ricocheting Inflatable Pyrosaw",186,353,514,679,875],["Heed My Call",160,271,412,603,813],["Barrage Of Many Bombs",399,537,720,994,1239],["Power of the Moon",131,248,371,561,753],["Streaking Stars",250,420,574,800,1048],["Thunderous Blast",345,540,721,947,1165],["Tidal Surge",215,338,517,656,902],["Collective Will / Stand As One",50,165,328,483,660],["Lively Spirit",-129,-22,183,324,564],["On My Way",71,172,329,458,630],["Combined Might / Stronger Together",21,126,291,404,586],["Sylvanas' Resolve / Anduin's Dedication",203,329,491,686,868],["High Noon",62,165,287,436,635],["Battlefield Focus / Battlefield Precision",82,170,329,475,711],["Gutripper",110,221,368,532,712],["Retaliatory Fury / Last Gift",93,211,346,531,694],["Unstable Flames",68,200,364,511,657],["Glory in Battle / Liberator's Might",230,367,517,650,826],["Blood Rite",286,395,524,719,917],["Swirling Sands",299,444,587,745,940],["Incite the Pack",206,342,494,628,818],["Sunblaze",54,205,306,429,645],["Unstable Catalyst",213,355,560,734,937],["Azerite Globules",94,200,330,520,695],["Tradewinds",238,331,505,662,862],["Meticulous Scheming",333,467,602,833,1000],["Dawning Sun",84,263,370,514,743],["Earthlink",69,171,316,493,654],["Lifespeed",123,244,349,504,698],["Rezan's Fury",211,344,519,729,910],["Dagger in the Back",238,382,544,714,943],["Secrets of the Deep",195,380,524,674,930],["Blood Siphon",137,277,430,552,756],["Ruinous Bolt",99,284,367,537,729],["Lunar Shrapnel",79,246,347,494,701],["Filthy Transfusion",185,356,477,659,894],["Champion of Azeroth",378,519,693,862,1075],["Overwhelming Power",130,219,378,506,693],["Blightborne Infusion",361,486,662,831,1020],["Elemental Whirl",106,207,341,493,684]],"metas":{"build_date":"Aug 27 2018","build_time":"13:50:42","git_revision":"4aa7462e31","options":{"debug":false,"max_time":300.0,"expected_iteration_time":310.31600000000003,"vary_combat_length":0.2,"iterations":676,"target_error":0.2,"threads":32,"seed":6266918941518699101,"single_actor_batch":false,"queue_lag":0.005,"queue_lag_stddev":0.001,"gcd_lag":0.15,"gcd_lag_stddev":0.037,"channel_lag":0.25,"channel_lag_stddev":0.062,"queue_gcd_reduction":0.1,"strict_gcd_queue":0,"confidence":0.95,"confidence_estimator":1.9599639854089754,"world_lag":0.1,"world_lag_stddev":0.01,"travel_variance":0.0,"default_skill":1.0,"reaction_time":0.5,"regen_periodicity":0.25,"ignite_sampling_delta":0.2,"fixed_time":true,"optimize_expressions":true,"optimal_raid":1,"log":0,"debug_each":0,"stat_cache":1,"max_aoe_enemies":20,"show_etmi":false,"tmi_window_global":0.0,"tmi_bin_size":0.5,"enemy_death_pct":0.0,"challenge_mode":false,"timewalk":-1,"pvp_crit":false,"rng":{"name":"sse2-sfmt"},"deterministic":0,"average_range":1,"average_gauss":0,"fight_style":"Patchwerk","default_aura_delay":0.03,"default_aura_delay_stddev":0.005,"dbc":{"Live":{"build_level":27404,"wow_version":"8.0.1"},"version_used":"Live"}},"overrides":{"arcane_intellect":1,"battle_shout":1,"power_word_fortitude":1,"chaos_brand":1,"mystic_touch":1,"mortal_wounds":1,"bleeding":1,"bloodlust":1,"bloodlust_percent":25,"bloodlust_time":0.5},"statistics":{"elapsed_cpu_seconds":15851.55182700001,"elapsed_time_seconds":16.980943,"init_time_seconds":2.912236554999999,"merge_time_seconds":0.007845162000000001,"analyze_time_seconds":0.14415380200000003,"simulation_length":{"sum":193233.95599999998,"count":644,"mean":300.0527267080745,"min":240.50900000000001,"max":359.884,"median":301.514,"variance":1155.2405644035725,"std_dev":33.988829994625775,"mean_variance":1.7938518080800816,"mean_std_dev":1.3393475307328122},"raid_dps":{"sum":9635976.533839673,"count":644,"mean":14962.696481117504},"total_dmg":{"sum":2887069683.7831807,"count":644,"mean":4483027.4592906535},"total_iterations":142123,"total_actors":221,"total_iterations_mean":643.0904977375566,"total_iterations_variance":1597398.1900452496,"total_iterations_stddev":1263.8821899390978,"total_mean_dps_stddev":15.750865405994153,"total_mean_dps_variance":248.08976103774336},"player":{"name":"Template","race":"troll","level":120,"role":"spell","specialization":"Balance Druid","profile_source":"default","talents":[{"tier":1,"id":22387,"spell_id":205636,"name":"Force of Nature"},{"tier":5,"id":21706,"spell_id":202345,"name":"Starlord"},{"tier":6,"id":22165,"spell_id":202347,"name":"Stellar Flare"},{"tier":7,"id":21648,"spell_id":202342,"name":"Shooting Stars"}],"party":0,"ready_type":0,"bugs":true,"scale_player":true,"potion_used":false,"timeofday":"DAY_TIME","invert_scaling":0,"reaction_offset":0.1,"reaction_max":1.4000000000000001,"reaction_mean":0.3,"reaction_stddev":0.06,"reaction_nu":0.25,"world_lag":0.1,"brain_lag":0.0,"brain_lag_stddev":0.0,"world_lag_override":false,"world_lag_stddev_override":false,"dbc":{"Live":{"build_level":27404,"wow_version":"8.0.1"},"version_used":"Live"},"base_mana_regen_per_second":640.0,"base_energy_regen_per_second":10.0,"collected_data":{"fight_length":{"sum":193233.95600000003,"count":644,"mean":300.0527267080746,"min":240.50900000000001,"max":359.884},"executed_foreground_actions":{"sum":165836.0,"count":644,"mean":257.50931677018633,"min":209.0,"max":307.0},"dmg":{"sum":2791884776.534778,"count":644,"mean":4335224.808283817,"min":3405469.009236254,"max":5216452.139355714},"compound_dmg":{"sum":2887069683.7831807,"count":644,"mean":4483027.4592906535,"min":3519181.663006583,"max":5409269.247922795},"timeline_dmg":{"mean":15220.546529223911,"mean_std_dev":6317.573641301501,"min":3933.1145716054525,"max":47162.77415920584,