{"results":[["Trait","325","340","355","370","385"],["Laser Matrix",347,484,638,823,1068],["Archive of the Titans",215,357,488,642,847],["Relational Normalization Gizmo",219,389,525,709,888],["Synaptic Spark Capacitor",181,322,476,659,856],["Sylvanas' Resolve / Anduin's Dedication",186,319,493,681,835],["Gutripper",100,214,335,480,667],["Swirling Sands",307,430,578,742,890],["Tradewinds",232,326,479,637,802],["Ricocheting Inflatable Pyrosaw",100,199,354,491,663],["Heed My Call",127,221,357,534,691],["Barrage Of Many Bombs",185,282,435,596,817],["Snake Eyes",182,307,454,611,806],["Tidal Surge",249,409,594,753,963],["Collective Will / Stand As One",66,182,310,454,637],["Combined Might / Stronger Together",49,156,275,421,568],["Battlefield Focus / Battlefield Precision",258,395,572,745,973],["Retaliatory Fury / Last Gift",101,229,360,523,685],["Glory in Battle / Liberator's Might",203,325,458,585,758],["Blood Rite",203,341,449,631,765],["Unstable Flames",132,210,356,486,665],["Meticulous Scheming",234,345,494,646,839],["Incite the Pack",202,352,448,622,780],["Unstable Catalyst",237,360,508,692,897],["Deadshot",252,411,569,758,1010],["Azerite Globules",66,183,329,442,625],["Storm of Steel",268,411,555,757,969],["Earthlink",95,207,306,463,634],["Dagger in the Back",288,454,622,814,1056],["Secrets of the Deep",207,322,504,674,879],["Blood Siphon",94,197,308,445,620],["Brigand's Blitz",186,328,431,606,759],["Ruinous Bolt",150,277,399,581,754],["Blightborne Infusion",351,500,604,796,981],["Overwhelming Power",84,203,299,471,606],["Rezan's Fury",281,395,545,751,997],["Paradise Lost",294,420,644,801,1033],["Thunderous Blast",359,522,678,921,1142],["Champion of Azeroth",336,439,640,789,957],["Filthy Transfusion",205,341,493,672,898],["Ace Up Your Sleeve",17,131,241,400,559],["Elemental Whirl",118,236,361,480,654]],"metas":{"build_date":"Aug 28 2018","build_time":"05:59:50","git_revision":"6deede5a59","options":{"debug":false,"max_time":300.0,"expected_iteration_time":331.72700000000003,"vary_combat_length":0.2,"iterations":1248,"target_error":0.2,"threads":32,"seed":5495293013018284784,"single_actor_batch":false,"queue_lag":0.005,"queue_lag_stddev":0.001,"gcd_lag":0.15,"gcd_lag_stddev":0.037,"channel_lag":0.25,"channel_lag_stddev":0.062,"queue_gcd_reduction":0.1,"strict_gcd_queue":0,"confidence":0.95,"confidence_estimator":1.9599639854089754,"world_lag":0.1,"world_lag_stddev":0.01,"travel_variance":0.0,"default_skill":1.0,"reaction_time":0.5,"regen_periodicity":0.25,"ignite_sampling_delta":0.2,"fixed_time":true,"optimize_expressions":true,"optimal_raid":1,"log":0,"debug_each":0,"stat_cache":1,"max_aoe_enemies":20,"show_etmi":false,"tmi_window_global":0.0,"tmi_bin_size":0.5,"enemy_death_pct":0.0,"challenge_mode":false,"timewalk":-1,"pvp_crit":false,"rng":{"name":"sse2-sfmt"},"deterministic":0,"average_range":1,"average_gauss":0,"fight_style":"Patchwerk","default_aura_delay":0.03,"default_aura_delay_stddev":0.005,"dbc":{"Live":{"build_level":27404,"wow_version":"8.0.1"},"version_used":"Live"}},"overrides":{"arcane_intellect":1,"battle_shout":1,"power_word_fortitude":1,"chaos_brand":1,"mystic_touch":1,"mortal_wounds":1,"bleeding":1,"bloodlust":1,"bloodlust_percent":25,"bloodlust_time":0.5},"statistics":{"elapsed_cpu_seconds":15709.661024000006,"elapsed_time_seconds":16.754891999999998,"init_time_seconds":2.337281954000001,"merge_time_seconds":0.005156407,"analyze_time_seconds":0.22710932700000003,"simulation_length":{"sum":364298.99,"count":1216,"mean":299.5879851973684,"min":240.091,"max":359.939,"median":298.568,"variance":1248.2161551510967,"std_dev":35.330102676769805,"mean_variance":1.026493548643994,"mean_std_dev":1.0131601791641802},"raid_dps":{"sum":16541622.625070963,"count":1216,"mean":13603.308079828095},"total_dmg":{"sum":4951346974.052648,"count":1216,"mean":4071831.393135401},"total_iterations":247161,"total_actors":206,"total_iterations_mean":1199.8106796116506,"total_iterations_variance":746799.6165048544,"total_iterations_stddev":864.1756861338176,"total_mean_dps_stddev":14.36602149709318,"total_mean_dps_variance":206.3825736549434},"player":{"name":"Template","race":"dwarf","level":120,"role":"attack","specialization":"Outlaw Rogue","profile_source":"default","talents":[{"tier":1,"id":22119,"spell_id":196938,"name":"Quick Draw"},{"tier":2,"id":19238,"spell_id":196922,"name":"Hit and Run"},{"tier":3,"id":19239,"spell_id":14983,"name":"Vigor"},{"tier":6,"id":19250,"spell_id":5171,"name":"Slice and Dice"},{"tier":7,"id":23075,"spell_id":271877,"name":"Blade Rush"}],"party":0,"ready_type":1,"bugs":true,"scale_player":true,"potion_used":false,"timeofday":"DAY_TIME","invert_scaling":0,"reaction_offset":0.1,"reaction_max":1.4000000000000001,"reaction_mean":0.3,"reaction_stddev":0.06,"reaction_nu":0.25,"world_lag":0.1,"brain_lag":0.0,"brain_lag_stddev":0.0,"world_lag_override":false,"world_lag_stddev_override":false,"dbc":{"Live":{"build_level":27404,"wow_version":"8.0.1"},"version_used":"Live"},"base_energy_regen_per_second":14.85,"collected_data":{"fight_length":{"sum":364298.9900000001,"count":1216,"mean":299.5879851973685,"min":240.091,"max":359.939},"waiting_time":{"sum":28633.858000000004,"count":1216,"mean":23.547580592105266,"min":12.72,"max":47.319},"executed_foreground_actions":{"sum":345949.0,"count":1216,"mean":284.4975328947368,"min":223.0,"max":351.0},"dmg":{"sum":4951346974.052648,"count":1216,"mean":4071831.393135401,"min":3076212.9244585796,"max":5190974.801268756},"compound_dmg":{"sum":4951346974.052648,"count":1216,"mean":4071831.393135401,"min":3076212.9244585796,"max":5190974.801268756},"timeline_dmg":{"mean":13792.622199117794,"mean_std_dev":2689.038165537933,"min":6073.067994565361,"max":30039.520492036172,