{"results":[["Trait","325","340","355","370","385"],["Thunderous Blast",344,567,786,1042,1397],["Tidal Surge",255,444,643,913,1138],["Azerite Globules",204,413,598,829,1081],["Dagger in the Back",392,588,844,1139,1434],["Unstable Flames",139,264,437,651,901],["Secrets of the Deep",290,519,723,953,1272],["Gutripper",99,280,426,671,916],["Blood Rite",200,426,585,838,1090],["Heed My Call",147,366,521,802,1032],["Filthy Transfusion",216,423,647,852,1159],["Relational Normalization Gizmo",359,537,715,994,1274],["Synaptic Spark Capacitor",564,807,1144,1397,1778],["Sylvanas' Resolve / Anduin's Dedication",286,497,709,967,1274],["Swirling Sands",322,505,676,950,1207],["Laser Matrix",344,557,755,1018,1316],["Tradewinds",130,299,432,690,896],["Ricocheting Inflatable Pyrosaw",281,506,731,994,1278],["Barrage Of Many Bombs",496,751,1013,1314,1600],["Blur of Talons",-15,137,309,521,716],["Up Close And Personal",-14,157,319,510,739],["Serrated Jaws",171,305,479,725,980],["Glory in Battle / Liberator's Might",226,352,601,771,1061],["Latent Poison",14,150,348,501,768],["Venomous Fangs",180,350,559,800,1055],["Combined Might / Stronger Together",62,199,391,581,834],["Meticulous Scheming",224,413,586,822,1055],["Wilderness Survival",-20,129,323,498,738],["Retaliatory Fury / Last Gift",88,218,391,612,837],["Wildfire Cluster",460,687,935,1222,1558],["Incite the Pack",125,273,473,647,912],["Collective Will / Stand As One",85,265,447,651,929],["Battlefield Focus / Battlefield Precision",-11,183,341,519,756],["Overwhelming Power",148,321,521,737,992],["Ruinous Bolt",156,343,506,700,1030],["Unstable Catalyst",341,546,794,1060,1352],["Blood Siphon",83,266,405,619,863],["Champion of Azeroth",329,521,730,963,1241],["Blightborne Infusion",384,568,740,991,1232],["Earthlink",128,284,483,682,986],["Rezan's Fury",289,471,672,934,1226],["Elemental Whirl",106,250,454,651,877]],"metas":{"build_date":"Aug 19 2018","build_time":"01:32:03","git_revision":"08c89b7e98","options":{"debug":false,"max_time":300.0,"expected_iteration_time":336.76800000000003,"vary_combat_length":0.2,"iterations":400,"target_error":0.2,"threads":32,"seed":8357059558050713606,"single_actor_batch":false,"queue_lag":0.005,"queue_lag_stddev":0.001,"gcd_lag":0.15,"gcd_lag_stddev":0.037,"channel_lag":0.25,"channel_lag_stddev":0.062,"queue_gcd_reduction":0.1,"strict_gcd_queue":0,"confidence":0.95,"confidence_estimator":1.9599639854089754,"world_lag":0.1,"world_lag_stddev":0.01,"travel_variance":0.0,"default_skill":1.0,"reaction_time":0.5,"regen_periodicity":0.25,"ignite_sampling_delta":0.2,"fixed_time":true,"optimize_expressions":true,"optimal_raid":1,"log":0,"debug_each":0,"stat_cache":1,"max_aoe_enemies":20,"show_etmi":false,"tmi_window_global":0.0,"tmi_bin_size":0.5,"enemy_death_pct":0.0,"challenge_mode":false,"timewalk":-1,"pvp_crit":false,"rng":{"name":"sse2-sfmt"},"deterministic":0,"average_range":1,"average_gauss":0,"fight_style":"Patchwerk","default_aura_delay":0.03,"default_aura_delay_stddev":0.005,"dbc":{"bfa-BETA":{"build_level":26095,"wow_version":"8.0.1"},"version_used":"bfa-BETA"}},"overrides":{"arcane_intellect":1,"battle_shout":1,"power_word_fortitude":1,"chaos_brand":1,"mystic_touch":1,"mortal_wounds":1,"bleeding":1,"bloodlust":1,"bloodlust_percent":25,"bloodlust_time":0.5},"statistics":{"elapsed_cpu_seconds":6454.274736000002,"elapsed_time_seconds":6.939664,"init_time_seconds":2.928141343000002,"merge_time_seconds":0.007144674000000002,"analyze_time_seconds":0.07942748399999996,"simulation_length":{"sum":109439.681,"count":368,"mean":297.3904375,"min":240.544,"max":359.688,"median":294.391,"variance":1186.2735046591374,"std_dev":34.44232141797555,"mean_variance":3.2235693061389603,"mean_std_dev":1.7954301173086522},"raid_dps":{"sum":5598006.271364356,"count":368,"mean":15211.973563490099},"total_dmg":{"sum":1662884253.6160817,"count":368,"mean":4518707.210913265},"total_iterations":66203,"total_actors":206,"total_iterations_mean":321.373786407767,"total_iterations_variance":396378.2184466021,"total_iterations_stddev":629.5857514640894,"total_mean_dps_stddev":16.128103114888038,"total_mean_dps_variance":260.1157100844612},"player":{"name":"Template","race":"lightforged_draenei","level":120,"role":"attack","specialization":"Survival Hunter","profile_source":"default","talents":[{"tier":1,"id":22275,"spell_id":268501,"name":"Viper's Venom"},{"tier":2,"id":21997,"spell_id":264332,"name":"Guerrilla Tactics"},{"tier":4,"id":22277,"spell_id":260248,"name":"Bloodseeker"},{"tier":6,"id":22278,"spell_id":259387,"name":"Mongoose Bite"},{"tier":7,"id":22272,"spell_id":260331,"name":"Birds of Prey"}],"party":0,"ready_type":0,"bugs":true,"scale_player":true,"potion_used":false,"timeofday":"DAY_TIME","invert_scaling":0,"reaction_offset":0.1,"reaction_max":1.4000000000000001,"reaction_mean":0.3,"reaction_stddev":0.06,"reaction_nu":0.25,"world_lag":0.1,"brain_lag":0.0,"brain_lag_stddev":0.0,"world_lag_override":false,"world_lag_stddev_override":false,"dbc":{"bfa-BETA":{"build_level":26095,"wow_version":"8.0.1"},"version_used":"bfa-BETA"},"base_focus_regen_per_second":5.0,"collected_data":{"fight_length":{"sum":109439.68100000004,"count":368,"mean":297.39043750000013,"min":240.544,"max":359.688},"waiting_time":{"sum":6931.699999999999,"count":368,"mean":18.836141304347823,"min":6.1000000000000005,"max":33.6},"executed_foreground_actions":{"sum":91762.0,"count":368,"mean":249.35326086956522,"min":198.0,"max":299.0},"dmg":{"sum":1261397442.3795738,"count":368,"mean":3427710.441248842,"min":2728477.7878105193,"max":4081942.6857240153},"compound_dmg":{"sum":1662884253.6160817,"count":368,"mean":4518707.210913265,"min":3562411.88788978,"max":5351864.862593235},"timeline_dmg":{"mean":15921.2701983518,"mean_std_dev":8460.142046036146,"min":1384.45198316211,"max":101472.27161857806,