{"results":[["Trait","325","340","355","370","385"],["Laser Matrix",315,463,627,803,1027],["Archive of the Titans",199,310,443,598,766],["Relational Normalization Gizmo",219,342,472,620,786],["Synaptic Spark Capacitor",371,531,690,906,1129],["Gutripper",97,204,330,463,623],["Sylvanas' Resolve / Anduin's Dedication",189,307,460,617,804],["Swirling Sands",181,287,398,539,714],["Tradewinds",164,281,413,541,701],["Ricocheting Inflatable Pyrosaw",209,316,439,618,806],["Heed My Call",134,258,385,557,713],["Elemental Whirl",63,177,267,415,586],["Unerring Vision",71,213,330,463,605],["Arcane Flurry",50,165,296,416,566],["Tidal Surge",247,376,552,715,937],["Collective Will / Stand As One",53,160,301,444,582],["Combined Might / Stronger Together",19,159,219,370,512],["Barrage Of Many Bombs",293,473,640,824,1045],["Battlefield Focus / Battlefield Precision",235,345,523,686,897],["Retaliatory Fury / Last Gift",96,196,312,450,615],["Glory in Battle / Liberator's Might",124,229,351,486,631],["Blood Rite",174,270,399,518,702],["Unstable Flames",73,161,267,415,550],["Meticulous Scheming",365,500,674,820,1020],["Incite the Pack",157,250,388,523,698],["In The Rhythm",46,162,276,409,553],["Unstable Catalyst",221,365,484,677,860],["Azerite Globules",151,252,387,554,709],["Steady Aim",301,454,584,773,990],["Earthlink",77,184,312,444,607],["Focused Fire",80,193,299,457,644],["Rezan's Fury",258,403,542,715,940],["Secrets of the Deep",208,328,445,629,817],["Dagger in the Back",303,453,594,780,980],["Blood Siphon",124,211,338,485,647],["Ruinous Bolt",137,258,392,542,735],["Thunderous Blast",339,488,685,862,1089],["Rapid Reload",11,86,191,322,463],["Overwhelming Power",103,197,332,463,629],["Champion of Azeroth",223,349,467,623,801],["Filthy Transfusion",230,345,490,687,894],["Blightborne Infusion",200,314,438,576,745]],"metas":{"build_date":"Aug 26 2018","build_time":"00:47:51","git_revision":"91e454c877","options":{"debug":false,"max_time":300.0,"expected_iteration_time":311.02500000000003,"vary_combat_length":0.2,"iterations":1033,"target_error":0.2,"threads":32,"seed":11325927821476883099,"single_actor_batch":false,"queue_lag":0.005,"queue_lag_stddev":0.001,"gcd_lag":0.15,"gcd_lag_stddev":0.037,"channel_lag":0.25,"channel_lag_stddev":0.062,"queue_gcd_reduction":0.1,"strict_gcd_queue":0,"confidence":0.95,"confidence_estimator":1.9599639854089754,"world_lag":0.1,"world_lag_stddev":0.01,"travel_variance":0.0,"default_skill":1.0,"reaction_time":0.5,"regen_periodicity":0.25,"ignite_sampling_delta":0.2,"fixed_time":true,"optimize_expressions":true,"optimal_raid":1,"log":0,"debug_each":0,"stat_cache":1,"max_aoe_enemies":20,"show_etmi":false,"tmi_window_global":0.0,"tmi_bin_size":0.5,"enemy_death_pct":0.0,"challenge_mode":false,"timewalk":-1,"pvp_crit":false,"rng":{"name":"sse2-sfmt"},"deterministic":0,"average_range":1,"average_gauss":0,"fight_style":"Patchwerk","default_aura_delay":0.03,"default_aura_delay_stddev":0.005,"dbc":{"Live":{"build_level":27404,"wow_version":"8.0.1"},"version_used":"Live"}},"overrides":{"arcane_intellect":1,"battle_shout":1,"power_word_fortitude":1,"chaos_brand":1,"mystic_touch":1,"mortal_wounds":1,"bleeding":1,"bloodlust":1,"bloodlust_percent":25,"bloodlust_time":0.5},"statistics":{"elapsed_cpu_seconds":9657.771527000003,"elapsed_time_seconds":10.291938000000002,"init_time_seconds":2.6544722730000023,"merge_time_seconds":0.005586876000000001,"analyze_time_seconds":0.20303398699999994,"simulation_length":{"sum":298953.50100000005,"count":1001,"mean":298.6548461538462,"min":240.084,"max":359.961,"median":298.01,"variance":1236.8899295987096,"std_dev":35.16944596661582,"mean_variance":1.2356542753233861,"mean_std_dev":1.1115998719518576},"raid_dps":{"sum":10219399.569778997,"count":1001,"mean":10209.190379399597},"total_dmg":{"sum":3047752150.5557876,"count":1001,"mean":3044707.443112675},"total_iterations":207598,"total_actors":206,"total_iterations_mean":1007.757281553398,"total_iterations_variance":857183.8640776698,"total_iterations_stddev":925.8422457836269,"total_mean_dps_stddev":10.864662698154815,"total_mean_dps_variance":118.04089554467666},"player":{"name":"Template","race":"lightforged_draenei","level":120,"role":"attack","specialization":"Marksmanship Hunter","profile_source":"default","talents":[{"tier":1,"id":22501,"spell_id":271788,"name":"Serpent Sting"},{"tier":2,"id":22495,"spell_id":260228,"name":"Careful Aim"},{"tier":4,"id":21998,"spell_id":257284,"name":"Hunter's Mark"},{"tier":6,"id":23063,"spell_id":260393,"name":"Lethal Shots"},{"tier":7,"id":22308,"spell_id":194595,"name":"Lock and Load"}],"party":0,"ready_type":0,"bugs":true,"scale_player":true,"potion_used":false,"timeofday":"DAY_TIME","invert_scaling":0,"reaction_offset":0.1,"reaction_max":1.4000000000000001,"reaction_mean":0.3,"reaction_stddev":0.06,"reaction_nu":0.25,"world_lag":0.1,"brain_lag":0.0,"brain_lag_stddev":0.0,"world_lag_override":false,"world_lag_stddev_override":false,"dbc":{"Live":{"build_level":27404,"wow_version":"8.0.1"},"version_used":"Live"},"base_focus_regen_per_second":2.999999999999999,"collected_data":{"fight_length":{"sum":298953.50100000005,"count":1001,"mean":298.6548461538462,"min":240.084,"max":359.961},"executed_foreground_actions":{"sum":220450.0,"count":1001,"mean":220.22977022977022,"min":177.0,"max":267.0},"dmg":{"sum":2763430562.2819004,"count":1001,"mean":2760669.8923895108,"min":2107227.2652982534,"max":3453001.605505886},"compound_dmg":{"sum":3047752150.5557876,"count":1001,"mean":3044707.443112675,"min":2336924.7813417222,"max":3782237.6924932213},"timeline_dmg":{"mean":10482.817317398374,"mean_std_dev":4926.442056138283,"min":1738.8721901825465,"max":66007.3623549233,