{"results":[["Trait","325","340","355","370","385"],["Thunderous Blast",351,537,795,1050,1372],["Azerite Globules",170,336,586,813,1055],["Tidal Surge",229,424,627,904,1152],["Dagger in the Back",364,608,786,1066,1399],["Unstable Flames",153,263,465,686,892],["Secrets of the Deep",311,521,755,1006,1323],["Heed My Call",166,317,518,767,1047],["Blood Rite",229,404,581,812,1091],["Supreme Commander",357,532,757,1005,1272],["Relational Normalization Gizmo",330,509,727,990,1285],["Synaptic Spark Capacitor",568,824,1051,1390,1760],["Shadow's Bite",60,177,352,611,843],["Gutripper",86,235,433,669,925],["Sylvanas' Resolve / Anduin's Dedication",339,523,732,1007,1300],["Swirling Sands",261,475,661,905,1141],["Meticulous Scheming",245,473,591,860,1133],["Ricocheting Inflatable Pyrosaw",293,478,694,932,1238],["Laser Matrix",310,502,730,973,1274],["Tradewinds",313,467,699,923,1193],["Umbral Blaze",74,234,421,668,891],["Collective Will / Stand As One",106,241,461,678,933],["Barrage Of Many Bombs",445,678,917,1242,1584],["Filthy Transfusion",207,445,629,828,1122],["Explosive Potential",121,274,428,661,905],["Incite the Pack",286,463,685,908,1117],["Combined Might / Stronger Together",79,213,374,608,867],["Battlefield Focus / Battlefield Precision",59,197,335,575,792],["Retaliatory Fury / Last Gift",134,350,525,718,1003],["Glory in Battle / Liberator's Might",227,397,588,815,1075],["Ruinous Bolt",118,345,511,731,996],["Unstable Catalyst",361,575,793,1079,1388],["Forbidden Knowledge",-33,186,354,557,807],["Blood Siphon",83,280,465,659,850],["Overwhelming Power",122,260,454,640,881],["Champion of Azeroth",370,519,800,1001,1312],["Demonic Meteor",254,448,657,840,1120],["Earthlink",120,293,506,730,957],["Rezan's Fury",259,424,666,917,1221],["Blightborne Infusion",381,559,763,1006,1295],["Elemental Whirl",138,268,450,662,929]],"metas":{"build_date":"Aug 21 2018","build_time":"06:51:36","git_revision":"57250019bf","options":{"debug":false,"max_time":300.0,"expected_iteration_time":357.26800000000003,"vary_combat_length":0.2,"iterations":555,"target_error":0.2,"threads":32,"seed":9620281747597895063,"single_actor_batch":false,"queue_lag":0.005,"queue_lag_stddev":0.001,"gcd_lag":0.15,"gcd_lag_stddev":0.037,"channel_lag":0.25,"channel_lag_stddev":0.062,"queue_gcd_reduction":0.1,"strict_gcd_queue":0,"confidence":0.95,"confidence_estimator":1.9599639854089754,"world_lag":0.1,"world_lag_stddev":0.01,"travel_variance":0.0,"default_skill":1.0,"reaction_time":0.5,"regen_periodicity":0.25,"ignite_sampling_delta":0.2,"fixed_time":true,"optimize_expressions":true,"optimal_raid":1,"log":0,"debug_each":0,"stat_cache":1,"max_aoe_enemies":20,"show_etmi":false,"tmi_window_global":0.0,"tmi_bin_size":0.5,"enemy_death_pct":0.0,"challenge_mode":false,"timewalk":-1,"pvp_crit":false,"rng":{"name":"sse2-sfmt"},"deterministic":0,"average_range":1,"average_gauss":0,"fight_style":"Patchwerk","default_aura_delay":0.03,"default_aura_delay_stddev":0.005,"dbc":{"bfa-BETA":{"build_level":26095,"wow_version":"8.0.1"},"version_used":"bfa-BETA"}},"overrides":{"arcane_intellect":1,"battle_shout":1,"power_word_fortitude":1,"chaos_brand":1,"mystic_touch":1,"mortal_wounds":1,"bleeding":1,"bloodlust":1,"bloodlust_percent":25,"bloodlust_time":0.5},"statistics":{"elapsed_cpu_seconds":10600.512697000002,"elapsed_time_seconds":11.331333,"init_time_seconds":2.8513844929999985,"merge_time_seconds":0.014076235,"analyze_time_seconds":0.12222342799999995,"simulation_length":{"sum":155955.501,"count":523,"mean":298.1940745697897,"min":240.21200000000002,"max":359.288,"median":296.141,"variance":1119.2252852544773,"std_dev":33.45482454377062,"mean_variance":2.1400101056490963,"mean_std_dev":1.4628773378684545},"raid_dps":{"sum":8351076.263155693,"count":523,"mean":15967.64103853861},"total_dmg":{"sum":2486347456.860022,"count":523,"mean":4754010.433766773},"total_iterations":94233,"total_actors":201,"total_iterations_mean":468.82089552238807,"total_iterations_variance":515405.55223880586,"total_iterations_stddev":717.9175107481401,"total_mean_dps_stddev":16.92658482474909,"total_mean_dps_variance":286.50927382942615},"player":{"name":"Template","race":"troll","level":120,"role":"spell","specialization":"Demonology Warlock","profile_source":"default","talents":[{"tier":1,"id":22048,"spell_id":267171,"name":"Demonic Strength"},{"tier":2,"id":23158,"spell_id":265412,"name":"Doom"},{"tier":4,"id":23160,"spell_id":264119,"name":"Summon Vilefiend"},{"tier":6,"id":21717,"spell_id":111898,"name":"Grimoire: Felguard"},{"tier":7,"id":23161,"spell_id":267214,"name":"Sacrificed Souls"}],"party":0,"ready_type":0,"bugs":true,"scale_player":true,"potion_used":false,"timeofday":"DAY_TIME","invert_scaling":0,"reaction_offset":0.1,"reaction_max":1.4000000000000001,"reaction_mean":0.3,"reaction_stddev":0.06,"reaction_nu":0.25,"world_lag":0.1,"brain_lag":0.0,"brain_lag_stddev":0.0,"world_lag_override":false,"world_lag_stddev_override":false,"dbc":{"bfa-BETA":{"build_level":26095,"wow_version":"8.0.1"},"version_used":"bfa-BETA"},"base_mana_regen_per_second":1000.0,"collected_data":{"fight_length":{"sum":155955.50099999996,"count":523,"mean":298.1940745697896,"min":240.21200000000002,"max":359.288},"executed_foreground_actions":{"sum":119239.0,"count":523,"mean":227.9904397705545,"min":185.0,"max":274.0},"dmg":{"sum":1161299539.786917,"count":523,"mean":2220458.0110648507,"min":1715034.8441686316,"max":2806624.9497921583},"compound_dmg":{"sum":2486347456.860022,"count":523,"mean":4754010.433766773,"min":3764931.506970467,"max":5628287.702268936},"timeline_dmg":{"mean":16319.513786698348,"mean_std_dev":9414.144356177861,"min":0.0,"max":95230.75692156065,