{"results":[["Trait","325","340","355","370","385"],["Laser Matrix",313,487,685,895,1106],["Archive of the Titans",184,364,504,672,891],["Relational Normalization Gizmo",262,384,530,693,901],["Synaptic Spark Capacitor",463,609,812,1031,1287],["Ricocheting Inflatable Pyrosaw",224,390,510,728,920],["Heed My Call",175,314,465,617,830],["Barrage Of Many Bombs",414,598,757,1013,1265],["Power of the Moon",123,242,390,548,733],["Streaking Stars",288,456,602,814,1070],["Thunderous Blast",390,547,724,939,1192],["Tidal Surge",200,363,526,705,925],["Collective Will / Stand As One",80,206,312,480,651],["Lively Spirit",-72,37,214,383,598],["On My Way",68,177,315,443,629],["Combined Might / Stronger Together",32,160,284,426,588],["Sylvanas' Resolve / Anduin's Dedication",220,356,519,687,905],["High Noon",76,200,286,452,615],["Battlefield Focus / Battlefield Precision",98,225,356,498,715],["Gutripper",106,251,396,536,736],["Retaliatory Fury / Last Gift",120,218,342,496,683],["Unstable Flames",86,183,328,462,628],["Glory in Battle / Liberator's Might",157,281,396,572,733],["Blood Rite",183,308,452,611,799],["Swirling Sands",227,358,518,676,852],["Incite the Pack",185,330,446,638,804],["Sunblaze",42,185,310,479,649],["Unstable Catalyst",246,404,553,733,963],["Azerite Globules",122,224,367,524,721],["Tradewinds",204,308,501,592,797],["Meticulous Scheming",236,348,507,669,864],["Dawning Sun",147,254,373,562,729],["Earthlink",65,195,348,497,644],["Lifespeed",167,304,426,588,758],["Rezan's Fury",239,385,534,729,974],["Dagger in the Back",290,401,572,779,985],["Secrets of the Deep",236,367,526,687,887],["Blood Siphon",83,182,321,466,615],["Ruinous Bolt",127,272,406,581,773],["Lunar Shrapnel",122,215,368,543,722],["Filthy Transfusion",211,359,524,691,921],["Champion of Azeroth",273,423,593,737,934],["Overwhelming Power",90,218,310,457,633],["Blightborne Infusion",286,400,546,688,930],["Elemental Whirl",80,206,342,476,636]],"metas":{"build_date":"Aug 27 2018","build_time":"13:50:42","git_revision":"4aa7462e31","options":{"debug":false,"max_time":300.0,"expected_iteration_time":251.58700000000002,"vary_combat_length":0.2,"iterations":819,"target_error":0.2,"threads":32,"seed":9454665042312948214,"single_actor_batch":false,"queue_lag":0.005,"queue_lag_stddev":0.001,"gcd_lag":0.15,"gcd_lag_stddev":0.037,"channel_lag":0.25,"channel_lag_stddev":0.062,"queue_gcd_reduction":0.1,"strict_gcd_queue":0,"confidence":0.95,"confidence_estimator":1.9599639854089754,"world_lag":0.1,"world_lag_stddev":0.01,"travel_variance":0.0,"default_skill":1.0,"reaction_time":0.5,"regen_periodicity":0.25,"ignite_sampling_delta":0.2,"fixed_time":true,"optimize_expressions":true,"optimal_raid":1,"log":0,"debug_each":0,"stat_cache":1,"max_aoe_enemies":20,"show_etmi":false,"tmi_window_global":0.0,"tmi_bin_size":0.5,"enemy_death_pct":0.0,"challenge_mode":false,"timewalk":-1,"pvp_crit":false,"rng":{"name":"sse2-sfmt"},"deterministic":0,"average_range":1,"average_gauss":0,"fight_style":"Patchwerk","default_aura_delay":0.03,"default_aura_delay_stddev":0.005,"dbc":{"Live":{"build_level":27404,"wow_version":"8.0.1"},"version_used":"Live"}},"overrides":{"arcane_intellect":1,"battle_shout":1,"power_word_fortitude":1,"chaos_brand":1,"mystic_touch":1,"mortal_wounds":1,"bleeding":1,"bloodlust":1,"bloodlust_percent":25,"bloodlust_time":0.5},"statistics":{"elapsed_cpu_seconds":18692.795221999982,"elapsed_time_seconds":19.538363,"init_time_seconds":2.8373838299999985,"merge_time_seconds":0.0070684760000000015,"analyze_time_seconds":0.169386496,"simulation_length":{"sum":235296.85599999997,"count":787,"mean":298.97948665819564,"min":240.29500000000002,"max":359.819,"median":298.41700000000003,"variance":1233.7042804531259,"std_dev":35.12412675716118,"mean_variance":1.5676039141716975,"mean_std_dev":1.2520399011899332},"raid_dps":{"sum":8652172.825713534,"count":787,"mean":10993.866360500044},"total_dmg":{"sum":2582349568.210158,"count":787,"mean":3281257.392897278},"total_iterations":177305,"total_actors":221,"total_iterations_mean":802.2850678733032,"total_iterations_variance":949829.0407239819,"total_iterations_stddev":974.5917302768282,"total_mean_dps_stddev":11.6970082130272,"total_mean_dps_variance":136.82000113562577},"player":{"name":"Template","race":"troll","level":120,"role":"spell","specialization":"Balance Druid","profile_source":"default","talents":[{"tier":1,"id":22386,"spell_id":202425,"name":"Warrior of Elune"},{"tier":5,"id":21706,"spell_id":202345,"name":"Starlord"},{"tier":6,"id":22165,"spell_id":202347,"name":"Stellar Flare"},{"tier":7,"id":21648,"spell_id":202342,"name":"Shooting Stars"}],"party":0,"ready_type":0,"bugs":true,"scale_player":true,"potion_used":false,"timeofday":"DAY_TIME","invert_scaling":0,"reaction_offset":0.1,"reaction_max":1.4000000000000001,"reaction_mean":0.3,"reaction_stddev":0.06,"reaction_nu":0.25,"world_lag":0.1,"brain_lag":0.0,"brain_lag_stddev":0.0,"world_lag_override":false,"world_lag_stddev_override":false,"dbc":{"Live":{"build_level":27404,"wow_version":"8.0.1"},"version_used":"Live"},"base_mana_regen_per_second":640.0,"base_energy_regen_per_second":10.0,"collected_data":{"fight_length":{"sum":235296.856,"count":787,"mean":298.9794866581957,"min":240.29500000000002,"max":359.819},"executed_foreground_actions":{"sum":219644.0,"count":787,"mean":279.0902160101652,"min":225.0,"max":335.0},"dmg":{"sum":2582349568.210158,"count":787,"mean":3281257.392897278,"min":2562010.5679464056,"max":4023816.4997836305},"compound_dmg":{"sum":2582349568.210158,"count":787,"mean":3281257.392897278,"min":2562010.5679464056,"max":4023816.4997836305},"timeline_dmg":{"mean":11058.21791410325,"mean_std_dev":4731.1505034931615,"min":1673.029077440569,"max":32606.845364525758,