{"results":[["Trait","325","340","355","370","385"],["Thunderous Blast",356,538,727,963,1250],["Azerite Globules",203,403,571,760,1011],["Tidal Surge",276,466,627,855,1130],["Secrets of the Deep",273,431,612,800,1059],["Gutripper",119,233,387,580,777],["Unstable Flames",113,233,379,561,752],["Blood Rite",195,302,458,642,845],["Heed My Call",189,302,502,714,943],["Filthy Transfusion",206,362,520,762,1006],["Relational Normalization Gizmo",297,410,575,808,1014],["Synaptic Spark Capacitor",655,845,1101,1413,1734],["Flames of Alacrity",243,367,538,752,938],["Sylvanas' Resolve / Anduin's Dedication",298,410,635,850,1092],["Swirling Sands",298,452,616,825,1076],["Meticulous Scheming",168,278,409,631,828],["Ricocheting Inflatable Pyrosaw",285,464,655,883,1150],["Laser Matrix",338,494,697,913,1201],["Tradewinds",467,642,841,1039,1257],["Collective Will / Stand As One",104,246,340,570,770],["Barrage Of Many Bombs",496,679,917,1190,1514],["Preheat",107,218,423,654,912],["Blood Siphon",184,331,476,677,862],["Firemind",199,378,533,739,981],["Incite the Pack",449,595,743,999,1216],["Combined Might / Stronger Together",77,190,349,513,711],["Blaster Master",703,903,1109,1351,1614],["Duplicative Incineration",661,887,1127,1373,1714],["Battlefield Focus / Battlefield Precision",7,170,300,460,697],["Blightborne Infusion",366,513,697,873,1109],["Trailing Embers",227,387,577,778,999],["Retaliatory Fury / Last Gift",258,399,585,764,995],["Glory in Battle / Liberator's Might",193,321,485,676,861],["Ruinous Bolt",186,297,507,688,893],["Overwhelming Power",68,197,351,527,694],["Unstable Catalyst",299,499,679,925,1130],["Champion of Azeroth",378,521,708,920,1133],["Dagger in the Back",347,525,738,970,1226],["Earthlink",92,240,392,581,800],["Rezan's Fury",244,388,598,798,1063],["Elemental Whirl",135,269,433,593,812]],"metas":{"build_date":"Aug 18 2018","build_time":"08:59:09","git_revision":"7948886e6d","options":{"debug":false,"max_time":300.0,"expected_iteration_time":349.43600000000004,"vary_combat_length":0.2,"iterations":977,"target_error":0.2,"threads":32,"seed":8319067042954318667,"single_actor_batch":false,"queue_lag":0.005,"queue_lag_stddev":0.001,"gcd_lag":0.15,"gcd_lag_stddev":0.037,"channel_lag":0.25,"channel_lag_stddev":0.062,"queue_gcd_reduction":0.1,"strict_gcd_queue":0,"confidence":0.95,"confidence_estimator":1.9599639854089754,"world_lag":0.1,"world_lag_stddev":0.01,"travel_variance":0.0,"default_skill":1.0,"reaction_time":0.5,"regen_periodicity":0.25,"ignite_sampling_delta":0.2,"fixed_time":true,"optimize_expressions":true,"optimal_raid":1,"log":0,"debug_each":0,"stat_cache":1,"max_aoe_enemies":20,"show_etmi":false,"tmi_window_global":0.0,"tmi_bin_size":0.5,"enemy_death_pct":0.0,"challenge_mode":false,"timewalk":-1,"pvp_crit":false,"rng":{"name":"sse2-sfmt"},"deterministic":0,"average_range":1,"average_gauss":0,"fight_style":"Patchwerk","default_aura_delay":0.03,"default_aura_delay_stddev":0.005,"dbc":{"bfa-BETA":{"build_level":26095,"wow_version":"8.0.1"},"version_used":"bfa-BETA"}},"overrides":{"arcane_intellect":1,"battle_shout":1,"power_word_fortitude":1,"chaos_brand":1,"mystic_touch":1,"mortal_wounds":1,"bleeding":1,"bloodlust":1,"bloodlust_percent":25,"bloodlust_time":0.5},"statistics":{"elapsed_cpu_seconds":12731.347220000009,"elapsed_time_seconds":13.800775,"init_time_seconds":3.1500373830000017,"merge_time_seconds":0.005702820000000002,"analyze_time_seconds":0.17788282399999988,"simulation_length":{"sum":282802.259,"count":945,"mean":299.26164973544974,"min":240.042,"max":359.94100000000003,"median":297.267,"variance":1189.4411823101186,"std_dev":34.48827601243818,"mean_variance":1.2586679177884854,"mean_std_dev":1.121903702546919},"raid_dps":{"sum":13219107.383069843,"count":945,"mean":13988.47342123793},"total_dmg":{"sum":3951658096.9518304,"count":945,"mean":4181648.779843207},"total_iterations":170641,"total_actors":201,"total_iterations_mean":848.9601990049752,"total_iterations_variance":1643713.6815920393,"total_iterations_stddev":1282.073976645669,"total_mean_dps_stddev":14.902162023058422,"total_mean_dps_variance":222.07443296148466},"player":{"name":"Template","race":"dark_iron_dwarf","level":120,"role":"spell","specialization":"Fire Mage","profile_source":"default","talents":[{"tier":1,"id":22456,"spell_id":205026,"name":"Firestarter"},{"tier":3,"id":22447,"spell_id":116011,"name":"Rune of Power"},{"tier":4,"id":22450,"spell_id":205029,"name":"Flame On"},{"tier":6,"id":23362,"spell_id":205023,"name":"Conflagration"},{"tier":7,"id":21633,"spell_id":153561,"name":"Meteor"}],"party":0,"ready_type":0,"bugs":true,"scale_player":true,"potion_used":false,"timeofday":"DAY_TIME","invert_scaling":0,"reaction_offset":0.1,"reaction_max":1.4000000000000001,"reaction_mean":0.3,"reaction_stddev":0.06,"reaction_nu":0.25,"world_lag":0.1,"brain_lag":0.0,"brain_lag_stddev":0.0,"world_lag_override":false,"world_lag_stddev_override":false,"dbc":{"bfa-BETA":{"build_level":26095,"wow_version":"8.0.1"},"version_used":"bfa-BETA"},"base_mana_regen_per_second":2000.0,"collected_data":{"fight_length":{"sum":282802.259,"count":945,"mean":299.26164973544974,"min":240.042,"max":359.94100000000003},"executed_foreground_actions":{"sum":212524.0,"count":945,"mean":224.89312169312169,"min":180.0,"max":269.0},"dmg":{"sum":3951658096.9518304,"count":945,"mean":4181648.779843207,"min":3234603.1682108124,"max":5039192.363885832},"compound_dmg":{"sum":3951658096.9518304,"count":945,"mean":4181648.779843207,"min":3234603.1682108124,"max":5039192.363885832},"timeline_dmg":{"mean":13959.70366918612,"mean_std_dev":10966.89426194937,"min":696.5467312779705,"max":75135.13257753475,