{"results":[["Trait","325","340","355","370","385"],["Thunderous Blast",348,485,653,867,1066],["Azerite Globules",100,192,287,443,621],["Tidal Surge",270,414,591,727,948],["Secrets of the Deep",200,316,476,674,847],["Gutripper",110,208,348,473,645],["Unstable Flames",108,224,319,474,636],["Blood Rite",168,301,420,590,739],["Heed My Call",108,220,360,480,653],["Relational Normalization Gizmo",278,368,537,680,855],["Arcane Pummeling",146,247,363,528,694],["Synaptic Spark Capacitor",217,344,508,660,850],["Sylvanas' Resolve / Anduin's Dedication",236,335,498,661,872],["Swirling Sands",255,404,561,672,837],["Meticulous Scheming",30,117,247,380,518],["Ricocheting Inflatable Pyrosaw",88,218,343,492,645],["Laser Matrix",291,461,603,798,1051],["Tradewinds",234,359,515,657,802],["Collective Will / Stand As One",72,213,293,439,619],["Barrage Of Many Bombs",178,296,421,566,768],["Incite the Pack",221,328,450,628,791],["Brain Storm",175,284,419,579,766],["Arcane Pressure",330,443,629,810,1030],["Glory in Battle / Liberator's Might",180,306,435,583,747],["Explosive Echo",-3,100,203,337,452],["Ruinous Bolt",168,268,443,600,775],["Dagger in the Back",338,483,684,852,1096],["Galvanizing Spark",395,585,773,966,1206],["Filthy Transfusion",225,341,469,698,872],["Combined Might / Stronger Together",55,161,294,403,563],["Battlefield Focus / Battlefield Precision",20,134,262,398,540],["Anomalous Impact",93,206,321,475,637],["Retaliatory Fury / Last Gift",127,255,343,512,650],["Unstable Catalyst",199,356,523,666,869],["Blood Siphon",101,196,327,454,606],["Overwhelming Power",134,269,364,527,703],["Champion of Azeroth",306,441,576,731,900],["Blightborne Infusion",344,495,602,759,978],["Earthlink",72,202,331,474,646],["Rezan's Fury",252,393,546,689,940],["Elemental Whirl",105,225,371,474,642]],"metas":{"build_date":"Aug 17 2018","build_time":"18:41:44","git_revision":"d045f58118","options":{"debug":false,"max_time":300.0,"expected_iteration_time":243.43200000000002,"vary_combat_length":0.2,"iterations":1567,"target_error":0.2,"threads":32,"seed":11531957879489851095,"single_actor_batch":false,"queue_lag":0.005,"queue_lag_stddev":0.001,"gcd_lag":0.15,"gcd_lag_stddev":0.037,"channel_lag":0.25,"channel_lag_stddev":0.062,"queue_gcd_reduction":0.1,"strict_gcd_queue":0,"confidence":0.95,"confidence_estimator":1.9599639854089754,"world_lag":0.1,"world_lag_stddev":0.01,"travel_variance":0.0,"default_skill":1.0,"reaction_time":0.5,"regen_periodicity":0.25,"ignite_sampling_delta":0.2,"fixed_time":true,"optimize_expressions":true,"optimal_raid":1,"log":0,"debug_each":0,"stat_cache":1,"max_aoe_enemies":20,"show_etmi":false,"tmi_window_global":0.0,"tmi_bin_size":0.5,"enemy_death_pct":0.0,"challenge_mode":false,"timewalk":-1,"pvp_crit":false,"rng":{"name":"sse2-sfmt"},"deterministic":0,"average_range":1,"average_gauss":0,"fight_style":"Patchwerk","default_aura_delay":0.03,"default_aura_delay_stddev":0.005,"dbc":{"bfa-BETA":{"build_level":26095,"wow_version":"8.0.1"},"version_used":"bfa-BETA"}},"overrides":{"arcane_intellect":1,"battle_shout":1,"power_word_fortitude":1,"chaos_brand":1,"mystic_touch":1,"mortal_wounds":1,"bleeding":1,"bloodlust":1,"bloodlust_percent":25,"bloodlust_time":0.5},"statistics":{"elapsed_cpu_seconds":7537.476484,"elapsed_time_seconds":8.144843999999999,"init_time_seconds":2.4809081850000005,"merge_time_seconds":0.004925570000000001,"analyze_time_seconds":0.37194142699999994,"simulation_length":{"sum":458958.79700000014,"count":1535,"mean":298.9959589576548,"min":240.028,"max":359.984,"median":298.589,"variance":1201.857155166394,"std_dev":34.66781151394466,"mean_variance":0.7829688307272925,"mean_std_dev":0.884855259761331},"raid_dps":{"sum":21044851.331193265,"count":1535,"mean":13710.000867226883},"total_dmg":{"sum":6278931436.207115,"count":1535,"mean":4090509.07896229},"total_iterations":285404,"total_actors":201,"total_iterations_mean":1419.9203980099503,"total_iterations_variance":1013102.7263681592,"total_iterations_stddev":1006.5300424568355,"total_mean_dps_stddev":14.451860440618782,"total_mean_dps_variance":208.8562701951221},"player":{"name":"Template","race":"troll","level":120,"role":"spell","specialization":"Arcane Mage","profile_source":"default","talents":[{"tier":1,"id":22461,"spell_id":264354,"name":"Rule of Threes"},{"tier":3,"id":22447,"spell_id":116011,"name":"Rune of Power"},{"tier":4,"id":22467,"spell_id":205032,"name":"Charged Up"},{"tier":6,"id":22449,"spell_id":210725,"name":"Touch of the Magi"},{"tier":7,"id":21630,"spell_id":155147,"name":"Overpowered"}],"party":0,"ready_type":0,"bugs":true,"scale_player":true,"potion_used":false,"timeofday":"DAY_TIME","invert_scaling":0,"reaction_offset":0.1,"reaction_max":1.4000000000000001,"reaction_mean":0.3,"reaction_stddev":0.06,"reaction_nu":0.25,"world_lag":0.1,"brain_lag":0.0,"brain_lag_stddev":0.0,"world_lag_override":false,"world_lag_stddev_override":false,"dbc":{"bfa-BETA":{"build_level":26095,"wow_version":"8.0.1"},"version_used":"bfa-BETA"},"base_mana_regen_per_second":2000.0,"collected_data":{"fight_length":{"sum":458958.79699999985,"count":1535,"mean":298.99595895765464,"min":240.028,"max":359.984},"executed_foreground_actions":{"sum":313030.0,"count":1535,"mean":203.928338762215,"min":161.0,"max":248.0},"dmg":{"sum":6278931436.207115,"count":1535,"mean":4090509.07896229,"min":3146504.1329589374,"max":5188830.344839205},"compound_dmg":{"sum":6278931436.207115,"count":1535,"mean":4090509.07896229,"min":3146504.1329589374,"max":5188830.344839205},"timeline_dmg":{"mean":13760.844803961856,"mean_std_dev":7936.13449753172,"min":0.0,"max":80369.03539663301,