{"results":[["Trait","325","340","355","370","385"],["Laser Matrix",290,438,604,787,1029],["Archive of the Titans",193,296,445,606,766],["Relational Normalization Gizmo",170,293,418,611,798],["Synaptic Spark Capacitor",191,296,453,618,798],["Shadow's Bite",65,185,296,452,631],["Gutripper",68,203,335,460,646],["Sylvanas' Resolve / Anduin's Dedication",201,337,447,652,830],["Swirling Sands",216,326,481,637,819],["Tradewinds",235,365,478,640,817],["Ricocheting Inflatable Pyrosaw",60,187,316,488,629],["Umbral Blaze",88,190,321,479,650],["Heed My Call",93,218,351,488,664],["Barrage Of Many Bombs",129,271,409,557,750],["Tidal Surge",259,353,520,722,876],["Collective Will / Stand As One",47,210,288,466,599],["Combined Might / Stronger Together",29,122,252,378,563],["Battlefield Focus / Battlefield Precision",159,274,424,573,777],["Retaliatory Fury / Last Gift",116,210,366,490,663],["Glory in Battle / Liberator's Might",180,301,389,516,737],["Blood Rite",117,234,372,528,680],["Meticulous Scheming",159,284,409,568,714],["Incite the Pack",217,348,445,619,788],["Explosive Potential",-28,101,194,313,490],["Unstable Flames",103,214,322,457,647],["Unstable Catalyst",192,343,532,657,888],["Forbidden Knowledge",11,127,256,416,604],["Supreme Commander",293,437,557,746,932],["Azerite Globules",54,147,319,430,600],["Earthlink",56,191,321,437,608],["Rezan's Fury",247,362,496,708,914],["Dagger in the Back",293,396,584,766,933],["Secrets of the Deep",164,296,479,641,841],["Blood Siphon",157,277,384,533,708],["Excoriate",-9,82,191,303,487],["Demonic Meteor",158,267,354,509,651],["Ruinous Bolt",126,243,390,540,710],["Thunderous Blast",330,470,653,845,1077],["Champion of Azeroth",321,436,614,737,916],["Overwhelming Power",46,154,276,426,576],["Filthy Transfusion",191,369,493,647,862],["Blightborne Infusion",309,446,607,764,948],["Elemental Whirl",84,204,300,446,607]],"metas":{"build_date":"Aug 29 2018","build_time":"06:51:22","git_revision":"744e4aaddc","options":{"debug":false,"max_time":300.0,"expected_iteration_time":256.37600000000003,"vary_combat_length":0.2,"iterations":694,"target_error":0.2,"threads":32,"seed":3419680994518549238,"single_actor_batch":false,"queue_lag":0.005,"queue_lag_stddev":0.001,"gcd_lag":0.15,"gcd_lag_stddev":0.037,"channel_lag":0.25,"channel_lag_stddev":0.062,"queue_gcd_reduction":0.1,"strict_gcd_queue":0,"confidence":0.95,"confidence_estimator":1.9599639854089754,"world_lag":0.1,"world_lag_stddev":0.01,"travel_variance":0.0,"default_skill":1.0,"reaction_time":0.5,"regen_periodicity":0.25,"ignite_sampling_delta":0.2,"fixed_time":true,"optimize_expressions":true,"optimal_raid":1,"log":0,"debug_each":0,"stat_cache":1,"max_aoe_enemies":20,"show_etmi":false,"tmi_window_global":0.0,"tmi_bin_size":0.5,"enemy_death_pct":0.0,"challenge_mode":false,"timewalk":-1,"pvp_crit":false,"rng":{"name":"sse2-sfmt"},"deterministic":0,"average_range":1,"average_gauss":0,"fight_style":"Patchwerk","default_aura_delay":0.03,"default_aura_delay_stddev":0.005,"dbc":{"Live":{"build_level":27481,"wow_version":"8.0.1"},"version_used":"Live"}},"overrides":{"arcane_intellect":1,"battle_shout":1,"power_word_fortitude":1,"chaos_brand":1,"mystic_touch":1,"mortal_wounds":1,"bleeding":1,"bloodlust":1,"bloodlust_percent":25,"bloodlust_time":0.5},"statistics":{"elapsed_cpu_seconds":14547.404648999998,"elapsed_time_seconds":15.459399,"init_time_seconds":2.7894502380000006,"merge_time_seconds":0.013206815,"analyze_time_seconds":0.14191483000000016,"simulation_length":{"sum":197924.81900000005,"count":662,"mean":298.9800891238671,"min":240.09,"max":359.66200000000003,"median":297.591,"variance":1186.359087340999,"std_dev":34.443563801398355,"mean_variance":1.7920832135060407,"mean_std_dev":1.3386871230821789},"raid_dps":{"sum":9087007.888071802,"count":662,"mean":13726.59801823535},"total_dmg":{"sum":2712293405.5880384,"count":662,"mean":4097119.948018185},"total_iterations":130043,"total_actors":211,"total_iterations_mean":616.3175355450237,"total_iterations_variance":506497.7251184837,"total_iterations_stddev":711.6865357153272,"total_mean_dps_stddev":14.429961101180835,"total_mean_dps_variance":208.22377738159201},"player":{"name":"Template","race":"troll","level":120,"role":"spell","specialization":"Demonology Warlock","profile_source":"default","talents":[{"tier":1,"id":22048,"spell_id":267171,"name":"Demonic Strength"},{"tier":2,"id":23158,"spell_id":265412,"name":"Doom"},{"tier":4,"id":23160,"spell_id":264119,"name":"Summon Vilefiend"},{"tier":6,"id":21717,"spell_id":111898,"name":"Grimoire: Felguard"},{"tier":7,"id":23161,"spell_id":267214,"name":"Sacrificed Souls"}],"party":0,"ready_type":0,"bugs":true,"scale_player":true,"potion_used":false,"timeofday":"DAY_TIME","invert_scaling":0,"reaction_offset":0.1,"reaction_max":1.4000000000000001,"reaction_mean":0.3,"reaction_stddev":0.06,"reaction_nu":0.25,"world_lag":0.1,"brain_lag":0.0,"brain_lag_stddev":0.0,"world_lag_override":false,"world_lag_stddev_override":false,"dbc":{"Live":{"build_level":27481,"wow_version":"8.0.1"},"version_used":"Live"},"base_mana_regen_per_second":1000.0,"collected_data":{"fight_length":{"sum":197924.81900000002,"count":662,"mean":298.9800891238671,"min":240.09,"max":359.66200000000003},"executed_foreground_actions":{"sum":146231.0,"count":662,"mean":220.892749244713,"min":179.0,"max":264.0},"dmg":{"sum":864634976.9936017,"count":662,"mean":1306095.1314102744,"min":1013567.292957172,"max":1666691.269207181},"compound_dmg":{"sum":2712293405.5880384,"count":662,"mean":4097119.948018185,"min":3284319.883955498,"max":4940249.350529787},"timeline_dmg":{"mean":13897.777380558979,"mean_std_dev":6854.054129802691,"min":2075.70992531168,"max":46277.92536322405,