{"results":[["Trait","325","340","355","370","385"],["Laser Matrix",382,545,709,903,1136],["Archive of the Titans",200,326,455,614,776],["Relational Normalization Gizmo",273,388,523,646,831],["Synaptic Spark Capacitor",203,320,464,637,793],["Ricocheting Inflatable Pyrosaw",124,222,363,503,666],["Heed My Call",151,252,379,552,701],["Barrage Of Many Bombs",212,321,475,622,795],["Wild Fleshrending",13,96,202,334,459],["Tidal Surge",296,416,569,730,925],["Collective Will / Stand As One",87,203,318,456,610],["On My Way",89,173,291,416,558],["Combined Might / Stronger Together",58,146,285,386,544],["Sylvanas' Resolve / Anduin's Dedication",200,328,483,608,793],["Battlefield Focus / Battlefield Precision",297,447,615,788,982],["Gutripper",143,252,342,525,669],["Retaliatory Fury / Last Gift",72,191,308,437,567],["Glory in Battle / Liberator's Might",201,257,400,556,690],["Blood Mist",171,287,415,539,673],["Blood Rite",202,327,453,572,749],["Unstable Flames",91,200,300,409,573],["Swirling Sands",245,371,480,612,786],["Meticulous Scheming",225,356,439,606,754],["Incite the Pack",137,256,353,498,657],["Unstable Catalyst",236,354,503,663,855],["Twisted Claws",10,115,211,355,473],["Azerite Globules",97,230,315,456,635],["Tradewinds",146,271,386,491,659],["Shredding Fury",121,208,353,488,641],["Earthlink",87,209,330,444,606],["Dagger in the Back",354,513,668,860,1077],["Secrets of the Deep",209,340,488,631,806],["Blood Siphon",74,169,283,416,539],["Ruinous Bolt",178,283,427,579,755],["Iron Jaws",13,98,215,343,449],["Thunderous Blast",424,557,758,932,1182],["Champion of Azeroth",285,365,541,658,843],["Overwhelming Power",130,199,327,450,598],["Filthy Transfusion",253,397,529,684,918],["Raking Ferocity",315,456,592,764,984],["Lifespeed",204,311,425,575,718],["Rezan's Fury",298,441,600,771,973],["Blightborne Infusion",280,394,522,651,830],["Gushing Lacerations",214,298,444,565,730],["Elemental Whirl",101,190,300,435,589]],"metas":{"build_date":"Aug 26 2018","build_time":"17:25:12","git_revision":"82a50ef53a","options":{"debug":false,"max_time":300.0,"expected_iteration_time":280.84000000000003,"vary_combat_length":0.2,"iterations":601,"target_error":0.2,"threads":32,"seed":4053950882114452068,"single_actor_batch":false,"queue_lag":0.005,"queue_lag_stddev":0.001,"gcd_lag":0.15,"gcd_lag_stddev":0.037,"channel_lag":0.25,"channel_lag_stddev":0.062,"queue_gcd_reduction":0.1,"strict_gcd_queue":0,"confidence":0.95,"confidence_estimator":1.9599639854089754,"world_lag":0.1,"world_lag_stddev":0.01,"travel_variance":0.0,"default_skill":1.0,"reaction_time":0.5,"regen_periodicity":0.25,"ignite_sampling_delta":0.2,"fixed_time":true,"optimize_expressions":true,"optimal_raid":1,"log":0,"debug_each":0,"stat_cache":1,"max_aoe_enemies":20,"show_etmi":false,"tmi_window_global":0.0,"tmi_bin_size":0.5,"enemy_death_pct":0.0,"challenge_mode":false,"timewalk":-1,"pvp_crit":false,"rng":{"name":"sse2-sfmt"},"deterministic":0,"average_range":1,"average_gauss":0,"fight_style":"Patchwerk","default_aura_delay":0.03,"default_aura_delay_stddev":0.005,"dbc":{"Live":{"build_level":27404,"wow_version":"8.0.1"},"version_used":"Live"}},"overrides":{"arcane_intellect":1,"battle_shout":1,"power_word_fortitude":1,"chaos_brand":1,"mystic_touch":1,"mortal_wounds":1,"bleeding":1,"bloodlust":1,"bloodlust_percent":25,"bloodlust_time":0.5},"statistics":{"elapsed_cpu_seconds":19564.177827999996,"elapsed_time_seconds":20.435539,"init_time_seconds":2.8151484690000004,"merge_time_seconds":0.005332099,"analyze_time_seconds":0.11395753500000003,"simulation_length":{"sum":171246.04200000007,"count":569,"mean":300.95965202108977,"min":240.139,"max":359.656,"median":303.01,"variance":1219.8020866978911,"std_dev":34.925665157558434,"mean_variance":2.1437646514901427,"mean_std_dev":1.4641600498204228},"raid_dps":{"sum":5521177.497527532,"count":569,"mean":9703.299644160865},"total_dmg":{"sum":1659948216.3995464,"count":569,"mean":2917307.9374332977},"total_iterations":117952,"total_actors":221,"total_iterations_mean":533.7194570135747,"total_iterations_variance":370734.6063348415,"total_iterations_stddev":608.879796293851,"total_mean_dps_stddev":10.341915788396369,"total_mean_dps_variance":106.95522217428208},"player":{"name":"Template","race":"night_elf","level":120,"role":"attack","specialization":"Feral Druid","profile_source":"default","talents":[{"tier":1,"id":22365,"spell_id":155580,"name":"Lunar Inspiration"},{"tier":5,"id":18579,"spell_id":202032,"name":"Jagged Wounds"},{"tier":6,"id":21714,"spell_id":202031,"name":"Sabertooth"},{"tier":7,"id":21649,"spell_id":155672,"name":"Bloodtalons"}],"party":0,"ready_type":0,"bugs":true,"scale_player":true,"potion_used":false,"timeofday":"DAY_TIME","invert_scaling":0,"reaction_offset":0.1,"reaction_max":1.4000000000000001,"reaction_mean":0.3,"reaction_stddev":0.06,"reaction_nu":0.25,"world_lag":0.1,"brain_lag":0.0,"brain_lag_stddev":0.0,"world_lag_override":false,"world_lag_stddev_override":false,"dbc":{"Live":{"build_level":27404,"wow_version":"8.0.1"},"version_used":"Live"},"base_mana_regen_per_second":640.0,"base_energy_regen_per_second":10.0,"collected_data":{"fight_length":{"sum":171246.04200000004,"count":569,"mean":300.9596520210897,"min":240.139,"max":359.656},"waiting_time":{"sum":35195.30799999999,"count":569,"mean":61.8546713532513,"min":37.307,"max":91.523},"executed_foreground_actions":{"sum":127637.0,"count":569,"mean":224.31810193321616,"min":170.0,"max":271.0},"dmg":{"sum":1659948216.3995464,"count":569,"mean":2917307.9374332977,"min":2270834.4810009883,"max":3560904.5226295646},"compound_dmg":{"sum":1659948216.3995464,"count":569,"mean":2917307.9374332977,"min":2270834.4810009883,"max":3560904.5226295646},"timeline_dmg":{"mean":9973.794779689459,"mean_std_dev":2363.403676790538,"min":2425.996970002667,"max":22702.910360193782,