{"results":[["Trait","325","340","355","370","385"],["Laser Matrix",469,651,873,1154,1462],["Archive of the Titans",345,457,689,892,1144],["Relational Normalization Gizmo",487,654,866,1075,1346],["Synaptic Spark Capacitor",691,900,1162,1468,1842],["Swirling Sands",525,630,836,1033,1301],["Tradewinds",473,678,875,1088,1297],["Ricocheting Inflatable Pyrosaw",433,638,862,1140,1406],["Heed My Call",239,435,646,862,1155],["Reckless Flurry",476,734,896,1167,1457],["Barrage Of Many Bombs",708,922,1199,1527,1888],["Tidal Surge",306,440,719,902,1205],["Collective Will / Stand As One",169,316,478,671,939],["Combined Might / Stronger Together",105,266,434,616,865],["Sylvanas' Resolve / Anduin's Dedication",333,489,732,973,1227],["Trample the Weak",369,509,755,984,1234],["Battlefield Focus / Battlefield Precision",187,261,492,687,945],["Gutripper",171,325,495,716,947],["Retaliatory Fury / Last Gift",344,421,553,808,1051],["Glory in Battle / Liberator's Might",400,578,717,933,1191],["Simmering Rage",655,745,955,1193,1443],["Meticulous Scheming",554,759,910,1127,1388],["Infinite Fury",412,573,756,950,1196],["Blood Rite",414,575,795,992,1267],["Unstable Flames",180,321,520,690,877],["Incite the Pack",457,650,811,1049,1290],["Unstable Catalyst",349,548,759,990,1293],["Azerite Globules",351,498,677,942,1237],["Bloodcraze",335,491,645,860,1065],["Gathering Storm",81,177,318,474,662],["Earthlink",110,324,475,671,908],["Dagger in the Back",379,540,764,1014,1308],["Secrets of the Deep",298,510,709,1009,1221],["Blood Siphon",397,519,748,892,1125],["Ruinous Bolt",231,347,518,741,995],["Pulverizing Blows",352,539,734,1009,1304],["Thunderous Blast",492,747,1007,1205,1515],["Champion of Azeroth",727,877,1135,1376,1619],["Overwhelming Power",422,501,731,953,1161],["Filthy Transfusion",323,532,704,935,1170],["Elemental Whirl",261,362,537,753,907],["Lifespeed",259,430,618,846,1054],["Blightborne Infusion",560,655,901,1100,1413],["Rezan's Fury",394,573,799,1057,1353]],"metas":{"build_date":"Aug 27 2018","build_time":"13:50:42","git_revision":"4aa7462e31","options":{"debug":false,"max_time":300.0,"expected_iteration_time":254.87300000000002,"vary_combat_length":0.2,"iterations":728,"target_error":0.2,"threads":32,"seed":1958164093213696151,"single_actor_batch":false,"queue_lag":0.005,"queue_lag_stddev":0.001,"gcd_lag":0.15,"gcd_lag_stddev":0.037,"channel_lag":0.25,"channel_lag_stddev":0.062,"queue_gcd_reduction":0.1,"strict_gcd_queue":0,"confidence":0.95,"confidence_estimator":1.9599639854089754,"world_lag":0.1,"world_lag_stddev":0.01,"travel_variance":0.0,"default_skill":1.0,"reaction_time":0.5,"regen_periodicity":0.25,"ignite_sampling_delta":0.2,"fixed_time":true,"optimize_expressions":true,"optimal_raid":1,"log":0,"debug_each":0,"stat_cache":1,"max_aoe_enemies":20,"show_etmi":false,"tmi_window_global":0.0,"tmi_bin_size":0.5,"enemy_death_pct":0.0,"challenge_mode":false,"timewalk":-1,"pvp_crit":false,"rng":{"name":"sse2-sfmt"},"deterministic":0,"average_range":1,"average_gauss":0,"fight_style":"Patchwerk","default_aura_delay":0.03,"default_aura_delay_stddev":0.005,"dbc":{"Live":{"build_level":27404,"wow_version":"8.0.1"},"version_used":"Live"}},"overrides":{"arcane_intellect":1,"battle_shout":1,"power_word_fortitude":1,"chaos_brand":1,"mystic_touch":1,"mortal_wounds":1,"bleeding":1,"bloodlust":1,"bloodlust_percent":25,"bloodlust_time":0.5},"statistics":{"elapsed_cpu_seconds":13776.864143000012,"elapsed_time_seconds":14.562998,"init_time_seconds":2.693767546999998,"merge_time_seconds":0.0063748960000000006,"analyze_time_seconds":0.14210446099999993,"simulation_length":{"sum":208906.947,"count":696,"mean":300.1536594827586,"min":240.025,"max":359.252,"median":299.642,"variance":1247.0754753136455,"std_dev":35.31395581513979,"mean_variance":1.7917751082092608,"mean_std_dev":1.3385720407244657},"raid_dps":{"sum":14890156.234764472,"count":696,"mean":21393.90263615585},"total_dmg":{"sum":4465394836.279695,"count":696,"mean":6415797.17856278},"total_iterations":131094,"total_actors":216,"total_iterations_mean":606.9166666666666,"total_iterations_variance":468228.4999999997,"total_iterations_stddev":684.2722411438299,"total_mean_dps_stddev":22.59247904094682,"total_mean_dps_variance":510.4201092156213},"player":{"name":"Template","race":"gnome","level":120,"role":"attack","specialization":"Fury Warrior","profile_source":"default","talents":[{"tier":1,"id":22633,"spell_id":202296,"name":"Endless Rage"},{"tier":2,"id":23093,"spell_id":107570,"name":"Storm Bolt"},{"tier":3,"id":23372,"spell_id":100130,"name":"Furious Slash"},{"tier":4,"id":22627,"spell_id":202163,"name":"Bounding Stride"},{"tier":5,"id":22383,"spell_id":202922,"name":"Carnage"},{"tier":6,"id":22398,"spell_id":118000,"name":"Dragon Roar"},{"tier":7,"id":16037,"spell_id":280772,"name":"Siegebreaker"}],"party":0,"ready_type":0,"bugs":true,"scale_player":true,"potion_used":false,"timeofday":"DAY_TIME","invert_scaling":0,"reaction_offset":0.1,"reaction_max":1.4000000000000001,"reaction_mean":0.3,"reaction_stddev":0.06,"reaction_nu":0.25,"world_lag":0.1,"brain_lag":0.0,"brain_lag_stddev":0.0,"world_lag_override":false,"world_lag_stddev_override":false,"dbc":{"Live":{"build_level":27404,"wow_version":"8.0.1"},"version_used":"Live"},"collected_data":{"fight_length":{"sum":208906.94700000001,"count":696,"mean":300.15365948275866,"min":240.025,"max":359.252},"executed_foreground_actions":{"sum":224829.0,"count":696,"mean":323.0301724137931,"min":259.0,"max":387.0},"dmg":{"sum":4465394836.279695,"count":696,"mean":6415797.17856278,"min":4972012.586964359,"max":7912876.31821394},"compound_dmg":{"sum":4465394836.279695,"count":696,"mean":6415797.17856278,"min":4972012.586964359,"max":7912876.31821394},"timeline_dmg":{"mean":22071.814177329314,"mean_std_dev":6581.77064461282,"min":0.0,"max":73168.54926571048,