{"results":[["Trait","325","340","355","370","385"],["Laser Matrix",348,525,686,904,1151],["Archive of the Titans",246,392,561,753,963],["Relational Normalization Gizmo",212,359,515,711,898],["Synaptic Spark Capacitor",390,544,783,993,1251],["Sylvanas' Resolve / Anduin's Dedication",246,408,555,770,988],["Gutripper",100,233,381,539,775],["Swirling Sands",283,429,605,786,995],["Tradewinds",201,359,514,680,867],["Ricocheting Inflatable Pyrosaw",195,361,529,717,952],["Heed My Call",152,302,450,639,839],["Barrage Of Many Bombs",349,507,694,916,1191],["Snake Eyes",82,188,329,522,713],["Tidal Surge",263,425,610,813,1056],["Collective Will / Stand As One",97,223,351,511,710],["Combined Might / Stronger Together",43,151,299,472,635],["Battlefield Focus / Battlefield Precision",253,418,552,770,1025],["Retaliatory Fury / Last Gift",131,255,409,547,723],["Glory in Battle / Liberator's Might",163,300,460,603,820],["Blood Rite",141,261,398,603,735],["Unstable Flames",88,229,359,548,722],["Meticulous Scheming",169,308,408,623,807],["Incite the Pack",198,334,476,680,862],["Unstable Catalyst",266,414,612,801,1044],["Deadshot",207,372,586,805,1095],["Azerite Globules",128,289,435,653,834],["Storm of Steel",307,484,659,889,1141],["Earthlink",89,229,364,532,735],["Dagger in the Back",381,562,734,970,1220],["Secrets of the Deep",220,404,583,771,1023],["Blood Siphon",66,200,334,496,691],["Brigand's Blitz",117,261,393,562,744],["Ruinous Bolt",158,274,439,666,864],["Blightborne Infusion",338,481,639,844,1045],["Overwhelming Power",75,186,323,460,655],["Rezan's Fury",257,417,598,778,1046],["Paradise Lost",315,495,716,922,1195],["Thunderous Blast",406,556,765,954,1264],["Champion of Azeroth",294,432,577,768,979],["Filthy Transfusion",253,393,583,777,1029],["Ace Up Your Sleeve",-137,1,156,306,482],["Elemental Whirl",97,198,372,511,700]],"metas":{"build_date":"Aug 24 2018","build_time":"16:25:12","git_revision":"54b1c51bc4","options":{"debug":false,"max_time":300.0,"expected_iteration_time":334.36400000000003,"vary_combat_length":0.2,"iterations":1035,"target_error":0.2,"threads":32,"seed":3305141906449315901,"single_actor_batch":false,"queue_lag":0.005,"queue_lag_stddev":0.001,"gcd_lag":0.15,"gcd_lag_stddev":0.037,"channel_lag":0.25,"channel_lag_stddev":0.062,"queue_gcd_reduction":0.1,"strict_gcd_queue":0,"confidence":0.95,"confidence_estimator":1.9599639854089754,"world_lag":0.1,"world_lag_stddev":0.01,"travel_variance":0.0,"default_skill":1.0,"reaction_time":0.5,"regen_periodicity":0.25,"ignite_sampling_delta":0.2,"fixed_time":true,"optimize_expressions":true,"optimal_raid":1,"log":0,"debug_each":0,"stat_cache":1,"max_aoe_enemies":20,"show_etmi":false,"tmi_window_global":0.0,"tmi_bin_size":0.5,"enemy_death_pct":0.0,"challenge_mode":false,"timewalk":-1,"pvp_crit":false,"rng":{"name":"sse2-sfmt"},"deterministic":0,"average_range":1,"average_gauss":0,"fight_style":"Patchwerk","default_aura_delay":0.03,"default_aura_delay_stddev":0.005,"dbc":{"Live":{"build_level":27404,"wow_version":"8.0.1"},"version_used":"Live"}},"overrides":{"arcane_intellect":1,"battle_shout":1,"power_word_fortitude":1,"chaos_brand":1,"mystic_touch":1,"mortal_wounds":1,"bleeding":1,"bloodlust":1,"bloodlust_percent":25,"bloodlust_time":0.5},"statistics":{"elapsed_cpu_seconds":12420.162491,"elapsed_time_seconds":13.252807,"init_time_seconds":2.482225154999999,"merge_time_seconds":0.006157617000000001,"analyze_time_seconds":0.17913969100000005,"simulation_length":{"sum":300278.92900000006,"count":1003,"mean":299.3807866400798,"min":240.20000000000002,"max":359.854,"median":298.269,"variance":1141.9084310611577,"std_dev":33.79213563924538,"mean_variance":1.138492952204544,"mean_std_dev":1.0670018520155173},"raid_dps":{"sum":12016393.539102193,"count":1003,"mean":11980.452182554529},"total_dmg":{"sum":3594115912.0408983,"count":1003,"mean":3583365.814597107},"total_iterations":184126,"total_actors":206,"total_iterations_mean":893.8155339805825,"total_iterations_variance":870732.9902912618,"total_iterations_stddev":933.1307466219629,"total_mean_dps_stddev":12.75744570228285,"total_mean_dps_variance":162.75242084669514},"player":{"name":"Template","race":"dwarf","level":120,"role":"attack","specialization":"Outlaw Rogue","profile_source":"default","talents":[{"tier":1,"id":22119,"spell_id":196938,"name":"Quick Draw"},{"tier":2,"id":19238,"spell_id":196922,"name":"Hit and Run"},{"tier":3,"id":19239,"spell_id":14983,"name":"Vigor"},{"tier":6,"id":19250,"spell_id":5171,"name":"Slice and Dice"},{"tier":7,"id":23075,"spell_id":271877,"name":"Blade Rush"}],"party":0,"ready_type":1,"bugs":true,"scale_player":true,"potion_used":false,"timeofday":"DAY_TIME","invert_scaling":0,"reaction_offset":0.1,"reaction_max":1.4000000000000001,"reaction_mean":0.3,"reaction_stddev":0.06,"reaction_nu":0.25,"world_lag":0.1,"brain_lag":0.0,"brain_lag_stddev":0.0,"world_lag_override":false,"world_lag_stddev_override":false,"dbc":{"Live":{"build_level":27404,"wow_version":"8.0.1"},"version_used":"Live"},"base_energy_regen_per_second":14.85,"collected_data":{"fight_length":{"sum":300278.929,"count":1003,"mean":299.38078664007975,"min":240.20000000000002,"max":359.854},"waiting_time":{"sum":17295.213,"count":1003,"mean":17.24348255234297,"min":7.0440000000000005,"max":27.885},"executed_foreground_actions":{"sum":302499.0,"count":1003,"mean":301.59421734795615,"min":237.0,"max":370.0},"dmg":{"sum":3594115912.0408983,"count":1003,"mean":3583365.814597107,"min":2744100.7580377515,"max":4461019.513463891},"compound_dmg":{"sum":3594115912.0408983,"count":1003,"mean":3583365.814597107,"min":2744100.7580377515,"max":4461019.513463891},"timeline_dmg":{"mean":12150.231394795179,"mean_std_dev":4689.195633768127,"min":3322.7100382262747,"max":31015.111220987725,