{"results":[["Trait","325","340","355","370","385"],["In The Rhythm",114,239,355,483,643],["Relational Normalization Gizmo",326,409,576,716,915],["Thunderous Blast",353,551,716,899,1142],["Azerite Globules",153,291,421,552,727],["Tidal Surge",283,404,578,719,953],["Dagger in the Back",422,546,704,912,1122],["Unstable Flames",96,202,297,457,617],["Secrets of the Deep",230,367,501,681,861],["Heed My Call",171,287,398,562,756],["Blood Rite",251,345,474,625,827],["Filthy Transfusion",255,382,537,708,913],["Synaptic Spark Capacitor",420,547,732,944,1172],["Gutripper",104,253,346,521,665],["Sylvanas' Resolve / Anduin's Dedication",215,330,482,662,854],["Swirling Sands",253,367,508,631,845],["Meticulous Scheming",305,436,559,686,881],["Ricocheting Inflatable Pyrosaw",227,349,476,660,846],["Laser Matrix",334,485,642,823,1050],["Tradewinds",227,331,502,667,804],["Collective Will / Stand As One",88,172,294,445,610],["Focused Fire",111,240,351,509,653],["Barrage Of Many Bombs",353,501,645,821,1065],["Elemental Whirl",106,240,334,475,635],["Unerring Vision",137,272,399,513,683],["Arcane Flurry",65,172,315,450,625],["Overwhelming Power",170,284,394,584,743],["Unstable Catalyst",235,345,507,708,899],["Rapid Reload",-22,94,203,344,491],["Steady Aim",353,463,654,825,1043],["Incite the Pack",220,341,459,615,768],["Combined Might / Stronger Together",87,158,288,453,558],["Battlefield Focus / Battlefield Precision",37,159,273,402,551],["Retaliatory Fury / Last Gift",101,261,366,540,649],["Glory in Battle / Liberator's Might",206,343,453,593,742],["Ruinous Bolt",193,322,449,586,787],["Blood Siphon",115,207,300,450,594],["Champion of Azeroth",317,477,627,779,957],["Blightborne Infusion",288,431,544,719,846],["Earthlink",97,204,341,490,620],["Rezan's Fury",277,416,592,749,957]],"metas":{"build_date":"Aug 18 2018","build_time":"08:59:09","git_revision":"7948886e6d","options":{"debug":false,"max_time":300.0,"expected_iteration_time":308.96500000000003,"vary_combat_length":0.2,"iterations":1013,"target_error":0.2,"threads":32,"seed":7809373091840719827,"single_actor_batch":false,"queue_lag":0.005,"queue_lag_stddev":0.001,"gcd_lag":0.15,"gcd_lag_stddev":0.037,"channel_lag":0.25,"channel_lag_stddev":0.062,"queue_gcd_reduction":0.1,"strict_gcd_queue":0,"confidence":0.95,"confidence_estimator":1.9599639854089754,"world_lag":0.1,"world_lag_stddev":0.01,"travel_variance":0.0,"default_skill":1.0,"reaction_time":0.5,"regen_periodicity":0.25,"ignite_sampling_delta":0.2,"fixed_time":true,"optimize_expressions":true,"optimal_raid":1,"log":0,"debug_each":0,"stat_cache":1,"max_aoe_enemies":20,"show_etmi":false,"tmi_window_global":0.0,"tmi_bin_size":0.5,"enemy_death_pct":0.0,"challenge_mode":false,"timewalk":-1,"pvp_crit":false,"rng":{"name":"sse2-sfmt"},"deterministic":0,"average_range":1,"average_gauss":0,"fight_style":"Patchwerk","default_aura_delay":0.03,"default_aura_delay_stddev":0.005,"dbc":{"bfa-BETA":{"build_level":26095,"wow_version":"8.0.1"},"version_used":"bfa-BETA"}},"overrides":{"arcane_intellect":1,"battle_shout":1,"power_word_fortitude":1,"chaos_brand":1,"mystic_touch":1,"mortal_wounds":1,"bleeding":1,"bloodlust":1,"bloodlust_percent":25,"bloodlust_time":0.5},"statistics":{"elapsed_cpu_seconds":9326.579194999997,"elapsed_time_seconds":10.1408,"init_time_seconds":2.5819180899999994,"merge_time_seconds":0.00543845,"analyze_time_seconds":0.18880888599999993,"simulation_length":{"sum":294525.60500000004,"count":981,"mean":300.2299745158002,"min":240.018,"max":359.955,"median":300.766,"variance":1161.6284590482803,"std_dev":34.08267094944703,"mean_variance":1.1841268695701124,"mean_std_dev":1.0881759368641233},"raid_dps":{"sum":13682537.076176673,"count":981,"mean":13947.54034268774},"total_dmg":{"sum":4102853522.8568587,"count":981,"mean":4182317.55642901},"total_iterations":188906,"total_actors":201,"total_iterations_mean":939.8308457711443,"total_iterations_variance":437612.248756219,"total_iterations_stddev":661.5226744082314,"total_mean_dps_stddev":14.718308585226117,"total_mean_dps_variance":216.62860760994081},"player":{"name":"Template","race":"lightforged_draenei","level":120,"role":"attack","specialization":"Marksmanship Hunter","profile_source":"default","talents":[{"tier":1,"id":22501,"spell_id":271788,"name":"Serpent Sting"},{"tier":2,"id":22495,"spell_id":260228,"name":"Careful Aim"},{"tier":4,"id":21998,"spell_id":257284,"name":"Hunter's Mark"},{"tier":6,"id":23063,"spell_id":260393,"name":"Lethal Shots"},{"tier":7,"id":22308,"spell_id":194595,"name":"Lock and Load"}],"party":0,"ready_type":0,"bugs":true,"scale_player":true,"potion_used":false,"timeofday":"DAY_TIME","invert_scaling":0,"reaction_offset":0.1,"reaction_max":1.4000000000000001,"reaction_mean":0.3,"reaction_stddev":0.06,"reaction_nu":0.25,"world_lag":0.1,"brain_lag":0.0,"brain_lag_stddev":0.0,"world_lag_override":false,"world_lag_stddev_override":false,"dbc":{"bfa-BETA":{"build_level":26095,"wow_version":"8.0.1"},"version_used":"bfa-BETA"},"base_focus_regen_per_second":2.999999999999999,"collected_data":{"fight_length":{"sum":294525.60500000004,"count":981,"mean":300.2299745158002,"min":240.018,"max":359.955},"executed_foreground_actions":{"sum":203484.0,"count":981,"mean":207.4250764525994,"min":167.0,"max":249.0},"dmg":{"sum":3742658709.206469,"count":981,"mean":3815146.492565208,"min":2954293.1961142602,"max":4705181.647541372},"compound_dmg":{"sum":4102853522.8568587,"count":981,"mean":4182317.55642901,"min":3261235.5159684625,"max":5131280.898263702},"timeline_dmg":{"mean":14334.560610754897,"mean_std_dev":6134.41609410685,"min":2029.0862742877653,"max":82875.1849822891,