{"results":[["Trait","325","340","355","370","385"],["Thunderous Blast",332,482,770,973,1287],["Night's Vengeance",274,464,597,869,1117],["Azerite Globules",130,302,498,695,955],["Tidal Surge",281,457,675,913,1210],["Dagger in the Back",343,533,754,1006,1298],["Unstable Flames",122,273,454,630,892],["Secrets of the Deep",329,519,727,987,1303],["Gutripper",113,301,444,692,885],["Blood Rite",153,343,488,683,900],["Heed My Call",171,329,508,770,992],["Filthy Transfusion",220,361,554,819,1081],["Relational Normalization Gizmo",257,414,644,837,1115],["Synaptic Spark Capacitor",550,737,992,1270,1658],["Sylvanas' Resolve / Anduin's Dedication",310,481,719,976,1256],["Swirling Sands",328,509,731,926,1172],["Meticulous Scheming",157,284,465,624,871],["Ricocheting Inflatable Pyrosaw",202,376,582,816,1079],["Laser Matrix",305,491,747,937,1226],["Tradewinds",336,501,722,924,1155],["Collective Will / Stand As One",100,277,427,650,859],["Barrage Of Many Bombs",392,597,806,1078,1385],["Sharpened Blades",19,163,321,518,766],["Blade In The Shadows",173,356,571,787,1038],["Overwhelming Power",67,228,372,596,820],["Blightborne Infusion",364,533,761,943,1193],["Perforate",78,265,445,615,869],["Champion of Azeroth",358,533,739,1018,1216],["Incite the Pack",299,481,695,868,1169],["The First Dance",286,450,668,859,1136],["Inevitability",181,348,527,747,1030],["Combined Might / Stronger Together",68,206,407,573,836],["Battlefield Focus / Battlefield Precision",50,183,359,551,782],["Glory in Battle / Liberator's Might",204,347,536,715,966],["Ruinous Bolt",175,333,550,753,1006],["Unstable Catalyst",372,518,778,1016,1321],["Blood Siphon",124,277,470,679,914],["Earthlink",149,291,484,705,984],["Retaliatory Fury / Last Gift",179,332,532,734,978],["Rezan's Fury",249,454,643,833,1172],["Elemental Whirl",107,285,455,650,884]],"metas":{"build_date":"Aug 18 2018","build_time":"08:59:09","git_revision":"7948886e6d","options":{"debug":false,"max_time":300.0,"expected_iteration_time":269.75100000000003,"vary_combat_length":0.2,"iterations":1000,"target_error":0.2,"threads":32,"seed":6644900652107741836,"single_actor_batch":false,"queue_lag":0.005,"queue_lag_stddev":0.001,"gcd_lag":0.15,"gcd_lag_stddev":0.037,"channel_lag":0.25,"channel_lag_stddev":0.062,"queue_gcd_reduction":0.1,"strict_gcd_queue":0,"confidence":0.95,"confidence_estimator":1.9599639854089754,"world_lag":0.1,"world_lag_stddev":0.01,"travel_variance":0.0,"default_skill":1.0,"reaction_time":0.5,"regen_periodicity":0.25,"ignite_sampling_delta":0.2,"fixed_time":true,"optimize_expressions":true,"optimal_raid":1,"log":0,"debug_each":0,"stat_cache":1,"max_aoe_enemies":20,"show_etmi":false,"tmi_window_global":0.0,"tmi_bin_size":0.5,"enemy_death_pct":0.0,"challenge_mode":false,"timewalk":-1,"pvp_crit":false,"rng":{"name":"sse2-sfmt"},"deterministic":0,"average_range":1,"average_gauss":0,"fight_style":"Patchwerk","default_aura_delay":0.03,"default_aura_delay_stddev":0.005,"dbc":{"bfa-BETA":{"build_level":26095,"wow_version":"8.0.1"},"version_used":"bfa-BETA"}},"overrides":{"arcane_intellect":1,"battle_shout":1,"power_word_fortitude":1,"chaos_brand":1,"mystic_touch":1,"mortal_wounds":1,"bleeding":1,"bloodlust":1,"bloodlust_percent":25,"bloodlust_time":0.5},"statistics":{"elapsed_cpu_seconds":18999.70558699999,"elapsed_time_seconds":20.260482,"init_time_seconds":3.1610308799999998,"merge_time_seconds":0.007327085000000001,"analyze_time_seconds":0.170220709,"simulation_length":{"sum":290151.7229999999,"count":968,"mean":299.74351549586765,"min":240.03300000000002,"max":359.877,"median":299.401,"variance":1237.1333369790987,"std_dev":35.17290629133593,"mean_variance":1.2780303067965895,"mean_std_dev":1.130500025120119},"raid_dps":{"sum":14383686.567771798,"count":968,"mean":14859.18033860723},"total_dmg":{"sum":4308300412.40973,"count":968,"mean":4450723.566538977},"total_iterations":183983,"total_actors":201,"total_iterations_mean":915.3383084577115,"total_iterations_variance":657614.9950248761,"total_iterations_stddev":810.9346428812103,"total_mean_dps_stddev":15.777987802348308,"total_mean_dps_variance":248.944899091052},"player":{"name":"Template","race":"blood_elf","level":120,"role":"attack","specialization":"Subtlety Rogue","profile_source":"default","talents":[{"tier":1,"id":19234,"spell_id":91023,"name":"Find Weakness"},{"tier":2,"id":22333,"spell_id":108209,"name":"Shadow Focus"},{"tier":3,"id":19241,"spell_id":137619,"name":"Marked for Death"},{"tier":6,"id":22336,"spell_id":238104,"name":"Enveloping Shadows"},{"tier":7,"id":22132,"spell_id":196976,"name":"Master of Shadows"}],"party":0,"ready_type":1,"bugs":true,"scale_player":true,"potion_used":false,"timeofday":"DAY_TIME","invert_scaling":0,"reaction_offset":0.1,"reaction_max":1.4000000000000001,"reaction_mean":0.3,"reaction_stddev":0.06,"reaction_nu":0.25,"world_lag":0.1,"brain_lag":0.0,"brain_lag_stddev":0.0,"world_lag_override":false,"world_lag_stddev_override":false,"dbc":{"bfa-BETA":{"build_level":26095,"wow_version":"8.0.1"},"version_used":"bfa-BETA"},"base_energy_regen_per_second":10.0,"collected_data":{"fight_length":{"sum":290151.72300000006,"count":968,"mean":299.7435154958678,"min":240.03300000000002,"max":359.877},"waiting_time":{"sum":33419.278000000006,"count":968,"mean":34.52404752066116,"min":23.628,"max":47.069},"executed_foreground_actions":{"sum":325422.0,"count":968,"mean":336.1797520661157,"min":267.0,"max":413.0},"dmg":{"sum":4308300412.40973,"count":968,"mean":4450723.566538977,"min":3350353.843190421,"max":5586710.353137853},"compound_dmg":{"sum":4308300412.40973,"count":968,"mean":4450723.566538977,"min":3350353.843190421,"max":5586710.353137853},"timeline_dmg":{"mean":15122.418474555403,"mean_std_dev":7905.017237694543,"min":1429.4826269633243,"max":35545.60202512663,