{"results":[["Trait","325","340","355","370","385"],["Thunderous Blast",392,541,757,973,1209],["Dagger in the Back",379,553,743,929,1216],["Unstable Flames",116,233,356,490,655],["Secrets of the Deep",230,364,541,740,938],["Gutripper",107,229,368,521,726],["Blood Rite",175,280,423,571,763],["Heed My Call",148,291,408,607,812],["Tidal Surge",274,407,585,780,1012],["Filthy Transfusion",257,392,588,743,976],["Relational Normalization Gizmo",234,371,532,711,886],["Synaptic Spark Capacitor",399,578,746,975,1215],["Sylvanas' Resolve / Anduin's Dedication",213,392,527,702,904],["Swirling Sands",289,391,540,706,916],["Meticulous Scheming",177,306,427,590,779],["Ricocheting Inflatable Pyrosaw",225,340,487,683,894],["Laser Matrix",350,503,682,895,1138],["Tradewinds",195,348,479,634,810],["Collective Will / Stand As One",80,217,339,490,653],["Barrage Of Many Bombs",355,493,701,883,1125],["Snake Eyes",94,198,347,473,637],["Overwhelming Power",40,174,309,445,624],["Paradise Lost",319,492,664,847,1104],["Brigand's Blitz",153,283,427,586,763],["Azerite Globules",148,290,450,597,824],["Ace Up Your Sleeve",-72,40,165,331,490],["Deadshot",252,399,590,820,1067],["Incite the Pack",199,304,466,612,783],["Combined Might / Stronger Together",23,157,268,436,599],["Storm of Steel",332,470,661,839,1107],["Battlefield Focus / Battlefield Precision",41,163,273,429,587],["Retaliatory Fury / Last Gift",120,231,360,515,688],["Glory in Battle / Liberator's Might",168,305,464,588,776],["Ruinous Bolt",165,296,472,627,828],["Unstable Catalyst",218,396,566,771,979],["Blood Siphon",79,185,325,439,640],["Champion of Azeroth",288,419,572,739,954],["Blightborne Infusion",317,453,584,769,966],["Earthlink",104,204,349,511,693],["Rezan's Fury",266,433,586,793,1013],["Elemental Whirl",97,200,354,505,641]],"metas":{"build_date":"Aug 20 2018","build_time":"15:55:45","git_revision":"04f3f715c8","options":{"debug":false,"max_time":300.0,"expected_iteration_time":276.40500000000003,"vary_combat_length":0.2,"iterations":1058,"target_error":0.2,"threads":32,"seed":1639315740506451221,"single_actor_batch":false,"queue_lag":0.005,"queue_lag_stddev":0.001,"gcd_lag":0.15,"gcd_lag_stddev":0.037,"channel_lag":0.25,"channel_lag_stddev":0.062,"queue_gcd_reduction":0.1,"strict_gcd_queue":0,"confidence":0.95,"confidence_estimator":1.9599639854089754,"world_lag":0.1,"world_lag_stddev":0.01,"travel_variance":0.0,"default_skill":1.0,"reaction_time":0.5,"regen_periodicity":0.25,"ignite_sampling_delta":0.2,"fixed_time":true,"optimize_expressions":true,"optimal_raid":1,"log":0,"debug_each":0,"stat_cache":1,"max_aoe_enemies":20,"show_etmi":false,"tmi_window_global":0.0,"tmi_bin_size":0.5,"enemy_death_pct":0.0,"challenge_mode":false,"timewalk":-1,"pvp_crit":false,"rng":{"name":"sse2-sfmt"},"deterministic":0,"average_range":1,"average_gauss":0,"fight_style":"Patchwerk","default_aura_delay":0.03,"default_aura_delay_stddev":0.005,"dbc":{"bfa-BETA":{"build_level":26095,"wow_version":"8.0.1"},"version_used":"bfa-BETA"}},"overrides":{"arcane_intellect":1,"battle_shout":1,"power_word_fortitude":1,"chaos_brand":1,"mystic_touch":1,"mortal_wounds":1,"bleeding":1,"bloodlust":1,"bloodlust_percent":25,"bloodlust_time":0.5},"statistics":{"elapsed_cpu_seconds":15760.105457000012,"elapsed_time_seconds":16.899166,"init_time_seconds":2.3994269289999988,"merge_time_seconds":0.006122467000000001,"analyze_time_seconds":0.21954548600000015,"simulation_length":{"sum":307184.26100000006,"count":1026,"mean":299.3998645224172,"min":240.073,"max":359.94,"median":297.911,"variance":1207.8243850001643,"std_dev":34.75376792522164,"mean_variance":1.1772167495128307,"mean_std_dev":1.0849961979255185},"raid_dps":{"sum":11283069.785205012,"count":1026,"mean":10997.14404016083},"total_dmg":{"sum":3374789202.170491,"count":1026,"mean":3289268.228236346},"total_iterations":219013,"total_actors":201,"total_iterations_mean":1089.6169154228855,"total_iterations_variance":963795.5024875624,"total_iterations_stddev":981.7308707011114,"total_mean_dps_stddev":11.730190627929698,"total_mean_dps_variance":137.59737216756972},"player":{"name":"Template","race":"dwarf","level":120,"role":"attack","specialization":"Outlaw Rogue","profile_source":"default","talents":[{"tier":1,"id":22119,"spell_id":196938,"name":"Quick Draw"},{"tier":2,"id":19238,"spell_id":196922,"name":"Hit and Run"},{"tier":3,"id":19239,"spell_id":14983,"name":"Vigor"},{"tier":6,"id":19250,"spell_id":5171,"name":"Slice and Dice"},{"tier":7,"id":23075,"spell_id":271877,"name":"Blade Rush"}],"party":0,"ready_type":1,"bugs":true,"scale_player":true,"potion_used":false,"timeofday":"DAY_TIME","invert_scaling":0,"reaction_offset":0.1,"reaction_max":1.4000000000000001,"reaction_mean":0.3,"reaction_stddev":0.06,"reaction_nu":0.25,"world_lag":0.1,"brain_lag":0.0,"brain_lag_stddev":0.0,"world_lag_override":false,"world_lag_stddev_override":false,"dbc":{"bfa-BETA":{"build_level":26095,"wow_version":"8.0.1"},"version_used":"bfa-BETA"},"base_energy_regen_per_second":14.85,"collected_data":{"fight_length":{"sum":307184.261,"count":1026,"mean":299.39986452241715,"min":240.073,"max":359.94},"waiting_time":{"sum":30027.485000000004,"count":1026,"mean":29.266554580896692,"min":17.505,"max":46.988},"executed_foreground_actions":{"sum":287976.0,"count":1026,"mean":280.67836257309943,"min":217.0,"max":339.0},"dmg":{"sum":3374789202.170491,"count":1026,"mean":3289268.228236346,"min":2531792.2356978203,"max":4094859.042133229},"compound_dmg":{"sum":3374789202.170491,"count":1026,"mean":3289268.228236346,"min":2531792.2356978203,"max":4094859.042133229},"timeline_dmg":{"mean":11014.202509969215,"mean_std_dev":4081.597091675337,"min":3102.5719857736453,"max":32850.22595740626,