{"results":[["Trait","325","340","355","370","385"],["Laser Matrix",288,410,557,766,953],["Archive of the Titans",157,275,404,528,700],["Relational Normalization Gizmo",172,315,436,581,779],["Synaptic Spark Capacitor",150,289,435,572,744],["Gutripper",98,183,286,419,606],["Sylvanas' Resolve / Anduin's Dedication",179,281,428,559,747],["Swirling Sands",174,302,415,539,707],["Heed My Call",89,186,326,458,598],["Ricocheting Inflatable Pyrosaw",85,195,288,437,604],["Barrage Of Many Bombs",166,258,380,529,688],["Tidal Surge",246,347,513,663,855],["Collective Will / Stand As One",62,147,263,389,523],["Rolling Havoc",-25,83,203,290,438],["Combined Might / Stronger Together",36,116,216,357,490],["Battlefield Focus / Battlefield Precision",223,345,460,638,813],["Retaliatory Fury / Last Gift",96,173,296,430,556],["Glory in Battle / Liberator's Might",133,246,349,497,632],["Unstable Flames",64,171,278,386,527],["Blood Rite",147,242,374,499,665],["Crashing Chaos",312,459,600,772,993],["Accelerant",0,92,173,285,424],["Ruinous Bolt",148,269,379,525,650],["Meticulous Scheming",169,263,386,511,667],["Blood Siphon",132,229,335,469,611],["Earthlink",63,173,259,394,557],["Bursting Flare",169,268,396,515,675],["Incite the Pack",179,265,390,543,682],["Unstable Catalyst",196,321,465,614,793],["Azerite Globules",72,160,270,376,552],["Tradewinds",197,289,404,532,690],["Rezan's Fury",231,368,485,649,845],["Dagger in the Back",275,396,539,716,914],["Secrets of the Deep",186,273,421,565,749],["Thunderous Blast",330,466,631,797,1006],["Flashpoint",123,220,329,458,595],["Filthy Transfusion",210,342,482,621,803],["Chaotic Inferno",167,265,392,547,708],["Blightborne Infusion",247,337,460,617,766],["Champion of Azeroth",234,358,472,633,756],["Elemental Whirl",63,142,274,404,537],["Overwhelming Power",100,200,316,436,572]],"metas":{"build_date":"Aug 25 2018","build_time":"09:42:16","git_revision":"d4b8c45266","options":{"debug":false,"max_time":300.0,"expected_iteration_time":312.17900000000003,"vary_combat_length":0.2,"iterations":1016,"target_error":0.2,"threads":32,"seed":9469311435622914617,"single_actor_batch":false,"queue_lag":0.005,"queue_lag_stddev":0.001,"gcd_lag":0.15,"gcd_lag_stddev":0.037,"channel_lag":0.25,"channel_lag_stddev":0.062,"queue_gcd_reduction":0.1,"strict_gcd_queue":0,"confidence":0.95,"confidence_estimator":1.9599639854089754,"world_lag":0.1,"world_lag_stddev":0.01,"travel_variance":0.0,"default_skill":1.0,"reaction_time":0.5,"regen_periodicity":0.25,"ignite_sampling_delta":0.2,"fixed_time":true,"optimize_expressions":true,"optimal_raid":1,"log":0,"debug_each":0,"stat_cache":1,"max_aoe_enemies":20,"show_etmi":false,"tmi_window_global":0.0,"tmi_bin_size":0.5,"enemy_death_pct":0.0,"challenge_mode":false,"timewalk":-1,"pvp_crit":false,"rng":{"name":"sse2-sfmt"},"deterministic":0,"average_range":1,"average_gauss":0,"fight_style":"Patchwerk","default_aura_delay":0.03,"default_aura_delay_stddev":0.005,"dbc":{"Live":{"build_level":27404,"wow_version":"8.0.1"},"version_used":"Live"}},"overrides":{"arcane_intellect":1,"battle_shout":1,"power_word_fortitude":1,"chaos_brand":1,"mystic_touch":1,"mortal_wounds":1,"bleeding":1,"bloodlust":1,"bloodlust_percent":25,"bloodlust_time":0.5},"statistics":{"elapsed_cpu_seconds":8834.092792999998,"elapsed_time_seconds":9.612233,"init_time_seconds":3.3446350769999995,"merge_time_seconds":0.005738857000000001,"analyze_time_seconds":0.19351871600000017,"simulation_length":{"sum":295149.94800000003,"count":984,"mean":299.9491341463415,"min":240.261,"max":359.844,"median":300.689,"variance":1183.1468158417606,"std_dev":34.39690125348155,"mean_variance":1.2023849754489437,"mean_std_dev":1.0965331620379495},"raid_dps":{"sum":9201108.830605224,"count":984,"mean":9350.720356306121},"total_dmg":{"sum":2751343443.376095,"count":984,"mean":2796080.735138308},"total_iterations":203572,"total_actors":206,"total_iterations_mean":988.2135922330098,"total_iterations_variance":961094.6019417471,"total_iterations_stddev":980.3543246917143,"total_mean_dps_stddev":9.94567834532066,"total_mean_dps_variance":98.9165177485803},"player":{"name":"Template","race":"troll","level":120,"role":"spell","specialization":"Destruction Warlock","profile_source":"default","talents":[{"tier":1,"id":22038,"spell_id":267115,"name":"Flashover"},{"tier":2,"id":21695,"spell_id":266134,"name":"Internal Combustion"},{"tier":4,"id":23143,"spell_id":152108,"name":"Cataclysm"},{"tier":6,"id":23156,"spell_id":266086,"name":"Grimoire of Supremacy"},{"tier":7,"id":23092,"spell_id":113858,"name":"Dark Soul: Instability"}],"party":0,"ready_type":0,"bugs":true,"scale_player":true,"potion_used":false,"timeofday":"DAY_TIME","invert_scaling":0,"reaction_offset":0.1,"reaction_max":1.4000000000000001,"reaction_mean":0.3,"reaction_stddev":0.06,"reaction_nu":0.25,"world_lag":0.1,"brain_lag":0.0,"brain_lag_stddev":0.0,"world_lag_override":false,"world_lag_stddev_override":false,"dbc":{"Live":{"build_level":27404,"wow_version":"8.0.1"},"version_used":"Live"},"base_mana_regen_per_second":1000.0,"collected_data":{"fight_length":{"sum":295149.94800000003,"count":984,"mean":299.9491341463415,"min":240.261,"max":359.844},"executed_foreground_actions":{"sum":204952.0,"count":984,"mean":208.28455284552845,"min":169.0,"max":248.0},"dmg":{"sum":2244203457.3748507,"count":984,"mean":2280694.5705028973,"min":1828304.111205948,"max":2733275.9666666836},"compound_dmg":{"sum":2751343443.376095,"count":984,"mean":2796080.735138308,"min":2313017.5126094143,"max":3345249.175758724},"timeline_dmg":{"mean":9215.6810884237,"mean_std_dev":6980.79534164975,"min":0.0,"max":63640.689490178585,