{"results":[["Trait","325","340","355","370","385"],["Thunderous Blast",389,519,742,966,1224],["Azerite Globules",150,316,499,750,895],["Tidal Surge",248,476,578,796,1003],["Secrets of the Deep",237,437,602,808,1026],["Gutripper",147,277,428,515,727],["Unstable Flames",127,253,380,562,745],["Blood Rite",160,313,449,645,895],["Heed My Call",239,356,540,656,860],["Relational Normalization Gizmo",245,386,571,764,1012],["Arcane Pummeling",24,142,274,457,680],["Synaptic Spark Capacitor",585,829,1075,1347,1745],["Sylvanas' Resolve / Anduin's Dedication",288,372,605,802,957],["Swirling Sands",285,341,495,740,888],["Meticulous Scheming",118,234,315,553,726],["Ricocheting Inflatable Pyrosaw",324,409,659,795,1043],["Laser Matrix",361,515,680,854,1168],["Tradewinds",61,206,320,571,732],["Collective Will / Stand As One",40,189,329,572,742],["Barrage Of Many Bombs",467,642,847,1162,1453],["Incite the Pack",114,244,594,476,713],["Brain Storm",166,304,410,564,737],["Arcane Pressure",593,669,931,1185,1472],["Glory in Battle / Liberator's Might",205,383,475,696,837],["Explosive Echo",888,1131,1496,1810,2110],["Ruinous Bolt",214,339,491,610,822],["Dagger in the Back",420,587,677,932,1201],["Galvanizing Spark",108,159,302,538,646],["Filthy Transfusion",270,364,520,785,1041],["Combined Might / Stronger Together",16,150,275,432,685],["Battlefield Focus / Battlefield Precision",-6,115,320,415,671],["Anomalous Impact",101,135,349,456,602],["Retaliatory Fury / Last Gift",112,210,297,495,608],["Unstable Catalyst",226,444,637,769,1019],["Blood Siphon",89,189,333,416,679],["Overwhelming Power",119,239,412,592,729],["Champion of Azeroth",221,360,498,747,946],["Blightborne Infusion",336,406,552,816,957],["Earthlink",55,257,337,537,696],["Rezan's Fury",316,373,646,773,1087],["Elemental Whirl",150,191,335,552,724]],"metas":{"build_date":"Aug 18 2018","build_time":"16:42:38","git_revision":"a94492cd5a","options":{"debug":false,"max_time":300.0,"expected_iteration_time":274.20300000000003,"vary_combat_length":0.2,"iterations":1082,"target_error":0.2,"threads":32,"seed":14802609269125681964,"single_actor_batch":false,"queue_lag":0.005,"queue_lag_stddev":0.001,"gcd_lag":0.15,"gcd_lag_stddev":0.037,"channel_lag":0.25,"channel_lag_stddev":0.062,"queue_gcd_reduction":0.1,"strict_gcd_queue":0,"confidence":0.95,"confidence_estimator":1.9599639854089754,"world_lag":0.1,"world_lag_stddev":0.01,"travel_variance":0.0,"default_skill":1.0,"reaction_time":0.5,"regen_periodicity":0.25,"ignite_sampling_delta":0.2,"fixed_time":true,"optimize_expressions":true,"optimal_raid":1,"log":0,"debug_each":0,"stat_cache":1,"max_aoe_enemies":20,"show_etmi":false,"tmi_window_global":0.0,"tmi_bin_size":0.5,"enemy_death_pct":0.0,"challenge_mode":false,"timewalk":-1,"pvp_crit":false,"rng":{"name":"sse2-sfmt"},"deterministic":0,"average_range":1,"average_gauss":0,"fight_style":"Patchwerk","default_aura_delay":0.03,"default_aura_delay_stddev":0.005,"dbc":{"bfa-BETA":{"build_level":26095,"wow_version":"8.0.1"},"version_used":"bfa-BETA"}},"overrides":{"arcane_intellect":1,"battle_shout":1,"power_word_fortitude":1,"chaos_brand":1,"mystic_touch":1,"mortal_wounds":1,"bleeding":1,"bloodlust":1,"bloodlust_percent":25,"bloodlust_time":0.5},"statistics":{"elapsed_cpu_seconds":6839.807801,"elapsed_time_seconds":7.656356,"init_time_seconds":2.8201259370000016,"merge_time_seconds":0.006370648000000001,"analyze_time_seconds":0.302147434,"simulation_length":{"sum":316125.64300000004,"count":1050,"mean":301.072040952381,"min":240.01,"max":359.981,"median":300.716,"variance":1148.7490907992758,"std_dev":33.89320124743716,"mean_variance":1.0940467531421674,"mean_std_dev":1.0459668986837811},"raid_dps":{"sum":12578448.864652228,"count":1050,"mean":11979.475109192597},"total_dmg":{"sum":3780166686.4984493,"count":1050,"mean":3600158.749046142},"total_iterations":206846,"total_actors":201,"total_iterations_mean":1029.084577114428,"total_iterations_variance":1187637.562189055,"total_iterations_stddev":1089.7878519184617,"total_mean_dps_stddev":12.783374693457343,"total_mean_dps_variance":163.41466855332564},"player":{"name":"Template","race":"troll","level":120,"role":"spell","specialization":"Arcane Mage","profile_source":"default","talents":[{"tier":1,"id":22461,"spell_id":264354,"name":"Rule of Threes"},{"tier":3,"id":22447,"spell_id":116011,"name":"Rune of Power"},{"tier":4,"id":22467,"spell_id":205032,"name":"Charged Up"},{"tier":6,"id":22449,"spell_id":210725,"name":"Touch of the Magi"},{"tier":7,"id":21630,"spell_id":155147,"name":"Overpowered"}],"party":0,"ready_type":0,"bugs":true,"scale_player":true,"potion_used":false,"timeofday":"DAY_TIME","invert_scaling":0,"reaction_offset":0.1,"reaction_max":1.4000000000000001,"reaction_mean":0.3,"reaction_stddev":0.06,"reaction_nu":0.25,"world_lag":0.1,"brain_lag":0.0,"brain_lag_stddev":0.0,"world_lag_override":false,"world_lag_stddev_override":false,"dbc":{"bfa-BETA":{"build_level":26095,"wow_version":"8.0.1"},"version_used":"bfa-BETA"},"base_mana_regen_per_second":2000.0,"collected_data":{"fight_length":{"sum":316125.64300000004,"count":1050,"mean":301.072040952381,"min":240.01,"max":359.981},"executed_foreground_actions":{"sum":238349.0,"count":1050,"mean":226.99904761904762,"min":184.0,"max":270.0},"dmg":{"sum":3780166686.4984493,"count":1050,"mean":3600158.749046142,"min":2870055.9725059695,"max":4445300.171389716},"compound_dmg":{"sum":3780166686.4984493,"count":1050,"mean":3600158.749046142,"min":2870055.9725059695,"max":4445300.171389716},"timeline_dmg":{"mean":12180.424473898796,"mean_std_dev":10257.668678183436,"min":0.0,"max":114114.11162242052,