{"results":[["Trait","325","340","355","370","385"],["Laser Matrix",284,421,574,753,966],["Archive of the Titans",169,279,410,536,690],["Relational Normalization Gizmo",204,331,435,579,759],["Synaptic Spark Capacitor",176,281,404,571,745],["Gutripper",104,186,317,432,609],["Sylvanas' Resolve / Anduin's Dedication",193,276,395,553,738],["Swirling Sands",195,290,418,566,738],["Heed My Call",102,204,322,445,612],["Ricocheting Inflatable Pyrosaw",76,199,311,440,587],["Barrage Of Many Bombs",140,263,388,526,704],["Tidal Surge",245,356,497,669,848],["Collective Will / Stand As One",62,163,274,395,541],["Rolling Havoc",5,74,176,300,429],["Combined Might / Stronger Together",28,135,254,359,485],["Battlefield Focus / Battlefield Precision",215,326,454,624,822],["Retaliatory Fury / Last Gift",97,195,289,431,592],["Glory in Battle / Liberator's Might",136,245,342,491,636],["Unstable Flames",76,160,265,393,520],["Blood Rite",142,270,377,507,667],["Crashing Chaos",345,426,614,792,973],["Accelerant",0,85,169,284,427],["Ruinous Bolt",131,236,366,520,682],["Meticulous Scheming",183,256,392,517,665],["Blood Siphon",129,220,342,470,616],["Earthlink",63,156,283,411,556],["Bursting Flare",168,285,385,516,675],["Incite the Pack",157,268,382,512,665],["Unstable Catalyst",197,312,462,616,787],["Azerite Globules",66,163,269,394,548],["Tradewinds",174,278,397,543,670],["Rezan's Fury",228,358,515,660,866],["Dagger in the Back",282,387,553,713,894],["Secrets of the Deep",176,281,434,586,741],["Thunderous Blast",323,469,623,788,1000],["Flashpoint",130,236,318,444,585],["Filthy Transfusion",210,329,470,619,811],["Chaotic Inferno",149,289,396,535,731],["Blightborne Infusion",237,340,470,601,765],["Champion of Azeroth",240,352,493,605,760],["Elemental Whirl",71,186,279,400,543],["Overwhelming Power",122,219,307,433,592]],"metas":{"build_date":"Aug 26 2018","build_time":"00:47:51","git_revision":"91e454c877","options":{"debug":false,"max_time":300.0,"expected_iteration_time":325.54200000000003,"vary_combat_length":0.2,"iterations":1049,"target_error":0.2,"threads":32,"seed":16587738978711806632,"single_actor_batch":false,"queue_lag":0.005,"queue_lag_stddev":0.001,"gcd_lag":0.15,"gcd_lag_stddev":0.037,"channel_lag":0.25,"channel_lag_stddev":0.062,"queue_gcd_reduction":0.1,"strict_gcd_queue":0,"confidence":0.95,"confidence_estimator":1.9599639854089754,"world_lag":0.1,"world_lag_stddev":0.01,"travel_variance":0.0,"default_skill":1.0,"reaction_time":0.5,"regen_periodicity":0.25,"ignite_sampling_delta":0.2,"fixed_time":true,"optimize_expressions":true,"optimal_raid":1,"log":0,"debug_each":0,"stat_cache":1,"max_aoe_enemies":20,"show_etmi":false,"tmi_window_global":0.0,"tmi_bin_size":0.5,"enemy_death_pct":0.0,"challenge_mode":false,"timewalk":-1,"pvp_crit":false,"rng":{"name":"sse2-sfmt"},"deterministic":0,"average_range":1,"average_gauss":0,"fight_style":"Patchwerk","default_aura_delay":0.03,"default_aura_delay_stddev":0.005,"dbc":{"Live":{"build_level":27404,"wow_version":"8.0.1"},"version_used":"Live"}},"overrides":{"arcane_intellect":1,"battle_shout":1,"power_word_fortitude":1,"chaos_brand":1,"mystic_touch":1,"mortal_wounds":1,"bleeding":1,"bloodlust":1,"bloodlust_percent":25,"bloodlust_time":0.5},"statistics":{"elapsed_cpu_seconds":8770.958200999998,"elapsed_time_seconds":9.525557000000001,"init_time_seconds":3.363507386000001,"merge_time_seconds":0.0056626390000000006,"analyze_time_seconds":0.18792234099999988,"simulation_length":{"sum":304457.35500000004,"count":1017,"mean":299.3680973451328,"min":240.229,"max":359.822,"median":299.419,"variance":1182.1995613602382,"std_dev":34.38312902224343,"mean_variance":1.162438113431896,"mean_std_dev":1.07816423305167},"raid_dps":{"sum":9509418.725202281,"count":1017,"mean":9350.460890071074},"total_dmg":{"sum":2837811690.0812464,"count":1017,"mean":2790375.3098144014},"total_iterations":203908,"total_actors":206,"total_iterations_mean":989.8446601941747,"total_iterations_variance":927089.0291262137,"total_iterations_stddev":962.8546251258358,"total_mean_dps_stddev":9.946701531286005,"total_mean_dps_variance":98.93687135248734},"player":{"name":"Template","race":"troll","level":120,"role":"spell","specialization":"Destruction Warlock","profile_source":"default","talents":[{"tier":1,"id":22038,"spell_id":267115,"name":"Flashover"},{"tier":2,"id":21695,"spell_id":266134,"name":"Internal Combustion"},{"tier":4,"id":23143,"spell_id":152108,"name":"Cataclysm"},{"tier":6,"id":23156,"spell_id":266086,"name":"Grimoire of Supremacy"},{"tier":7,"id":23092,"spell_id":113858,"name":"Dark Soul: Instability"}],"party":0,"ready_type":0,"bugs":true,"scale_player":true,"potion_used":false,"timeofday":"DAY_TIME","invert_scaling":0,"reaction_offset":0.1,"reaction_max":1.4000000000000001,"reaction_mean":0.3,"reaction_stddev":0.06,"reaction_nu":0.25,"world_lag":0.1,"brain_lag":0.0,"brain_lag_stddev":0.0,"world_lag_override":false,"world_lag_stddev_override":false,"dbc":{"Live":{"build_level":27404,"wow_version":"8.0.1"},"version_used":"Live"},"base_mana_regen_per_second":1000.0,"collected_data":{"fight_length":{"sum":304457.355,"count":1017,"mean":299.36809734513275,"min":240.229,"max":359.822},"executed_foreground_actions":{"sum":211417.0,"count":1017,"mean":207.88298918387414,"min":169.0,"max":248.0},"dmg":{"sum":2314587129.6476836,"count":1017,"mean":2275896.8826427567,"min":1843026.6868612485,"max":2710704.1535049463},"compound_dmg":{"sum":2837811690.0812464,"count":1017,"mean":2790375.3098144014,"min":2297741.029222279,"max":3308959.6531275},"timeline_dmg":{"mean":9200.917672551197,"mean_std_dev":6985.239246969745,"min":0.0,"max":63329.773891318546,