{"results":[["Trait","325","340","355","370","385"],["Thunderous Blast",323,470,651,811,1030],["Dagger in the Back",330,462,637,777,1014],["Unstable Flames",67,177,278,412,538],["Secrets of the Deep",188,295,439,578,782],["Gutripper",96,214,297,437,591],["Blood Rite",168,253,384,523,685],["Heed My Call",121,204,325,466,630],["Tidal Surge",246,341,488,662,847],["Filthy Transfusion",237,358,452,630,823],["Relational Normalization Gizmo",217,316,454,584,772],["Synaptic Spark Capacitor",188,294,416,582,768],["Sylvanas' Resolve / Anduin's Dedication",199,293,442,587,746],["Swirling Sands",186,306,419,555,691],["Meticulous Scheming",178,291,392,524,673],["Ricocheting Inflatable Pyrosaw",82,203,307,453,604],["Collective Will / Stand As One",69,158,271,388,541],["Barrage Of Many Bombs",161,256,396,524,696],["Crashing Chaos",317,462,597,794,978],["Ruinous Bolt",150,235,384,508,694],["Accelerant",-5,83,183,296,438],["Rolling Havoc",17,88,189,301,426],["Laser Matrix",309,419,595,762,946],["Tradewinds",188,306,381,548,704],["Azerite Globules",84,179,278,408,550],["Blood Siphon",136,235,350,476,604],["Earthlink",81,179,265,420,571],["Bursting Flare",167,285,399,535,685],["Incite the Pack",172,287,391,540,675],["Combined Might / Stronger Together",38,146,213,354,516],["Battlefield Focus / Battlefield Precision",26,132,227,344,476],["Retaliatory Fury / Last Gift",103,215,300,434,581],["Glory in Battle / Liberator's Might",157,255,382,490,660],["Unstable Catalyst",206,332,457,630,792],["Overwhelming Power",119,210,326,432,595],["Champion of Azeroth",244,365,479,621,772],["Chaotic Inferno",165,276,396,564,725],["Blightborne Infusion",230,346,484,606,784],["Rezan's Fury",244,378,515,662,866],["Elemental Whirl",75,189,296,414,555],["Flashpoint",134,237,333,465,594]],"metas":{"build_date":"Aug 17 2018","build_time":"14:03:13","git_revision":"f3206853b5","options":{"debug":false,"max_time":300.0,"expected_iteration_time":352.36400000000003,"vary_combat_length":0.2,"iterations":1020,"target_error":0.2,"threads":32,"seed":13563295704342282368,"single_actor_batch":false,"queue_lag":0.005,"queue_lag_stddev":0.001,"gcd_lag":0.15,"gcd_lag_stddev":0.037,"channel_lag":0.25,"channel_lag_stddev":0.062,"queue_gcd_reduction":0.1,"strict_gcd_queue":0,"confidence":0.95,"confidence_estimator":1.9599639854089754,"world_lag":0.1,"world_lag_stddev":0.01,"travel_variance":0.0,"default_skill":1.0,"reaction_time":0.5,"regen_periodicity":0.25,"ignite_sampling_delta":0.2,"fixed_time":true,"optimize_expressions":true,"optimal_raid":1,"log":0,"debug_each":0,"stat_cache":1,"max_aoe_enemies":20,"show_etmi":false,"tmi_window_global":0.0,"tmi_bin_size":0.5,"enemy_death_pct":0.0,"challenge_mode":false,"timewalk":-1,"pvp_crit":false,"rng":{"name":"sse2-sfmt"},"deterministic":0,"average_range":1,"average_gauss":0,"fight_style":"Patchwerk","default_aura_delay":0.03,"default_aura_delay_stddev":0.005,"dbc":{"bfa-BETA":{"build_level":26095,"wow_version":"8.0.1"},"version_used":"bfa-BETA"}},"overrides":{"arcane_intellect":1,"battle_shout":1,"power_word_fortitude":1,"chaos_brand":1,"mystic_touch":1,"mortal_wounds":1,"bleeding":1,"bloodlust":1,"bloodlust_percent":25,"bloodlust_time":0.5},"statistics":{"elapsed_cpu_seconds":8631.435488999996,"elapsed_time_seconds":9.328658,"init_time_seconds":3.274755181000003,"merge_time_seconds":0.005712144000000001,"analyze_time_seconds":0.1850414140000001,"simulation_length":{"sum":296325.251,"count":988,"mean":299.9243431174089,"min":240.066,"max":359.96,"median":300.68,"variance":1222.1165022132418,"std_dev":34.958782905204835,"mean_variance":1.2369600224830382,"mean_std_dev":1.1121870447379965},"raid_dps":{"sum":9229106.199262196,"count":988,"mean":9341.200606540684},"total_dmg":{"sum":2759381517.639493,"count":988,"mean":2792896.2729144664},"total_iterations":198092,"total_actors":201,"total_iterations_mean":985.5323383084577,"total_iterations_variance":909386.0398009955,"total_iterations_stddev":953.6173445365786,"total_mean_dps_stddev":9.939506276816351,"total_mean_dps_variance":98.79378502687163},"player":{"name":"Template","race":"troll","level":120,"role":"spell","specialization":"Destruction Warlock","profile_source":"default","talents":[{"tier":1,"id":22038,"spell_id":267115,"name":"Flashover"},{"tier":2,"id":21695,"spell_id":266134,"name":"Internal Combustion"},{"tier":4,"id":23143,"spell_id":152108,"name":"Cataclysm"},{"tier":6,"id":23156,"spell_id":266086,"name":"Grimoire of Supremacy"},{"tier":7,"id":23092,"spell_id":113858,"name":"Dark Soul: Instability"}],"party":0,"ready_type":0,"bugs":true,"scale_player":true,"potion_used":false,"timeofday":"DAY_TIME","invert_scaling":0,"reaction_offset":0.1,"reaction_max":1.4000000000000001,"reaction_mean":0.3,"reaction_stddev":0.06,"reaction_nu":0.25,"world_lag":0.1,"brain_lag":0.0,"brain_lag_stddev":0.0,"world_lag_override":false,"world_lag_stddev_override":false,"dbc":{"bfa-BETA":{"build_level":26095,"wow_version":"8.0.1"},"version_used":"bfa-BETA"},"base_mana_regen_per_second":1000.0,"collected_data":{"fight_length":{"sum":296325.25099999993,"count":988,"mean":299.92434311740885,"min":240.066,"max":359.96},"executed_foreground_actions":{"sum":205798.0,"count":988,"mean":208.29757085020242,"min":168.0,"max":248.0},"dmg":{"sum":2250443981.4434953,"count":988,"mean":2277777.309153335,"min":1843494.8332595152,"max":2761661.2077464275},"compound_dmg":{"sum":2759381517.639493,"count":988,"mean":2792896.2729144664,"min":2297969.086344864,"max":3334546.793024199},"timeline_dmg":{"mean":9222.84773513221,"mean_std_dev":6930.291833238486,"min":0.0,"max":63251.970620905144,