{"results":[["Trait","325","340","355","370","385"],["Thunderous Blast",365,609,872,1144,1443],["Tidal Surge",302,567,748,1063,1332],["Azerite Globules",281,461,688,933,1193],["Secrets of the Deep",441,612,915,1192,1499],["Gutripper",110,313,550,810,1018],["Unstable Flames",262,424,678,846,1102],["Blood Rite",439,667,847,1126,1316],["Heed My Call",225,443,660,902,1188],["Filthy Transfusion",295,503,702,919,1261],["Relational Normalization Gizmo",511,708,955,1209,1550],["Synaptic Spark Capacitor",689,975,1240,1582,1991],["Sylvanas' Resolve / Anduin's Dedication",407,633,869,1132,1462],["Feeding Frenzy",448,551,845,989,1302],["Swirling Sands",572,769,1009,1242,1540],["Meticulous Scheming",181,364,550,803,1015],["Ricocheting Inflatable Pyrosaw",330,571,766,1055,1361],["Laser Matrix",398,585,881,1100,1453],["Tradewinds",568,777,1034,1247,1585],["Collective Will / Stand As One",182,299,529,828,1071],["Barrage Of Many Bombs",543,764,1075,1330,1714],["Serrated Jaws",215,351,587,779,1104],["Primal Instincts",826,1094,1320,1574,1839],["Overwhelming Power",312,473,701,933,1154],["Unstable Catalyst",443,685,998,1219,1541],["Rapid Reload",288,503,727,974,1235],["Pack Alpha",73,266,411,596,889],["Dance of Death",305,541,733,980,1278],["Haze of Rage",397,656,865,1147,1462],["Dagger in the Back",456,691,942,1198,1534],["Incite the Pack",537,735,972,1204,1495],["Combined Might / Stronger Together",103,340,529,776,1014],["Battlefield Focus / Battlefield Precision",103,274,442,685,937],["Retaliatory Fury / Last Gift",328,539,745,939,1264],["Glory in Battle / Liberator's Might",428,641,846,1099,1348],["Ruinous Bolt",250,398,619,875,1130],["Blood Siphon",262,392,627,855,1163],["Blightborne Infusion",630,861,1077,1381,1651],["Champion of Azeroth",685,942,1227,1453,1756],["Earthlink",185,388,636,848,1093],["Rezan's Fury",335,500,748,1036,1354],["Elemental Whirl",288,436,621,879,1124]],"metas":{"build_date":"Aug 19 2018","build_time":"01:32:03","git_revision":"08c89b7e98","options":{"debug":false,"max_time":300.0,"expected_iteration_time":257.73900000000003,"vary_combat_length":0.2,"iterations":716,"target_error":0.2,"threads":32,"seed":11952781584074278302,"single_actor_batch":false,"queue_lag":0.005,"queue_lag_stddev":0.001,"gcd_lag":0.15,"gcd_lag_stddev":0.037,"channel_lag":0.25,"channel_lag_stddev":0.062,"queue_gcd_reduction":0.1,"strict_gcd_queue":0,"confidence":0.95,"confidence_estimator":1.9599639854089754,"world_lag":0.1,"world_lag_stddev":0.01,"travel_variance":0.0,"default_skill":1.0,"reaction_time":0.5,"regen_periodicity":0.25,"ignite_sampling_delta":0.2,"fixed_time":true,"optimize_expressions":true,"optimal_raid":1,"log":0,"debug_each":0,"stat_cache":1,"max_aoe_enemies":20,"show_etmi":false,"tmi_window_global":0.0,"tmi_bin_size":0.5,"enemy_death_pct":0.0,"challenge_mode":false,"timewalk":-1,"pvp_crit":false,"rng":{"name":"sse2-sfmt"},"deterministic":0,"average_range":1,"average_gauss":0,"fight_style":"Patchwerk","default_aura_delay":0.03,"default_aura_delay_stddev":0.005,"dbc":{"bfa-BETA":{"build_level":26095,"wow_version":"8.0.1"},"version_used":"bfa-BETA"}},"overrides":{"arcane_intellect":1,"battle_shout":1,"power_word_fortitude":1,"chaos_brand":1,"mystic_touch":1,"mortal_wounds":1,"bleeding":1,"bloodlust":1,"bloodlust_percent":25,"bloodlust_time":0.5},"statistics":{"elapsed_cpu_seconds":10999.346845,"elapsed_time_seconds":11.750079999999999,"init_time_seconds":2.158420888999999,"merge_time_seconds":0.005970981,"analyze_time_seconds":0.15124436900000002,"simulation_length":{"sum":207129.576,"count":684,"mean":302.8210175438596,"min":240.022,"max":359.882,"median":304.109,"variance":1205.3740979587565,"std_dev":34.718497921983264,"mean_variance":1.7622428332730358,"mean_std_dev":1.3274949466092274},"raid_dps":{"sum":14492959.024707261,"count":684,"mean":21188.53658582933},"total_dmg":{"sum":4383529890.542969,"count":684,"mean":6408669.430618376},"total_iterations":141086,"total_actors":206,"total_iterations_mean":684.8834951456311,"total_iterations_variance":518169.2038834954,"total_iterations_stddev":719.8397070761625,"total_mean_dps_stddev":22.442215174318463,"total_mean_dps_variance":503.65302193040986},"player":{"name":"Template","race":"orc","level":120,"role":"attack","specialization":"Beast Mastery Hunter","profile_source":"default","talents":[{"tier":1,"id":22291,"spell_id":273887,"name":"Killer Instinct"},{"tier":2,"id":22290,"spell_id":53209,"name":"Chimaera Shot"},{"tier":4,"id":22269,"spell_id":131894,"name":"A Murder of Crows"},{"tier":6,"id":19357,"spell_id":199530,"name":"Stomp"},{"tier":7,"id":22273,"spell_id":191384,"name":"Aspect of the Beast"}],"party":0,"ready_type":0,"bugs":true,"scale_player":true,"potion_used":false,"timeofday":"DAY_TIME","invert_scaling":0,"reaction_offset":0.1,"reaction_max":1.4000000000000001,"reaction_mean":0.3,"reaction_stddev":0.06,"reaction_nu":0.25,"world_lag":0.1,"brain_lag":0.0,"brain_lag_stddev":0.0,"world_lag_override":false,"world_lag_stddev_override":false,"dbc":{"bfa-BETA":{"build_level":26095,"wow_version":"8.0.1"},"version_used":"bfa-BETA"},"base_focus_regen_per_second":10.0,"collected_data":{"fight_length":{"sum":207129.57600000003,"count":684,"mean":302.8210175438597,"min":240.022,"max":359.882},"waiting_time":{"sum":30163.600000000002,"count":684,"mean":44.09883040935673,"min":28.0,"max":59.6},"executed_foreground_actions":{"sum":148294.0,"count":684,"mean":216.80409356725147,"min":169.0,"max":257.0},"dmg":{"sum":1261874569.592713,"count":684,"mean":1844845.8619776508,"min":1358424.6939604676,"max":2231812.204545744},"compound_dmg":{"sum":4383529890.542969,"count":684,"mean":6408669.430618376,"min":4883189.712381984,"max":7745948.0391002465},"timeline_dmg":{"mean":21619.31657874304,"mean_std_dev":8742.860028552044,"min":6616.832915013565,"max":96479.68521592207,