{"results":[["Trait","325","340","355","370","385"],["Laser Matrix",345,499,710,964,1179],["Archive of the Titans",243,391,578,768,965],["Relational Normalization Gizmo",280,450,640,812,1020],["Synaptic Spark Capacitor",440,637,859,1103,1397],["Gutripper",89,249,379,559,788],["Sylvanas' Resolve / Anduin's Dedication",223,423,589,783,1041],["Swirling Sands",320,484,666,832,1058],["Tradewinds",339,500,663,848,1050],["Ricocheting Inflatable Pyrosaw",208,373,529,744,962],["Heed My Call",120,296,454,653,879],["Barrage Of Many Bombs",314,512,691,911,1191],["Perforate",18,141,257,412,611],["Champion of Azeroth",406,592,775,996,1175],["The First Dance",246,385,542,770,949],["Inevitability",513,657,829,969,1224],["Tidal Surge",304,448,631,852,1111],["Collective Will / Stand As One",95,210,350,527,735],["Combined Might / Stronger Together",35,202,341,508,687],["Battlefield Focus / Battlefield Precision",102,256,368,547,746],["Retaliatory Fury / Last Gift",193,309,456,645,827],["Glory in Battle / Liberator's Might",258,379,507,677,924],["Blood Rite",227,394,561,716,906],["Unstable Flames",137,222,369,589,758],["Meticulous Scheming",227,370,537,720,926],["Incite the Pack",294,472,619,818,1055],["Unstable Catalyst",288,429,638,866,1094],["Azerite Globules",162,285,448,667,861],["Earthlink",91,235,400,569,791],["Night's Vengeance",267,430,620,826,1020],["Dagger in the Back",298,470,674,892,1152],["Secrets of the Deep",251,424,612,809,1064],["Blood Siphon",146,237,410,571,768],["Ruinous Bolt",200,317,493,705,930],["Sharpened Blades",9,166,419,664,994],["Thunderous Blast",386,575,760,931,1192],["Overwhelming Power",164,255,429,603,805],["Filthy Transfusion",241,397,549,744,1001],["Blightborne Infusion",417,552,682,902,1121],["Blade In The Shadows",529,754,949,1274,1553],["Rezan's Fury",273,424,622,838,1110],["Elemental Whirl",139,269,432,591,758]],"metas":{"build_date":"Aug 29 2018","build_time":"06:51:22","git_revision":"744e4aaddc","options":{"debug":false,"max_time":300.0,"expected_iteration_time":337.61400000000003,"vary_combat_length":0.2,"iterations":811,"target_error":0.2,"threads":32,"seed":12341071860084210712,"single_actor_batch":false,"queue_lag":0.005,"queue_lag_stddev":0.001,"gcd_lag":0.15,"gcd_lag_stddev":0.037,"channel_lag":0.25,"channel_lag_stddev":0.062,"queue_gcd_reduction":0.1,"strict_gcd_queue":0,"confidence":0.95,"confidence_estimator":1.9599639854089754,"world_lag":0.1,"world_lag_stddev":0.01,"travel_variance":0.0,"default_skill":1.0,"reaction_time":0.5,"regen_periodicity":0.25,"ignite_sampling_delta":0.2,"fixed_time":true,"optimize_expressions":true,"optimal_raid":1,"log":0,"debug_each":0,"stat_cache":1,"max_aoe_enemies":20,"show_etmi":false,"tmi_window_global":0.0,"tmi_bin_size":0.5,"enemy_death_pct":0.0,"challenge_mode":false,"timewalk":-1,"pvp_crit":false,"rng":{"name":"sse2-sfmt"},"deterministic":0,"average_range":1,"average_gauss":0,"fight_style":"Patchwerk","default_aura_delay":0.03,"default_aura_delay_stddev":0.005,"dbc":{"Live":{"build_level":27481,"wow_version":"8.0.1"},"version_used":"Live"}},"overrides":{"arcane_intellect":1,"battle_shout":1,"power_word_fortitude":1,"chaos_brand":1,"mystic_touch":1,"mortal_wounds":1,"bleeding":1,"bloodlust":1,"bloodlust_percent":25,"bloodlust_time":0.5},"statistics":{"elapsed_cpu_seconds":11131.74048499999,"elapsed_time_seconds":11.964820000000001,"init_time_seconds":2.9486160589999986,"merge_time_seconds":0.006066732000000001,"analyze_time_seconds":0.14743305399999995,"simulation_length":{"sum":232071.221,"count":779,"mean":297.9091412066752,"min":240.0,"max":359.964,"median":297.487,"variance":1237.5384066039376,"std_dev":35.17866408213845,"mean_variance":1.5886243987213575,"mean_std_dev":1.2604064418755394},"raid_dps":{"sum":12587278.647815928,"count":779,"mean":16158.252436220704},"total_dmg":{"sum":3744466694.213287,"count":779,"mean":4806760.839811665},"total_iterations":150087,"total_actors":206,"total_iterations_mean":728.5776699029126,"total_iterations_variance":375896.2572815533,"total_iterations_stddev":613.103789974873,"total_mean_dps_stddev":17.072182652688475,"total_mean_dps_variance":291.4594205267573},"player":{"name":"Template","race":"night_elf","level":120,"role":"attack","specialization":"Subtlety Rogue","profile_source":"default","talents":[{"tier":1,"id":19234,"spell_id":91023,"name":"Find Weakness"},{"tier":2,"id":22333,"spell_id":108209,"name":"Shadow Focus"},{"tier":3,"id":19241,"spell_id":137619,"name":"Marked for Death"},{"tier":6,"id":22336,"spell_id":238104,"name":"Enveloping Shadows"},{"tier":7,"id":22132,"spell_id":196976,"name":"Master of Shadows"}],"party":0,"ready_type":1,"bugs":true,"scale_player":true,"potion_used":false,"timeofday":"DAY_TIME","invert_scaling":0,"reaction_offset":0.1,"reaction_max":1.4000000000000001,"reaction_mean":0.3,"reaction_stddev":0.06,"reaction_nu":0.25,"world_lag":0.1,"brain_lag":0.0,"brain_lag_stddev":0.0,"world_lag_override":false,"world_lag_stddev_override":false,"dbc":{"Live":{"build_level":27481,"wow_version":"8.0.1"},"version_used":"Live"},"base_energy_regen_per_second":10.0,"collected_data":{"fight_length":{"sum":232071.221,"count":779,"mean":297.9091412066752,"min":240.0,"max":359.964},"waiting_time":{"sum":30775.678,"count":779,"mean":39.50664698331194,"min":28.310000000000002,"max":52.953},"executed_foreground_actions":{"sum":230182.0,"count":779,"mean":295.4839537869063,"min":239.0,"max":358.0},"dmg":{"sum":3744466694.213287,"count":779,"mean":4806760.839811665,"min":3792397.75190664,"max":6022258.929776818},"compound_dmg":{"sum":3744466694.213287,"count":779,"mean":4806760.839811665,"min":3792397.75190664,"max":6022258.929776818},"timeline_dmg":{"mean":16522.71501739233,"mean_std_dev":6074.35216098148,"min":2854.522854083063,"max":35344.75973097727,