{"results":[["Trait","325","340","355","370","385"],["Thunderous Blast",326,541,740,982,1239],["Tidal Surge",204,448,599,784,1040],["Azerite Globules",119,271,434,634,835],["Dagger in the Back",382,559,770,1025,1259],["Unstable Flames",89,235,416,563,768],["Secrets of the Deep",227,388,567,781,998],["Gutripper",93,215,365,557,759],["Blood Rite",274,383,537,773,965],["Heed My Call",139,297,424,589,861],["Filthy Transfusion",219,392,555,756,992],["Relational Normalization Gizmo",307,481,609,844,1081],["Synaptic Spark Capacitor",391,554,784,981,1263],["Sylvanas' Resolve / Anduin's Dedication",212,395,554,776,1016],["Swirling Sands",339,496,626,834,1072],["Laser Matrix",329,492,687,903,1176],["Tradewinds",154,302,407,601,786],["Ricocheting Inflatable Pyrosaw",147,326,494,691,926],["Barrage Of Many Bombs",320,483,698,926,1197],["Blur of Talons",-29,120,251,405,585],["Up Close And Personal",-2,110,235,417,578],["Serrated Jaws",162,297,449,631,844],["Glory in Battle / Liberator's Might",237,391,518,715,933],["Latent Poison",191,347,536,727,1015],["Venomous Fangs",194,344,514,740,990],["Combined Might / Stronger Together",70,138,310,494,681],["Meticulous Scheming",309,428,583,772,1011],["Wilderness Survival",112,215,378,509,703],["Retaliatory Fury / Last Gift",60,198,336,500,676],["Wildfire Cluster",247,473,629,853,1098],["Incite the Pack",120,249,416,611,784],["Collective Will / Stand As One",59,187,339,522,699],["Battlefield Focus / Battlefield Precision",1,112,247,441,634],["Overwhelming Power",97,256,375,525,727],["Ruinous Bolt",149,298,437,618,866],["Unstable Catalyst",272,421,630,823,1126],["Blood Siphon",52,168,318,437,625],["Champion of Azeroth",344,491,689,871,1101],["Blightborne Infusion",397,504,728,876,1136],["Earthlink",72,212,374,559,784],["Rezan's Fury",260,403,625,805,1056],["Elemental Whirl",87,231,380,561,737]],"metas":{"build_date":"Aug 17 2018","build_time":"18:41:44","git_revision":"d045f58118","options":{"debug":false,"max_time":300.0,"expected_iteration_time":351.76300000000003,"vary_combat_length":0.2,"iterations":494,"target_error":0.2,"threads":32,"seed":1233689033828342279,"single_actor_batch":false,"queue_lag":0.005,"queue_lag_stddev":0.001,"gcd_lag":0.15,"gcd_lag_stddev":0.037,"channel_lag":0.25,"channel_lag_stddev":0.062,"queue_gcd_reduction":0.1,"strict_gcd_queue":0,"confidence":0.95,"confidence_estimator":1.9599639854089754,"world_lag":0.1,"world_lag_stddev":0.01,"travel_variance":0.0,"default_skill":1.0,"reaction_time":0.5,"regen_periodicity":0.25,"ignite_sampling_delta":0.2,"fixed_time":true,"optimize_expressions":true,"optimal_raid":1,"log":0,"debug_each":0,"stat_cache":1,"max_aoe_enemies":20,"show_etmi":false,"tmi_window_global":0.0,"tmi_bin_size":0.5,"enemy_death_pct":0.0,"challenge_mode":false,"timewalk":-1,"pvp_crit":false,"rng":{"name":"sse2-sfmt"},"deterministic":0,"average_range":1,"average_gauss":0,"fight_style":"Patchwerk","default_aura_delay":0.03,"default_aura_delay_stddev":0.005,"dbc":{"bfa-BETA":{"build_level":26095,"wow_version":"8.0.1"},"version_used":"bfa-BETA"}},"overrides":{"arcane_intellect":1,"battle_shout":1,"power_word_fortitude":1,"chaos_brand":1,"mystic_touch":1,"mortal_wounds":1,"bleeding":1,"bloodlust":1,"bloodlust_percent":25,"bloodlust_time":0.5},"statistics":{"elapsed_cpu_seconds":6557.5746960000015,"elapsed_time_seconds":7.078761999999999,"init_time_seconds":2.7269302219999996,"merge_time_seconds":0.006280603000000002,"analyze_time_seconds":0.08598137999999994,"simulation_length":{"sum":137581.774,"count":462,"mean":297.7960476190476,"min":240.328,"max":359.927,"median":295.932,"variance":1194.509183867862,"std_dev":34.56167217985643,"mean_variance":2.5855177139997014,"mean_std_dev":1.6079545124162256},"raid_dps":{"sum":7562218.131792568,"count":462,"mean":16368.437514702528},"total_dmg":{"sum":2248888619.9333725,"count":462,"mean":4867724.28557007},"total_iterations":76966,"total_actors":206,"total_iterations_mean":373.621359223301,"total_iterations_variance":225458.4660194177,"total_iterations_stddev":474.8246687140609,"total_mean_dps_stddev":17.21148417668555,"total_mean_dps_variance":296.235187564297},"player":{"name":"Template","race":"pandaren","level":120,"role":"attack","specialization":"Survival Hunter","profile_source":"default","talents":[{"tier":1,"id":22275,"spell_id":268501,"name":"Viper's Venom"},{"tier":2,"id":21997,"spell_id":264332,"name":"Guerrilla Tactics"},{"tier":4,"id":22277,"spell_id":260248,"name":"Bloodseeker"},{"tier":6,"id":22271,"spell_id":269751,"name":"Flanking Strike"},{"tier":7,"id":22272,"spell_id":260331,"name":"Birds of Prey"}],"party":0,"ready_type":0,"bugs":true,"scale_player":true,"potion_used":false,"timeofday":"DAY_TIME","invert_scaling":0,"reaction_offset":0.1,"reaction_max":1.4000000000000001,"reaction_mean":0.3,"reaction_stddev":0.06,"reaction_nu":0.25,"world_lag":0.1,"brain_lag":0.0,"brain_lag_stddev":0.0,"world_lag_override":false,"world_lag_stddev_override":false,"dbc":{"bfa-BETA":{"build_level":26095,"wow_version":"8.0.1"},"version_used":"bfa-BETA"},"base_focus_regen_per_second":5.0,"collected_data":{"fight_length":{"sum":137581.77399999998,"count":462,"mean":297.79604761904756,"min":240.328,"max":359.927},"waiting_time":{"sum":7590.400000000001,"count":462,"mean":16.42943722943723,"min":4.8,"max":32.2},"executed_foreground_actions":{"sum":115290.0,"count":462,"mean":249.54545454545453,"min":192.0,"max":304.0},"dmg":{"sum":1599446447.5218053,"count":462,"mean":3462005.297666245,"min":2778176.787428431,"max":4221429.53456055},"compound_dmg":{"sum":2248888619.9333725,"count":462,"mean":4867724.28557007,"min":3903762.9368244167,"max":5914293.6045123385},"timeline_dmg":{"mean":16917.104503044226,"mean_std_dev":4966.851140061083,"min":9010.476048610626,"max":64599.455075755555,