{"results":[["Trait","325","340","355","370","385"],["Thunderous Blast",309,470,667,904,1164],["Tidal Surge",228,367,568,766,1022],["Azerite Globules",98,259,427,622,808],["Secrets of the Deep",279,399,599,814,1015],["Gutripper",68,246,368,542,744],["Unstable Flames",65,222,372,530,762],["Blood Rite",200,316,476,674,877],["Heed My Call",114,258,423,587,831],["Filthy Transfusion",197,373,543,763,978],["Relational Normalization Gizmo",262,402,577,804,1033],["Synaptic Spark Capacitor",354,524,775,963,1253],["Sylvanas' Resolve / Anduin's Dedication",235,373,591,777,1020],["Feeding Frenzy",187,320,467,663,852],["Swirling Sands",243,392,560,791,1003],["Meticulous Scheming",88,215,360,535,751],["Ricocheting Inflatable Pyrosaw",171,305,479,664,901],["Laser Matrix",280,443,630,854,1134],["Tradewinds",238,411,560,755,967],["Collective Will / Stand As One",64,198,341,558,752],["Barrage Of Many Bombs",294,458,650,876,1123],["Serrated Jaws",103,250,409,594,816],["Primal Instincts",411,543,713,941,1136],["Overwhelming Power",81,192,384,533,722],["Unstable Catalyst",268,454,615,815,1106],["Rapid Reload",-22,111,228,408,585],["Pack Alpha",-30,105,240,390,606],["Dance of Death",122,227,422,609,839],["Haze of Rage",258,399,590,807,1046],["Dagger in the Back",336,519,716,952,1210],["Incite the Pack",210,377,533,720,951],["Combined Might / Stronger Together",37,160,301,472,664],["Battlefield Focus / Battlefield Precision",-19,129,249,432,629],["Retaliatory Fury / Last Gift",113,261,418,589,798],["Glory in Battle / Liberator's Might",196,332,484,647,880],["Ruinous Bolt",133,267,469,634,861],["Blood Siphon",95,189,352,529,729],["Blightborne Infusion",349,488,649,842,1073],["Champion of Azeroth",322,458,620,824,1033],["Earthlink",55,222,379,567,762],["Rezan's Fury",196,377,564,780,1026],["Elemental Whirl",92,225,377,549,784]],"metas":{"build_date":"Aug 19 2018","build_time":"09:20:42","git_revision":"eba9238d5c","options":{"debug":false,"max_time":300.0,"expected_iteration_time":276.23900000000003,"vary_combat_length":0.2,"iterations":749,"target_error":0.2,"threads":32,"seed":13208163540492737633,"single_actor_batch":false,"queue_lag":0.005,"queue_lag_stddev":0.001,"gcd_lag":0.15,"gcd_lag_stddev":0.037,"channel_lag":0.25,"channel_lag_stddev":0.062,"queue_gcd_reduction":0.1,"strict_gcd_queue":0,"confidence":0.95,"confidence_estimator":1.9599639854089754,"world_lag":0.1,"world_lag_stddev":0.01,"travel_variance":0.0,"default_skill":1.0,"reaction_time":0.5,"regen_periodicity":0.25,"ignite_sampling_delta":0.2,"fixed_time":true,"optimize_expressions":true,"optimal_raid":1,"log":0,"debug_each":0,"stat_cache":1,"max_aoe_enemies":20,"show_etmi":false,"tmi_window_global":0.0,"tmi_bin_size":0.5,"enemy_death_pct":0.0,"challenge_mode":false,"timewalk":-1,"pvp_crit":false,"rng":{"name":"sse2-sfmt"},"deterministic":0,"average_range":1,"average_gauss":0,"fight_style":"Patchwerk","default_aura_delay":0.03,"default_aura_delay_stddev":0.005,"dbc":{"bfa-BETA":{"build_level":26095,"wow_version":"8.0.1"},"version_used":"bfa-BETA"}},"overrides":{"arcane_intellect":1,"battle_shout":1,"power_word_fortitude":1,"chaos_brand":1,"mystic_touch":1,"mortal_wounds":1,"bleeding":1,"bloodlust":1,"bloodlust_percent":25,"bloodlust_time":0.5},"statistics":{"elapsed_cpu_seconds":10164.510297000004,"elapsed_time_seconds":11.078451,"init_time_seconds":2.1617223979999993,"merge_time_seconds":0.0059363340000000014,"analyze_time_seconds":0.140868619,"simulation_length":{"sum":213685.10899999994,"count":717,"mean":298.02665132496503,"min":240.711,"max":359.991,"median":297.752,"variance":1131.9096020597367,"std_dev":33.64386425575601,"mean_variance":1.5786744798601628,"mean_std_dev":1.2564531347647483},"raid_dps":{"sum":8935133.588272462,"count":717,"mean":12461.832061746809},"total_dmg":{"sum":2659774124.222218,"count":717,"mean":3709587.3420114615},"total_iterations":130984,"total_actors":206,"total_iterations_mean":635.8446601941747,"total_iterations_variance":569993.0291262133,"total_iterations_stddev":754.9788269390164,"total_mean_dps_stddev":13.230306290131304,"total_mean_dps_variance":175.04100453068796},"player":{"name":"Template","race":"orc","level":120,"role":"attack","specialization":"Beast Mastery Hunter","profile_source":"default","talents":[{"tier":1,"id":22291,"spell_id":273887,"name":"Killer Instinct"},{"tier":2,"id":22290,"spell_id":53209,"name":"Chimaera Shot"},{"tier":4,"id":22269,"spell_id":131894,"name":"A Murder of Crows"},{"tier":6,"id":19357,"spell_id":199530,"name":"Stomp"},{"tier":7,"id":22273,"spell_id":191384,"name":"Aspect of the Beast"}],"party":0,"ready_type":0,"bugs":true,"scale_player":true,"potion_used":false,"timeofday":"DAY_TIME","invert_scaling":0,"reaction_offset":0.1,"reaction_max":1.4000000000000001,"reaction_mean":0.3,"reaction_stddev":0.06,"reaction_nu":0.25,"world_lag":0.1,"brain_lag":0.0,"brain_lag_stddev":0.0,"world_lag_override":false,"world_lag_stddev_override":false,"dbc":{"bfa-BETA":{"build_level":26095,"wow_version":"8.0.1"},"version_used":"bfa-BETA"},"base_focus_regen_per_second":10.0,"collected_data":{"fight_length":{"sum":213685.109,"count":717,"mean":298.02665132496514,"min":240.711,"max":359.991},"waiting_time":{"sum":32027.9,"count":717,"mean":44.669316596931665,"min":28.8,"max":61.9},"executed_foreground_actions":{"sum":159224.0,"count":717,"mean":222.0697350069735,"min":176.0,"max":266.0},"dmg":{"sum":898380058.4220947,"count":717,"mean":1252970.7927783749,"min":953649.4204157816,"max":1511224.5881482929},"compound_dmg":{"sum":2659774124.222218,"count":717,"mean":3709587.3420114615,"min":2859030.0894536283,"max":4529271.438217652},"timeline_dmg":{"mean":12637.634887478775,"mean_std_dev":4868.469127545136,"min":2120.7615097844887,"max":39665.30402691825,