{"results":[["Trait","325","340","355","370","385"],["Thunderous Blast",370,596,820,1100,1375],["Tidal Surge",255,429,668,919,1213],["Azerite Globules",161,323,547,748,1025],["Secrets of the Deep",318,518,742,981,1288],["Filthy Transfusion",235,466,610,881,1163],["Blood Rite",304,488,679,937,1172],["Relational Normalization Gizmo",394,575,793,998,1323],["Synaptic Spark Capacitor",377,608,838,1106,1403],["Gutripper",119,237,504,666,930],["Sylvanas' Resolve / Anduin's Dedication",343,526,697,979,1264],["Swirling Sands",568,762,922,1211,1512],["Meticulous Scheming",348,559,778,971,1254],["Ricocheting Inflatable Pyrosaw",199,385,619,844,1126],["Laser Matrix",357,535,751,1033,1358],["Tradewinds",422,639,783,1056,1290],["Heed My Call",160,289,534,734,999],["Collective Will / Stand As One",131,244,447,661,921],["Barrage Of Many Bombs",325,604,813,1029,1351],["Dagger in the Back",434,614,874,1111,1456],["Unstable Flames",187,367,560,742,975],["Shrouded Suffocation",958,1209,1535,1864,2300],["Fan of Blades",45,184,300,505,792],["Twist the Knife",264,426,600,874,1156],["Scent of Blood",393,614,853,1141,1497],["Sharpened Blades",1,161,389,620,886],["Poisoned Wire",31,191,367,534,816],["Double Dose",1,130,337,496,763],["Overwhelming Power",204,376,599,780,1072],["Unstable Catalyst",355,551,753,1055,1322],["Earthlink",158,296,474,719,952],["Incite the Pack",337,584,748,975,1248],["Combined Might / Stronger Together",117,279,394,609,852],["Battlefield Focus / Battlefield Precision",48,214,356,596,766],["Retaliatory Fury / Last Gift",218,436,583,791,1050],["Glory in Battle / Liberator's Might",359,518,704,919,1188],["Ruinous Bolt",154,322,500,732,979],["Blood Siphon",166,322,492,737,916],["Champion of Azeroth",580,703,989,1221,1476],["Blightborne Infusion",599,784,999,1295,1583],["Rezan's Fury",262,499,714,919,1246],["Elemental Whirl",195,360,550,733,1004]],"metas":{"build_date":"Aug 18 2018","build_time":"08:59:09","git_revision":"7948886e6d","options":{"debug":false,"max_time":300.0,"expected_iteration_time":309.90500000000003,"vary_combat_length":0.2,"iterations":578,"target_error":0.2,"threads":32,"seed":14387660972896205164,"single_actor_batch":false,"queue_lag":0.005,"queue_lag_stddev":0.001,"gcd_lag":0.15,"gcd_lag_stddev":0.037,"channel_lag":0.25,"channel_lag_stddev":0.062,"queue_gcd_reduction":0.1,"strict_gcd_queue":0,"confidence":0.95,"confidence_estimator":1.9599639854089754,"world_lag":0.1,"world_lag_stddev":0.01,"travel_variance":0.0,"default_skill":1.0,"reaction_time":0.5,"regen_periodicity":0.25,"ignite_sampling_delta":0.2,"fixed_time":true,"optimize_expressions":true,"optimal_raid":1,"log":0,"debug_each":0,"stat_cache":1,"max_aoe_enemies":20,"show_etmi":false,"tmi_window_global":0.0,"tmi_bin_size":0.5,"enemy_death_pct":0.0,"challenge_mode":false,"timewalk":-1,"pvp_crit":false,"rng":{"name":"sse2-sfmt"},"deterministic":0,"average_range":1,"average_gauss":0,"fight_style":"Patchwerk","default_aura_delay":0.03,"default_aura_delay_stddev":0.005,"dbc":{"bfa-BETA":{"build_level":26095,"wow_version":"8.0.1"},"version_used":"bfa-BETA"}},"overrides":{"arcane_intellect":1,"battle_shout":1,"power_word_fortitude":1,"chaos_brand":1,"mystic_touch":1,"mortal_wounds":1,"bleeding":1,"bloodlust":1,"bloodlust_percent":25,"bloodlust_time":0.5},"statistics":{"elapsed_cpu_seconds":15798.766332999992,"elapsed_time_seconds":17.022963999999998,"init_time_seconds":3.0777608509999994,"merge_time_seconds":0.006503223000000001,"analyze_time_seconds":0.110552358,"simulation_length":{"sum":163571.615,"count":546,"mean":299.58171245421244,"min":240.026,"max":359.515,"median":299.788,"variance":1169.282620065669,"std_dev":34.19477474798846,"mean_variance":2.1415432601935334,"mean_std_dev":1.4634012642448868},"raid_dps":{"sum":10498979.634927351,"count":546,"mean":19228.900430269874},"total_dmg":{"sum":3142515097.535646,"count":546,"mean":5755522.156658692},"total_iterations":109092,"total_actors":206,"total_iterations_mean":529.5728155339806,"total_iterations_variance":435258.40776699013,"total_iterations_stddev":659.7411672519687,"total_mean_dps_stddev":20.308329531029205,"total_mean_dps_variance":412.42824834087287},"player":{"name":"Template","race":"troll","level":120,"role":"attack","specialization":"Assassination Rogue","profile_source":"default","talents":[{"tier":1,"id":22338,"spell_id":193640,"name":"Elaborate Planning"},{"tier":2,"id":22332,"spell_id":108208,"name":"Subterfuge"},{"tier":3,"id":19239,"spell_id":14983,"name":"Vigor"},{"tier":6,"id":23015,"spell_id":245388,"name":"Toxic Blade"},{"tier":7,"id":21186,"spell_id":255544,"name":"Poison Bomb"}],"party":0,"ready_type":1,"bugs":true,"scale_player":true,"potion_used":false,"timeofday":"DAY_TIME","invert_scaling":0,"reaction_offset":0.1,"reaction_max":1.4000000000000001,"reaction_mean":0.3,"reaction_stddev":0.06,"reaction_nu":0.25,"world_lag":0.1,"brain_lag":0.0,"brain_lag_stddev":0.0,"world_lag_override":false,"world_lag_stddev_override":false,"dbc":{"bfa-BETA":{"build_level":26095,"wow_version":"8.0.1"},"version_used":"bfa-BETA"},"base_energy_regen_per_second":11.0,"collected_data":{"fight_length":{"sum":163571.61499999996,"count":546,"mean":299.5817124542124,"min":240.026,"max":359.515},"waiting_time":{"sum":2988.1130000000003,"count":546,"mean":5.472734432234433,"min":1.973,"max":10.634},"executed_foreground_actions":{"sum":161545.0,"count":546,"mean":295.8699633699634,"min":235.0,"max":352.0},"dmg":{"sum":3142515097.535646,"count":546,"mean":5755522.156658692,"min":4532043.448107531,"max":7007168.372488908},"compound_dmg":{"sum":3142515097.535646,"count":546,"mean":5755522.156658692,"min":4532043.448107531,"max":7007168.372488908},"timeline_dmg":{"mean":19754.74289923417,"mean_std_dev":5328.849752388909,"min":3552.3754810494042,"max":47422.814664386,