{"results":[["Trait","325","340","355","370","385"],["Laser Matrix",294,505,697,918,1170],["Archive of the Titans",220,386,545,756,968],["Relational Normalization Gizmo",205,353,534,715,930],["Synaptic Spark Capacitor",414,574,763,981,1270],["Sylvanas' Resolve / Anduin's Dedication",236,375,563,757,994],["Gutripper",97,226,381,562,753],["Swirling Sands",303,455,596,771,997],["Tradewinds",205,366,512,675,873],["Ricocheting Inflatable Pyrosaw",200,338,527,697,930],["Heed My Call",139,290,433,616,856],["Barrage Of Many Bombs",354,511,697,924,1195],["Snake Eyes",220,374,512,703,940],["Tidal Surge",243,412,623,789,1039],["Collective Will / Stand As One",64,206,357,514,730],["Combined Might / Stronger Together",41,183,311,450,642],["Battlefield Focus / Battlefield Precision",260,391,574,813,1031],["Retaliatory Fury / Last Gift",107,233,382,540,737],["Glory in Battle / Liberator's Might",175,293,464,634,817],["Blood Rite",135,242,404,564,762],["Unstable Flames",93,227,385,538,712],["Meticulous Scheming",146,315,436,587,820],["Incite the Pack",222,329,467,658,869],["Unstable Catalyst",277,426,582,815,1050],["Deadshot",203,360,568,807,1087],["Azerite Globules",124,301,454,634,846],["Storm of Steel",326,511,675,888,1155],["Earthlink",86,229,365,552,729],["Dagger in the Back",305,462,657,870,1128],["Secrets of the Deep",235,401,564,787,1002],["Blood Siphon",83,210,325,481,687],["Brigand's Blitz",100,251,376,565,753],["Ruinous Bolt",148,296,443,638,835],["Blightborne Infusion",317,474,643,837,1053],["Overwhelming Power",45,194,324,486,675],["Rezan's Fury",267,420,609,817,1033],["Paradise Lost",348,534,688,913,1176],["Thunderous Blast",361,584,748,947,1263],["Champion of Azeroth",283,444,619,782,966],["Filthy Transfusion",251,385,577,787,998],["Ace Up Your Sleeve",-120,-8,149,305,504],["Elemental Whirl",110,201,342,520,705]],"metas":{"build_date":"Aug 26 2018","build_time":"08:15:22","git_revision":"8a4b661fb5","options":{"debug":false,"max_time":300.0,"expected_iteration_time":244.65800000000002,"vary_combat_length":0.2,"iterations":984,"target_error":0.2,"threads":32,"seed":2062176095938752310,"single_actor_batch":false,"queue_lag":0.005,"queue_lag_stddev":0.001,"gcd_lag":0.15,"gcd_lag_stddev":0.037,"channel_lag":0.25,"channel_lag_stddev":0.062,"queue_gcd_reduction":0.1,"strict_gcd_queue":0,"confidence":0.95,"confidence_estimator":1.9599639854089754,"world_lag":0.1,"world_lag_stddev":0.01,"travel_variance":0.0,"default_skill":1.0,"reaction_time":0.5,"regen_periodicity":0.25,"ignite_sampling_delta":0.2,"fixed_time":true,"optimize_expressions":true,"optimal_raid":1,"log":0,"debug_each":0,"stat_cache":1,"max_aoe_enemies":20,"show_etmi":false,"tmi_window_global":0.0,"tmi_bin_size":0.5,"enemy_death_pct":0.0,"challenge_mode":false,"timewalk":-1,"pvp_crit":false,"rng":{"name":"sse2-sfmt"},"deterministic":0,"average_range":1,"average_gauss":0,"fight_style":"Patchwerk","default_aura_delay":0.03,"default_aura_delay_stddev":0.005,"dbc":{"Live":{"build_level":27404,"wow_version":"8.0.1"},"version_used":"Live"}},"overrides":{"arcane_intellect":1,"battle_shout":1,"power_word_fortitude":1,"chaos_brand":1,"mystic_touch":1,"mortal_wounds":1,"bleeding":1,"bloodlust":1,"bloodlust_percent":25,"bloodlust_time":0.5},"statistics":{"elapsed_cpu_seconds":12910.376995,"elapsed_time_seconds":13.861909,"init_time_seconds":2.413299811000001,"merge_time_seconds":0.006112622000000001,"analyze_time_seconds":0.18558620099999995,"simulation_length":{"sum":283729.378,"count":952,"mean":298.03506092436976,"min":240.042,"max":359.976,"median":296.85,"variance":1202.680553059314,"std_dev":34.6796850196093,"mean_variance":1.26331990867575,"mean_std_dev":1.1239750480663484},"raid_dps":{"sum":11406811.246953815,"count":952,"mean":11981.94458713636},"total_dmg":{"sum":3396436517.6605725,"count":952,"mean":3567685.4177106856},"total_iterations":184009,"total_actors":206,"total_iterations_mean":893.247572815534,"total_iterations_variance":710330.3737864075,"total_iterations_stddev":842.8109952927806,"total_mean_dps_stddev":12.76210616622682,"total_mean_dps_variance":162.87135379804462},"player":{"name":"Template","race":"dwarf","level":120,"role":"attack","specialization":"Outlaw Rogue","profile_source":"default","talents":[{"tier":1,"id":22119,"spell_id":196938,"name":"Quick Draw"},{"tier":2,"id":19238,"spell_id":196922,"name":"Hit and Run"},{"tier":3,"id":19239,"spell_id":14983,"name":"Vigor"},{"tier":6,"id":19250,"spell_id":5171,"name":"Slice and Dice"},{"tier":7,"id":23075,"spell_id":271877,"name":"Blade Rush"}],"party":0,"ready_type":1,"bugs":true,"scale_player":true,"potion_used":false,"timeofday":"DAY_TIME","invert_scaling":0,"reaction_offset":0.1,"reaction_max":1.4000000000000001,"reaction_mean":0.3,"reaction_stddev":0.06,"reaction_nu":0.25,"world_lag":0.1,"brain_lag":0.0,"brain_lag_stddev":0.0,"world_lag_override":false,"world_lag_stddev_override":false,"dbc":{"Live":{"build_level":27404,"wow_version":"8.0.1"},"version_used":"Live"},"base_energy_regen_per_second":14.85,"collected_data":{"fight_length":{"sum":283729.3780000001,"count":952,"mean":298.0350609243698,"min":240.042,"max":359.976},"waiting_time":{"sum":16336.523,"count":952,"mean":17.160213235294115,"min":8.232,"max":31.617},"executed_foreground_actions":{"sum":285752.0,"count":952,"mean":300.15966386554624,"min":237.0,"max":369.0},"dmg":{"sum":3396436517.6605725,"count":952,"mean":3567685.4177106856,"min":2747794.670973162,"max":4551011.992077162},"compound_dmg":{"sum":3396436517.6605725,"count":952,"mean":3567685.4177106856,"min":2747794.670973162,"max":4551011.992077162},"timeline_dmg":{"mean":12183.686108815715,"mean_std_dev":4693.550501654813,"min":3366.626622667905,"max":31052.239497131122,