{"results":[["Trait","325","340","355","370","385"],["Laser Matrix",370,524,819,1085,1390],["Archive of the Titans",287,495,708,964,1227],["Relational Normalization Gizmo",275,501,721,906,1179],["Synaptic Spark Capacitor",612,869,1148,1458,1870],["Swirling Sands",334,484,705,927,1181],["Tradewinds",237,385,596,826,1101],["Ricocheting Inflatable Pyrosaw",328,542,755,1040,1327],["Heed My Call",225,352,588,835,1091],["Barrage Of Many Bombs",549,809,1055,1380,1768],["Seething Power",274,500,690,914,1197],["Tidal Surge",278,468,705,965,1239],["Collective Will / Stand As One",119,263,500,668,947],["Combined Might / Stronger Together",63,203,396,601,842],["Sylvanas' Resolve / Anduin's Dedication",321,518,727,999,1272],["Battlefield Focus / Battlefield Precision",108,240,432,646,928],["Gutripper",126,279,474,715,949],["Retaliatory Fury / Last Gift",107,295,464,679,937],["Glory in Battle / Liberator's Might",186,381,551,804,1029],["Blood Rite",184,327,545,774,1015],["Unstable Flames",112,249,437,655,891],["Meticulous Scheming",214,370,606,814,1067],["Incite the Pack",207,368,539,762,1052],["Unstable Catalyst",351,558,788,1118,1363],["Azerite Globules",253,416,645,888,1179],["Earthlink",141,292,473,697,980],["Secrets of the Deep",315,506,729,1004,1298],["Unbound Chaos",1299,1635,2047,2514,3056],["Dagger in the Back",342,574,791,1095,1356],["Blood Siphon",71,219,427,642,859],["Thirsting Blades",303,501,694,925,1179],["Ruinous Bolt",183,330,521,755,1040],["Eyes of Rage",204,390,613,839,1085],["Furious Gaze",167,291,483,758,915],["Filthy Transfusion",276,455,672,953,1262],["Thunderous Blast",466,654,865,1160,1506],["Elemental Whirl",78,249,436,658,904],["Lifespeed",87,254,402,620,887],["Blightborne Infusion",377,553,745,957,1230],["Champion of Azeroth",314,480,704,938,1174],["Overwhelming Power",51,227,431,622,878],["Revolving Blades",1110,1363,1672,2030,2378],["Rezan's Fury",294,507,762,988,1305]],"metas":{"build_date":"Aug 26 2018","build_time":"00:47:51","git_revision":"91e454c877","options":{"debug":false,"max_time":300.0,"expected_iteration_time":303.28000000000003,"vary_combat_length":0.2,"iterations":555,"target_error":0.2,"threads":32,"seed":8715740023792899595,"single_actor_batch":false,"queue_lag":0.005,"queue_lag_stddev":0.001,"gcd_lag":0.15,"gcd_lag_stddev":0.037,"channel_lag":0.25,"channel_lag_stddev":0.062,"queue_gcd_reduction":0.1,"strict_gcd_queue":0,"confidence":0.95,"confidence_estimator":1.9599639854089754,"world_lag":0.1,"world_lag_stddev":0.01,"travel_variance":0.0,"default_skill":1.0,"reaction_time":0.5,"regen_periodicity":0.25,"ignite_sampling_delta":0.2,"fixed_time":true,"optimize_expressions":true,"optimal_raid":1,"log":0,"debug_each":0,"stat_cache":1,"max_aoe_enemies":20,"show_etmi":false,"tmi_window_global":0.0,"tmi_bin_size":0.5,"enemy_death_pct":0.0,"challenge_mode":false,"timewalk":-1,"pvp_crit":false,"rng":{"name":"sse2-sfmt"},"deterministic":0,"average_range":1,"average_gauss":0,"fight_style":"Patchwerk","default_aura_delay":0.03,"default_aura_delay_stddev":0.005,"dbc":{"Live":{"build_level":27404,"wow_version":"8.0.1"},"version_used":"Live"}},"overrides":{"arcane_intellect":1,"battle_shout":1,"power_word_fortitude":1,"chaos_brand":1,"mystic_touch":1,"mortal_wounds":1,"bleeding":1,"bloodlust":1,"bloodlust_percent":25,"bloodlust_time":0.5},"statistics":{"elapsed_cpu_seconds":10099.104999000016,"elapsed_time_seconds":10.659552,"init_time_seconds":3.2628202070000003,"merge_time_seconds":0.006363899,"analyze_time_seconds":0.11147695899999997,"simulation_length":{"sum":156131.17299999998,"count":523,"mean":298.52996749521986,"min":240.095,"max":359.644,"median":297.035,"variance":1233.7073836146221,"std_dev":35.124170931349,"mean_variance":2.358905131194306,"mean_std_dev":1.5358727587903582},"raid_dps":{"sum":8155075.463806916,"count":523,"mean":15592.878515883205},"total_dmg":{"sum":2433050882.4865794,"count":523,"mean":4652104.937832848},"total_iterations":98200,"total_actors":211,"total_iterations_mean":465.4028436018957,"total_iterations_variance":494614.7582938391,"total_iterations_stddev":703.2885313254006,"total_mean_dps_stddev":16.626470023461522,"total_mean_dps_variance":276.43950544106457},"player":{"name":"Template","race":"night_elf","level":120,"role":"attack","specialization":"Havoc Demon Hunter","profile_source":"default","talents":[{"tier":1,"id":22416,"spell_id":232893,"name":"Felblade"},{"tier":2,"id":22765,"spell_id":203555,"name":"Demon Blades"},{"tier":3,"id":22909,"spell_id":258881,"name":"Trail of Ruin"},{"tier":5,"id":21867,"spell_id":206416,"name":"First Blood"},{"tier":6,"id":21870,"spell_id":203556,"name":"Master of the Glaive"},{"tier":7,"id":22547,"spell_id":206491,"name":"Nemesis"}],"party":0,"ready_type":0,"bugs":true,"scale_player":true,"potion_used":false,"timeofday":"NIGHT_TIME","invert_scaling":0,"reaction_offset":0.1,"reaction_max":1.4000000000000001,"reaction_mean":0.3,"reaction_stddev":0.06,"reaction_nu":0.25,"world_lag":0.1,"brain_lag":0.0,"brain_lag_stddev":0.0,"world_lag_override":false,"world_lag_stddev_override":false,"dbc":{"Live":{"build_level":27404,"wow_version":"8.0.1"},"version_used":"Live"},"collected_data":{"fight_length":{"sum":156131.173,"count":523,"mean":298.5299674952199,"min":240.095,"max":359.644},"waiting_time":{"sum":18344.9,"count":523,"mean":35.076290630975144,"min":16.6,"max":55.300000000000004},"executed_foreground_actions":{"sum":138053.0,"count":523,"mean":263.9636711281071,"min":202.0,"max":323.0},"dmg":{"sum":2433050882.4865794,"count":523,"mean":4652104.937832848,"min":3564693.4723262507,"max":5603765.462643441},"compound_dmg":{"sum":2433050882.4865794,"count":523,"mean":4652104.937832848,"min":3564693.4723262507,"max":5603765.462643441},"timeline_dmg":{"mean":15939.525605539664,"mean_std_dev":6691.644908262382,"min":6165.573617621162,"max":58189.10817631356,