{"results":[["Trait","325","340","355","370","385"],["Laser Matrix",330,487,671,855,1095],["Archive of the Titans",181,322,465,614,817],["Relational Normalization Gizmo",218,364,480,666,835],["Synaptic Spark Capacitor",198,312,476,656,821],["Gutripper",96,213,353,500,672],["Sylvanas' Resolve / Anduin's Dedication",197,325,501,663,839],["Swirling Sands",230,367,482,645,808],["Tradewinds",194,355,457,630,795],["Ricocheting Inflatable Pyrosaw",104,211,349,467,671],["Heed My Call",125,224,371,512,704],["Barrage Of Many Bombs",183,318,454,596,812],["Fan of Blades",7,103,226,331,481],["Twist the Knife",247,356,540,692,870],["Meticulous Scheming",163,268,408,539,720],["Poisoned Wire",102,213,357,493,666],["Tidal Surge",257,387,584,742,958],["Collective Will / Stand As One",64,194,301,431,594],["Combined Might / Stronger Together",42,143,269,399,565],["Battlefield Focus / Battlefield Precision",266,434,575,781,987],["Retaliatory Fury / Last Gift",119,225,345,513,643],["Glory in Battle / Liberator's Might",174,271,422,553,715],["Blood Rite",167,291,392,571,737],["Incite the Pack",208,336,440,616,780],["Unstable Flames",68,205,320,442,612],["Unstable Catalyst",228,380,517,703,892],["Azerite Globules",70,186,313,467,628],["Dagger in the Back",322,472,624,815,1039],["Scent of Blood",141,262,384,533,747],["Earthlink",72,182,325,456,651],["Rezan's Fury",275,415,565,755,975],["Double Dose",298,448,598,791,1022],["Secrets of the Deep",199,348,496,651,875],["Blood Siphon",79,190,290,420,596],["Ruinous Bolt",155,267,422,570,758],["Sharpened Blades",224,368,565,793,1020],["Overwhelming Power",124,238,370,490,667],["Thunderous Blast",381,526,707,908,1137],["Shrouded Suffocation",380,524,716,902,1144],["Champion of Azeroth",280,420,538,698,873],["Filthy Transfusion",236,358,499,674,881],["Blightborne Infusion",267,391,559,687,880],["Elemental Whirl",87,213,320,476,608]],"metas":{"build_date":"Aug 28 2018","build_time":"05:59:50","git_revision":"6deede5a59","options":{"debug":false,"max_time":300.0,"expected_iteration_time":323.97700000000003,"vary_combat_length":0.2,"iterations":745,"target_error":0.2,"threads":32,"seed":8806569059727590296,"single_actor_batch":false,"queue_lag":0.005,"queue_lag_stddev":0.001,"gcd_lag":0.15,"gcd_lag_stddev":0.037,"channel_lag":0.25,"channel_lag_stddev":0.062,"queue_gcd_reduction":0.1,"strict_gcd_queue":0,"confidence":0.95,"confidence_estimator":1.9599639854089754,"world_lag":0.1,"world_lag_stddev":0.01,"travel_variance":0.0,"default_skill":1.0,"reaction_time":0.5,"regen_periodicity":0.25,"ignite_sampling_delta":0.2,"fixed_time":true,"optimize_expressions":true,"optimal_raid":1,"log":0,"debug_each":0,"stat_cache":1,"max_aoe_enemies":20,"show_etmi":false,"tmi_window_global":0.0,"tmi_bin_size":0.5,"enemy_death_pct":0.0,"challenge_mode":false,"timewalk":-1,"pvp_crit":false,"rng":{"name":"sse2-sfmt"},"deterministic":0,"average_range":1,"average_gauss":0,"fight_style":"Patchwerk","default_aura_delay":0.03,"default_aura_delay_stddev":0.005,"dbc":{"Live":{"build_level":27404,"wow_version":"8.0.1"},"version_used":"Live"}},"overrides":{"arcane_intellect":1,"battle_shout":1,"power_word_fortitude":1,"chaos_brand":1,"mystic_touch":1,"mortal_wounds":1,"bleeding":1,"bloodlust":1,"bloodlust_percent":25,"bloodlust_time":0.5},"statistics":{"elapsed_cpu_seconds":18563.890885000008,"elapsed_time_seconds":19.575394999999997,"init_time_seconds":3.2136686050000005,"merge_time_seconds":0.005404119,"analyze_time_seconds":0.133174308,"simulation_length":{"sum":213388.252,"count":713,"mean":299.2822608695652,"min":240.00300000000001,"max":359.923,"median":299.723,"variance":1205.2276756205868,"std_dev":34.716389150091445,"mean_variance":1.6903613963823096,"mean_std_dev":1.30013899117837},"raid_dps":{"sum":7296800.461491186,"count":713,"mean":10233.94174122186},"total_dmg":{"sum":2179801623.5443225,"count":713,"mean":3057225.2784632854},"total_iterations":142078,"total_actors":211,"total_iterations_mean":673.3554502369668,"total_iterations_variance":524064.3412322273,"total_iterations_stddev":723.9228834843027,"total_mean_dps_stddev":10.913833516922075,"total_mean_dps_variance":119.11176203509167},"player":{"name":"Template","race":"troll","level":120,"role":"attack","specialization":"Assassination Rogue","profile_source":"default","talents":[{"tier":1,"id":22338,"spell_id":193640,"name":"Elaborate Planning"},{"tier":2,"id":22332,"spell_id":108208,"name":"Subterfuge"},{"tier":3,"id":19239,"spell_id":14983,"name":"Vigor"},{"tier":6,"id":23015,"spell_id":245388,"name":"Toxic Blade"},{"tier":7,"id":21186,"spell_id":255544,"name":"Poison Bomb"}],"party":0,"ready_type":1,"bugs":true,"scale_player":true,"potion_used":false,"timeofday":"DAY_TIME","invert_scaling":0,"reaction_offset":0.1,"reaction_max":1.4000000000000001,"reaction_mean":0.3,"reaction_stddev":0.06,"reaction_nu":0.25,"world_lag":0.1,"brain_lag":0.0,"brain_lag_stddev":0.0,"world_lag_override":false,"world_lag_stddev_override":false,"dbc":{"Live":{"build_level":27404,"wow_version":"8.0.1"},"version_used":"Live"},"base_energy_regen_per_second":11.0,"collected_data":{"fight_length":{"sum":213388.25200000004,"count":713,"mean":299.2822608695653,"min":240.00300000000001,"max":359.923},"waiting_time":{"sum":59226.990999999995,"count":713,"mean":83.0673085553997,"min":62.707,"max":108.407},"executed_foreground_actions":{"sum":133867.0,"count":713,"mean":187.75175315568023,"min":150.0,"max":222.0},"dmg":{"sum":2179801623.5443225,"count":713,"mean":3057225.2784632854,"min":2385819.114664186,"max":3675888.5267373356},"compound_dmg":{"sum":2179801623.5443225,"count":713,"mean":3057225.2784632854,"min":2385819.114664186,"max":3675888.5267373356},"timeline_dmg":{"mean":10294.775146256554,"mean_std_dev":4676.006430055356,"min":2696.2764679781003,"max":32797.52727063233,