{"results":[["Trait","325","340","355","370","385"],["Laser Matrix",320,545,772,1018,1305],["Archive of the Titans",278,582,730,934,1207],["Relational Normalization Gizmo",252,451,640,838,1121],["Synaptic Spark Capacitor",512,749,1054,1328,1694],["Gutripper",125,296,484,652,921],["Sylvanas' Resolve / Anduin's Dedication",317,469,708,941,1214],["Swirling Sands",352,563,760,976,1231],["Tradewinds",439,652,860,1107,1339],["Ricocheting Inflatable Pyrosaw",188,380,613,856,1107],["Heed My Call",189,342,512,735,988],["Barrage Of Many Bombs",437,596,877,1167,1484],["Perforate",74,238,372,612,855],["Champion of Azeroth",452,653,866,1128,1360],["The First Dance",381,582,732,1017,1249],["Inevitability",175,377,575,748,996],["Tidal Surge",281,468,703,952,1213],["Collective Will / Stand As One",65,273,413,636,883],["Combined Might / Stronger Together",37,216,420,619,853],["Battlefield Focus / Battlefield Precision",161,305,519,749,985],["Retaliatory Fury / Last Gift",249,423,594,816,1073],["Glory in Battle / Liberator's Might",205,371,568,744,1030],["Blood Rite",170,339,494,692,922],["Unstable Flames",117,285,445,664,887],["Meticulous Scheming",127,284,489,661,917],["Incite the Pack",408,615,798,1035,1267],["Unstable Catalyst",307,540,750,1033,1305],["Azerite Globules",159,351,510,752,1045],["Earthlink",142,253,495,728,925],["Night's Vengeance",146,375,587,809,1114],["Dagger in the Back",368,537,793,1036,1358],["Secrets of the Deep",320,497,728,975,1331],["Blood Siphon",124,334,500,697,890],["Ruinous Bolt",200,329,548,740,1012],["Sharpened Blades",19,142,335,529,771],["Thunderous Blast",371,594,807,1038,1393],["Overwhelming Power",124,239,423,639,900],["Filthy Transfusion",214,397,618,828,1103],["Blightborne Infusion",438,627,844,1014,1340],["Blade In The Shadows",230,405,564,833,1092],["Rezan's Fury",278,477,647,948,1186],["Elemental Whirl",137,301,467,670,932]],"metas":{"build_date":"Aug 24 2018","build_time":"16:25:12","git_revision":"54b1c51bc4","options":{"debug":false,"max_time":300.0,"expected_iteration_time":320.87600000000003,"vary_combat_length":0.2,"iterations":746,"target_error":0.2,"threads":32,"seed":10646697806467010080,"single_actor_batch":false,"queue_lag":0.005,"queue_lag_stddev":0.001,"gcd_lag":0.15,"gcd_lag_stddev":0.037,"channel_lag":0.25,"channel_lag_stddev":0.062,"queue_gcd_reduction":0.1,"strict_gcd_queue":0,"confidence":0.95,"confidence_estimator":1.9599639854089754,"world_lag":0.1,"world_lag_stddev":0.01,"travel_variance":0.0,"default_skill":1.0,"reaction_time":0.5,"regen_periodicity":0.25,"ignite_sampling_delta":0.2,"fixed_time":true,"optimize_expressions":true,"optimal_raid":1,"log":0,"debug_each":0,"stat_cache":1,"max_aoe_enemies":20,"show_etmi":false,"tmi_window_global":0.0,"tmi_bin_size":0.5,"enemy_death_pct":0.0,"challenge_mode":false,"timewalk":-1,"pvp_crit":false,"rng":{"name":"sse2-sfmt"},"deterministic":0,"average_range":1,"average_gauss":0,"fight_style":"Patchwerk","default_aura_delay":0.03,"default_aura_delay_stddev":0.005,"dbc":{"Live":{"build_level":27404,"wow_version":"8.0.1"},"version_used":"Live"}},"overrides":{"arcane_intellect":1,"battle_shout":1,"power_word_fortitude":1,"chaos_brand":1,"mystic_touch":1,"mortal_wounds":1,"bleeding":1,"bloodlust":1,"bloodlust_percent":25,"bloodlust_time":0.5},"statistics":{"elapsed_cpu_seconds":14404.040098999998,"elapsed_time_seconds":15.521397,"init_time_seconds":3.0993219449999994,"merge_time_seconds":0.007960608000000001,"analyze_time_seconds":0.13111578599999998,"simulation_length":{"sum":213955.26400000002,"count":714,"mean":299.65723249299725,"min":240.05700000000002,"max":359.911,"median":298.726,"variance":1223.8253467694765,"std_dev":34.983215214863776,"mean_variance":1.7140411019180344,"mean_std_dev":1.309213925192531},"raid_dps":{"sum":13857032.240849268,"count":714,"mean":19407.60818046116},"total_dmg":{"sum":4149512042.934963,"count":714,"mean":5811641.516715635},"total_iterations":136735,"total_actors":206,"total_iterations_mean":663.7621359223301,"total_iterations_variance":408027.3446601941,"total_iterations_stddev":638.7701814112758,"total_mean_dps_stddev":20.450394876116857,"total_mean_dps_variance":418.2186505891066},"player":{"name":"Template","race":"night_elf","level":120,"role":"attack","specialization":"Subtlety Rogue","profile_source":"default","talents":[{"tier":1,"id":19234,"spell_id":91023,"name":"Find Weakness"},{"tier":2,"id":22333,"spell_id":108209,"name":"Shadow Focus"},{"tier":3,"id":19241,"spell_id":137619,"name":"Marked for Death"},{"tier":6,"id":22336,"spell_id":238104,"name":"Enveloping Shadows"},{"tier":7,"id":22132,"spell_id":196976,"name":"Master of Shadows"}],"party":0,"ready_type":1,"bugs":true,"scale_player":true,"potion_used":false,"timeofday":"DAY_TIME","invert_scaling":0,"reaction_offset":0.1,"reaction_max":1.4000000000000001,"reaction_mean":0.3,"reaction_stddev":0.06,"reaction_nu":0.25,"world_lag":0.1,"brain_lag":0.0,"brain_lag_stddev":0.0,"world_lag_override":false,"world_lag_stddev_override":false,"dbc":{"Live":{"build_level":27404,"wow_version":"8.0.1"},"version_used":"Live"},"base_energy_regen_per_second":10.0,"collected_data":{"fight_length":{"sum":213955.26399999997,"count":714,"mean":299.65723249299714,"min":240.05700000000002,"max":359.911},"waiting_time":{"sum":23505.033000000007,"count":714,"mean":32.920214285714295,"min":21.778,"max":46.106},"executed_foreground_actions":{"sum":243129.0,"count":714,"mean":340.51680672268907,"min":267.0,"max":412.0},"dmg":{"sum":4149512042.934963,"count":714,"mean":5811641.516715635,"min":4461665.271733833,"max":7325411.983367012},"compound_dmg":{"sum":4149512042.934963,"count":714,"mean":5811641.516715635,"min":4461665.271733833,"max":7325411.983367012},"timeline_dmg":{"mean":19981.539701462065,"mean_std_dev":9318.451351493359,"min":2697.8572425801726,"max":41712.72534150288,