{"results":[["Trait","325","340","355","370","385"],["Laser Matrix",329,489,635,852,1097],["Archive of the Titans",184,329,476,629,804],["Relational Normalization Gizmo",228,343,485,649,850],["Synaptic Spark Capacitor",188,318,456,632,820],["Gutripper",99,223,348,478,639],["Sylvanas' Resolve / Anduin's Dedication",202,355,504,682,851],["Swirling Sands",220,330,467,632,815],["Tradewinds",142,295,398,560,707],["Ricocheting Inflatable Pyrosaw",111,212,348,525,656],["Heed My Call",87,212,377,546,687],["Barrage Of Many Bombs",167,287,442,589,803],["Glory in Battle / Liberator's Might",152,282,385,560,718],["Serrated Jaws",168,278,418,588,739],["Latent Poison",346,494,644,843,1089],["Tidal Surge",275,402,557,738,947],["Collective Will / Stand As One",80,192,304,454,614],["Combined Might / Stronger Together",32,153,261,410,536],["Battlefield Focus / Battlefield Precision",253,400,570,731,970],["Retaliatory Fury / Last Gift",76,179,309,433,596],["Blood Rite",170,282,404,570,734],["Unstable Flames",91,179,305,462,657],["Wilderness Survival",403,525,637,790,990],["Blur of Talons",516,673,833,1010,1230],["Meticulous Scheming",84,201,315,469,625],["Incite the Pack",118,241,372,516,690],["Unstable Catalyst",252,387,518,737,914],["Azerite Globules",68,192,316,467,618],["Earthlink",84,182,309,461,644],["Rezan's Fury",263,413,563,741,981],["Up Close And Personal",145,278,424,560,740],["Dagger in the Back",291,460,619,814,1043],["Secrets of the Deep",215,347,499,670,875],["Blood Siphon",99,215,340,489,658],["Wildfire Cluster",112,233,348,522,679],["Venomous Fangs",191,337,475,660,855],["Thunderous Blast",351,504,705,893,1109],["Champion of Azeroth",244,371,512,666,832],["Overwhelming Power",142,237,358,496,662],["Filthy Transfusion",229,364,510,706,904],["Blightborne Infusion",255,360,518,644,852],["Ruinous Bolt",143,270,405,602,780],["Elemental Whirl",77,180,302,437,625]],"metas":{"build_date":"Aug 25 2018","build_time":"04:15:44","git_revision":"00223099f2","options":{"debug":false,"max_time":300.0,"expected_iteration_time":326.44100000000003,"vary_combat_length":0.2,"iterations":622,"target_error":0.2,"threads":32,"seed":8978185563514807217,"single_actor_batch":false,"queue_lag":0.005,"queue_lag_stddev":0.001,"gcd_lag":0.15,"gcd_lag_stddev":0.037,"channel_lag":0.25,"channel_lag_stddev":0.062,"queue_gcd_reduction":0.1,"strict_gcd_queue":0,"confidence":0.95,"confidence_estimator":1.9599639854089754,"world_lag":0.1,"world_lag_stddev":0.01,"travel_variance":0.0,"default_skill":1.0,"reaction_time":0.5,"regen_periodicity":0.25,"ignite_sampling_delta":0.2,"fixed_time":true,"optimize_expressions":true,"optimal_raid":1,"log":0,"debug_each":0,"stat_cache":1,"max_aoe_enemies":20,"show_etmi":false,"tmi_window_global":0.0,"tmi_bin_size":0.5,"enemy_death_pct":0.0,"challenge_mode":false,"timewalk":-1,"pvp_crit":false,"rng":{"name":"sse2-sfmt"},"deterministic":0,"average_range":1,"average_gauss":0,"fight_style":"Patchwerk","default_aura_delay":0.03,"default_aura_delay_stddev":0.005,"dbc":{"Live":{"build_level":27404,"wow_version":"8.0.1"},"version_used":"Live"}},"overrides":{"arcane_intellect":1,"battle_shout":1,"power_word_fortitude":1,"chaos_brand":1,"mystic_touch":1,"mortal_wounds":1,"bleeding":1,"bloodlust":1,"bloodlust_percent":25,"bloodlust_time":0.5},"statistics":{"elapsed_cpu_seconds":8171.8038860000015,"elapsed_time_seconds":8.769323,"init_time_seconds":2.9524685590000006,"merge_time_seconds":0.0051272489999999995,"analyze_time_seconds":0.11914936199999993,"simulation_length":{"sum":175098.70399999997,"count":590,"mean":296.7774644067796,"min":240.0,"max":359.471,"median":295.47,"variance":1158.7001132114451,"std_dev":34.039684387659136,"mean_variance":1.9638984969685511,"mean_std_dev":1.4013916286921908},"raid_dps":{"sum":6130813.17348084,"count":590,"mean":10391.208768611594},"total_dmg":{"sum":1817182677.8311636,"count":590,"mean":3079970.640391803},"total_iterations":125446,"total_actors":211,"total_iterations_mean":594.5308056872038,"total_iterations_variance":377094.54976303305,"total_iterations_stddev":614.0802470060677,"total_mean_dps_stddev":11.076408194069687,"total_mean_dps_variance":122.68681848165411},"player":{"name":"Template","race":"lightforged_draenei","level":120,"role":"attack","specialization":"Survival Hunter","profile_source":"default","talents":[{"tier":1,"id":22275,"spell_id":268501,"name":"Viper's Venom"},{"tier":2,"id":21997,"spell_id":264332,"name":"Guerrilla Tactics"},{"tier":4,"id":22277,"spell_id":260248,"name":"Bloodseeker"},{"tier":6,"id":22278,"spell_id":259387,"name":"Mongoose Bite"},{"tier":7,"id":22272,"spell_id":260331,"name":"Birds of Prey"}],"party":0,"ready_type":0,"bugs":true,"scale_player":true,"potion_used":false,"timeofday":"DAY_TIME","invert_scaling":0,"reaction_offset":0.1,"reaction_max":1.4000000000000001,"reaction_mean":0.3,"reaction_stddev":0.06,"reaction_nu":0.25,"world_lag":0.1,"brain_lag":0.0,"brain_lag_stddev":0.0,"world_lag_override":false,"world_lag_stddev_override":false,"dbc":{"Live":{"build_level":27404,"wow_version":"8.0.1"},"version_used":"Live"},"base_focus_regen_per_second":5.0,"collected_data":{"fight_length":{"sum":175098.70400000003,"count":590,"mean":296.7774644067797,"min":240.0,"max":359.471},"waiting_time":{"sum":15903.4,"count":590,"mean":26.95491525423729,"min":13.0,"max":45.1},"executed_foreground_actions":{"sum":142556.0,"count":590,"mean":241.62033898305086,"min":189.0,"max":295.0},"dmg":{"sum":1316474440.1530895,"count":590,"mean":2231312.610428965,"min":1691134.4930934866,"max":2823858.7361029675},"compound_dmg":{"sum":1817182677.8311636,"count":590,"mean":3079970.640391803,"min":2396853.2424078295,"max":3842827.120959212},"timeline_dmg":{"mean":10540.843388309071,"mean_std_dev":4102.095307337906,"min":2513.9825824619406,"max":44078.24375173027,