{"results":[["Trait","325","340","355","370","385"],["Thunderous Blast",329,485,653,857,1109],["Azerite Globules",54,184,289,442,613],["Tidal Surge",262,407,561,749,982],["Secrets of the Deep",189,333,486,636,836],["Gutripper",91,192,343,469,670],["Unstable Flames",75,189,320,446,590],["Blood Rite",127,253,334,496,657],["Heed My Call",93,233,351,506,692],["Relational Normalization Gizmo",218,326,447,610,796],["Arcane Pummeling",83,195,310,481,660],["Synaptic Spark Capacitor",191,322,487,660,856],["Sylvanas' Resolve / Anduin's Dedication",208,302,471,659,820],["Swirling Sands",175,302,444,582,755],["Meticulous Scheming",14,116,226,357,510],["Ricocheting Inflatable Pyrosaw",107,187,333,480,649],["Laser Matrix",314,451,633,835,1053],["Tradewinds",201,289,449,595,751],["Collective Will / Stand As One",71,169,293,429,594],["Barrage Of Many Bombs",160,267,425,554,773],["Incite the Pack",177,302,410,544,722],["Brain Storm",104,247,360,503,687],["Arcane Pressure",140,250,399,530,717],["Glory in Battle / Liberator's Might",146,235,375,504,696],["Explosive Echo",-2,84,194,327,493],["Ruinous Bolt",172,289,424,588,774],["Dagger in the Back",341,495,666,896,1115],["Galvanizing Spark",415,558,760,933,1192],["Filthy Transfusion",242,364,499,671,888],["Combined Might / Stronger Together",28,147,260,381,548],["Battlefield Focus / Battlefield Precision",24,106,231,389,539],["Anomalous Impact",59,154,293,410,562],["Retaliatory Fury / Last Gift",127,206,318,471,631],["Unstable Catalyst",206,354,495,687,867],["Blood Siphon",62,169,301,433,595],["Overwhelming Power",113,204,338,474,612],["Champion of Azeroth",235,335,487,633,801],["Blightborne Infusion",272,371,525,677,827],["Earthlink",63,197,298,450,621],["Rezan's Fury",247,386,548,730,931],["Elemental Whirl",56,182,289,447,583]],"metas":{"build_date":"Aug 19 2018","build_time":"01:32:03","git_revision":"08c89b7e98","options":{"debug":false,"max_time":300.0,"expected_iteration_time":320.80400000000003,"vary_combat_length":0.2,"iterations":1923,"target_error":0.2,"threads":32,"seed":3345177346020542478,"single_actor_batch":false,"queue_lag":0.005,"queue_lag_stddev":0.001,"gcd_lag":0.15,"gcd_lag_stddev":0.037,"channel_lag":0.25,"channel_lag_stddev":0.062,"queue_gcd_reduction":0.1,"strict_gcd_queue":0,"confidence":0.95,"confidence_estimator":1.9599639854089754,"world_lag":0.1,"world_lag_stddev":0.01,"travel_variance":0.0,"default_skill":1.0,"reaction_time":0.5,"regen_periodicity":0.25,"ignite_sampling_delta":0.2,"fixed_time":true,"optimize_expressions":true,"optimal_raid":1,"log":0,"debug_each":0,"stat_cache":1,"max_aoe_enemies":20,"show_etmi":false,"tmi_window_global":0.0,"tmi_bin_size":0.5,"enemy_death_pct":0.0,"challenge_mode":false,"timewalk":-1,"pvp_crit":false,"rng":{"name":"sse2-sfmt"},"deterministic":0,"average_range":1,"average_gauss":0,"fight_style":"Patchwerk","default_aura_delay":0.03,"default_aura_delay_stddev":0.005,"dbc":{"bfa-BETA":{"build_level":26095,"wow_version":"8.0.1"},"version_used":"bfa-BETA"}},"overrides":{"arcane_intellect":1,"battle_shout":1,"power_word_fortitude":1,"chaos_brand":1,"mystic_touch":1,"mortal_wounds":1,"bleeding":1,"bloodlust":1,"bloodlust_percent":25,"bloodlust_time":0.5},"statistics":{"elapsed_cpu_seconds":9490.846894999997,"elapsed_time_seconds":10.15195,"init_time_seconds":2.594521266999999,"merge_time_seconds":0.004895382,"analyze_time_seconds":0.480424604,"simulation_length":{"sum":566287.615,"count":1891,"mean":299.46462982548917,"min":240.078,"max":359.979,"median":298.311,"variance":1231.0521636302901,"std_dev":35.086352954251176,"mean_variance":0.6510059035591169,"mean_std_dev":0.8068493685683326},"raid_dps":{"sum":19989890.812459465,"count":1891,"mean":10571.068647519547},"total_dmg":{"sum":5971540899.636881,"count":1891,"mean":3157874.616412946},"total_iterations":377397,"total_actors":201,"total_iterations_mean":1877.597014925373,"total_iterations_variance":1390136.3582089548,"total_iterations_stddev":1179.0404395986402,"total_mean_dps_stddev":11.218356833048844,"total_mean_dps_variance":125.85153003361368},"player":{"name":"Template","race":"troll","level":120,"role":"spell","specialization":"Arcane Mage","profile_source":"default","talents":[{"tier":1,"id":22461,"spell_id":264354,"name":"Rule of Threes"},{"tier":3,"id":22447,"spell_id":116011,"name":"Rune of Power"},{"tier":4,"id":22467,"spell_id":205032,"name":"Charged Up"},{"tier":6,"id":22449,"spell_id":210725,"name":"Touch of the Magi"},{"tier":7,"id":21630,"spell_id":155147,"name":"Overpowered"}],"party":0,"ready_type":0,"bugs":true,"scale_player":true,"potion_used":false,"timeofday":"DAY_TIME","invert_scaling":0,"reaction_offset":0.1,"reaction_max":1.4000000000000001,"reaction_mean":0.3,"reaction_stddev":0.06,"reaction_nu":0.25,"world_lag":0.1,"brain_lag":0.0,"brain_lag_stddev":0.0,"world_lag_override":false,"world_lag_stddev_override":false,"dbc":{"bfa-BETA":{"build_level":26095,"wow_version":"8.0.1"},"version_used":"bfa-BETA"},"base_mana_regen_per_second":2000.0,"collected_data":{"fight_length":{"sum":566287.615,"count":1891,"mean":299.46462982548917,"min":240.078,"max":359.979},"executed_foreground_actions":{"sum":399623.0,"count":1891,"mean":211.32892649391857,"min":170.0,"max":253.0},"dmg":{"sum":5971540899.636881,"count":1891,"mean":3157874.616412946,"min":2420805.832042367,"max":3955886.9114594073},"compound_dmg":{"sum":5971540899.636881,"count":1891,"mean":3157874.616412946,"min":2420805.832042367,"max":3955886.9114594073},"timeline_dmg":{"mean":10613.520825454656,"mean_std_dev":8618.024930351956,"min":0.0,"max":88301.47298471654,