{"results":[["Trait","325","340","355","370","385"],["Thunderous Blast",408,602,839,1130,1438],["Dagger in the Back",366,596,846,1130,1465],["Unstable Flames",147,287,522,705,992],["Secrets of the Deep",299,537,796,1063,1379],["Gutripper",97,274,466,695,971],["Blood Rite",192,344,525,787,1017],["Heed My Call",170,347,558,815,1091],["Tidal Surge",278,462,694,924,1290],["Filthy Transfusion",242,446,661,896,1201],["Relational Normalization Gizmo",303,495,716,1005,1259],["Synaptic Spark Capacitor",505,739,1006,1321,1712],["Sylvanas' Resolve / Anduin's Dedication",301,507,760,1023,1346],["Swirling Sands",370,559,816,1058,1350],["Meticulous Scheming",194,398,616,813,1145],["Ricocheting Inflatable Pyrosaw",196,431,623,877,1213],["Laser Matrix",345,546,787,1092,1344],["Tradewinds",307,484,722,989,1219],["Collective Will / Stand As One",115,222,475,710,958],["Barrage Of Many Bombs",467,660,951,1187,1573],["Snake Eyes",90,282,486,696,970],["Overwhelming Power",92,246,432,643,907],["Paradise Lost",458,724,978,1269,1641],["Brigand's Blitz",154,281,498,747,1003],["Azerite Globules",184,363,600,839,1119],["Ace Up Your Sleeve",-97,71,236,484,722],["Deadshot",252,518,772,1091,1458],["Incite the Pack",326,475,682,934,1212],["Combined Might / Stronger Together",42,208,416,628,885],["Storm of Steel",408,615,887,1174,1489],["Battlefield Focus / Battlefield Precision",24,175,370,583,848],["Retaliatory Fury / Last Gift",205,317,549,754,1043],["Glory in Battle / Liberator's Might",215,431,615,879,1145],["Ruinous Bolt",156,366,567,776,1033],["Unstable Catalyst",374,599,819,1106,1444],["Blood Siphon",87,246,449,680,958],["Champion of Azeroth",400,580,857,1116,1348],["Blightborne Infusion",474,697,846,1133,1428],["Earthlink",123,320,527,768,1037],["Rezan's Fury",268,489,692,936,1256],["Elemental Whirl",95,303,479,705,958]],"metas":{"build_date":"Aug 19 2018","build_time":"01:32:03","git_revision":"08c89b7e98","options":{"debug":false,"max_time":300.0,"expected_iteration_time":296.26300000000003,"vary_combat_length":0.2,"iterations":1212,"target_error":0.2,"threads":32,"seed":17790783777849184130,"single_actor_batch":false,"queue_lag":0.005,"queue_lag_stddev":0.001,"gcd_lag":0.15,"gcd_lag_stddev":0.037,"channel_lag":0.25,"channel_lag_stddev":0.062,"queue_gcd_reduction":0.1,"strict_gcd_queue":0,"confidence":0.95,"confidence_estimator":1.9599639854089754,"world_lag":0.1,"world_lag_stddev":0.01,"travel_variance":0.0,"default_skill":1.0,"reaction_time":0.5,"regen_periodicity":0.25,"ignite_sampling_delta":0.2,"fixed_time":true,"optimize_expressions":true,"optimal_raid":1,"log":0,"debug_each":0,"stat_cache":1,"max_aoe_enemies":20,"show_etmi":false,"tmi_window_global":0.0,"tmi_bin_size":0.5,"enemy_death_pct":0.0,"challenge_mode":false,"timewalk":-1,"pvp_crit":false,"rng":{"name":"sse2-sfmt"},"deterministic":0,"average_range":1,"average_gauss":0,"fight_style":"Patchwerk","default_aura_delay":0.03,"default_aura_delay_stddev":0.005,"dbc":{"bfa-BETA":{"build_level":26095,"wow_version":"8.0.1"},"version_used":"bfa-BETA"}},"overrides":{"arcane_intellect":1,"battle_shout":1,"power_word_fortitude":1,"chaos_brand":1,"mystic_touch":1,"mortal_wounds":1,"bleeding":1,"bloodlust":1,"bloodlust_percent":25,"bloodlust_time":0.5},"statistics":{"elapsed_cpu_seconds":28351.503746,"elapsed_time_seconds":30.160213000000002,"init_time_seconds":2.6947699960000016,"merge_time_seconds":0.0077887600000000005,"analyze_time_seconds":0.21562727099999998,"simulation_length":{"sum":354997.813,"count":1180,"mean":300.84560423728817,"min":240.365,"max":359.892,"median":300.08,"variance":1159.5159357526943,"std_dev":34.051665682499205,"mean_variance":0.9826406235192324,"mean_std_dev":0.9912823127238942},"raid_dps":{"sum":19089780.13353429,"count":1180,"mean":16177.779774181601},"total_dmg":{"sum":5742363681.198456,"count":1180,"mean":4866409.899320725},"total_iterations":236371,"total_actors":201,"total_iterations_mean":1175.9751243781095,"total_iterations_variance":1037034.8756218904,"total_iterations_stddev":1018.3490932003084,"total_mean_dps_stddev":17.19690686577829,"total_mean_dps_variance":295.7336057502524},"player":{"name":"Template","race":"dwarf","level":120,"role":"attack","specialization":"Outlaw Rogue","profile_source":"default","talents":[{"tier":1,"id":22119,"spell_id":196938,"name":"Quick Draw"},{"tier":2,"id":19238,"spell_id":196922,"name":"Hit and Run"},{"tier":3,"id":19239,"spell_id":14983,"name":"Vigor"},{"tier":6,"id":19250,"spell_id":5171,"name":"Slice and Dice"},{"tier":7,"id":23075,"spell_id":271877,"name":"Blade Rush"}],"party":0,"ready_type":1,"bugs":true,"scale_player":true,"potion_used":false,"timeofday":"DAY_TIME","invert_scaling":0,"reaction_offset":0.1,"reaction_max":1.4000000000000001,"reaction_mean":0.3,"reaction_stddev":0.06,"reaction_nu":0.25,"world_lag":0.1,"brain_lag":0.0,"brain_lag_stddev":0.0,"world_lag_override":false,"world_lag_stddev_override":false,"dbc":{"bfa-BETA":{"build_level":26095,"wow_version":"8.0.1"},"version_used":"bfa-BETA"},"base_energy_regen_per_second":14.85,"collected_data":{"fight_length":{"sum":354997.81299999997,"count":1180,"mean":300.8456042372881,"min":240.365,"max":359.892},"waiting_time":{"sum":23281.085000000003,"count":1180,"mean":19.72973305084746,"min":9.429,"max":35.425000000000004},"executed_foreground_actions":{"sum":352687.0,"count":1180,"mean":298.8872881355932,"min":233.0,"max":363.0},"dmg":{"sum":5742363681.198456,"count":1180,"mean":4866409.899320725,"min":3625419.1396320467,"max":6154943.975772953},"compound_dmg":{"sum":5742363681.198456,"count":1180,"mean":4866409.899320725,"min":3625419.1396320467,"max":6154943.975772953},"timeline_dmg":{"mean":16235.824265364845,"mean_std_dev":11080.961879116983,"min":4851.628049677926,"max":62448.29544359899,