{"results":[["Trait","325","340","355","370","385"],["Laser Matrix",389,539,768,1013,1283],["Archive of the Titans",263,426,601,799,1018],["Relational Normalization Gizmo",272,426,581,774,1012],["Synaptic Spark Capacitor",441,622,827,1061,1400],["Sylvanas' Resolve / Anduin's Dedication",265,412,597,795,1049],["Gutripper",147,271,410,613,829],["Swirling Sands",291,438,622,775,994],["Tradewinds",223,355,540,705,918],["Ricocheting Inflatable Pyrosaw",251,390,566,776,1034],["Heed My Call",178,334,487,681,915],["Barrage Of Many Bombs",428,571,775,1008,1274],["Snake Eyes",130,267,419,579,809],["Tidal Surge",321,460,666,896,1137],["Collective Will / Stand As One",112,226,375,522,744],["Combined Might / Stronger Together",68,190,330,499,687],["Battlefield Focus / Battlefield Precision",275,463,654,839,1093],["Retaliatory Fury / Last Gift",111,254,427,566,743],["Glory in Battle / Liberator's Might",212,334,483,654,883],["Blood Rite",178,326,490,628,863],["Unstable Flames",101,234,396,538,750],["Meticulous Scheming",223,369,499,704,881],["Incite the Pack",204,351,475,675,907],["Unstable Catalyst",293,451,636,866,1134],["Deadshot",433,608,857,1101,1407],["Azerite Globules",169,298,483,698,902],["Storm of Steel",322,473,665,873,1088],["Earthlink",135,247,405,586,794],["Dagger in the Back",445,620,829,1078,1339],["Secrets of the Deep",250,424,630,826,1079],["Blood Siphon",63,210,372,510,712],["Brigand's Blitz",214,362,508,703,893],["Ruinous Bolt",195,333,519,705,919],["Blightborne Infusion",312,485,642,810,1014],["Overwhelming Power",147,285,425,604,791],["Rezan's Fury",310,473,665,877,1115],["Paradise Lost",214,374,546,750,987],["Thunderous Blast",421,584,820,1029,1294],["Champion of Azeroth",317,477,648,849,1030],["Filthy Transfusion",253,391,567,797,1042],["Ace Up Your Sleeve",109,217,376,577,769],["Elemental Whirl",122,236,371,551,751]],"metas":{"build_date":"Aug 24 2018","build_time":"16:25:12","git_revision":"54b1c51bc4","options":{"debug":false,"max_time":300.0,"expected_iteration_time":320.51300000000003,"vary_combat_length":0.2,"iterations":2272,"target_error":0.2,"threads":32,"seed":5333766524658598163,"single_actor_batch":false,"queue_lag":0.005,"queue_lag_stddev":0.001,"gcd_lag":0.15,"gcd_lag_stddev":0.037,"channel_lag":0.25,"channel_lag_stddev":0.062,"queue_gcd_reduction":0.1,"strict_gcd_queue":0,"confidence":0.95,"confidence_estimator":1.9599639854089754,"world_lag":0.1,"world_lag_stddev":0.01,"travel_variance":0.0,"default_skill":1.0,"reaction_time":0.5,"regen_periodicity":0.25,"ignite_sampling_delta":0.2,"fixed_time":true,"optimize_expressions":true,"optimal_raid":1,"log":0,"debug_each":0,"stat_cache":1,"max_aoe_enemies":20,"show_etmi":false,"tmi_window_global":0.0,"tmi_bin_size":0.5,"enemy_death_pct":0.0,"challenge_mode":false,"timewalk":-1,"pvp_crit":false,"rng":{"name":"sse2-sfmt"},"deterministic":0,"average_range":1,"average_gauss":0,"fight_style":"Patchwerk","default_aura_delay":0.03,"default_aura_delay_stddev":0.005,"dbc":{"Live":{"build_level":27404,"wow_version":"8.0.1"},"version_used":"Live"}},"overrides":{"arcane_intellect":1,"battle_shout":1,"power_word_fortitude":1,"chaos_brand":1,"mystic_touch":1,"mortal_wounds":1,"bleeding":1,"bloodlust":1,"bloodlust_percent":25,"bloodlust_time":0.5},"statistics":{"elapsed_cpu_seconds":33888.47062399999,"elapsed_time_seconds":36.055749,"init_time_seconds":2.580328292,"merge_time_seconds":0.006430012,"analyze_time_seconds":0.43544567200000023,"simulation_length":{"sum":671954.801,"count":2240,"mean":299.97982187499997,"min":240.05,"max":359.985,"median":300.295,"variance":1182.6484663080037,"std_dev":34.38965638543083,"mean_variance":0.5279680653160731,"mean_std_dev":0.7266141103199641},"raid_dps":{"sum":29563424.31682448,"count":2240,"mean":13197.957284296643},"total_dmg":{"sum":8858639918.186426,"count":2240,"mean":3954749.9634760832},"total_iterations":444402,"total_actors":206,"total_iterations_mean":2157.2912621359224,"total_iterations_variance":2052166.5242718442,"total_iterations_stddev":1432.5384896301546,"total_mean_dps_stddev":14.057314999854288,"total_mean_dps_variance":197.60810500512835},"player":{"name":"Template","race":"dwarf","level":120,"role":"attack","specialization":"Outlaw Rogue","profile_source":"default","talents":[{"tier":1,"id":22119,"spell_id":196938,"name":"Quick Draw"},{"tier":2,"id":19238,"spell_id":196922,"name":"Hit and Run"},{"tier":3,"id":19239,"spell_id":14983,"name":"Vigor"},{"tier":6,"id":23128,"spell_id":193539,"name":"Alacrity"},{"tier":7,"id":23075,"spell_id":271877,"name":"Blade Rush"}],"party":0,"ready_type":1,"bugs":true,"scale_player":true,"potion_used":false,"timeofday":"DAY_TIME","invert_scaling":0,"reaction_offset":0.1,"reaction_max":1.4000000000000001,"reaction_mean":0.3,"reaction_stddev":0.06,"reaction_nu":0.25,"world_lag":0.1,"brain_lag":0.0,"brain_lag_stddev":0.0,"world_lag_override":false,"world_lag_stddev_override":false,"dbc":{"Live":{"build_level":27404,"wow_version":"8.0.1"},"version_used":"Live"},"base_energy_regen_per_second":14.85,"collected_data":{"fight_length":{"sum":671954.801,"count":2240,"mean":299.97982187499997,"min":240.05,"max":359.985},"waiting_time":{"sum":61664.69000000001,"count":2240,"mean":27.52887946428572,"min":4.742,"max":44.719},"executed_foreground_actions":{"sum":634308.0,"count":2240,"mean":283.17321428571427,"min":216.0,"max":359.0},"dmg":{"sum":8858639918.186426,"count":2240,"mean":3954749.9634760832,"min":2746903.1296820138,"max":5223259.685737336},"compound_dmg":{"sum":8858639918.186426,"count":2240,"mean":3954749.9634760832,"min":2746903.1296820138,"max":5223259.685737336},"timeline_dmg":{"mean":13108.905740100621,"mean_std_dev":5101.792125371791,"min":3604.054818929876,"max":37079.23571040802,