{"results":[["Trait","325","340","355","370","385"],["Laser Matrix",326,508,685,874,1132],["Archive of the Titans",206,316,509,724,890],["Relational Normalization Gizmo",240,374,518,727,909],["Synaptic Spark Capacitor",565,772,1000,1267,1559],["Ricocheting Inflatable Pyrosaw",307,458,657,852,1101],["Heed My Call",192,322,490,664,881],["Barrage Of Many Bombs",520,699,915,1175,1453],["Tidal Surge",261,377,566,759,985],["Collective Will / Stand As One",57,203,321,494,714],["On My Way",67,199,317,494,658],["Indomitable Justice",156,287,418,607,787],["Combined Might / Stronger Together",37,176,304,447,622],["Sylvanas' Resolve / Anduin's Dedication",208,373,523,699,950],["Battlefield Focus / Battlefield Precision",128,283,451,617,786],["Gutripper",88,210,356,525,723],["Retaliatory Fury / Last Gift",136,242,381,566,764],["Glory in Battle / Liberator's Might",200,287,443,624,801],["Expurgation",160,274,418,623,828],["Dagger in the Back",324,468,631,882,1098],["Secrets of the Deep",215,353,533,717,937],["Unstable Flames",101,247,348,510,721],["Earthlink",93,204,348,543,693],["Blood Rite",191,313,458,620,813],["Relentless Inquisitor",228,363,508,694,870],["Swirling Sands",241,363,516,706,903],["Meticulous Scheming",245,375,497,683,900],["Incite the Pack",237,364,518,659,880],["Unstable Catalyst",250,401,548,765,974],["Azerite Globules",222,372,528,723,936],["Tradewinds",236,384,537,671,895],["Divine Right",124,256,448,597,829],["Blood Siphon",89,236,345,509,664],["Ruinous Bolt",154,276,419,607,823],["Thunderous Blast",386,536,720,948,1206],["Champion of Azeroth",318,439,615,787,993],["Overwhelming Power",117,274,404,572,762],["Deferred Sentence",-14,94,247,369,540],["Filthy Transfusion",223,394,536,756,971],["Avenger's Might",228,347,518,699,878],["Lifespeed",78,182,348,506,660],["Rezan's Fury",270,426,583,787,1012],["Zealotry",141,250,407,573,792],["Blightborne Infusion",303,436,587,786,963],["Elemental Whirl",95,225,341,528,692]],"metas":{"build_date":"Aug 28 2018","build_time":"07:33:45","git_revision":"0be56b9506","options":{"debug":false,"max_time":300.0,"expected_iteration_time":309.53000000000003,"vary_combat_length":0.2,"iterations":914,"target_error":0.2,"threads":32,"seed":11015522353944488875,"single_actor_batch":false,"queue_lag":0.005,"queue_lag_stddev":0.001,"gcd_lag":0.15,"gcd_lag_stddev":0.037,"channel_lag":0.25,"channel_lag_stddev":0.062,"queue_gcd_reduction":0.1,"strict_gcd_queue":0,"confidence":0.95,"confidence_estimator":1.9599639854089754,"world_lag":0.1,"world_lag_stddev":0.01,"travel_variance":0.0,"default_skill":1.0,"reaction_time":0.5,"regen_periodicity":0.25,"ignite_sampling_delta":0.2,"fixed_time":true,"optimize_expressions":true,"optimal_raid":1,"log":0,"debug_each":0,"stat_cache":1,"max_aoe_enemies":20,"show_etmi":false,"tmi_window_global":0.0,"tmi_bin_size":0.5,"enemy_death_pct":0.0,"challenge_mode":false,"timewalk":-1,"pvp_crit":false,"rng":{"name":"sse2-sfmt"},"deterministic":0,"average_range":1,"average_gauss":0,"fight_style":"Patchwerk","default_aura_delay":0.03,"default_aura_delay_stddev":0.005,"dbc":{"Live":{"build_level":27404,"wow_version":"8.0.1"},"version_used":"Live"}},"overrides":{"arcane_intellect":1,"battle_shout":1,"power_word_fortitude":1,"chaos_brand":1,"mystic_touch":1,"mortal_wounds":1,"bleeding":1,"bloodlust":1,"bloodlust_percent":25,"bloodlust_time":0.5},"statistics":{"elapsed_cpu_seconds":10407.011223000005,"elapsed_time_seconds":10.893972999999999,"init_time_seconds":3.494820094000002,"merge_time_seconds":0.005928933000000002,"analyze_time_seconds":0.18602287399999992,"simulation_length":{"sum":263970.824,"count":882,"mean":299.2866485260771,"min":240.041,"max":359.981,"median":298.081,"variance":1172.8541986701168,"std_dev":34.2469589696679,"mean_variance":1.3297666651588627,"mean_std_dev":1.153155091546173},"raid_dps":{"sum":10981452.177423835,"count":882,"mean":12450.626051500947},"total_dmg":{"sum":3281555986.655678,"count":882,"mean":3720585.0188839883},"total_iterations":176068,"total_actors":221,"total_iterations_mean":796.6877828054298,"total_iterations_variance":649317.4570135745,"total_iterations_stddev":805.8023684586528,"total_mean_dps_stddev":13.226186264967073,"total_mean_dps_variance":174.93200311560364},"player":{"name":"Template","race":"human","level":120,"role":"attack","specialization":"Retribution Paladin","profile_source":"default","talents":[{"tier":1,"id":22557,"spell_id":267610,"name":"Righteous Verdict"},{"tier":2,"id":22593,"spell_id":24275,"name":"Hammer of Wrath"},{"tier":4,"id":22183,"spell_id":255937,"name":"Wake of Ashes"},{"tier":7,"id":22634,"spell_id":84963,"name":"Inquisition"}],"party":0,"ready_type":0,"bugs":true,"scale_player":true,"potion_used":false,"timeofday":"DAY_TIME","invert_scaling":0,"reaction_offset":0.1,"reaction_max":1.4000000000000001,"reaction_mean":0.3,"reaction_stddev":0.06,"reaction_nu":0.25,"world_lag":0.1,"brain_lag":0.0,"brain_lag_stddev":0.0,"world_lag_override":false,"world_lag_stddev_override":false,"dbc":{"Live":{"build_level":27404,"wow_version":"8.0.1"},"version_used":"Live"},"base_mana_regen_per_second":300.0,"collected_data":{"fight_length":{"sum":263970.824,"count":882,"mean":299.2866485260771,"min":240.041,"max":359.981},"waiting_time":{"sum":22824.1,"count":882,"mean":25.877664399092968,"min":15.5,"max":37.0},"executed_foreground_actions":{"sum":214967.0,"count":882,"mean":243.72675736961452,"min":193.0,"max":296.0},"dmg":{"sum":3281555986.655678,"count":882,"mean":3720585.0188839883,"min":2773494.632141938,"max":4540178.131469802},"compound_dmg":{"sum":3281555986.655678,"count":882,"mean":3720585.0188839883,"min":2773494.632141938,"max":4540178.131469802},"timeline_dmg":{"mean":12564.508409758191,"mean_std_dev":7447.634678723688,"min":606.2883287901991,"max":69928.82053029699,