{"results":[["Trait","325","340","355","370","385"],["Thunderous Blast",335,518,717,1001,1253],["Tidal Surge",212,387,608,858,1080],["Azerite Globules",180,284,498,709,944],["Secrets of the Deep",285,460,664,910,1182],["Gutripper",65,285,414,644,889],["Unstable Flames",107,294,425,630,866],["Blood Rite",306,449,646,856,1059],["Heed My Call",162,301,499,737,976],["Filthy Transfusion",203,351,564,792,1026],["Relational Normalization Gizmo",374,545,739,949,1219],["Synaptic Spark Capacitor",482,685,939,1202,1545],["Sylvanas' Resolve / Anduin's Dedication",285,447,653,859,1189],["Feeding Frenzy",420,536,718,910,1143],["Swirling Sands",325,483,695,937,1130],["Meticulous Scheming",53,213,361,543,766],["Ricocheting Inflatable Pyrosaw",184,350,505,752,1019],["Laser Matrix",281,478,658,912,1204],["Tradewinds",323,484,666,855,1099],["Collective Will / Stand As One",91,238,406,598,839],["Barrage Of Many Bombs",370,549,777,1019,1318],["Serrated Jaws",111,274,443,697,957],["Primal Instincts",525,657,864,1094,1314],["Overwhelming Power",167,334,492,672,913],["Unstable Catalyst",353,497,730,986,1295],["Rapid Reload",139,273,458,688,945],["Pack Alpha",-13,106,299,438,676],["Dance of Death",127,302,478,693,945],["Haze of Rage",310,484,720,935,1233],["Dagger in the Back",303,493,689,931,1250],["Incite the Pack",277,441,649,833,1051],["Combined Might / Stronger Together",65,185,373,568,792],["Battlefield Focus / Battlefield Precision",17,149,291,508,700],["Retaliatory Fury / Last Gift",173,307,507,685,898],["Glory in Battle / Liberator's Might",302,470,642,860,1124],["Ruinous Bolt",107,286,454,713,931],["Blood Siphon",70,254,433,619,813],["Blightborne Infusion",409,571,780,990,1261],["Champion of Azeroth",464,675,857,1089,1367],["Earthlink",98,277,434,634,881],["Rezan's Fury",218,379,610,780,1120],["Elemental Whirl",144,299,461,656,895]],"metas":{"build_date":"Aug 18 2018","build_time":"08:59:09","git_revision":"7948886e6d","options":{"debug":false,"max_time":300.0,"expected_iteration_time":325.39300000000003,"vary_combat_length":0.2,"iterations":1101,"target_error":0.2,"threads":32,"seed":3918864714011280852,"single_actor_batch":false,"queue_lag":0.005,"queue_lag_stddev":0.001,"gcd_lag":0.15,"gcd_lag_stddev":0.037,"channel_lag":0.25,"channel_lag_stddev":0.062,"queue_gcd_reduction":0.1,"strict_gcd_queue":0,"confidence":0.95,"confidence_estimator":1.9599639854089754,"world_lag":0.1,"world_lag_stddev":0.01,"travel_variance":0.0,"default_skill":1.0,"reaction_time":0.5,"regen_periodicity":0.25,"ignite_sampling_delta":0.2,"fixed_time":true,"optimize_expressions":true,"optimal_raid":1,"log":0,"debug_each":0,"stat_cache":1,"max_aoe_enemies":20,"show_etmi":false,"tmi_window_global":0.0,"tmi_bin_size":0.5,"enemy_death_pct":0.0,"challenge_mode":false,"timewalk":-1,"pvp_crit":false,"rng":{"name":"sse2-sfmt"},"deterministic":0,"average_range":1,"average_gauss":0,"fight_style":"Patchwerk","default_aura_delay":0.03,"default_aura_delay_stddev":0.005,"dbc":{"bfa-BETA":{"build_level":26095,"wow_version":"8.0.1"},"version_used":"bfa-BETA"}},"overrides":{"arcane_intellect":1,"battle_shout":1,"power_word_fortitude":1,"chaos_brand":1,"mystic_touch":1,"mortal_wounds":1,"bleeding":1,"bloodlust":1,"bloodlust_percent":25,"bloodlust_time":0.5},"statistics":{"elapsed_cpu_seconds":18981.848752000005,"elapsed_time_seconds":20.256384999999998,"init_time_seconds":2.3250503170000005,"merge_time_seconds":0.006609498000000002,"analyze_time_seconds":0.1967861650000001,"simulation_length":{"sum":320410.088,"count":1069,"mean":299.72880074836297,"min":240.01500000000001,"max":359.87,"median":300.682,"variance":1190.108665467315,"std_dev":34.497951612629336,"mean_variance":1.1132915486130168,"mean_std_dev":1.0551263187945872},"raid_dps":{"sum":14929357.2515174,"count":1069,"mean":13965.722405535455},"total_dmg":{"sum":4470733120.907108,"count":1069,"mean":4182163.8174996334},"total_iterations":211045,"total_actors":206,"total_iterations_mean":1024.490291262136,"total_iterations_variance":1116167.480582524,"total_iterations_stddev":1056.4882775414615,"total_mean_dps_stddev":14.863807479056351,"total_mean_dps_variance":220.93277277445154},"player":{"name":"Template","race":"orc","level":120,"role":"attack","specialization":"Beast Mastery Hunter","profile_source":"default","talents":[{"tier":1,"id":22291,"spell_id":273887,"name":"Killer Instinct"},{"tier":2,"id":22290,"spell_id":53209,"name":"Chimaera Shot"},{"tier":4,"id":22269,"spell_id":131894,"name":"A Murder of Crows"},{"tier":6,"id":19357,"spell_id":199530,"name":"Stomp"},{"tier":7,"id":22273,"spell_id":191384,"name":"Aspect of the Beast"}],"party":0,"ready_type":0,"bugs":true,"scale_player":true,"potion_used":false,"timeofday":"DAY_TIME","invert_scaling":0,"reaction_offset":0.1,"reaction_max":1.4000000000000001,"reaction_mean":0.3,"reaction_stddev":0.06,"reaction_nu":0.25,"world_lag":0.1,"brain_lag":0.0,"brain_lag_stddev":0.0,"world_lag_override":false,"world_lag_stddev_override":false,"dbc":{"bfa-BETA":{"build_level":26095,"wow_version":"8.0.1"},"version_used":"bfa-BETA"},"base_focus_regen_per_second":10.0,"collected_data":{"fight_length":{"sum":320410.08800000005,"count":1069,"mean":299.728800748363,"min":240.01500000000001,"max":359.87},"waiting_time":{"sum":42396.399999999994,"count":1069,"mean":39.65986903648269,"min":22.900000000000002,"max":56.4},"executed_foreground_actions":{"sum":243902.0,"count":1069,"mean":228.15902712815716,"min":182.0,"max":273.0},"dmg":{"sum":1381131977.6876636,"count":1069,"mean":1291985.0118687218,"min":978511.7128661878,"max":1586736.5369593122},"compound_dmg":{"sum":4470733120.907108,"count":1069,"mean":4182163.8174996334,"min":3070043.491322158,"max":5192016.508352256},"timeline_dmg":{"mean":14011.006555645046,"mean_std_dev":7308.997139508948,"min":4226.51451104597,"max":46886.36004568106,