{"results":[["Trait","325","340","355","370","385"],["Thunderous Blast",334,539,810,1061,1319],["Azerite Globules",112,319,448,664,960],["Packed Ice",154,317,487,751,984],["Tidal Surge",267,416,648,832,1200],["Dagger in the Back",294,448,677,953,1263],["Unstable Flames",124,367,518,710,955],["Secrets of the Deep",305,501,748,1025,1326],["Gutripper",108,292,471,668,935],["Blood Rite",328,501,691,950,1185],["Tunnel of Ice",162,367,540,740,1054],["Filthy Transfusion",164,361,614,825,1105],["Relational Normalization Gizmo",387,593,791,1048,1381],["Synaptic Spark Capacitor",473,736,982,1252,1624],["Sylvanas' Resolve / Anduin's Dedication",319,484,743,1015,1311],["Swirling Sands",429,649,806,1105,1338],["Meticulous Scheming",338,527,696,975,1240],["Ricocheting Inflatable Pyrosaw",227,432,589,870,1066],["Laser Matrix",308,498,766,985,1289],["Tradewinds",233,429,624,825,1092],["Heed My Call",165,343,545,737,1006],["Collective Will / Stand As One",114,267,444,679,914],["Barrage Of Many Bombs",379,606,830,1090,1419],["Frigid Grasp",-370,-262,-29,192,395],["Retaliatory Fury / Last Gift",116,320,472,689,908],["Earthlink",112,270,469,715,981],["Winter's Reach",57,207,424,590,872],["Whiteout",-64,44,277,519,750],["Incite the Pack",215,390,586,783,1070],["Combined Might / Stronger Together",72,242,407,595,785],["Battlefield Focus / Battlefield Precision",106,267,448,688,894],["Glory in Battle / Liberator's Might",199,348,583,783,1016],["Ruinous Bolt",98,285,489,742,1009],["Unstable Catalyst",347,586,820,1053,1418],["Blood Siphon",55,238,398,632,839],["Overwhelming Power",-85,98,319,463,771],["Champion of Azeroth",382,632,789,1078,1340],["Blightborne Infusion",492,683,891,1062,1325],["Elemental Whirl",66,255,435,705,926],["Glacial Assault",112,322,494,750,980],["Rezan's Fury",238,406,618,845,1128]],"metas":{"build_date":"Aug 21 2018","build_time":"06:51:36","git_revision":"57250019bf","options":{"debug":false,"max_time":300.0,"expected_iteration_time":260.50100000000003,"vary_combat_length":0.2,"iterations":1886,"target_error":0.2,"threads":32,"seed":12024986782861537,"single_actor_batch":false,"queue_lag":0.005,"queue_lag_stddev":0.001,"gcd_lag":0.15,"gcd_lag_stddev":0.037,"channel_lag":0.25,"channel_lag_stddev":0.062,"queue_gcd_reduction":0.1,"strict_gcd_queue":0,"confidence":0.95,"confidence_estimator":1.9599639854089754,"world_lag":0.1,"world_lag_stddev":0.01,"travel_variance":0.0,"default_skill":1.0,"reaction_time":0.5,"regen_periodicity":0.25,"ignite_sampling_delta":0.2,"fixed_time":true,"optimize_expressions":true,"optimal_raid":1,"log":0,"debug_each":0,"stat_cache":1,"max_aoe_enemies":20,"show_etmi":false,"tmi_window_global":0.0,"tmi_bin_size":0.5,"enemy_death_pct":0.0,"challenge_mode":false,"timewalk":-1,"pvp_crit":false,"rng":{"name":"sse2-sfmt"},"deterministic":0,"average_range":1,"average_gauss":0,"fight_style":"Patchwerk","default_aura_delay":0.03,"default_aura_delay_stddev":0.005,"dbc":{"bfa-BETA":{"build_level":26095,"wow_version":"8.0.1"},"version_used":"bfa-BETA"}},"overrides":{"arcane_intellect":1,"battle_shout":1,"power_word_fortitude":1,"chaos_brand":1,"mystic_touch":1,"mortal_wounds":1,"bleeding":1,"bloodlust":1,"bloodlust_percent":25,"bloodlust_time":0.5},"statistics":{"elapsed_cpu_seconds":30724.511841999985,"elapsed_time_seconds":32.640252,"init_time_seconds":2.7892880239999998,"merge_time_seconds":0.006475288,"analyze_time_seconds":0.34385529900000034,"simulation_length":{"sum":556071.1819999998,"count":1854,"mean":299.9305188781013,"min":240.017,"max":359.897,"median":300.533,"variance":1161.8373426779062,"std_dev":34.08573517877979,"mean_variance":0.626665233375354,"mean_std_dev":0.7916219005152358},"raid_dps":{"sum":38267073.30147223,"count":1854,"mean":20640.27686163551},"total_dmg":{"sum":11448135655.452604,"count":1854,"mean":6174830.450621685},"total_iterations":376156,"total_actors":201,"total_iterations_mean":1871.4228855721392,"total_iterations_variance":2248815.0547263683,"total_iterations_stddev":1499.604966224895,"total_mean_dps_stddev":21.677926837075407,"total_mean_dps_variance":469.9325119535942},"player":{"name":"Template","race":"pandaren","level":120,"role":"spell","specialization":"Frost Mage","profile_source":"default","talents":[{"tier":1,"id":22457,"spell_id":205027,"name":"Bone Chilling"},{"tier":3,"id":22444,"spell_id":1463,"name":"Incanter's Flow"},{"tier":4,"id":22469,"spell_id":257537,"name":"Ebonbolt"},{"tier":6,"id":22473,"spell_id":153595,"name":"Comet Storm"},{"tier":7,"id":21634,"spell_id":199786,"name":"Glacial Spike"}],"party":0,"ready_type":0,"bugs":true,"scale_player":true,"potion_used":false,"timeofday":"DAY_TIME","invert_scaling":0,"reaction_offset":0.1,"reaction_max":1.4000000000000001,"reaction_mean":0.3,"reaction_stddev":0.06,"reaction_nu":0.25,"world_lag":0.1,"brain_lag":0.0,"brain_lag_stddev":0.0,"world_lag_override":false,"world_lag_stddev_override":false,"dbc":{"bfa-BETA":{"build_level":26095,"wow_version":"8.0.1"},"version_used":"bfa-BETA"},"base_mana_regen_per_second":2000.0,"collected_data":{"fight_length":{"sum":556071.182,"count":1854,"mean":299.9305188781014,"min":240.017,"max":359.897},"executed_foreground_actions":{"sum":367606.0,"count":1854,"mean":198.277238403452,"min":159.0,"max":237.0},"dmg":{"sum":10886220950.259487,"count":1854,"mean":5871748.085361104,"min":4442724.58823456,"max":7358133.459130785},"compound_dmg":{"sum":11448135655.452604,"count":1854,"mean":6174830.450621685,"min":4697062.802349898,"max":7703560.3912275825},"timeline_dmg":{"mean":19967.438946010356,"mean_std_dev":15049.603284305444,"min":3656.316808529413,"max":99571.71746823861,