{"results":[["Trait","325","340","355","370","385"],["Thunderous Blast",397,536,701,914,1166],["Tidal Surge",301,419,598,766,953],["Azerite Globules",96,216,331,474,639],["Secrets of the Deep",226,384,508,689,884],["Filthy Transfusion",244,387,526,717,904],["Blood Rite",188,294,422,594,777],["Relational Normalization Gizmo",263,388,535,716,877],["Synaptic Spark Capacitor",216,351,483,655,828],["Gutripper",130,238,359,528,710],["Sylvanas' Resolve / Anduin's Dedication",236,356,509,673,854],["Swirling Sands",272,377,522,675,853],["Meticulous Scheming",178,307,435,553,724],["Ricocheting Inflatable Pyrosaw",134,241,363,509,671],["Laser Matrix",368,535,701,875,1112],["Tradewinds",240,372,495,640,801],["Heed My Call",160,260,387,552,721],["Collective Will / Stand As One",83,189,314,471,634],["Barrage Of Many Bombs",195,328,470,619,806],["Dagger in the Back",410,541,732,943,1179],["Unstable Flames",96,221,322,472,624],["Shrouded Suffocation",356,505,652,857,1067],["Fan of Blades",24,121,214,367,497],["Twist the Knife",205,311,481,644,805],["Scent of Blood",162,280,391,559,742],["Sharpened Blades",74,198,355,541,756],["Poisoned Wire",89,195,311,465,620],["Double Dose",63,160,286,445,586],["Overwhelming Power",98,190,333,443,603],["Unstable Catalyst",252,374,550,740,930],["Earthlink",93,205,346,487,654],["Incite the Pack",221,338,472,618,796],["Combined Might / Stronger Together",45,181,290,430,575],["Battlefield Focus / Battlefield Precision",310,419,598,768,993],["Retaliatory Fury / Last Gift",137,245,357,494,670],["Glory in Battle / Liberator's Might",186,295,419,554,727],["Ruinous Bolt",158,311,431,577,808],["Blood Siphon",95,193,324,442,633],["Champion of Azeroth",289,424,550,720,858],["Blightborne Infusion",298,423,540,735,903],["Rezan's Fury",291,407,607,768,965],["Elemental Whirl",126,211,333,461,627]],"metas":{"build_date":"Aug 23 2018","build_time":"08:35:52","git_revision":"0f9699d9e7","options":{"debug":false,"max_time":300.0,"expected_iteration_time":316.40500000000003,"vary_combat_length":0.2,"iterations":656,"target_error":0.2,"threads":32,"seed":9514282469443959249,"single_actor_batch":false,"queue_lag":0.005,"queue_lag_stddev":0.001,"gcd_lag":0.15,"gcd_lag_stddev":0.037,"channel_lag":0.25,"channel_lag_stddev":0.062,"queue_gcd_reduction":0.1,"strict_gcd_queue":0,"confidence":0.95,"confidence_estimator":1.9599639854089754,"world_lag":0.1,"world_lag_stddev":0.01,"travel_variance":0.0,"default_skill":1.0,"reaction_time":0.5,"regen_periodicity":0.25,"ignite_sampling_delta":0.2,"fixed_time":true,"optimize_expressions":true,"optimal_raid":1,"log":0,"debug_each":0,"stat_cache":1,"max_aoe_enemies":20,"show_etmi":false,"tmi_window_global":0.0,"tmi_bin_size":0.5,"enemy_death_pct":0.0,"challenge_mode":false,"timewalk":-1,"pvp_crit":false,"rng":{"name":"sse2-sfmt"},"deterministic":0,"average_range":1,"average_gauss":0,"fight_style":"Patchwerk","default_aura_delay":0.03,"default_aura_delay_stddev":0.005,"dbc":{"Live":{"build_level":27404,"wow_version":"8.0.1"},"version_used":"Live"}},"overrides":{"arcane_intellect":1,"battle_shout":1,"power_word_fortitude":1,"chaos_brand":1,"mystic_touch":1,"mortal_wounds":1,"bleeding":1,"bloodlust":1,"bloodlust_percent":25,"bloodlust_time":0.5},"statistics":{"elapsed_cpu_seconds":17891.722416,"elapsed_time_seconds":19.210782,"init_time_seconds":3.148926124999997,"merge_time_seconds":0.005428123000000001,"analyze_time_seconds":0.12651837800000001,"simulation_length":{"sum":188514.84600000002,"count":624,"mean":302.10712500000005,"min":240.04,"max":359.807,"median":301.89300000000003,"variance":1213.8071233625801,"std_dev":34.83973483484885,"mean_variance":1.9452037233374682,"mean_std_dev":1.394705604540782},"raid_dps":{"sum":6260938.033660685,"count":624,"mean":10033.554541122892},"total_dmg":{"sum":1888292177.5202072,"count":624,"mean":3026109.258846486},"total_iterations":138491,"total_actors":206,"total_iterations_mean":672.2864077669902,"total_iterations_variance":511822.1019417479,"total_iterations_stddev":715.4174319526662,"total_mean_dps_stddev":10.711046877442548,"total_mean_dps_variance":114.72652521077177},"player":{"name":"Template","race":"human","level":120,"role":"attack","specialization":"Assassination Rogue","profile_source":"default","talents":[{"tier":1,"id":22338,"spell_id":193640,"name":"Elaborate Planning"},{"tier":2,"id":22332,"spell_id":108208,"name":"Subterfuge"},{"tier":3,"id":19239,"spell_id":14983,"name":"Vigor"},{"tier":6,"id":22344,"spell_id":200806,"name":"Exsanguinate"},{"tier":7,"id":21186,"spell_id":255544,"name":"Poison Bomb"}],"party":0,"ready_type":1,"bugs":true,"scale_player":true,"potion_used":false,"timeofday":"DAY_TIME","invert_scaling":0,"reaction_offset":0.1,"reaction_max":1.4000000000000001,"reaction_mean":0.3,"reaction_stddev":0.06,"reaction_nu":0.25,"world_lag":0.1,"brain_lag":0.0,"brain_lag_stddev":0.0,"world_lag_override":false,"world_lag_stddev_override":false,"dbc":{"Live":{"build_level":27404,"wow_version":"8.0.1"},"version_used":"Live"},"base_energy_regen_per_second":11.0,"collected_data":{"fight_length":{"sum":188514.84600000002,"count":624,"mean":302.10712500000005,"min":240.04,"max":359.807},"waiting_time":{"sum":50451.871,"count":624,"mean":80.85235737179487,"min":62.234,"max":100.27},"executed_foreground_actions":{"sum":123573.0,"count":624,"mean":198.03365384615384,"min":157.0,"max":233.0},"dmg":{"sum":1888292177.5202072,"count":624,"mean":3026109.258846486,"min":2380598.5732224113,"max":3639321.2873130934},"compound_dmg":{"sum":1888292177.5202072,"count":624,"mean":3026109.258846486,"min":2380598.5732224113,"max":3639321.2873130934},"timeline_dmg":{"mean":10168.870159241851,"mean_std_dev":4662.187096226339,"min":2733.1332334806593,"max":33165.44206375517,