{"results":[["Trait","325","340","355","370","385"],["Laser Matrix",305,470,673,880,1131],["Archive of the Titans",239,435,595,837,1046],["Relational Normalization Gizmo",273,439,611,784,1036],["Synaptic Spark Capacitor",413,583,792,1053,1313],["Gutripper",87,232,391,558,810],["Sylvanas' Resolve / Anduin's Dedication",281,459,654,851,1090],["Swirling Sands",280,458,639,830,1038],["Tradewinds",301,456,645,867,1072],["Ricocheting Inflatable Pyrosaw",202,342,515,702,956],["Heed My Call",146,289,449,649,853],["Collective Will / Stand As One",105,262,417,572,797],["Combined Might / Stronger Together",40,172,354,507,692],["Barrage Of Many Bombs",287,476,678,896,1130],["Battlefield Focus / Battlefield Precision",128,230,389,556,764],["Retaliatory Fury / Last Gift",169,326,470,665,897],["Glory in Battle / Liberator's Might",206,338,491,700,917],["Echoing Howl",279,451,628,861,1125],["Glacial Contagion",288,438,644,858,1137],["Icy Citadel",229,370,588,817,1042],["Blightborne Infusion",299,477,682,861,1092],["Frozen Tempest",92,224,376,564,781],["Unstable Flames",111,234,396,596,800],["Blood Rite",181,331,485,638,886],["Meticulous Scheming",135,283,423,626,818],["Killer Frost",90,287,448,635,819],["Incite the Pack",301,460,636,832,1056],["Tidal Surge",277,466,632,870,1159],["Rezan's Fury",236,405,604,805,1061],["Unstable Catalyst",320,498,683,905,1169],["Azerite Globules",134,289,440,634,850],["Latent Chill",167,327,462,658,909],["Earthlink",118,296,394,613,840],["Lifespeed",80,199,380,551,753],["Dagger in the Back",279,429,652,886,1117],["Secrets of the Deep",259,479,640,836,1137],["Blood Siphon",146,250,422,584,817],["Thunderous Blast",306,493,701,913,1190],["Filthy Transfusion",207,352,545,762,1001],["Elemental Whirl",97,290,384,606,767],["Champion of Azeroth",340,499,678,883,1118],["Ruinous Bolt",164,346,477,691,901],["Overwhelming Power",142,239,413,582,811]],"metas":{"build_date":"Aug 29 2018","build_time":"06:51:22","git_revision":"744e4aaddc","options":{"debug":false,"max_time":300.0,"expected_iteration_time":336.21500000000003,"vary_combat_length":0.2,"iterations":1268,"target_error":0.2,"threads":32,"seed":12551803024417408,"single_actor_batch":false,"queue_lag":0.005,"queue_lag_stddev":0.001,"gcd_lag":0.15,"gcd_lag_stddev":0.037,"channel_lag":0.25,"channel_lag_stddev":0.062,"queue_gcd_reduction":0.1,"strict_gcd_queue":0,"confidence":0.95,"confidence_estimator":1.9599639854089754,"world_lag":0.1,"world_lag_stddev":0.01,"travel_variance":0.0,"default_skill":1.0,"reaction_time":0.5,"regen_periodicity":0.25,"ignite_sampling_delta":0.2,"fixed_time":true,"optimize_expressions":true,"optimal_raid":1,"log":0,"debug_each":0,"stat_cache":1,"max_aoe_enemies":20,"show_etmi":false,"tmi_window_global":0.0,"tmi_bin_size":0.5,"enemy_death_pct":0.0,"challenge_mode":false,"timewalk":-1,"pvp_crit":false,"rng":{"name":"sse2-sfmt"},"deterministic":0,"average_range":1,"average_gauss":0,"fight_style":"Patchwerk","default_aura_delay":0.03,"default_aura_delay_stddev":0.005,"dbc":{"Live":{"build_level":27481,"wow_version":"8.0.1"},"version_used":"Live"}},"overrides":{"arcane_intellect":1,"battle_shout":1,"power_word_fortitude":1,"chaos_brand":1,"mystic_touch":1,"mortal_wounds":1,"bleeding":1,"bloodlust":1,"bloodlust_percent":25,"bloodlust_time":0.5},"statistics":{"elapsed_cpu_seconds":27037.066170999995,"elapsed_time_seconds":28.540956999999995,"init_time_seconds":3.4009748280000003,"merge_time_seconds":0.006080830000000001,"analyze_time_seconds":0.4508148270000002,"simulation_length":{"sum":372066.58000000013,"count":1236,"mean":301.02474110032375,"min":240.109,"max":359.927,"median":301.134,"variance":1193.5196168132295,"std_dev":34.54735325337137,"mean_variance":0.965630757939506,"mean_std_dev":0.982665130112749},"raid_dps":{"sum":16708499.921603793,"count":1236,"mean":13518.203820067794},"total_dmg":{"sum":5027346616.749158,"count":1236,"mean":4067432.537822943},"total_iterations":247598,"total_actors":211,"total_iterations_mean":1173.4502369668246,"total_iterations_variance":1078228.2274881515,"total_iterations_stddev":1038.3776901918452,"total_mean_dps_stddev":14.359332473673195,"total_mean_dps_variance":206.19042908948555},"player":{"name":"Template","race":"orc","level":120,"role":"attack","specialization":"Frost Death Knight","profile_source":"default","talents":[{"tier":1,"id":22018,"spell_id":281208,"name":"Cold Heart"},{"tier":2,"id":22021,"spell_id":57330,"name":"Horn of Winter"},{"tier":4,"id":22523,"spell_id":194909,"name":"Frozen Pulse"},{"tier":6,"id":22535,"spell_id":279302,"name":"Frostwyrm's Fury"},{"tier":7,"id":22537,"spell_id":152279,"name":"Breath of Sindragosa"}],"party":0,"ready_type":0,"bugs":true,"scale_player":true,"potion_used":false,"timeofday":"DAY_TIME","invert_scaling":0,"reaction_offset":0.1,"reaction_max":1.4000000000000001,"reaction_mean":0.3,"reaction_stddev":0.06,"reaction_nu":0.25,"world_lag":0.1,"brain_lag":0.0,"brain_lag_stddev":0.0,"world_lag_override":false,"world_lag_stddev_override":false,"dbc":{"Live":{"build_level":27481,"wow_version":"8.0.1"},"version_used":"Live"},"collected_data":{"fight_length":{"sum":372066.58,"count":1236,"mean":301.02474110032364,"min":240.109,"max":359.927},"waiting_time":{"sum":90124.49999999999,"count":1236,"mean":72.91626213592232,"min":36.7,"max":111.0},"executed_foreground_actions":{"sum":217636.0,"count":1236,"mean":176.0809061488673,"min":133.0,"max":228.0},"dmg":{"sum":5027346616.749158,"count":1236,"mean":4067432.537822943,"min":3127076.26026299,"max":5093117.408906596},"compound_dmg":{"sum":5027346616.749158,"count":1236,"mean":4067432.537822943,"min":3127076.26026299,"max":5093117.408906596},"timeline_dmg":{"mean":13650.392959374793,"mean_std_dev":10117.095716489615,"min":942.4935679945697,"max":116713.1045805766,