{"results":[["Trait","325","340","355","370","385"],["Laser Matrix",306,456,676,917,1202],["Archive of the Titans",304,474,679,903,1149],["Relational Normalization Gizmo",272,467,668,860,1146],["Synaptic Spark Capacitor",610,865,1128,1439,1794],["Gutripper",112,275,416,598,873],["Sylvanas' Resolve / Anduin's Dedication",280,484,662,919,1206],["Swirling Sands",291,460,698,868,1072],["Tradewinds",339,491,651,895,1113],["Ricocheting Inflatable Pyrosaw",263,438,664,899,1147],["Heed My Call",149,323,502,701,973],["Barrage Of Many Bombs",482,644,870,1160,1478],["Perforate",0,149,306,482,721],["Champion of Azeroth",392,503,737,978,1203],["The First Dance",220,384,533,773,996],["Inevitability",28,178,307,501,703],["Tidal Surge",254,461,665,883,1154],["Collective Will / Stand As One",113,241,439,621,835],["Combined Might / Stronger Together",61,217,384,585,790],["Battlefield Focus / Battlefield Precision",38,176,341,519,729],["Retaliatory Fury / Last Gift",147,343,509,724,933],["Glory in Battle / Liberator's Might",198,356,526,700,979],["Blood Rite",205,347,516,720,936],["Unstable Flames",65,244,415,619,858],["Meticulous Scheming",193,343,505,696,946],["Incite the Pack",284,466,621,863,1106],["Unstable Catalyst",294,526,758,959,1231],["Azerite Globules",174,335,524,736,1018],["Earthlink",148,303,454,693,903],["Night's Vengeance",365,524,763,1015,1259],["Dagger in the Back",287,465,673,936,1218],["Secrets of the Deep",308,519,712,956,1193],["Blood Siphon",120,274,424,597,866],["Ruinous Bolt",199,346,545,732,943],["Sharpened Blades",65,234,451,729,1009],["Thunderous Blast",333,523,729,992,1252],["Overwhelming Power",91,239,388,597,819],["Filthy Transfusion",184,372,554,781,1023],["Blightborne Infusion",354,479,723,883,1172],["Blade In The Shadows",2,149,306,472,683],["Rezan's Fury",250,431,658,869,1128],["Elemental Whirl",120,285,427,621,872]],"metas":{"build_date":"Aug 29 2018","build_time":"06:51:22","git_revision":"744e4aaddc","options":{"debug":false,"max_time":300.0,"expected_iteration_time":248.30700000000002,"vary_combat_length":0.2,"iterations":791,"target_error":0.2,"threads":32,"seed":9479328352264263771,"single_actor_batch":false,"queue_lag":0.005,"queue_lag_stddev":0.001,"gcd_lag":0.15,"gcd_lag_stddev":0.037,"channel_lag":0.25,"channel_lag_stddev":0.062,"queue_gcd_reduction":0.1,"strict_gcd_queue":0,"confidence":0.95,"confidence_estimator":1.9599639854089754,"world_lag":0.1,"world_lag_stddev":0.01,"travel_variance":0.0,"default_skill":1.0,"reaction_time":0.5,"regen_periodicity":0.25,"ignite_sampling_delta":0.2,"fixed_time":true,"optimize_expressions":true,"optimal_raid":1,"log":0,"debug_each":0,"stat_cache":1,"max_aoe_enemies":20,"show_etmi":false,"tmi_window_global":0.0,"tmi_bin_size":0.5,"enemy_death_pct":0.0,"challenge_mode":false,"timewalk":-1,"pvp_crit":false,"rng":{"name":"sse2-sfmt"},"deterministic":0,"average_range":1,"average_gauss":0,"fight_style":"Patchwerk","default_aura_delay":0.03,"default_aura_delay_stddev":0.005,"dbc":{"Live":{"build_level":27481,"wow_version":"8.0.1"},"version_used":"Live"}},"overrides":{"arcane_intellect":1,"battle_shout":1,"power_word_fortitude":1,"chaos_brand":1,"mystic_touch":1,"mortal_wounds":1,"bleeding":1,"bloodlust":1,"bloodlust_percent":25,"bloodlust_time":0.5},"statistics":{"elapsed_cpu_seconds":12793.794774000005,"elapsed_time_seconds":13.628398,"init_time_seconds":3.0629818780000013,"merge_time_seconds":0.006581824000000001,"analyze_time_seconds":0.15732375099999993,"simulation_length":{"sum":227915.24800000008,"count":759,"mean":300.28359420289866,"min":240.121,"max":359.882,"median":300.665,"variance":1151.8674077193866,"std_dev":33.939172171981255,"mean_variance":1.5176118678779797,"mean_std_dev":1.2319139044097114},"raid_dps":{"sum":10797673.831210826,"count":759,"mean":14226.184230844303},"total_dmg":{"sum":3237868889.8903003,"count":759,"mean":4265966.916851516},"total_iterations":148946,"total_actors":206,"total_iterations_mean":723.0388349514564,"total_iterations_variance":581625.6893203883,"total_iterations_stddev":762.6438810613956,"total_mean_dps_stddev":15.115965377690069,"total_mean_dps_variance":228.49240929952487},"player":{"name":"Template","race":"blood_elf","level":120,"role":"attack","specialization":"Subtlety Rogue","profile_source":"default","talents":[{"tier":1,"id":19234,"spell_id":91023,"name":"Find Weakness"},{"tier":2,"id":22333,"spell_id":108209,"name":"Shadow Focus"},{"tier":3,"id":19241,"spell_id":137619,"name":"Marked for Death"},{"tier":6,"id":22336,"spell_id":238104,"name":"Enveloping Shadows"},{"tier":7,"id":22132,"spell_id":196976,"name":"Master of Shadows"}],"party":0,"ready_type":1,"bugs":true,"scale_player":true,"potion_used":false,"timeofday":"DAY_TIME","invert_scaling":0,"reaction_offset":0.1,"reaction_max":1.4000000000000001,"reaction_mean":0.3,"reaction_stddev":0.06,"reaction_nu":0.25,"world_lag":0.1,"brain_lag":0.0,"brain_lag_stddev":0.0,"world_lag_override":false,"world_lag_stddev_override":false,"dbc":{"Live":{"build_level":27481,"wow_version":"8.0.1"},"version_used":"Live"},"base_energy_regen_per_second":10.0,"collected_data":{"fight_length":{"sum":227915.248,"count":759,"mean":300.28359420289854,"min":240.121,"max":359.882},"waiting_time":{"sum":14048.572999999999,"count":759,"mean":18.50931884057971,"min":11.449,"max":26.429000000000002},"executed_foreground_actions":{"sum":247927.0,"count":759,"mean":326.6495388669302,"min":262.0,"max":391.0},"dmg":{"sum":3237868889.8903003,"count":759,"mean":4265966.916851516,"min":3285247.577370285,"max":5170571.169124381},"compound_dmg":{"sum":3237868889.8903003,"count":759,"mean":4265966.916851516,"min":3285247.577370285,"max":5170571.169124381},"timeline_dmg":{"mean":14659.897694834148,"mean_std_dev":5520.598476137372,"min":1200.3425915987095,"max":44572.24583200873,