{"results":[["Trait","325","340","355","370","385"],["Laser Matrix",332,564,831,1096,1411],["Archive of the Titans",263,499,691,951,1209],["Relational Normalization Gizmo",298,514,742,984,1250],["Synaptic Spark Capacitor",609,837,1143,1432,1819],["Sylvanas' Resolve / Anduin's Dedication",285,486,741,967,1279],["Gutripper",78,255,459,729,938],["Swirling Sands",452,604,807,1077,1379],["Tradewinds",314,484,704,908,1180],["Ricocheting Inflatable Pyrosaw",317,489,761,1045,1331],["Heed My Call",134,405,571,809,1094],["Barrage Of Many Bombs",550,811,1070,1355,1764],["Snake Eyes",279,503,680,968,1283],["Tidal Surge",302,485,647,938,1252],["Collective Will / Stand As One",48,257,455,589,961],["Combined Might / Stronger Together",55,191,360,645,816],["Battlefield Focus / Battlefield Precision",278,487,708,962,1269],["Retaliatory Fury / Last Gift",152,273,514,734,1001],["Glory in Battle / Liberator's Might",278,443,634,887,1096],["Blood Rite",220,424,557,833,1107],["Unstable Flames",145,319,485,692,974],["Meticulous Scheming",288,439,660,831,1099],["Incite the Pack",251,436,628,906,1157],["Unstable Catalyst",324,549,775,1038,1354],["Deadshot",391,652,940,1223,1589],["Azerite Globules",236,387,594,863,1190],["Storm of Steel",348,500,748,1061,1323],["Earthlink",81,259,511,650,961],["Dagger in the Back",286,529,753,1050,1366],["Secrets of the Deep",295,495,728,1003,1312],["Blood Siphon",110,259,400,632,905],["Brigand's Blitz",248,429,658,853,1144],["Ruinous Bolt",156,288,487,710,1016],["Blightborne Infusion",497,666,900,1141,1447],["Overwhelming Power",95,253,390,696,915],["Rezan's Fury",240,481,670,913,1238],["Paradise Lost",230,438,649,923,1171],["Thunderous Blast",390,610,852,1085,1485],["Champion of Azeroth",437,623,880,1095,1375],["Filthy Transfusion",218,428,590,871,1151],["Ace Up Your Sleeve",42,214,443,617,893],["Elemental Whirl",102,278,459,677,939]],"metas":{"build_date":"Aug 26 2018","build_time":"17:25:12","git_revision":"82a50ef53a","options":{"debug":false,"max_time":300.0,"expected_iteration_time":296.88100000000003,"vary_combat_length":0.2,"iterations":2497,"target_error":0.2,"threads":32,"seed":2918968937914814883,"single_actor_batch":false,"queue_lag":0.005,"queue_lag_stddev":0.001,"gcd_lag":0.15,"gcd_lag_stddev":0.037,"channel_lag":0.25,"channel_lag_stddev":0.062,"queue_gcd_reduction":0.1,"strict_gcd_queue":0,"confidence":0.95,"confidence_estimator":1.9599639854089754,"world_lag":0.1,"world_lag_stddev":0.01,"travel_variance":0.0,"default_skill":1.0,"reaction_time":0.5,"regen_periodicity":0.25,"ignite_sampling_delta":0.2,"fixed_time":true,"optimize_expressions":true,"optimal_raid":1,"log":0,"debug_each":0,"stat_cache":1,"max_aoe_enemies":20,"show_etmi":false,"tmi_window_global":0.0,"tmi_bin_size":0.5,"enemy_death_pct":0.0,"challenge_mode":false,"timewalk":-1,"pvp_crit":false,"rng":{"name":"sse2-sfmt"},"deterministic":0,"average_range":1,"average_gauss":0,"fight_style":"Patchwerk","default_aura_delay":0.03,"default_aura_delay_stddev":0.005,"dbc":{"Live":{"build_level":27404,"wow_version":"8.0.1"},"version_used":"Live"}},"overrides":{"arcane_intellect":1,"battle_shout":1,"power_word_fortitude":1,"chaos_brand":1,"mystic_touch":1,"mortal_wounds":1,"bleeding":1,"bloodlust":1,"bloodlust_percent":25,"bloodlust_time":0.5},"statistics":{"elapsed_cpu_seconds":39248.109399999994,"elapsed_time_seconds":41.894879,"init_time_seconds":2.495474081000001,"merge_time_seconds":0.007172388000000001,"analyze_time_seconds":0.48319336000000024,"simulation_length":{"sum":740117.848,"count":2465,"mean":300.2506482758621,"min":240.05700000000002,"max":359.848,"median":300.767,"variance":1190.3083715870405,"std_dev":34.50084595465799,"mean_variance":0.4828837207249657,"mean_std_dev":0.6948983528005845},"raid_dps":{"sum":51625214.54203116,"count":2465,"mean":20943.29190346092},"total_dmg":{"sum":15482619913.355959,"count":2465,"mean":6280981.709272195},"total_iterations":459980,"total_actors":206,"total_iterations_mean":2232.9126213592235,"total_iterations_variance":1548844.4271844656,"total_iterations_stddev":1244.525784057713,"total_mean_dps_stddev":22.07576761362899,"total_mean_dps_variance":487.3395157309506},"player":{"name":"Template","race":"dwarf","level":120,"role":"attack","specialization":"Outlaw Rogue","profile_source":"default","talents":[{"tier":1,"id":22119,"spell_id":196938,"name":"Quick Draw"},{"tier":2,"id":19238,"spell_id":196922,"name":"Hit and Run"},{"tier":3,"id":19239,"spell_id":14983,"name":"Vigor"},{"tier":6,"id":23128,"spell_id":193539,"name":"Alacrity"},{"tier":7,"id":23175,"spell_id":51690,"name":"Killing Spree"}],"party":0,"ready_type":1,"bugs":true,"scale_player":true,"potion_used":false,"timeofday":"DAY_TIME","invert_scaling":0,"reaction_offset":0.1,"reaction_max":1.4000000000000001,"reaction_mean":0.3,"reaction_stddev":0.06,"reaction_nu":0.25,"world_lag":0.1,"brain_lag":0.0,"brain_lag_stddev":0.0,"world_lag_override":false,"world_lag_stddev_override":false,"dbc":{"Live":{"build_level":27404,"wow_version":"8.0.1"},"version_used":"Live"},"base_energy_regen_per_second":14.85,"collected_data":{"fight_length":{"sum":740117.8480000001,"count":2465,"mean":300.2506482758621,"min":240.05700000000002,"max":359.848},"waiting_time":{"sum":54418.982,"count":2465,"mean":22.07666612576065,"min":6.273,"max":40.589},"executed_foreground_actions":{"sum":698563.0,"count":2465,"mean":283.3926977687627,"min":213.0,"max":356.0},"dmg":{"sum":15482619913.355959,"count":2465,"mean":6280981.709272195,"min":4557522.4874160485,"max":8397592.456748169},"compound_dmg":{"sum":15482619913.355959,"count":2465,"mean":6280981.709272195,"min":4557522.4874160485,"max":8397592.456748169},"timeline_dmg":{"mean":20805.388653856706,"mean_std_dev":9028.003995066781,"min":5973.151910835547,"max":59270.55671502866,