{"results":[["Trait","325","340","355","370","385"],["Laser Matrix",298,502,741,1004,1242],["Archive of the Titans",310,492,713,983,1244],["Relational Normalization Gizmo",392,599,808,1021,1330],["Synaptic Spark Capacitor",501,723,997,1277,1566],["Gutripper",148,270,462,670,919],["Sylvanas' Resolve / Anduin's Dedication",328,502,732,926,1240],["Feeding Frenzy",384,529,715,891,1150],["Swirling Sands",410,629,822,1099,1349],["Tradewinds",418,635,827,1069,1317],["Ricocheting Inflatable Pyrosaw",187,371,581,764,1056],["Heed My Call",165,350,506,743,959],["Barrage Of Many Bombs",355,617,786,1074,1353],["Serrated Jaws",176,342,482,736,970],["Tidal Surge",242,399,622,880,1175],["Collective Will / Stand As One",98,252,414,670,877],["Combined Might / Stronger Together",68,256,390,610,848],["Battlefield Focus / Battlefield Precision",149,300,468,692,926],["Retaliatory Fury / Last Gift",208,382,587,810,1013],["Glory in Battle / Liberator's Might",330,523,717,938,1155],["Blood Rite",342,533,712,959,1202],["Unstable Flames",163,296,522,727,953],["Meticulous Scheming",102,231,408,626,842],["Incite the Pack",366,584,779,995,1275],["Unstable Catalyst",356,510,786,1040,1358],["Azerite Globules",193,315,508,717,1002],["Earthlink",102,290,446,679,913],["Haze of Rage",338,517,708,988,1280],["Dagger in the Back",241,450,657,948,1227],["Secrets of the Deep",308,508,734,985,1267],["Blood Siphon",161,305,474,709,957],["Pack Alpha",2,122,291,502,703],["Dance of Death",215,425,570,830,1127],["Ruinous Bolt",139,317,486,709,931],["Overwhelming Power",267,384,615,802,1061],["Thunderous Blast",354,509,736,1023,1289],["Champion of Azeroth",584,765,986,1272,1517],["Rapid Reload",131,310,494,716,996],["Filthy Transfusion",207,384,596,800,1060],["Primal Instincts",683,824,1031,1274,1560],["Elemental Whirl",179,318,514,700,965],["Rezan's Fury",268,421,652,886,1130],["Blightborne Infusion",486,700,916,1192,1439]],"metas":{"build_date":"Aug 27 2018","build_time":"13:50:42","git_revision":"4aa7462e31","options":{"debug":false,"max_time":300.0,"expected_iteration_time":310.89300000000003,"vary_combat_length":0.2,"iterations":975,"target_error":0.2,"threads":32,"seed":2534791403966480000,"single_actor_batch":false,"queue_lag":0.005,"queue_lag_stddev":0.001,"gcd_lag":0.15,"gcd_lag_stddev":0.037,"channel_lag":0.25,"channel_lag_stddev":0.062,"queue_gcd_reduction":0.1,"strict_gcd_queue":0,"confidence":0.95,"confidence_estimator":1.9599639854089754,"world_lag":0.1,"world_lag_stddev":0.01,"travel_variance":0.0,"default_skill":1.0,"reaction_time":0.5,"regen_periodicity":0.25,"ignite_sampling_delta":0.2,"fixed_time":true,"optimize_expressions":true,"optimal_raid":1,"log":0,"debug_each":0,"stat_cache":1,"max_aoe_enemies":20,"show_etmi":false,"tmi_window_global":0.0,"tmi_bin_size":0.5,"enemy_death_pct":0.0,"challenge_mode":false,"timewalk":-1,"pvp_crit":false,"rng":{"name":"sse2-sfmt"},"deterministic":0,"average_range":1,"average_gauss":0,"fight_style":"Patchwerk","default_aura_delay":0.03,"default_aura_delay_stddev":0.005,"dbc":{"Live":{"build_level":27404,"wow_version":"8.0.1"},"version_used":"Live"}},"overrides":{"arcane_intellect":1,"battle_shout":1,"power_word_fortitude":1,"chaos_brand":1,"mystic_touch":1,"mortal_wounds":1,"bleeding":1,"bloodlust":1,"bloodlust_percent":25,"bloodlust_time":0.5},"statistics":{"elapsed_cpu_seconds":17514.484332000007,"elapsed_time_seconds":18.645213000000002,"init_time_seconds":2.257653780000002,"merge_time_seconds":0.006576340000000002,"analyze_time_seconds":0.1753406020000002,"simulation_length":{"sum":283428.674,"count":943,"mean":300.5606299045599,"min":240.055,"max":359.947,"median":300.946,"variance":1230.6027908757546,"std_dev":35.07994855862469,"mean_variance":1.3049870528905139,"mean_std_dev":1.142360299069656},"raid_dps":{"sum":18053364.966891173,"count":943,"mean":19144.607600096686},"total_dmg":{"sum":5422138634.215682,"count":943,"mean":5749881.902667743},"total_iterations":184315,"total_actors":211,"total_iterations_mean":873.5308056872038,"total_iterations_variance":682982.5497630333,"total_iterations_stddev":826.4275828909834,"total_mean_dps_stddev":20.209449234329952,"total_mean_dps_variance":408.4218383549595},"player":{"name":"Template","race":"orc","level":120,"role":"attack","specialization":"Beast Mastery Hunter","profile_source":"default","talents":[{"tier":1,"id":22291,"spell_id":273887,"name":"Killer Instinct"},{"tier":2,"id":22290,"spell_id":53209,"name":"Chimaera Shot"},{"tier":4,"id":22269,"spell_id":131894,"name":"A Murder of Crows"},{"tier":6,"id":19357,"spell_id":199530,"name":"Stomp"},{"tier":7,"id":22273,"spell_id":191384,"name":"Aspect of the Beast"}],"party":0,"ready_type":0,"bugs":true,"scale_player":true,"potion_used":false,"timeofday":"DAY_TIME","invert_scaling":0,"reaction_offset":0.1,"reaction_max":1.4000000000000001,"reaction_mean":0.3,"reaction_stddev":0.06,"reaction_nu":0.25,"world_lag":0.1,"brain_lag":0.0,"brain_lag_stddev":0.0,"world_lag_override":false,"world_lag_stddev_override":false,"dbc":{"Live":{"build_level":27404,"wow_version":"8.0.1"},"version_used":"Live"},"base_focus_regen_per_second":10.0,"collected_data":{"fight_length":{"sum":283428.67400000006,"count":943,"mean":300.56062990455996,"min":240.055,"max":359.947},"waiting_time":{"sum":35331.60000000001,"count":943,"mean":37.46723223753978,"min":20.1,"max":53.800000000000004},"executed_foreground_actions":{"sum":207391.0,"count":943,"mean":219.9268292682927,"min":173.0,"max":264.0},"dmg":{"sum":1720257041.3744013,"count":943,"mean":1824238.6440873821,"min":1383073.243361886,"max":2255530.4854240967},"compound_dmg":{"sum":5422138634.215682,"count":943,"mean":5749881.902667743,"min":4284522.76325944,"max":7179593.721822383},"timeline_dmg":{"mean":19329.117519268366,"mean_std_dev":9314.713075413836,"min":5879.934701749746,"max":57802.04410004254,