{"results":[["Trait","325","340","355","370","385"],["Thunderous Blast",319,482,737,973,1148],["Azerite Globules",165,335,487,693,913],["Tidal Surge",245,401,598,1058,1031],["Secrets of the Deep",291,364,608,786,1049],["Gutripper",83,257,355,572,706],["Unstable Flames",66,266,307,579,696],["Blood Rite",197,318,434,715,821],["Heed My Call",240,299,438,656,841],["Relational Normalization Gizmo",286,390,608,729,1006],["Arcane Pummeling",32,135,277,516,625],["Synaptic Spark Capacitor",600,816,1136,1329,1704],["Sylvanas' Resolve / Anduin's Dedication",292,350,539,753,954],["Swirling Sands",267,343,504,667,870],["Meticulous Scheming",104,240,378,438,725],["Ricocheting Inflatable Pyrosaw",270,489,597,810,1123],["Laser Matrix",358,450,653,846,1152],["Tradewinds",75,175,345,558,738],["Collective Will / Stand As One",71,180,394,467,682],["Barrage Of Many Bombs",509,624,934,1099,1391],["Incite the Pack",72,232,401,542,738],["Brain Storm",177,309,457,627,749],["Arcane Pressure",1228,1631,1915,2282,2734],["Glory in Battle / Liberator's Might",243,314,461,637,822],["Explosive Echo",964,1129,1497,1716,2235],["Ruinous Bolt",204,280,433,688,911],["Dagger in the Back",414,592,778,909,1178],["Galvanizing Spark",40,177,362,516,733],["Filthy Transfusion",197,343,605,732,1014],["Combined Might / Stronger Together",33,219,354,415,662],["Battlefield Focus / Battlefield Precision",8,212,315,479,647],["Anomalous Impact",18,146,352,410,681],["Retaliatory Fury / Last Gift",110,134,322,510,613],["Unstable Catalyst",244,445,620,838,1062],["Blood Siphon",38,216,348,406,581],["Overwhelming Power",73,222,337,494,690],["Champion of Azeroth",295,409,485,738,849],["Blightborne Infusion",252,488,631,749,943],["Earthlink",122,225,332,511,716],["Rezan's Fury",296,410,628,759,1008],["Elemental Whirl",48,266,391,551,677]],"metas":{"build_date":"Aug 18 2018","build_time":"08:59:09","git_revision":"7948886e6d","options":{"debug":false,"max_time":300.0,"expected_iteration_time":347.42900000000003,"vary_combat_length":0.2,"iterations":1098,"target_error":0.2,"threads":32,"seed":12152256548651280878,"single_actor_batch":false,"queue_lag":0.005,"queue_lag_stddev":0.001,"gcd_lag":0.15,"gcd_lag_stddev":0.037,"channel_lag":0.25,"channel_lag_stddev":0.062,"queue_gcd_reduction":0.1,"strict_gcd_queue":0,"confidence":0.95,"confidence_estimator":1.9599639854089754,"world_lag":0.1,"world_lag_stddev":0.01,"travel_variance":0.0,"default_skill":1.0,"reaction_time":0.5,"regen_periodicity":0.25,"ignite_sampling_delta":0.2,"fixed_time":true,"optimize_expressions":true,"optimal_raid":1,"log":0,"debug_each":0,"stat_cache":1,"max_aoe_enemies":20,"show_etmi":false,"tmi_window_global":0.0,"tmi_bin_size":0.5,"enemy_death_pct":0.0,"challenge_mode":false,"timewalk":-1,"pvp_crit":false,"rng":{"name":"sse2-sfmt"},"deterministic":0,"average_range":1,"average_gauss":0,"fight_style":"Patchwerk","default_aura_delay":0.03,"default_aura_delay_stddev":0.005,"dbc":{"bfa-BETA":{"build_level":26095,"wow_version":"8.0.1"},"version_used":"bfa-BETA"}},"overrides":{"arcane_intellect":1,"battle_shout":1,"power_word_fortitude":1,"chaos_brand":1,"mystic_touch":1,"mortal_wounds":1,"bleeding":1,"bloodlust":1,"bloodlust_percent":25,"bloodlust_time":0.5},"statistics":{"elapsed_cpu_seconds":6345.565614000002,"elapsed_time_seconds":6.819659,"init_time_seconds":2.7567598489999994,"merge_time_seconds":0.006197930999999999,"analyze_time_seconds":0.27885549600000015,"simulation_length":{"sum":319151.8120000001,"count":1066,"mean":299.3919437148219,"min":240.011,"max":359.99,"median":298.023,"variance":1193.08453062535,"std_dev":34.541055725402344,"mean_variance":1.1192162576222795,"mean_std_dev":1.0579301761563848},"raid_dps":{"sum":12772171.149323236,"count":1066,"mean":11981.398826757257},"total_dmg":{"sum":3816531632.4378457,"count":1066,"mean":3580236.05294357},"total_iterations":209066,"total_actors":201,"total_iterations_mean":1040.129353233831,"total_iterations_variance":1442698.6368159195,"total_iterations_stddev":1201.1239056883014,"total_mean_dps_stddev":12.805433242860964,"total_mean_dps_variance":163.97912053736866},"player":{"name":"Template","race":"troll","level":120,"role":"spell","specialization":"Arcane Mage","profile_source":"default","talents":[{"tier":1,"id":22461,"spell_id":264354,"name":"Rule of Threes"},{"tier":3,"id":22447,"spell_id":116011,"name":"Rune of Power"},{"tier":4,"id":22467,"spell_id":205032,"name":"Charged Up"},{"tier":6,"id":22449,"spell_id":210725,"name":"Touch of the Magi"},{"tier":7,"id":21630,"spell_id":155147,"name":"Overpowered"}],"party":0,"ready_type":0,"bugs":true,"scale_player":true,"potion_used":false,"timeofday":"DAY_TIME","invert_scaling":0,"reaction_offset":0.1,"reaction_max":1.4000000000000001,"reaction_mean":0.3,"reaction_stddev":0.06,"reaction_nu":0.25,"world_lag":0.1,"brain_lag":0.0,"brain_lag_stddev":0.0,"world_lag_override":false,"world_lag_stddev_override":false,"dbc":{"bfa-BETA":{"build_level":26095,"wow_version":"8.0.1"},"version_used":"bfa-BETA"},"base_mana_regen_per_second":2000.0,"collected_data":{"fight_length":{"sum":319151.8120000001,"count":1066,"mean":299.3919437148219,"min":240.011,"max":359.99},"executed_foreground_actions":{"sum":240841.0,"count":1066,"mean":225.9296435272045,"min":183.0,"max":272.0},"dmg":{"sum":3816531632.4378457,"count":1066,"mean":3580236.05294357,"min":2795897.1661356017,"max":4416087.503569567},"compound_dmg":{"sum":3816531632.4378457,"count":1066,"mean":3580236.05294357,"min":2795897.1661356017,"max":4416087.503569567},"timeline_dmg":{"mean":12165.590299077674,"mean_std_dev":10206.893454002904,"min":0.0,"max":112996.4565546119,