{"results":[["Trait","325","340","355","370","385"],["Thunderous Blast",304,544,788,1060,1408],["Azerite Globules",219,349,633,832,1118],["Tidal Surge",250,463,661,934,1182],["Dagger in the Back",395,592,793,1105,1438],["Unstable Flames",232,372,576,735,1033],["Secrets of the Deep",337,518,814,1056,1361],["Heed My Call",136,364,556,796,1018],["Blood Rite",371,541,727,988,1202],["Supreme Commander",459,630,878,1124,1446],["Relational Normalization Gizmo",448,615,875,1125,1384],["Synaptic Spark Capacitor",573,819,1111,1370,1812],["Shadow's Bite",56,201,424,637,844],["Gutripper",123,303,468,692,953],["Sylvanas' Resolve / Anduin's Dedication",347,534,795,1032,1338],["Swirling Sands",436,577,853,1046,1336],["Meticulous Scheming",382,542,755,1014,1280],["Ricocheting Inflatable Pyrosaw",292,466,700,947,1264],["Laser Matrix",335,534,775,1020,1299],["Tradewinds",375,601,796,1009,1315],["Umbral Blaze",118,257,512,724,960],["Collective Will / Stand As One",154,293,477,715,949],["Barrage Of Many Bombs",479,692,969,1229,1589],["Filthy Transfusion",228,406,654,895,1210],["Explosive Potential",211,405,633,832,1133],["Incite the Pack",391,569,759,1014,1268],["Combined Might / Stronger Together",115,258,442,667,916],["Battlefield Focus / Battlefield Precision",26,176,359,561,776],["Retaliatory Fury / Last Gift",228,379,590,859,1097],["Glory in Battle / Liberator's Might",385,599,765,1010,1259],["Ruinous Bolt",135,309,567,750,1012],["Unstable Catalyst",412,580,845,1179,1433],["Forbidden Knowledge",-47,141,387,578,870],["Blood Siphon",280,457,645,904,1175],["Overwhelming Power",330,444,690,853,1159],["Champion of Azeroth",572,770,988,1229,1510],["Demonic Meteor",373,608,790,1017,1319],["Earthlink",130,332,514,756,1025],["Rezan's Fury",263,457,671,938,1270],["Blightborne Infusion",557,735,975,1172,1520],["Elemental Whirl",160,392,571,704,1042]],"metas":{"build_date":"Aug 18 2018","build_time":"08:59:09","git_revision":"7948886e6d","options":{"debug":false,"max_time":300.0,"expected_iteration_time":287.07800000000003,"vary_combat_length":0.2,"iterations":502,"target_error":0.2,"threads":32,"seed":18077881396035852298,"single_actor_batch":false,"queue_lag":0.005,"queue_lag_stddev":0.001,"gcd_lag":0.15,"gcd_lag_stddev":0.037,"channel_lag":0.25,"channel_lag_stddev":0.062,"queue_gcd_reduction":0.1,"strict_gcd_queue":0,"confidence":0.95,"confidence_estimator":1.9599639854089754,"world_lag":0.1,"world_lag_stddev":0.01,"travel_variance":0.0,"default_skill":1.0,"reaction_time":0.5,"regen_periodicity":0.25,"ignite_sampling_delta":0.2,"fixed_time":true,"optimize_expressions":true,"optimal_raid":1,"log":0,"debug_each":0,"stat_cache":1,"max_aoe_enemies":20,"show_etmi":false,"tmi_window_global":0.0,"tmi_bin_size":0.5,"enemy_death_pct":0.0,"challenge_mode":false,"timewalk":-1,"pvp_crit":false,"rng":{"name":"sse2-sfmt"},"deterministic":0,"average_range":1,"average_gauss":0,"fight_style":"Patchwerk","default_aura_delay":0.03,"default_aura_delay_stddev":0.005,"dbc":{"bfa-BETA":{"build_level":26095,"wow_version":"8.0.1"},"version_used":"bfa-BETA"}},"overrides":{"arcane_intellect":1,"battle_shout":1,"power_word_fortitude":1,"chaos_brand":1,"mystic_touch":1,"mortal_wounds":1,"bleeding":1,"bloodlust":1,"bloodlust_percent":25,"bloodlust_time":0.5},"statistics":{"elapsed_cpu_seconds":10644.861848999992,"elapsed_time_seconds":11.575545,"init_time_seconds":2.719051448000002,"merge_time_seconds":0.025680736,"analyze_time_seconds":0.138940326,"simulation_length":{"sum":140256.75099999996,"count":470,"mean":298.4186191489361,"min":240.381,"max":359.996,"median":296.088,"variance":1227.4280565038894,"std_dev":35.03466935057172,"mean_variance":2.611549056391254,"mean_std_dev":1.6160287919437741},"raid_dps":{"sum":10005809.81086088,"count":470,"mean":21288.95704438485},"total_dmg":{"sum":2983779099.7232013,"count":470,"mean":6348466.169623832},"total_iterations":85188,"total_actors":201,"total_iterations_mean":423.82089552238807,"total_iterations_variance":334171.5522388061,"total_iterations_stddev":578.0757322694027,"total_mean_dps_stddev":22.425707259303124,"total_mean_dps_variance":502.91234607996086},"player":{"name":"Template","race":"troll","level":120,"role":"spell","specialization":"Demonology Warlock","profile_source":"default","talents":[{"tier":1,"id":22048,"spell_id":267171,"name":"Demonic Strength"},{"tier":2,"id":23158,"spell_id":265412,"name":"Doom"},{"tier":4,"id":23160,"spell_id":264119,"name":"Summon Vilefiend"},{"tier":6,"id":23146,"spell_id":267216,"name":"Inner Demons"},{"tier":7,"id":23161,"spell_id":267214,"name":"Sacrificed Souls"}],"party":0,"ready_type":0,"bugs":true,"scale_player":true,"potion_used":false,"timeofday":"DAY_TIME","invert_scaling":0,"reaction_offset":0.1,"reaction_max":1.4000000000000001,"reaction_mean":0.3,"reaction_stddev":0.06,"reaction_nu":0.25,"world_lag":0.1,"brain_lag":0.0,"brain_lag_stddev":0.0,"world_lag_override":false,"world_lag_stddev_override":false,"dbc":{"bfa-BETA":{"build_level":26095,"wow_version":"8.0.1"},"version_used":"bfa-BETA"},"base_mana_regen_per_second":1000.0,"collected_data":{"fight_length":{"sum":140256.751,"count":470,"mean":298.41861914893616,"min":240.381,"max":359.996},"executed_foreground_actions":{"sum":107982.0,"count":470,"mean":229.74893617021277,"min":187.0,"max":276.0},"dmg":{"sum":1532892220.391937,"count":470,"mean":3261472.809344547,"min":2494105.790826912,"max":4039838.7470479123},"compound_dmg":{"sum":2983779099.7232013,"count":470,"mean":6348466.169623832,"min":5045943.645200027,"max":7726944.617990038},"timeline_dmg":{"mean":22297.50797234878,"mean_std_dev":11291.621145434949,"min":2034.15825428584,"max":132136.87478140113,