{"results":[["Trait","325","340","355","370","385"],["Laser Matrix",336,456,615,789,986],["Archive of the Titans",176,267,380,528,651],["Relational Normalization Gizmo",193,281,402,540,708],["Synaptic Spark Capacitor",207,328,449,618,786],["Flames of Alacrity",193,304,403,511,664],["Gutripper",98,204,312,446,597],["Sylvanas' Resolve / Anduin's Dedication",163,297,412,564,724],["Tradewinds",172,284,391,503,650],["Ricocheting Inflatable Pyrosaw",116,218,288,442,597],["Heed My Call",101,234,343,475,601],["Barrage Of Many Bombs",180,280,415,545,701],["Tidal Surge",302,427,559,716,930],["Collective Will / Stand As One",63,140,247,345,512],["Combined Might / Stronger Together",48,149,227,345,479],["Duplicative Incineration",354,473,607,777,947],["Battlefield Focus / Battlefield Precision",262,399,528,692,872],["Retaliatory Fury / Last Gift",114,175,299,421,534],["Glory in Battle / Liberator's Might",119,223,311,426,579],["Blood Rite",125,221,305,443,576],["Unstable Flames",62,158,245,370,485],["Swirling Sands",175,282,367,529,659],["Meticulous Scheming",105,210,312,428,542],["Incite the Pack",164,259,388,494,621],["Firemind",145,239,351,497,656],["Blightborne Infusion",191,303,401,545,689],["Unstable Catalyst",200,317,455,601,777],["Azerite Globules",86,184,295,403,553],["Earthlink",87,170,253,397,547],["Dagger in the Back",293,415,574,741,926],["Secrets of the Deep",176,293,405,549,726],["Blood Siphon",59,155,250,373,492],["Thunderous Blast",363,485,647,851,1051],["Preheat",103,209,349,496,664],["Ruinous Bolt",191,293,403,549,719],["Champion of Azeroth",207,304,425,546,675],["Overwhelming Power",50,143,228,360,473],["Filthy Transfusion",223,344,489,612,801],["Trailing Embers",136,223,358,467,630],["Blaster Master",256,356,486,608,761],["Rezan's Fury",256,372,514,675,868],["Elemental Whirl",79,174,266,388,497]],"metas":{"build_date":"Aug 29 2018","build_time":"06:51:22","git_revision":"744e4aaddc","options":{"debug":false,"max_time":300.0,"expected_iteration_time":244.81900000000002,"vary_combat_length":0.2,"iterations":916,"target_error":0.2,"threads":32,"seed":14399173339391043078,"single_actor_batch":false,"queue_lag":0.005,"queue_lag_stddev":0.001,"gcd_lag":0.15,"gcd_lag_stddev":0.037,"channel_lag":0.25,"channel_lag_stddev":0.062,"queue_gcd_reduction":0.1,"strict_gcd_queue":0,"confidence":0.95,"confidence_estimator":1.9599639854089754,"world_lag":0.1,"world_lag_stddev":0.01,"travel_variance":0.0,"default_skill":1.0,"reaction_time":0.5,"regen_periodicity":0.25,"ignite_sampling_delta":0.2,"fixed_time":true,"optimize_expressions":true,"optimal_raid":1,"log":0,"debug_each":0,"stat_cache":1,"max_aoe_enemies":20,"show_etmi":false,"tmi_window_global":0.0,"tmi_bin_size":0.5,"enemy_death_pct":0.0,"challenge_mode":false,"timewalk":-1,"pvp_crit":false,"rng":{"name":"sse2-sfmt"},"deterministic":0,"average_range":1,"average_gauss":0,"fight_style":"Patchwerk","default_aura_delay":0.03,"default_aura_delay_stddev":0.005,"dbc":{"Live":{"build_level":27481,"wow_version":"8.0.1"},"version_used":"Live"}},"overrides":{"arcane_intellect":1,"battle_shout":1,"power_word_fortitude":1,"chaos_brand":1,"mystic_touch":1,"mortal_wounds":1,"bleeding":1,"bloodlust":1,"bloodlust_percent":25,"bloodlust_time":0.5},"statistics":{"elapsed_cpu_seconds":8360.904077,"elapsed_time_seconds":9.066395,"init_time_seconds":3.026840138999998,"merge_time_seconds":0.004584144000000001,"analyze_time_seconds":0.18075985299999986,"simulation_length":{"sum":268070.4720000002,"count":884,"mean":303.24714027149344,"min":240.044,"max":359.855,"median":306.33,"variance":1163.89012123598,"std_dev":34.11583387865494,"mean_variance":1.316617784203597,"mean_std_dev":1.1474396647334435},"raid_dps":{"sum":8160467.923165265,"count":884,"mean":9231.298555616815},"total_dmg":{"sum":2471191335.465843,"count":884,"mean":2795465.3116129446},"total_iterations":190667,"total_actors":206,"total_iterations_mean":925.5679611650486,"total_iterations_variance":724694.5485436894,"total_iterations_stddev":851.2899321287016,"total_mean_dps_stddev":9.828722671908432,"total_mean_dps_variance":96.60378936128683},"player":{"name":"Template","race":"dark_iron_dwarf","level":120,"role":"spell","specialization":"Fire Mage","profile_source":"default","talents":[{"tier":1,"id":22456,"spell_id":205026,"name":"Firestarter"},{"tier":3,"id":22447,"spell_id":116011,"name":"Rune of Power"},{"tier":4,"id":22450,"spell_id":205029,"name":"Flame On"},{"tier":6,"id":23362,"spell_id":205023,"name":"Conflagration"},{"tier":7,"id":21633,"spell_id":153561,"name":"Meteor"}],"party":0,"ready_type":0,"bugs":true,"scale_player":true,"potion_used":false,"timeofday":"DAY_TIME","invert_scaling":0,"reaction_offset":0.1,"reaction_max":1.4000000000000001,"reaction_mean":0.3,"reaction_stddev":0.06,"reaction_nu":0.25,"world_lag":0.1,"brain_lag":0.0,"brain_lag_stddev":0.0,"world_lag_override":false,"world_lag_stddev_override":false,"dbc":{"Live":{"build_level":27481,"wow_version":"8.0.1"},"version_used":"Live"},"base_mana_regen_per_second":2000.0,"collected_data":{"fight_length":{"sum":268070.472,"count":884,"mean":303.2471402714932,"min":240.044,"max":359.855},"executed_foreground_actions":{"sum":199998.0,"count":884,"mean":226.2420814479638,"min":179.0,"max":267.0},"dmg":{"sum":2471191335.465843,"count":884,"mean":2795465.3116129446,"min":2161648.654396182,"max":3336806.8436800046},"compound_dmg":{"sum":2471191335.465843,"count":884,"mean":2795465.3116129446,"min":2161648.654396182,"max":3336806.8436800046},"timeline_dmg":{"mean":9228.64635275989,"mean_std_dev":7864.256268848929,"min":2235.4712938731045,"max":74338.11707559737,