{"results":[["Trait","325","340","355","370","385"],["Laser Matrix",337,509,739,972,1271],["Archive of the Titans",238,397,649,898,1142],["Relational Normalization Gizmo",216,409,592,813,1099],["Synaptic Spark Capacitor",543,817,1069,1356,1721],["Sylvanas' Resolve / Anduin's Dedication",264,435,675,889,1230],["Gutripper",80,240,413,595,854],["Swirling Sands",334,502,706,911,1204],["Tradewinds",228,401,601,800,1086],["Ricocheting Inflatable Pyrosaw",269,466,686,939,1227],["Heed My Call",185,339,531,752,1017],["Barrage Of Many Bombs",485,702,998,1247,1560],["Snake Eyes",62,201,392,589,833],["Tidal Surge",255,412,625,876,1127],["Collective Will / Stand As One",56,198,390,636,826],["Combined Might / Stronger Together",43,189,330,519,768],["Battlefield Focus / Battlefield Precision",241,417,617,857,1117],["Retaliatory Fury / Last Gift",108,263,438,661,868],["Glory in Battle / Liberator's Might",162,361,514,732,971],["Blood Rite",134,265,475,644,900],["Unstable Flames",141,279,438,631,876],["Meticulous Scheming",151,312,491,703,888],["Incite the Pack",232,386,600,795,1033],["Unstable Catalyst",293,520,706,964,1263],["Deadshot",201,432,656,927,1256],["Azerite Globules",214,376,582,826,1084],["Storm of Steel",350,556,789,1041,1377],["Earthlink",83,248,404,642,892],["Dagger in the Back",346,565,763,1045,1336],["Secrets of the Deep",261,459,670,911,1185],["Blood Siphon",62,221,386,614,825],["Brigand's Blitz",93,279,455,620,867],["Ruinous Bolt",119,321,473,715,965],["Blightborne Infusion",356,542,749,1002,1245],["Overwhelming Power",48,197,356,531,739],["Rezan's Fury",243,418,622,861,1159],["Paradise Lost",396,586,820,1087,1412],["Thunderous Blast",358,549,802,1057,1347],["Champion of Azeroth",331,484,706,940,1121],["Filthy Transfusion",206,389,586,833,1113],["Ace Up Your Sleeve",-183,-30,126,319,561],["Elemental Whirl",100,239,411,598,831]],"metas":{"build_date":"Aug 24 2018","build_time":"06:29:59","git_revision":"d11d257b76","options":{"debug":false,"max_time":300.0,"expected_iteration_time":327.04200000000003,"vary_combat_length":0.2,"iterations":931,"target_error":0.2,"threads":32,"seed":16491409176861648886,"single_actor_batch":false,"queue_lag":0.005,"queue_lag_stddev":0.001,"gcd_lag":0.15,"gcd_lag_stddev":0.037,"channel_lag":0.25,"channel_lag_stddev":0.062,"queue_gcd_reduction":0.1,"strict_gcd_queue":0,"confidence":0.95,"confidence_estimator":1.9599639854089754,"world_lag":0.1,"world_lag_stddev":0.01,"travel_variance":0.0,"default_skill":1.0,"reaction_time":0.5,"regen_periodicity":0.25,"ignite_sampling_delta":0.2,"fixed_time":true,"optimize_expressions":true,"optimal_raid":1,"log":0,"debug_each":0,"stat_cache":1,"max_aoe_enemies":20,"show_etmi":false,"tmi_window_global":0.0,"tmi_bin_size":0.5,"enemy_death_pct":0.0,"challenge_mode":false,"timewalk":-1,"pvp_crit":false,"rng":{"name":"sse2-sfmt"},"deterministic":0,"average_range":1,"average_gauss":0,"fight_style":"Patchwerk","default_aura_delay":0.03,"default_aura_delay_stddev":0.005,"dbc":{"Live":{"build_level":27404,"wow_version":"8.0.1"},"version_used":"Live"}},"overrides":{"arcane_intellect":1,"battle_shout":1,"power_word_fortitude":1,"chaos_brand":1,"mystic_touch":1,"mortal_wounds":1,"bleeding":1,"bloodlust":1,"bloodlust_percent":25,"bloodlust_time":0.5},"statistics":{"elapsed_cpu_seconds":14403.681521999992,"elapsed_time_seconds":15.435642,"init_time_seconds":2.5559259800000023,"merge_time_seconds":0.006800334000000001,"analyze_time_seconds":0.19334361099999994,"simulation_length":{"sum":269830.667,"count":899,"mean":300.14534705228033,"min":240.122,"max":359.895,"median":300.356,"variance":1124.06284169713,"std_dev":33.52704642072024,"mean_variance":1.250347988539633,"mean_std_dev":1.1181896031262466},"raid_dps":{"sum":13094018.0427331,"count":899,"mean":14565.092372339377},"total_dmg":{"sum":3926485916.44759,"count":899,"mean":4367615.034980634},"total_iterations":185092,"total_actors":206,"total_iterations_mean":898.504854368932,"total_iterations_variance":848975.4951456313,"total_iterations_stddev":921.3986624396799,"total_mean_dps_stddev":15.477643087436515,"total_mean_dps_variance":239.55743554207135},"player":{"name":"Template","race":"dwarf","level":120,"role":"attack","specialization":"Outlaw Rogue","profile_source":"default","talents":[{"tier":1,"id":22119,"spell_id":196938,"name":"Quick Draw"},{"tier":2,"id":19238,"spell_id":196922,"name":"Hit and Run"},{"tier":3,"id":19239,"spell_id":14983,"name":"Vigor"},{"tier":6,"id":19250,"spell_id":5171,"name":"Slice and Dice"},{"tier":7,"id":23075,"spell_id":271877,"name":"Blade Rush"}],"party":0,"ready_type":1,"bugs":true,"scale_player":true,"potion_used":false,"timeofday":"DAY_TIME","invert_scaling":0,"reaction_offset":0.1,"reaction_max":1.4000000000000001,"reaction_mean":0.3,"reaction_stddev":0.06,"reaction_nu":0.25,"world_lag":0.1,"brain_lag":0.0,"brain_lag_stddev":0.0,"world_lag_override":false,"world_lag_stddev_override":false,"dbc":{"Live":{"build_level":27404,"wow_version":"8.0.1"},"version_used":"Live"},"base_energy_regen_per_second":14.85,"collected_data":{"fight_length":{"sum":269830.667,"count":899,"mean":300.14534705228033,"min":240.122,"max":359.895},"waiting_time":{"sum":15413.59,"count":899,"mean":17.145261401557285,"min":8.125,"max":29.642},"executed_foreground_actions":{"sum":270647.0,"count":899,"mean":301.05339265850944,"min":236.0,"max":364.0},"dmg":{"sum":3926485916.44759,"count":899,"mean":4367615.034980634,"min":3231465.200171554,"max":5308153.696138975},"compound_dmg":{"sum":3926485916.44759,"count":899,"mean":4367615.034980634,"min":3231465.200171554,"max":5308153.696138975},"timeline_dmg":{"mean":14699.185394868782,"mean_std_dev":7279.586013455645,"min":4035.4803577484026,"max":40214.97566293674,