{"results":[["Trait","325","340","355","370","385"],["Laser Matrix",309,475,700,892,1176],["Archive of the Titans",134,295,466,658,878],["Relational Normalization Gizmo",161,332,508,711,931],["Synaptic Spark Capacitor",208,362,574,749,993],["Swirling Sands",179,306,482,657,886],["Heed My Call",86,245,409,589,816],["Ricocheting Inflatable Pyrosaw",66,238,384,550,780],["Barrage Of Many Bombs",148,294,455,672,901],["Meridian Strikes",265,418,592,806,1070],["Tidal Surge",271,436,681,861,1155],["Collective Will / Stand As One",47,178,347,530,724],["Swift Roundhouse",542,742,976,1238,1559],["On My Way",133,270,432,589,807],["Combined Might / Stronger Together",23,146,329,490,678],["Pressure Point",211,337,517,711,969],["Sunrise Technique",182,368,547,745,1014],["Sylvanas' Resolve / Anduin's Dedication",167,308,490,669,911],["Battlefield Focus / Battlefield Precision",239,408,605,796,1069],["Gutripper",95,226,371,567,807],["Retaliatory Fury / Last Gift",77,197,360,540,756],["Glory in Battle / Liberator's Might",98,287,408,593,789],["Blood Rite",113,233,392,580,773],["Unstable Flames",75,193,331,542,734],["Blightborne Infusion",199,358,503,701,938],["Meticulous Scheming",124,275,441,593,809],["Incite the Pack",144,297,431,632,836],["Open Palm Strikes",186,353,514,726,953],["Unstable Catalyst",177,350,510,720,954],["Azerite Globules",42,205,375,552,751],["Tradewinds",157,279,454,653,852],["Earthlink",76,192,327,531,739],["Secrets of the Deep",153,304,470,697,902],["Dagger in the Back",268,472,649,869,1156],["Blood Siphon",118,256,414,586,782],["Filthy Transfusion",186,364,548,750,993],["Ruinous Bolt",163,334,492,687,914],["Elemental Whirl",70,219,368,516,730],["Thunderous Blast",307,516,712,932,1218],["Champion of Azeroth",207,342,520,708,917],["Overwhelming Power",64,185,364,507,722],["Iron Fists",1,133,251,414,647],["Rezan's Fury",241,421,595,819,1083],["Lifespeed",38,183,340,474,683]],"metas":{"build_date":"Aug 28 2018","build_time":"07:33:45","git_revision":"0be56b9506","options":{"debug":false,"max_time":300.0,"expected_iteration_time":294.48900000000003,"vary_combat_length":0.2,"iterations":885,"target_error":0.2,"threads":32,"seed":3220472158148635318,"single_actor_batch":false,"queue_lag":0.005,"queue_lag_stddev":0.001,"gcd_lag":0.15,"gcd_lag_stddev":0.037,"channel_lag":0.25,"channel_lag_stddev":0.062,"queue_gcd_reduction":0.1,"strict_gcd_queue":0,"confidence":0.95,"confidence_estimator":1.9599639854089754,"world_lag":0.1,"world_lag_stddev":0.01,"travel_variance":0.0,"default_skill":1.0,"reaction_time":0.5,"regen_periodicity":0.25,"ignite_sampling_delta":0.2,"fixed_time":true,"optimize_expressions":true,"optimal_raid":1,"log":0,"debug_each":0,"stat_cache":1,"max_aoe_enemies":20,"show_etmi":false,"tmi_window_global":0.0,"tmi_bin_size":0.5,"enemy_death_pct":0.0,"challenge_mode":false,"timewalk":-1,"pvp_crit":false,"rng":{"name":"sse2-sfmt"},"deterministic":0,"average_range":1,"average_gauss":0,"fight_style":"Patchwerk","default_aura_delay":0.03,"default_aura_delay_stddev":0.005,"dbc":{"Live":{"build_level":27404,"wow_version":"8.0.1"},"version_used":"Live"}},"overrides":{"arcane_intellect":1,"battle_shout":1,"power_word_fortitude":1,"chaos_brand":1,"mystic_touch":1,"mortal_wounds":1,"bleeding":1,"bloodlust":1,"bloodlust_percent":25,"bloodlust_time":0.5},"statistics":{"elapsed_cpu_seconds":15638.207870999988,"elapsed_time_seconds":16.539443000000002,"init_time_seconds":4.668754566999998,"merge_time_seconds":0.00895785,"analyze_time_seconds":0.18249883200000017,"simulation_length":{"sum":254576.508,"count":853,"mean":298.4484267291911,"min":240.209,"max":359.979,"median":298.31600000000003,"variance":1208.9865229832012,"std_dev":34.77048350229259,"mean_variance":1.4173347279990636,"mean_std_dev":1.1905186802394423},"raid_dps":{"sum":9567379.821870603,"count":853,"mean":11216.154539121457},"total_dmg":{"sum":2850022703.54553,"count":853,"mean":3341175.502398042},"total_iterations":179116,"total_actors":216,"total_iterations_mean":829.2407407407408,"total_iterations_variance":1019033.481481481,"total_iterations_stddev":1009.471882462053,"total_mean_dps_stddev":11.950212184713994,"total_mean_dps_variance":142.8075712596868},"player":{"name":"Template","race":"pandaren","level":120,"role":"dps","specialization":"Windwalker Monk","profile_source":"default","talents":[{"tier":1,"id":20185,"spell_id":123986,"name":"Chi Burst"},{"tier":3,"id":19771,"spell_id":261947,"name":"Fist of the White Tiger"},{"tier":4,"id":23364,"spell_id":280195,"name":"Good Karma"},{"tier":6,"id":22102,"spell_id":123904,"name":"Invoke Xuen, the White Tiger"},{"tier":7,"id":21191,"spell_id":152173,"name":"Serenity"}],"party":0,"ready_type":0,"bugs":true,"scale_player":true,"potion_used":false,"timeofday":"DAY_TIME","invert_scaling":0,"reaction_offset":0.1,"reaction_max":1.4000000000000001,"reaction_mean":0.3,"reaction_stddev":0.06,"reaction_nu":0.25,"world_lag":0.1,"brain_lag":0.0,"brain_lag_stddev":0.0,"world_lag_override":false,"world_lag_stddev_override":false,"dbc":{"Live":{"build_level":27404,"wow_version":"8.0.1"},"version_used":"Live"},"base_energy_regen_per_second":10.0,"collected_data":{"fight_length":{"sum":254576.50799999997,"count":853,"mean":298.44842672919106,"min":240.209,"max":359.979},"waiting_time":{"sum":32875.4,"count":853,"mean":38.5409144196952,"min":22.5,"max":53.800000000000004},"executed_foreground_actions":{"sum":182666.0,"count":853,"mean":214.1453692848769,"min":169.0,"max":260.0},"dmg":{"sum":2669830274.8314285,"count":853,"mean":3129929.982217384,"min":2434854.064358121,"max":3747950.9897665996},"compound_dmg":{"sum":2850022703.54553,"count":853,"mean":3341175.502398042,"min":2575526.1357581685,"max":3967504.429848334},"timeline_dmg":{"mean":11000.94853809254,"mean_std_dev":11439.404169708418,"min":602.7840708840107,"max":127763.2096519599,